# vtk DataFile Version 2.0
Output Data
ASCII
DATASET UNSTRUCTURED_GRID
POINTS 9865 float
480.0 0.0 0.0
512.0 0.0 0.0
512.0 32.0 0.0
480.0 32.0 0.0
448.0 0.0 0.0
448.0 32.0 0.0
512.0 64.0 0.0
480.0 64.0 0.0
464.0 32.0 0.0
480.0 48.0 0.0
464.0 48.0 0.0
448.0 48.0 0.0
464.0 64.0 0.0
448.0 64.0 0.0
432.0 0.0 0.0
448.0 16.0 0.0
432.0 16.0 0.0
416.0 0.0 0.0
416.0 16.0 0.0
432.0 32.0 0.0
416.0 32.0 0.0
400.0 0.0 0.0
400.0 16.0 0.0
384.0 0.0 0.0
384.0 16.0 0.0
400.0 32.0 0.0
392.0 16.0 0.0
400.0 24.0 0.0
392.0 24.0 0.0
384.0 24.0 0.0
392.0 32.0 0.0
384.0 32.0 0.0
432.0 48.0 0.0
424.0 32.0 0.0
432.0 40.0 0.0
424.0 40.0 0.0
416.0 40.0 0.0
424.0 48.0 0.0
416.0 48.0 0.0
440.0 48.0 0.0
448.0 56.0 0.0
440.0 56.0 0.0
432.0 56.0 0.0
440.0 64.0 0.0
432.0 64.0 0.0
424.0 56.0 0.0
420.0 48.0 0.0
424.0 52.0 0.0
420.0 52.0 0.0
416.0 52.0 0.0
420.0 56.0 0.0
418.0 52.0 0.0
420.0 54.0 0.0
418.0 54.0 0.0
416.0 54.0 0.0
418.0 56.0 0.0
417.0 54.0 0.0
418.0 55.0 0.0
417.0 55.0 0.0
416.0 55.0 0.0
417.0 56.0 0.0
416.0 56.0 0.0
428.0 56.0 0.0
432.0 60.0 0.0
428.0 60.0 0.0
424.0 60.0 0.0
428.0 64.0 0.0
426.0 60.0 0.0
428.0 62.0 0.0
426.0 62.0 0.0
424.0 62.0 0.0
426.0 64.0 0.0
425.0 62.0 0.0
426.0 63.0 0.0
425.0 63.0 0.0
424.0 63.0 0.0
425.0 64.0 0.0
424.0 64.0 0.0
422.0 56.0 0.0
424.0 58.0 0.0
422.0 58.0 0.0
420.0 58.0 0.0
422.0 60.0 0.0
421.0 58.0 0.0
422.0 59.0 0.0
421.0 59.0 0.0
420.0 59.0 0.0
421.0 60.0 0.0
420.0 60.0 0.0
419.0 56.0 0.0
420.0 57.0 0.0
419.0 57.0 0.0
418.0 57.0 0.0
419.0 58.0 0.0
418.0 58.0 0.0
416.0 58.0 0.0
418.0 60.0 0.0
417.0 58.0 0.0
418.0 59.0 0.0
417.0 59.0 0.0
416.0 59.0 0.0
417.0 60.0 0.0
416.0 60.0 0.0
423.0 60.0 0.0
424.0 61.0 0.0
423.0 61.0 0.0
422.0 61.0 0.0
423.0 62.0 0.0
422.0 62.0 0.0
420.0 62.0 0.0
422.0 64.0 0.0
421.0 62.0 0.0
422.0 63.0 0.0
421.0 63.0 0.0
420.0 63.0 0.0
421.0 64.0 0.0
420.0 64.0 0.0
419.0 60.0 0.0
420.0 61.0 0.0
419.0 61.0 0.0
418.0 61.0 0.0
419.0 62.0 0.0
418.0 62.0 0.0
416.0 62.0 0.0
418.0 64.0 0.0
416.0 64.0 0.0
408.0 32.0 0.0
408.0 40.0 0.0
400.0 40.0 0.0
412.0 40.0 0.0
416.0 44.0 0.0
412.0 44.0 0.0
408.0 44.0 0.0
412.0 48.0 0.0
410.0 44.0 0.0
412.0 46.0 0.0
410.0 46.0 0.0
408.0 46.0 0.0
410.0 48.0 0.0
408.0 48.0 0.0
404.0 40.0 0.0
404.0 44.0 0.0
400.0 44.0 0.0
406.0 44.0 0.0
406.0 46.0 0.0
404.0 46.0 0.0
407.0 46.0 0.0
408.0 47.0 0.0
407.0 47.0 0.0
406.0 47.0 0.0
407.0 48.0 0.0
406.0 48.0 0.0
405.0 46.0 0.0
405.0 47.0 0.0
404.0 47.0 0.0
405.0 48.0 0.0
404.0 48.0 0.0
402.0 44.0 0.0
402.0 46.0 0.0
400.0 46.0 0.0
402.0 48.0 0.0
400.0 48.0 0.0
396.0 32.0 0.0
400.0 36.0 0.0
396.0 36.0 0.0
392.0 36.0 0.0
396.0 40.0 0.0
392.0 40.0 0.0
388.0 32.0 0.0
388.0 36.0 0.0
384.0 36.0 0.0
388.0 40.0 0.0
386.0 36.0 0.0
388.0 38.0 0.0
386.0 38.0 0.0
384.0 38.0 0.0
386.0 40.0 0.0
385.0 38.0 0.0
386.0 39.0 0.0
385.0 39.0 0.0
384.0 39.0 0.0
385.0 40.0 0.0
384.0 40.0 0.0
396.0 44.0 0.0
394.0 40.0 0.0
396.0 42.0 0.0
394.0 42.0 0.0
392.0 42.0 0.0
394.0 44.0 0.0
392.0 44.0 0.0
398.0 44.0 0.0
398.0 46.0 0.0
396.0 46.0 0.0
398.0 48.0 0.0
396.0 48.0 0.0
394.0 46.0 0.0
393.0 44.0 0.0
394.0 45.0 0.0
393.0 45.0 0.0
392.0 45.0 0.0
393.0 46.0 0.0
392.0 46.0 0.0
395.0 46.0 0.0
396.0 47.0 0.0
395.0 47.0 0.0
394.0 47.0 0.0
395.0 48.0 0.0
394.0 48.0 0.0
392.0 48.0 0.0
390.0 40.0 0.0
390.0 42.0 0.0
388.0 42.0 0.0
390.0 44.0 0.0
389.0 42.0 0.0
390.0 43.0 0.0
389.0 43.0 0.0
388.0 43.0 0.0
389.0 44.0 0.0
388.0 44.0 0.0
387.0 40.0 0.0
388.0 41.0 0.0
387.0 41.0 0.0
386.0 41.0 0.0
387.0 42.0 0.0
386.0 42.0 0.0
384.0 42.0 0.0
387.0 43.0 0.0
386.0 43.0 0.0
387.0 44.0 0.0
386.0 44.0 0.0
384.0 44.0 0.0
390.0 46.0 0.0
390.0 45.0 0.0
389.0 45.0 0.0
388.0 45.0 0.0
389.0 46.0 0.0
388.0 46.0 0.0
391.0 46.0 0.0
392.0 47.0 0.0
391.0 47.0 0.0
390.0 47.0 0.0
391.0 48.0 0.0
390.0 48.0 0.0
388.0 48.0 0.0
386.0 46.0 0.0
384.0 46.0 0.0
386.0 48.0 0.0
384.0 48.0 0.0
414.0 48.0 0.0
416.0 50.0 0.0
414.0 50.0 0.0
412.0 50.0 0.0
414.0 52.0 0.0
413.0 50.0 0.0
414.0 51.0 0.0
413.0 51.0 0.0
412.0 51.0 0.0
413.0 52.0 0.0
412.0 52.0 0.0
410.0 50.0 0.0
408.0 50.0 0.0
410.0 52.0 0.0
409.0 50.0 0.0
410.0 51.0 0.0
409.0 51.0 0.0
408.0 51.0 0.0
409.0 52.0 0.0
408.0 52.0 0.0
415.0 52.0 0.0
416.0 53.0 0.0
415.0 53.0 0.0
414.0 53.0 0.0
415.0 54.0 0.0
414.0 54.0 0.0
412.0 54.0 0.0
414.0 56.0 0.0
413.0 54.0 0.0
414.0 55.0 0.0
413.0 55.0 0.0
412.0 55.0 0.0
413.0 56.0 0.0
412.0 56.0 0.0
411.0 52.0 0.0
412.0 53.0 0.0
411.0 53.0 0.0
410.0 53.0 0.0
411.0 54.0 0.0
410.0 54.0 0.0
408.0 54.0 0.0
410.0 56.0 0.0
408.0 56.0 0.0
408.0 49.0 0.0
407.0 49.0 0.0
406.0 49.0 0.0
407.0 50.0 0.0
406.0 50.0 0.0
404.0 50.0 0.0
406.0 52.0 0.0
404.0 52.0 0.0
402.0 50.0 0.0
400.0 50.0 0.0
402.0 52.0 0.0
400.0 52.0 0.0
406.0 54.0 0.0
404.0 54.0 0.0
406.0 56.0 0.0
404.0 56.0 0.0
402.0 54.0 0.0
401.0 52.0 0.0
402.0 53.0 0.0
401.0 53.0 0.0
400.0 53.0 0.0
401.0 54.0 0.0
400.0 54.0 0.0
403.0 54.0 0.0
404.0 55.0 0.0
403.0 55.0 0.0
402.0 55.0 0.0
403.0 56.0 0.0
402.0 56.0 0.0
401.0 55.0 0.0
400.0 55.0 0.0
401.0 56.0 0.0
400.0 56.0 0.0
415.0 56.0 0.0
416.0 57.0 0.0
415.0 57.0 0.0
414.0 57.0 0.0
415.0 58.0 0.0
414.0 58.0 0.0
412.0 58.0 0.0
414.0 60.0 0.0
412.0 60.0 0.0
410.0 58.0 0.0
408.0 58.0 0.0
410.0 60.0 0.0
408.0 60.0 0.0
414.0 62.0 0.0
412.0 62.0 0.0
414.0 64.0 0.0
412.0 64.0 0.0
410.0 62.0 0.0
409.0 60.0 0.0
410.0 61.0 0.0
409.0 61.0 0.0
408.0 61.0 0.0
409.0 62.0 0.0
408.0 62.0 0.0
411.0 62.0 0.0
412.0 63.0 0.0
411.0 63.0 0.0
410.0 63.0 0.0
411.0 64.0 0.0
410.0 64.0 0.0
409.0 63.0 0.0
408.0 63.0 0.0
409.0 64.0 0.0
408.0 64.0 0.0
406.0 58.0 0.0
405.0 56.0 0.0
406.0 57.0 0.0
405.0 57.0 0.0
404.0 57.0 0.0
405.0 58.0 0.0
404.0 58.0 0.0
407.0 58.0 0.0
408.0 59.0 0.0
407.0 59.0 0.0
406.0 59.0 0.0
407.0 60.0 0.0
406.0 60.0 0.0
405.0 59.0 0.0
404.0 59.0 0.0
405.0 60.0 0.0
404.0 60.0 0.0
403.0 57.0 0.0
402.0 57.0 0.0
403.0 58.0 0.0
402.0 58.0 0.0
400.0 58.0 0.0
402.0 60.0 0.0
400.0 60.0 0.0
407.0 61.0 0.0
406.0 61.0 0.0
407.0 62.0 0.0
406.0 62.0 0.0
404.0 62.0 0.0
406.0 64.0 0.0
404.0 64.0 0.0
400.0 64.0 0.0
398.0 50.0 0.0
397.0 48.0 0.0
398.0 49.0 0.0
397.0 49.0 0.0
396.0 49.0 0.0
397.0 50.0 0.0
396.0 50.0 0.0
399.0 50.0 0.0
400.0 51.0 0.0
399.0 51.0 0.0
398.0 51.0 0.0
399.0 52.0 0.0
398.0 52.0 0.0
396.0 52.0 0.0
394.0 50.0 0.0
393.0 48.0 0.0
394.0 49.0 0.0
393.0 49.0 0.0
392.0 49.0 0.0
393.0 50.0 0.0
392.0 50.0 0.0
395.0 50.0 0.0
396.0 51.0 0.0
395.0 51.0 0.0
394.0 51.0 0.0
395.0 52.0 0.0
394.0 52.0 0.0
392.0 52.0 0.0
398.0 54.0 0.0
397.0 52.0 0.0
398.0 53.0 0.0
397.0 53.0 0.0
396.0 53.0 0.0
397.0 54.0 0.0
396.0 54.0 0.0
398.0 56.0 0.0
396.0 56.0 0.0
394.0 54.0 0.0
392.0 54.0 0.0
394.0 56.0 0.0
392.0 56.0 0.0
390.0 50.0 0.0
388.0 50.0 0.0
390.0 52.0 0.0
388.0 52.0 0.0
384.0 52.0 0.0
388.0 56.0 0.0
384.0 56.0 0.0
396.0 60.0 0.0
392.0 60.0 0.0
396.0 64.0 0.0
392.0 64.0 0.0
384.0 64.0 0.0
496.0 64.0 0.0
512.0 80.0 0.0
496.0 80.0 0.0
480.0 80.0 0.0
512.0 96.0 0.0
496.0 96.0 0.0
480.0 96.0 0.0
464.0 80.0 0.0
456.0 64.0 0.0
464.0 72.0 0.0
456.0 72.0 0.0
448.0 72.0 0.0
456.0 80.0 0.0
448.0 80.0 0.0
472.0 80.0 0.0
480.0 88.0 0.0
472.0 88.0 0.0
464.0 88.0 0.0
472.0 96.0 0.0
468.0 88.0 0.0
472.0 92.0 0.0
468.0 92.0 0.0
464.0 92.0 0.0
468.0 96.0 0.0
466.0 92.0 0.0
468.0 94.0 0.0
466.0 94.0 0.0
464.0 94.0 0.0
466.0 96.0 0.0
464.0 96.0 0.0
456.0 88.0 0.0
452.0 80.0 0.0
456.0 84.0 0.0
452.0 84.0 0.0
448.0 84.0 0.0
452.0 88.0 0.0
450.0 84.0 0.0
452.0 86.0 0.0
450.0 86.0 0.0
448.0 86.0 0.0
450.0 88.0 0.0
449.0 86.0 0.0
450.0 87.0 0.0
449.0 87.0 0.0
448.0 87.0 0.0
449.0 88.0 0.0
448.0 88.0 0.0
460.0 88.0 0.0
460.0 92.0 0.0
456.0 92.0 0.0
462.0 92.0 0.0
462.0 94.0 0.0
460.0 94.0 0.0
463.0 94.0 0.0
464.0 95.0 0.0
463.0 95.0 0.0
462.0 95.0 0.0
463.0 96.0 0.0
462.0 96.0 0.0
460.0 96.0 0.0
458.0 92.0 0.0
458.0 94.0 0.0
456.0 94.0 0.0
458.0 96.0 0.0
457.0 94.0 0.0
458.0 95.0 0.0
457.0 95.0 0.0
456.0 95.0 0.0
457.0 96.0 0.0
456.0 96.0 0.0
454.0 88.0 0.0
456.0 90.0 0.0
454.0 90.0 0.0
452.0 90.0 0.0
454.0 92.0 0.0
453.0 90.0 0.0
454.0 91.0 0.0
453.0 91.0 0.0
452.0 91.0 0.0
453.0 92.0 0.0
452.0 92.0 0.0
451.0 88.0 0.0
452.0 89.0 0.0
451.0 89.0 0.0
450.0 89.0 0.0
451.0 90.0 0.0
450.0 90.0 0.0
448.0 90.0 0.0
450.0 92.0 0.0
449.0 90.0 0.0
450.0 91.0 0.0
449.0 91.0 0.0
448.0 91.0 0.0
449.0 92.0 0.0
448.0 92.0 0.0
455.0 92.0 0.0
456.0 93.0 0.0
455.0 93.0 0.0
454.0 93.0 0.0
455.0 94.0 0.0
454.0 94.0 0.0
452.0 94.0 0.0
454.0 96.0 0.0
452.0 96.0 0.0
450.0 94.0 0.0
448.0 94.0 0.0
450.0 96.0 0.0
448.0 96.0 0.0
512.0 112.0 0.0
496.0 112.0 0.0
480.0 112.0 0.0
512.0 128.0 0.0
496.0 128.0 0.0
488.0 112.0 0.0
496.0 120.0 0.0
488.0 120.0 0.0
480.0 120.0 0.0
488.0 128.0 0.0
484.0 120.0 0.0
488.0 124.0 0.0
484.0 124.0 0.0
480.0 124.0 0.0
484.0 128.0 0.0
482.0 124.0 0.0
484.0 126.0 0.0
482.0 126.0 0.0
480.0 126.0 0.0
482.0 128.0 0.0
480.0 128.0 0.0
480.0 104.0 0.0
472.0 104.0 0.0
472.0 100.0 0.0
468.0 100.0 0.0
468.0 98.0 0.0
466.0 98.0 0.0
465.0 96.0 0.0
466.0 97.0 0.0
465.0 97.0 0.0
464.0 97.0 0.0
465.0 98.0 0.0
464.0 98.0 0.0
466.0 100.0 0.0
466.0 99.0 0.0
465.0 99.0 0.0
464.0 99.0 0.0
465.0 100.0 0.0
464.0 100.0 0.0
468.0 104.0 0.0
468.0 102.0 0.0
466.0 102.0 0.0
466.0 101.0 0.0
465.0 101.0 0.0
464.0 101.0 0.0
465.0 102.0 0.0
464.0 102.0 0.0
466.0 104.0 0.0
464.0 104.0 0.0
472.0 112.0 0.0
472.0 108.0 0.0
468.0 108.0 0.0
464.0 108.0 0.0
468.0 112.0 0.0
464.0 112.0 0.0
462.0 98.0 0.0
460.0 98.0 0.0
462.0 100.0 0.0
460.0 100.0 0.0
458.0 98.0 0.0
456.0 98.0 0.0
458.0 100.0 0.0
457.0 98.0 0.0
458.0 99.0 0.0
457.0 99.0 0.0
456.0 99.0 0.0
457.0 100.0 0.0
456.0 100.0 0.0
462.0 102.0 0.0
460.0 102.0 0.0
463.0 102.0 0.0
464.0 103.0 0.0
463.0 103.0 0.0
462.0 103.0 0.0
463.0 104.0 0.0
462.0 104.0 0.0
460.0 104.0 0.0
459.0 100.0 0.0
460.0 101.0 0.0
459.0 101.0 0.0
458.0 101.0 0.0
459.0 102.0 0.0
458.0 102.0 0.0
456.0 102.0 0.0
458.0 104.0 0.0
456.0 104.0 0.0
454.0 98.0 0.0
452.0 98.0 0.0
454.0 100.0 0.0
452.0 100.0 0.0
450.0 98.0 0.0
448.0 98.0 0.0
450.0 100.0 0.0
449.0 98.0 0.0
450.0 99.0 0.0
449.0 99.0 0.0
448.0 99.0 0.0
449.0 100.0 0.0
448.0 100.0 0.0
454.0 102.0 0.0
452.0 102.0 0.0
454.0 104.0 0.0
453.0 102.0 0.0
454.0 103.0 0.0
453.0 103.0 0.0
452.0 103.0 0.0
453.0 104.0 0.0
452.0 104.0 0.0
451.0 100.0 0.0
452.0 101.0 0.0
451.0 101.0 0.0
450.0 101.0 0.0
451.0 102.0 0.0
450.0 102.0 0.0
449.0 101.0 0.0
448.0 101.0 0.0
449.0 102.0 0.0
448.0 102.0 0.0
451.0 103.0 0.0
450.0 103.0 0.0
451.0 104.0 0.0
450.0 104.0 0.0
448.0 104.0 0.0
464.0 106.0 0.0
462.0 106.0 0.0
460.0 106.0 0.0
462.0 108.0 0.0
460.0 108.0 0.0
458.0 106.0 0.0
456.0 106.0 0.0
458.0 108.0 0.0
457.0 106.0 0.0
458.0 107.0 0.0
457.0 107.0 0.0
456.0 107.0 0.0
457.0 108.0 0.0
456.0 108.0 0.0
464.0 110.0 0.0
462.0 110.0 0.0
460.0 110.0 0.0
462.0 112.0 0.0
461.0 110.0 0.0
462.0 111.0 0.0
461.0 111.0 0.0
460.0 111.0 0.0
461.0 112.0 0.0
460.0 112.0 0.0
459.0 108.0 0.0
460.0 109.0 0.0
459.0 109.0 0.0
458.0 109.0 0.0
459.0 110.0 0.0
458.0 110.0 0.0
457.0 109.0 0.0
456.0 109.0 0.0
457.0 110.0 0.0
456.0 110.0 0.0
458.0 112.0 0.0
456.0 112.0 0.0
455.0 104.0 0.0
456.0 105.0 0.0
455.0 105.0 0.0
454.0 105.0 0.0
455.0 106.0 0.0
454.0 106.0 0.0
453.0 105.0 0.0
452.0 105.0 0.0
453.0 106.0 0.0
452.0 106.0 0.0
455.0 107.0 0.0
454.0 107.0 0.0
455.0 108.0 0.0
454.0 108.0 0.0
452.0 108.0 0.0
450.0 106.0 0.0
448.0 106.0 0.0
450.0 108.0 0.0
448.0 108.0 0.0
454.0 110.0 0.0
452.0 110.0 0.0
454.0 112.0 0.0
452.0 112.0 0.0
448.0 112.0 0.0
476.0 112.0 0.0
480.0 116.0 0.0
476.0 116.0 0.0
472.0 116.0 0.0
476.0 120.0 0.0
472.0 120.0 0.0
468.0 116.0 0.0
466.0 112.0 0.0
468.0 114.0 0.0
466.0 114.0 0.0
464.0 114.0 0.0
466.0 116.0 0.0
464.0 116.0 0.0
470.0 116.0 0.0
472.0 118.0 0.0
470.0 118.0 0.0
468.0 118.0 0.0
470.0 120.0 0.0
469.0 118.0 0.0
470.0 119.0 0.0
469.0 119.0 0.0
468.0 119.0 0.0
469.0 120.0 0.0
468.0 120.0 0.0
467.0 116.0 0.0
468.0 117.0 0.0
467.0 117.0 0.0
466.0 117.0 0.0
467.0 118.0 0.0
466.0 118.0 0.0
464.0 118.0 0.0
466.0 120.0 0.0
464.0 120.0 0.0
476.0 124.0 0.0
474.0 120.0 0.0
476.0 122.0 0.0
474.0 122.0 0.0
472.0 122.0 0.0
474.0 124.0 0.0
472.0 124.0 0.0
478.0 124.0 0.0
478.0 126.0 0.0
476.0 126.0 0.0
478.0 128.0 0.0
477.0 126.0 0.0
478.0 127.0 0.0
477.0 127.0 0.0
476.0 127.0 0.0
477.0 128.0 0.0
476.0 128.0 0.0
474.0 126.0 0.0
472.0 126.0 0.0
474.0 128.0 0.0
472.0 128.0 0.0
471.0 120.0 0.0
472.0 121.0 0.0
471.0 121.0 0.0
470.0 121.0 0.0
471.0 122.0 0.0
470.0 122.0 0.0
468.0 122.0 0.0
470.0 124.0 0.0
468.0 124.0 0.0
464.0 124.0 0.0
468.0 128.0 0.0
466.0 124.0 0.0
468.0 126.0 0.0
466.0 126.0 0.0
464.0 126.0 0.0
466.0 128.0 0.0
464.0 128.0 0.0
462.0 114.0 0.0
460.0 114.0 0.0
462.0 116.0 0.0
460.0 116.0 0.0
456.0 116.0 0.0
460.0 120.0 0.0
456.0 120.0 0.0
452.0 116.0 0.0
448.0 116.0 0.0
452.0 120.0 0.0
448.0 120.0 0.0
460.0 124.0 0.0
456.0 124.0 0.0
462.0 124.0 0.0
462.0 126.0 0.0
460.0 126.0 0.0
462.0 128.0 0.0
460.0 128.0 0.0
458.0 124.0 0.0
458.0 126.0 0.0
456.0 126.0 0.0
459.0 126.0 0.0
460.0 127.0 0.0
459.0 127.0 0.0
458.0 127.0 0.0
459.0 128.0 0.0
458.0 128.0 0.0
456.0 128.0 0.0
454.0 120.0 0.0
456.0 122.0 0.0
454.0 122.0 0.0
452.0 122.0 0.0
454.0 124.0 0.0
452.0 124.0 0.0
450.0 120.0 0.0
450.0 122.0 0.0
448.0 122.0 0.0
450.0 124.0 0.0
449.0 122.0 0.0
450.0 123.0 0.0
449.0 123.0 0.0
448.0 123.0 0.0
449.0 124.0 0.0
448.0 124.0 0.0
455.0 124.0 0.0
456.0 125.0 0.0
455.0 125.0 0.0
454.0 125.0 0.0
455.0 126.0 0.0
454.0 126.0 0.0
453.0 124.0 0.0
453.0 125.0 0.0
452.0 125.0 0.0
453.0 126.0 0.0
452.0 126.0 0.0
456.0 127.0 0.0
455.0 127.0 0.0
454.0 127.0 0.0
455.0 128.0 0.0
454.0 128.0 0.0
453.0 127.0 0.0
452.0 127.0 0.0
453.0 128.0 0.0
452.0 128.0 0.0
450.0 126.0 0.0
450.0 125.0 0.0
449.0 125.0 0.0
448.0 125.0 0.0
449.0 126.0 0.0
448.0 126.0 0.0
450.0 128.0 0.0
448.0 128.0 0.0
440.0 72.0 0.0
436.0 64.0 0.0
440.0 68.0 0.0
436.0 68.0 0.0
432.0 68.0 0.0
436.0 72.0 0.0
434.0 68.0 0.0
436.0 70.0 0.0
434.0 70.0 0.0
432.0 70.0 0.0
434.0 72.0 0.0
433.0 70.0 0.0
434.0 71.0 0.0
433.0 71.0 0.0
432.0 71.0 0.0
433.0 72.0 0.0
432.0 72.0 0.0
444.0 72.0 0.0
448.0 76.0 0.0
444.0 76.0 0.0
440.0 76.0 0.0
444.0 80.0 0.0
442.0 76.0 0.0
444.0 78.0 0.0
442.0 78.0 0.0
440.0 78.0 0.0
442.0 80.0 0.0
441.0 78.0 0.0
442.0 79.0 0.0
441.0 79.0 0.0
440.0 79.0 0.0
441.0 80.0 0.0
440.0 80.0 0.0
438.0 72.0 0.0
440.0 74.0 0.0
438.0 74.0 0.0
436.0 74.0 0.0
438.0 76.0 0.0
437.0 74.0 0.0
438.0 75.0 0.0
437.0 75.0 0.0
436.0 75.0 0.0
437.0 76.0 0.0
436.0 76.0 0.0
435.0 72.0 0.0
436.0 73.0 0.0
435.0 73.0 0.0
434.0 73.0 0.0
435.0 74.0 0.0
434.0 74.0 0.0
432.0 74.0 0.0
434.0 76.0 0.0
433.0 74.0 0.0
434.0 75.0 0.0
433.0 75.0 0.0
432.0 75.0 0.0
433.0 76.0 0.0
432.0 76.0 0.0
439.0 76.0 0.0
440.0 77.0 0.0
439.0 77.0 0.0
438.0 77.0 0.0
439.0 78.0 0.0
438.0 78.0 0.0
436.0 78.0 0.0
438.0 80.0 0.0
437.0 78.0 0.0
438.0 79.0 0.0
437.0 79.0 0.0
436.0 79.0 0.0
437.0 80.0 0.0
436.0 80.0 0.0
435.0 76.0 0.0
436.0 77.0 0.0
435.0 77.0 0.0
434.0 77.0 0.0
435.0 78.0 0.0
434.0 78.0 0.0
432.0 78.0 0.0
434.0 80.0 0.0
432.0 80.0 0.0
430.0 64.0 0.0
432.0 66.0 0.0
430.0 66.0 0.0
428.0 66.0 0.0
430.0 68.0 0.0
429.0 66.0 0.0
430.0 67.0 0.0
429.0 67.0 0.0
428.0 67.0 0.0
429.0 68.0 0.0
428.0 68.0 0.0
427.0 64.0 0.0
428.0 65.0 0.0
427.0 65.0 0.0
426.0 65.0 0.0
427.0 66.0 0.0
426.0 66.0 0.0
424.0 66.0 0.0
426.0 68.0 0.0
425.0 66.0 0.0
426.0 67.0 0.0
425.0 67.0 0.0
424.0 67.0 0.0
425.0 68.0 0.0
424.0 68.0 0.0
431.0 68.0 0.0
432.0 69.0 0.0
431.0 69.0 0.0
430.0 69.0 0.0
431.0 70.0 0.0
430.0 70.0 0.0
428.0 70.0 0.0
430.0 72.0 0.0
429.0 70.0 0.0
430.0 71.0 0.0
429.0 71.0 0.0
428.0 71.0 0.0
429.0 72.0 0.0
428.0 72.0 0.0
427.0 68.0 0.0
428.0 69.0 0.0
427.0 69.0 0.0
426.0 69.0 0.0
427.0 70.0 0.0
426.0 70.0 0.0
424.0 70.0 0.0
426.0 72.0 0.0
424.0 72.0 0.0
423.0 64.0 0.0
424.0 65.0 0.0
423.0 65.0 0.0
422.0 65.0 0.0
423.0 66.0 0.0
422.0 66.0 0.0
420.0 66.0 0.0
422.0 68.0 0.0
420.0 68.0 0.0
418.0 66.0 0.0
416.0 66.0 0.0
418.0 68.0 0.0
416.0 68.0 0.0
422.0 70.0 0.0
420.0 70.0 0.0
422.0 72.0 0.0
420.0 72.0 0.0
418.0 70.0 0.0
417.0 68.0 0.0
418.0 69.0 0.0
417.0 69.0 0.0
416.0 69.0 0.0
417.0 70.0 0.0
416.0 70.0 0.0
419.0 70.0 0.0
420.0 71.0 0.0
419.0 71.0 0.0
418.0 71.0 0.0
419.0 72.0 0.0
418.0 72.0 0.0
417.0 71.0 0.0
416.0 71.0 0.0
417.0 72.0 0.0
416.0 72.0 0.0
431.0 72.0 0.0
432.0 73.0 0.0
431.0 73.0 0.0
430.0 73.0 0.0
431.0 74.0 0.0
430.0 74.0 0.0
428.0 74.0 0.0
430.0 76.0 0.0
428.0 76.0 0.0
426.0 74.0 0.0
424.0 74.0 0.0
426.0 76.0 0.0
424.0 76.0 0.0
430.0 78.0 0.0
428.0 78.0 0.0
430.0 80.0 0.0
428.0 80.0 0.0
426.0 78.0 0.0
425.0 76.0 0.0
426.0 77.0 0.0
425.0 77.0 0.0
424.0 77.0 0.0
425.0 78.0 0.0
424.0 78.0 0.0
427.0 78.0 0.0
428.0 79.0 0.0
427.0 79.0 0.0
426.0 79.0 0.0
427.0 80.0 0.0
426.0 80.0 0.0
424.0 80.0 0.0
422.0 74.0 0.0
421.0 72.0 0.0
422.0 73.0 0.0
421.0 73.0 0.0
420.0 73.0 0.0
421.0 74.0 0.0
420.0 74.0 0.0
423.0 74.0 0.0
424.0 75.0 0.0
423.0 75.0 0.0
422.0 75.0 0.0
423.0 76.0 0.0
422.0 76.0 0.0
420.0 76.0 0.0
419.0 73.0 0.0
418.0 73.0 0.0
419.0 74.0 0.0
418.0 74.0 0.0
416.0 74.0 0.0
418.0 76.0 0.0
416.0 76.0 0.0
422.0 78.0 0.0
420.0 78.0 0.0
422.0 80.0 0.0
420.0 80.0 0.0
416.0 80.0 0.0
446.0 80.0 0.0
448.0 82.0 0.0
446.0 82.0 0.0
444.0 82.0 0.0
446.0 84.0 0.0
445.0 82.0 0.0
446.0 83.0 0.0
445.0 83.0 0.0
444.0 83.0 0.0
445.0 84.0 0.0
444.0 84.0 0.0
443.0 80.0 0.0
444.0 81.0 0.0
443.0 81.0 0.0
442.0 81.0 0.0
443.0 82.0 0.0
442.0 82.0 0.0
440.0 82.0 0.0
442.0 84.0 0.0
441.0 82.0 0.0
442.0 83.0 0.0
441.0 83.0 0.0
440.0 83.0 0.0
441.0 84.0 0.0
440.0 84.0 0.0
447.0 84.0 0.0
448.0 85.0 0.0
447.0 85.0 0.0
446.0 85.0 0.0
447.0 86.0 0.0
446.0 86.0 0.0
444.0 86.0 0.0
446.0 88.0 0.0
445.0 86.0 0.0
446.0 87.0 0.0
445.0 87.0 0.0
444.0 87.0 0.0
445.0 88.0 0.0
444.0 88.0 0.0
443.0 84.0 0.0
444.0 85.0 0.0
443.0 85.0 0.0
442.0 85.0 0.0
443.0 86.0 0.0
442.0 86.0 0.0
440.0 86.0 0.0
442.0 88.0 0.0
440.0 88.0 0.0
439.0 80.0 0.0
440.0 81.0 0.0
439.0 81.0 0.0
438.0 81.0 0.0
439.0 82.0 0.0
438.0 82.0 0.0
436.0 82.0 0.0
438.0 84.0 0.0
436.0 84.0 0.0
434.0 82.0 0.0
432.0 82.0 0.0
434.0 84.0 0.0
432.0 84.0 0.0
438.0 86.0 0.0
436.0 86.0 0.0
438.0 88.0 0.0
437.0 86.0 0.0
438.0 87.0 0.0
437.0 87.0 0.0
436.0 87.0 0.0
437.0 88.0 0.0
436.0 88.0 0.0
435.0 84.0 0.0
436.0 85.0 0.0
435.0 85.0 0.0
434.0 85.0 0.0
435.0 86.0 0.0
434.0 86.0 0.0
433.0 84.0 0.0
433.0 85.0 0.0
432.0 85.0 0.0
433.0 86.0 0.0
432.0 86.0 0.0
435.0 87.0 0.0
434.0 87.0 0.0
435.0 88.0 0.0
434.0 88.0 0.0
432.0 88.0 0.0
447.0 88.0 0.0
448.0 89.0 0.0
447.0 89.0 0.0
446.0 89.0 0.0
447.0 90.0 0.0
446.0 90.0 0.0
444.0 90.0 0.0
446.0 92.0 0.0
444.0 92.0 0.0
442.0 90.0 0.0
440.0 90.0 0.0
442.0 92.0 0.0
441.0 90.0 0.0
442.0 91.0 0.0
441.0 91.0 0.0
440.0 91.0 0.0
441.0 92.0 0.0
440.0 92.0 0.0
446.0 94.0 0.0
444.0 94.0 0.0
446.0 96.0 0.0
445.0 94.0 0.0
446.0 95.0 0.0
445.0 95.0 0.0
444.0 95.0 0.0
445.0 96.0 0.0
444.0 96.0 0.0
443.0 92.0 0.0
444.0 93.0 0.0
443.0 93.0 0.0
442.0 93.0 0.0
443.0 94.0 0.0
442.0 94.0 0.0
441.0 93.0 0.0
440.0 93.0 0.0
441.0 94.0 0.0
440.0 94.0 0.0
443.0 95.0 0.0
442.0 95.0 0.0
443.0 96.0 0.0
442.0 96.0 0.0
440.0 96.0 0.0
439.0 88.0 0.0
440.0 89.0 0.0
439.0 89.0 0.0
438.0 89.0 0.0
439.0 90.0 0.0
438.0 90.0 0.0
437.0 89.0 0.0
436.0 89.0 0.0
437.0 90.0 0.0
436.0 90.0 0.0
439.0 91.0 0.0
438.0 91.0 0.0
439.0 92.0 0.0
438.0 92.0 0.0
436.0 92.0 0.0
434.0 90.0 0.0
432.0 90.0 0.0
434.0 92.0 0.0
432.0 92.0 0.0
438.0 94.0 0.0
436.0 94.0 0.0
438.0 96.0 0.0
436.0 96.0 0.0
432.0 96.0 0.0
430.0 82.0 0.0
429.0 80.0 0.0
430.0 81.0 0.0
429.0 81.0 0.0
428.0 81.0 0.0
429.0 82.0 0.0
428.0 82.0 0.0
431.0 82.0 0.0
432.0 83.0 0.0
431.0 83.0 0.0
430.0 83.0 0.0
431.0 84.0 0.0
430.0 84.0 0.0
428.0 84.0 0.0
426.0 82.0 0.0
424.0 82.0 0.0
426.0 84.0 0.0
424.0 84.0 0.0
430.0 86.0 0.0
428.0 86.0 0.0
430.0 88.0 0.0
428.0 88.0 0.0
424.0 88.0 0.0
420.0 84.0 0.0
416.0 84.0 0.0
420.0 88.0 0.0
416.0 88.0 0.0
428.0 92.0 0.0
424.0 92.0 0.0
428.0 96.0 0.0
424.0 96.0 0.0
416.0 96.0 0.0
414.0 66.0 0.0
413.0 64.0 0.0
414.0 65.0 0.0
413.0 65.0 0.0
412.0 65.0 0.0
413.0 66.0 0.0
412.0 66.0 0.0
415.0 66.0 0.0
416.0 67.0 0.0
415.0 67.0 0.0
414.0 67.0 0.0
415.0 68.0 0.0
414.0 68.0 0.0
413.0 67.0 0.0
412.0 67.0 0.0
413.0 68.0 0.0
412.0 68.0 0.0
411.0 65.0 0.0
410.0 65.0 0.0
411.0 66.0 0.0
410.0 66.0 0.0
408.0 66.0 0.0
410.0 68.0 0.0
408.0 68.0 0.0
415.0 69.0 0.0
414.0 69.0 0.0
415.0 70.0 0.0
414.0 70.0 0.0
412.0 70.0 0.0
414.0 72.0 0.0
412.0 72.0 0.0
408.0 72.0 0.0
404.0 68.0 0.0
400.0 68.0 0.0
404.0 72.0 0.0
400.0 72.0 0.0
412.0 76.0 0.0
408.0 76.0 0.0
412.0 80.0 0.0
408.0 80.0 0.0
400.0 80.0 0.0
392.0 72.0 0.0
384.0 72.0 0.0
392.0 80.0 0.0
384.0 80.0 0.0
408.0 88.0 0.0
400.0 88.0 0.0
408.0 96.0 0.0
400.0 96.0 0.0
392.0 88.0 0.0
384.0 88.0 0.0
392.0 96.0 0.0
384.0 96.0 0.0
447.0 96.0 0.0
448.0 97.0 0.0
447.0 97.0 0.0
446.0 97.0 0.0
447.0 98.0 0.0
446.0 98.0 0.0
445.0 97.0 0.0
444.0 97.0 0.0
445.0 98.0 0.0
444.0 98.0 0.0
447.0 99.0 0.0
446.0 99.0 0.0
447.0 100.0 0.0
446.0 100.0 0.0
444.0 100.0 0.0
442.0 98.0 0.0
440.0 98.0 0.0
442.0 100.0 0.0
440.0 100.0 0.0
446.0 102.0 0.0
444.0 102.0 0.0
446.0 104.0 0.0
444.0 104.0 0.0
440.0 104.0 0.0
436.0 100.0 0.0
432.0 100.0 0.0
436.0 104.0 0.0
432.0 104.0 0.0
444.0 108.0 0.0
440.0 108.0 0.0
444.0 112.0 0.0
440.0 112.0 0.0
432.0 112.0 0.0
424.0 104.0 0.0
416.0 104.0 0.0
428.0 104.0 0.0
432.0 108.0 0.0
428.0 108.0 0.0
424.0 108.0 0.0
428.0 112.0 0.0
424.0 112.0 0.0
420.0 104.0 0.0
420.0 108.0 0.0
416.0 108.0 0.0
420.0 112.0 0.0
418.0 108.0 0.0
420.0 110.0 0.0
418.0 110.0 0.0
416.0 110.0 0.0
418.0 112.0 0.0
416.0 112.0 0.0
444.0 116.0 0.0
440.0 116.0 0.0
444.0 120.0 0.0
442.0 116.0 0.0
444.0 118.0 0.0
442.0 118.0 0.0
440.0 118.0 0.0
442.0 120.0 0.0
440.0 120.0 0.0
436.0 112.0 0.0
436.0 116.0 0.0
432.0 116.0 0.0
438.0 116.0 0.0
438.0 118.0 0.0
436.0 118.0 0.0
438.0 120.0 0.0
437.0 118.0 0.0
438.0 119.0 0.0
437.0 119.0 0.0
436.0 119.0 0.0
437.0 120.0 0.0
436.0 120.0 0.0
434.0 116.0 0.0
434.0 118.0 0.0
432.0 118.0 0.0
434.0 120.0 0.0
433.0 118.0 0.0
434.0 119.0 0.0
433.0 119.0 0.0
432.0 119.0 0.0
433.0 120.0 0.0
432.0 120.0 0.0
446.0 120.0 0.0
446.0 122.0 0.0
444.0 122.0 0.0
447.0 122.0 0.0
447.0 123.0 0.0
446.0 123.0 0.0
447.0 124.0 0.0
446.0 124.0 0.0
444.0 124.0 0.0
443.0 120.0 0.0
444.0 121.0 0.0
443.0 121.0 0.0
442.0 121.0 0.0
443.0 122.0 0.0
442.0 122.0 0.0
440.0 122.0 0.0
444.0 123.0 0.0
443.0 123.0 0.0
442.0 123.0 0.0
443.0 124.0 0.0
442.0 124.0 0.0
440.0 124.0 0.0
446.0 126.0 0.0
444.0 126.0 0.0
446.0 128.0 0.0
444.0 128.0 0.0
442.0 126.0 0.0
440.0 126.0 0.0
442.0 128.0 0.0
440.0 128.0 0.0
439.0 120.0 0.0
440.0 121.0 0.0
439.0 121.0 0.0
438.0 121.0 0.0
439.0 122.0 0.0
438.0 122.0 0.0
436.0 122.0 0.0
438.0 124.0 0.0
436.0 124.0 0.0
434.0 122.0 0.0
432.0 122.0 0.0
434.0 124.0 0.0
432.0 124.0 0.0
436.0 128.0 0.0
432.0 128.0 0.0
430.0 112.0 0.0
432.0 114.0 0.0
430.0 114.0 0.0
428.0 114.0 0.0
430.0 116.0 0.0
428.0 116.0 0.0
426.0 112.0 0.0
426.0 114.0 0.0
424.0 114.0 0.0
426.0 116.0 0.0
425.0 114.0 0.0
426.0 115.0 0.0
425.0 115.0 0.0
424.0 115.0 0.0
425.0 116.0 0.0
424.0 116.0 0.0
431.0 116.0 0.0
432.0 117.0 0.0
431.0 117.0 0.0
430.0 117.0 0.0
431.0 118.0 0.0
430.0 118.0 0.0
428.0 118.0 0.0
431.0 119.0 0.0
430.0 119.0 0.0
431.0 120.0 0.0
430.0 120.0 0.0
428.0 120.0 0.0
427.0 116.0 0.0
428.0 117.0 0.0
427.0 117.0 0.0
426.0 117.0 0.0
427.0 118.0 0.0
426.0 118.0 0.0
425.0 117.0 0.0
424.0 117.0 0.0
425.0 118.0 0.0
424.0 118.0 0.0
426.0 120.0 0.0
424.0 120.0 0.0
422.0 112.0 0.0
422.0 114.0 0.0
420.0 114.0 0.0
422.0 116.0 0.0
421.0 114.0 0.0
422.0 115.0 0.0
421.0 115.0 0.0
420.0 115.0 0.0
421.0 116.0 0.0
420.0 116.0 0.0
419.0 112.0 0.0
420.0 113.0 0.0
419.0 113.0 0.0
418.0 113.0 0.0
419.0 114.0 0.0
418.0 114.0 0.0
417.0 112.0 0.0
417.0 113.0 0.0
416.0 113.0 0.0
417.0 114.0 0.0
416.0 114.0 0.0
419.0 115.0 0.0
418.0 115.0 0.0
419.0 116.0 0.0
418.0 116.0 0.0
416.0 116.0 0.0
422.0 118.0 0.0
420.0 118.0 0.0
422.0 120.0 0.0
420.0 120.0 0.0
418.0 118.0 0.0
416.0 118.0 0.0
418.0 120.0 0.0
416.0 120.0 0.0
430.0 122.0 0.0
428.0 122.0 0.0
430.0 124.0 0.0
428.0 124.0 0.0
424.0 124.0 0.0
428.0 128.0 0.0
424.0 128.0 0.0
420.0 124.0 0.0
416.0 124.0 0.0
420.0 128.0 0.0
416.0 128.0 0.0
408.0 104.0 0.0
404.0 96.0 0.0
408.0 100.0 0.0
404.0 100.0 0.0
400.0 100.0 0.0
404.0 104.0 0.0
400.0 104.0 0.0
412.0 104.0 0.0
412.0 108.0 0.0
408.0 108.0 0.0
414.0 108.0 0.0
414.0 110.0 0.0
412.0 110.0 0.0
414.0 112.0 0.0
413.0 110.0 0.0
414.0 111.0 0.0
413.0 111.0 0.0
412.0 111.0 0.0
413.0 112.0 0.0
412.0 112.0 0.0
410.0 108.0 0.0
410.0 110.0 0.0
408.0 110.0 0.0
411.0 110.0 0.0
411.0 111.0 0.0
410.0 111.0 0.0
411.0 112.0 0.0
410.0 112.0 0.0
408.0 112.0 0.0
406.0 104.0 0.0
408.0 106.0 0.0
406.0 106.0 0.0
404.0 106.0 0.0
406.0 108.0 0.0
404.0 108.0 0.0
402.0 104.0 0.0
402.0 106.0 0.0
400.0 106.0 0.0
402.0 108.0 0.0
400.0 108.0 0.0
407.0 108.0 0.0
408.0 109.0 0.0
407.0 109.0 0.0
406.0 109.0 0.0
407.0 110.0 0.0
406.0 110.0 0.0
405.0 108.0 0.0
405.0 109.0 0.0
404.0 109.0 0.0
405.0 110.0 0.0
404.0 110.0 0.0
408.0 111.0 0.0
407.0 111.0 0.0
406.0 111.0 0.0
407.0 112.0 0.0
406.0 112.0 0.0
405.0 111.0 0.0
404.0 111.0 0.0
405.0 112.0 0.0
404.0 112.0 0.0
402.0 110.0 0.0
400.0 110.0 0.0
403.0 110.0 0.0
403.0 111.0 0.0
402.0 111.0 0.0
403.0 112.0 0.0
402.0 112.0 0.0
400.0 112.0 0.0
396.0 96.0 0.0
396.0 100.0 0.0
392.0 100.0 0.0
396.0 104.0 0.0
392.0 104.0 0.0
388.0 96.0 0.0
388.0 100.0 0.0
384.0 100.0 0.0
390.0 100.0 0.0
392.0 102.0 0.0
390.0 102.0 0.0
388.0 102.0 0.0
390.0 104.0 0.0
388.0 104.0 0.0
386.0 100.0 0.0
386.0 102.0 0.0
384.0 102.0 0.0
386.0 104.0 0.0
384.0 104.0 0.0
398.0 104.0 0.0
398.0 106.0 0.0
396.0 106.0 0.0
399.0 106.0 0.0
400.0 107.0 0.0
399.0 107.0 0.0
398.0 107.0 0.0
399.0 108.0 0.0
398.0 108.0 0.0
397.0 106.0 0.0
397.0 107.0 0.0
396.0 107.0 0.0
397.0 108.0 0.0
396.0 108.0 0.0
394.0 104.0 0.0
394.0 106.0 0.0
392.0 106.0 0.0
394.0 108.0 0.0
393.0 106.0 0.0
394.0 107.0 0.0
393.0 107.0 0.0
392.0 107.0 0.0
393.0 108.0 0.0
392.0 108.0 0.0
400.0 109.0 0.0
399.0 109.0 0.0
398.0 109.0 0.0
399.0 110.0 0.0
398.0 110.0 0.0
397.0 109.0 0.0
396.0 109.0 0.0
397.0 110.0 0.0
396.0 110.0 0.0
398.0 112.0 0.0
396.0 112.0 0.0
395.0 108.0 0.0
395.0 109.0 0.0
394.0 109.0 0.0
395.0 110.0 0.0
394.0 110.0 0.0
392.0 110.0 0.0
394.0 112.0 0.0
392.0 112.0 0.0
391.0 104.0 0.0
392.0 105.0 0.0
391.0 105.0 0.0
390.0 105.0 0.0
391.0 106.0 0.0
390.0 106.0 0.0
389.0 104.0 0.0
389.0 105.0 0.0
388.0 105.0 0.0
389.0 106.0 0.0
388.0 106.0 0.0
391.0 107.0 0.0
390.0 107.0 0.0
391.0 108.0 0.0
390.0 108.0 0.0
389.0 107.0 0.0
388.0 107.0 0.0
389.0 108.0 0.0
388.0 108.0 0.0
386.0 106.0 0.0
385.0 104.0 0.0
386.0 105.0 0.0
385.0 105.0 0.0
384.0 105.0 0.0
385.0 106.0 0.0
384.0 106.0 0.0
386.0 108.0 0.0
384.0 108.0 0.0
390.0 110.0 0.0
388.0 110.0 0.0
390.0 112.0 0.0
388.0 112.0 0.0
384.0 112.0 0.0
415.0 112.0 0.0
415.0 113.0 0.0
414.0 113.0 0.0
415.0 114.0 0.0
414.0 114.0 0.0
413.0 113.0 0.0
412.0 113.0 0.0
413.0 114.0 0.0
412.0 114.0 0.0
414.0 116.0 0.0
412.0 116.0 0.0
411.0 113.0 0.0
410.0 113.0 0.0
411.0 114.0 0.0
410.0 114.0 0.0
408.0 114.0 0.0
410.0 116.0 0.0
408.0 116.0 0.0
412.0 120.0 0.0
408.0 120.0 0.0
406.0 114.0 0.0
404.0 114.0 0.0
406.0 116.0 0.0
404.0 116.0 0.0
402.0 114.0 0.0
400.0 114.0 0.0
402.0 116.0 0.0
400.0 116.0 0.0
404.0 120.0 0.0
400.0 120.0 0.0
408.0 128.0 0.0
400.0 128.0 0.0
396.0 116.0 0.0
392.0 116.0 0.0
396.0 120.0 0.0
392.0 120.0 0.0
388.0 116.0 0.0
384.0 116.0 0.0
388.0 120.0 0.0
384.0 120.0 0.0
392.0 128.0 0.0
384.0 128.0 0.0
368.0 0.0 0.0
368.0 16.0 0.0
360.0 0.0 0.0
368.0 8.0 0.0
360.0 8.0 0.0
352.0 0.0 0.0
352.0 8.0 0.0
360.0 16.0 0.0
352.0 16.0 0.0
376.0 16.0 0.0
376.0 24.0 0.0
368.0 24.0 0.0
380.0 24.0 0.0
384.0 28.0 0.0
380.0 28.0 0.0
376.0 28.0 0.0
380.0 32.0 0.0
376.0 32.0 0.0
372.0 24.0 0.0
372.0 28.0 0.0
368.0 28.0 0.0
374.0 28.0 0.0
376.0 30.0 0.0
374.0 30.0 0.0
372.0 30.0 0.0
374.0 32.0 0.0
372.0 32.0 0.0
370.0 28.0 0.0
370.0 30.0 0.0
368.0 30.0 0.0
370.0 32.0 0.0
368.0 32.0 0.0
360.0 24.0 0.0
356.0 16.0 0.0
360.0 20.0 0.0
356.0 20.0 0.0
352.0 20.0 0.0
356.0 24.0 0.0
352.0 24.0 0.0
364.0 24.0 0.0
364.0 28.0 0.0
360.0 28.0 0.0
366.0 28.0 0.0
366.0 30.0 0.0
364.0 30.0 0.0
366.0 32.0 0.0
364.0 32.0 0.0
362.0 28.0 0.0
362.0 30.0 0.0
360.0 30.0 0.0
363.0 30.0 0.0
364.0 31.0 0.0
363.0 31.0 0.0
362.0 31.0 0.0
363.0 32.0 0.0
362.0 32.0 0.0
361.0 30.0 0.0
361.0 31.0 0.0
360.0 31.0 0.0
361.0 32.0 0.0
360.0 32.0 0.0
356.0 28.0 0.0
354.0 24.0 0.0
356.0 26.0 0.0
354.0 26.0 0.0
352.0 26.0 0.0
354.0 28.0 0.0
352.0 28.0 0.0
358.0 28.0 0.0
358.0 30.0 0.0
356.0 30.0 0.0
359.0 30.0 0.0
359.0 31.0 0.0
358.0 31.0 0.0
359.0 32.0 0.0
358.0 32.0 0.0
356.0 32.0 0.0
354.0 30.0 0.0
353.0 28.0 0.0
354.0 29.0 0.0
353.0 29.0 0.0
352.0 29.0 0.0
353.0 30.0 0.0
352.0 30.0 0.0
354.0 32.0 0.0
352.0 32.0 0.0
344.0 0.0 0.0
344.0 8.0 0.0
336.0 0.0 0.0
336.0 8.0 0.0
344.0 16.0 0.0
336.0 16.0 0.0
328.0 0.0 0.0
328.0 8.0 0.0
320.0 0.0 0.0
320.0 8.0 0.0
328.0 16.0 0.0
320.0 16.0 0.0
348.0 16.0 0.0
348.0 20.0 0.0
344.0 20.0 0.0
348.0 24.0 0.0
344.0 24.0 0.0
340.0 16.0 0.0
340.0 20.0 0.0
336.0 20.0 0.0
340.0 24.0 0.0
336.0 24.0 0.0
350.0 24.0 0.0
350.0 26.0 0.0
348.0 26.0 0.0
350.0 28.0 0.0
348.0 28.0 0.0
346.0 24.0 0.0
346.0 26.0 0.0
344.0 26.0 0.0
346.0 28.0 0.0
344.0 28.0 0.0
351.0 28.0 0.0
351.0 29.0 0.0
350.0 29.0 0.0
351.0 30.0 0.0
350.0 30.0 0.0
349.0 28.0 0.0
349.0 29.0 0.0
348.0 29.0 0.0
349.0 30.0 0.0
348.0 30.0 0.0
352.0 31.0 0.0
351.0 31.0 0.0
350.0 31.0 0.0
351.0 32.0 0.0
350.0 32.0 0.0
349.0 31.0 0.0
348.0 31.0 0.0
349.0 32.0 0.0
348.0 32.0 0.0
347.0 28.0 0.0
347.0 29.0 0.0
346.0 29.0 0.0
347.0 30.0 0.0
346.0 30.0 0.0
344.0 30.0 0.0
347.0 31.0 0.0
346.0 31.0 0.0
347.0 32.0 0.0
346.0 32.0 0.0
344.0 32.0 0.0
342.0 24.0 0.0
342.0 26.0 0.0
340.0 26.0 0.0
342.0 28.0 0.0
341.0 26.0 0.0
342.0 27.0 0.0
341.0 27.0 0.0
340.0 27.0 0.0
341.0 28.0 0.0
340.0 28.0 0.0
338.0 24.0 0.0
338.0 26.0 0.0
336.0 26.0 0.0
339.0 26.0 0.0
339.0 27.0 0.0
338.0 27.0 0.0
339.0 28.0 0.0
338.0 28.0 0.0
337.0 26.0 0.0
337.0 27.0 0.0
336.0 27.0 0.0
337.0 28.0 0.0
336.0 28.0 0.0
342.0 30.0 0.0
340.0 30.0 0.0
342.0 32.0 0.0
340.0 32.0 0.0
340.0 29.0 0.0
339.0 29.0 0.0
338.0 29.0 0.0
339.0 30.0 0.0
338.0 30.0 0.0
337.0 29.0 0.0
336.0 29.0 0.0
337.0 30.0 0.0
336.0 30.0 0.0
338.0 32.0 0.0
336.0 32.0 0.0
332.0 16.0 0.0
332.0 20.0 0.0
328.0 20.0 0.0
332.0 24.0 0.0
328.0 24.0 0.0
324.0 16.0 0.0
324.0 20.0 0.0
320.0 20.0 0.0
326.0 20.0 0.0
328.0 22.0 0.0
326.0 22.0 0.0
324.0 22.0 0.0
326.0 24.0 0.0
324.0 24.0 0.0
322.0 20.0 0.0
322.0 22.0 0.0
320.0 22.0 0.0
322.0 24.0 0.0
320.0 24.0 0.0
334.0 24.0 0.0
334.0 26.0 0.0
332.0 26.0 0.0
335.0 26.0 0.0
335.0 27.0 0.0
334.0 27.0 0.0
335.0 28.0 0.0
334.0 28.0 0.0
332.0 28.0 0.0
330.0 24.0 0.0
330.0 26.0 0.0
328.0 26.0 0.0
330.0 28.0 0.0
328.0 28.0 0.0
335.0 29.0 0.0
334.0 29.0 0.0
335.0 30.0 0.0
334.0 30.0 0.0
332.0 30.0 0.0
334.0 32.0 0.0
332.0 32.0 0.0
328.0 32.0 0.0
327.0 24.0 0.0
328.0 25.0 0.0
327.0 25.0 0.0
326.0 25.0 0.0
327.0 26.0 0.0
326.0 26.0 0.0
325.0 24.0 0.0
325.0 25.0 0.0
324.0 25.0 0.0
325.0 26.0 0.0
324.0 26.0 0.0
328.0 27.0 0.0
327.0 27.0 0.0
326.0 27.0 0.0
327.0 28.0 0.0
326.0 28.0 0.0
325.0 27.0 0.0
324.0 27.0 0.0
325.0 28.0 0.0
324.0 28.0 0.0
323.0 24.0 0.0
323.0 25.0 0.0
322.0 25.0 0.0
323.0 26.0 0.0
322.0 26.0 0.0
321.0 24.0 0.0
321.0 25.0 0.0
320.0 25.0 0.0
321.0 26.0 0.0
320.0 26.0 0.0
323.0 27.0 0.0
322.0 27.0 0.0
323.0 28.0 0.0
322.0 28.0 0.0
321.0 27.0 0.0
320.0 27.0 0.0
321.0 28.0 0.0
320.0 28.0 0.0
328.0 30.0 0.0
326.0 30.0 0.0
324.0 30.0 0.0
326.0 32.0 0.0
324.0 32.0 0.0
322.0 30.0 0.0
320.0 30.0 0.0
322.0 32.0 0.0
320.0 32.0 0.0
382.0 32.0 0.0
384.0 34.0 0.0
382.0 34.0 0.0
380.0 34.0 0.0
382.0 36.0 0.0
380.0 36.0 0.0
378.0 32.0 0.0
378.0 34.0 0.0
376.0 34.0 0.0
378.0 36.0 0.0
377.0 34.0 0.0
378.0 35.0 0.0
377.0 35.0 0.0
376.0 35.0 0.0
377.0 36.0 0.0
376.0 36.0 0.0
382.0 38.0 0.0
381.0 36.0 0.0
382.0 37.0 0.0
381.0 37.0 0.0
380.0 37.0 0.0
381.0 38.0 0.0
380.0 38.0 0.0
382.0 40.0 0.0
382.0 39.0 0.0
381.0 39.0 0.0
380.0 39.0 0.0
381.0 40.0 0.0
380.0 40.0 0.0
378.0 38.0 0.0
378.0 37.0 0.0
377.0 37.0 0.0
376.0 37.0 0.0
377.0 38.0 0.0
376.0 38.0 0.0
378.0 40.0 0.0
376.0 40.0 0.0
374.0 34.0 0.0
373.0 32.0 0.0
374.0 33.0 0.0
373.0 33.0 0.0
372.0 33.0 0.0
373.0 34.0 0.0
372.0 34.0 0.0
374.0 36.0 0.0
372.0 36.0 0.0
371.0 32.0 0.0
371.0 33.0 0.0
370.0 33.0 0.0
371.0 34.0 0.0
370.0 34.0 0.0
369.0 32.0 0.0
369.0 33.0 0.0
368.0 33.0 0.0
369.0 34.0 0.0
368.0 34.0 0.0
372.0 35.0 0.0
371.0 35.0 0.0
370.0 35.0 0.0
371.0 36.0 0.0
370.0 36.0 0.0
369.0 35.0 0.0
368.0 35.0 0.0
369.0 36.0 0.0
368.0 36.0 0.0
375.0 36.0 0.0
375.0 37.0 0.0
374.0 37.0 0.0
375.0 38.0 0.0
374.0 38.0 0.0
372.0 38.0 0.0
374.0 40.0 0.0
372.0 40.0 0.0
370.0 38.0 0.0
368.0 38.0 0.0
370.0 40.0 0.0
368.0 40.0 0.0
383.0 40.0 0.0
384.0 41.0 0.0
383.0 41.0 0.0
382.0 41.0 0.0
383.0 42.0 0.0
382.0 42.0 0.0
380.0 42.0 0.0
382.0 44.0 0.0
380.0 44.0 0.0
376.0 44.0 0.0
380.0 48.0 0.0
376.0 48.0 0.0
372.0 44.0 0.0
368.0 44.0 0.0
372.0 48.0 0.0
368.0 48.0 0.0
366.0 34.0 0.0
364.0 34.0 0.0
367.0 34.0 0.0
367.0 35.0 0.0
366.0 35.0 0.0
367.0 36.0 0.0
366.0 36.0 0.0
364.0 36.0 0.0
362.0 34.0 0.0
362.0 33.0 0.0
361.0 33.0 0.0
360.0 33.0 0.0
361.0 34.0 0.0
360.0 34.0 0.0
362.0 36.0 0.0
360.0 36.0 0.0
366.0 38.0 0.0
364.0 38.0 0.0
366.0 40.0 0.0
364.0 40.0 0.0
360.0 40.0 0.0
359.0 33.0 0.0
358.0 33.0 0.0
359.0 34.0 0.0
358.0 34.0 0.0
357.0 32.0 0.0
357.0 33.0 0.0
356.0 33.0 0.0
357.0 34.0 0.0
356.0 34.0 0.0
358.0 36.0 0.0
356.0 36.0 0.0
354.0 34.0 0.0
352.0 34.0 0.0
354.0 36.0 0.0
352.0 36.0 0.0
356.0 40.0 0.0
352.0 40.0 0.0
364.0 44.0 0.0
360.0 44.0 0.0
364.0 48.0 0.0
360.0 48.0 0.0
352.0 48.0 0.0
376.0 56.0 0.0
368.0 56.0 0.0
376.0 64.0 0.0
368.0 64.0 0.0
360.0 56.0 0.0
352.0 56.0 0.0
360.0 64.0 0.0
352.0 64.0 0.0
350.0 34.0 0.0
348.0 34.0 0.0
350.0 36.0 0.0
348.0 36.0 0.0
346.0 34.0 0.0
344.0 34.0 0.0
346.0 36.0 0.0
344.0 36.0 0.0
348.0 40.0 0.0
344.0 40.0 0.0
340.0 36.0 0.0
336.0 36.0 0.0
340.0 40.0 0.0
336.0 40.0 0.0
344.0 48.0 0.0
336.0 48.0 0.0
332.0 36.0 0.0
328.0 36.0 0.0
332.0 40.0 0.0
328.0 40.0 0.0
324.0 36.0 0.0
320.0 36.0 0.0
324.0 40.0 0.0
320.0 40.0 0.0
328.0 48.0 0.0
320.0 48.0 0.0
336.0 64.0 0.0
320.0 64.0 0.0
312.0 0.0 0.0
312.0 8.0 0.0
304.0 0.0 0.0
304.0 8.0 0.0
312.0 16.0 0.0
304.0 16.0 0.0
296.0 0.0 0.0
296.0 8.0 0.0
288.0 0.0 0.0
288.0 8.0 0.0
296.0 16.0 0.0
288.0 16.0 0.0
316.0 16.0 0.0
316.0 20.0 0.0
312.0 20.0 0.0
318.0 20.0 0.0
318.0 22.0 0.0
316.0 22.0 0.0
318.0 24.0 0.0
316.0 24.0 0.0
312.0 24.0 0.0
308.0 16.0 0.0
308.0 20.0 0.0
304.0 20.0 0.0
310.0 20.0 0.0
312.0 22.0 0.0
310.0 22.0 0.0
308.0 22.0 0.0
310.0 24.0 0.0
309.0 22.0 0.0
310.0 23.0 0.0
309.0 23.0 0.0
308.0 23.0 0.0
309.0 24.0 0.0
308.0 24.0 0.0
306.0 20.0 0.0
306.0 22.0 0.0
304.0 22.0 0.0
307.0 22.0 0.0
307.0 23.0 0.0
306.0 23.0 0.0
307.0 24.0 0.0
306.0 24.0 0.0
305.0 22.0 0.0
305.0 23.0 0.0
304.0 23.0 0.0
305.0 24.0 0.0
304.0 24.0 0.0
319.0 24.0 0.0
319.0 25.0 0.0
318.0 25.0 0.0
319.0 26.0 0.0
318.0 26.0 0.0
316.0 26.0 0.0
318.0 28.0 0.0
316.0 28.0 0.0
314.0 24.0 0.0
314.0 26.0 0.0
312.0 26.0 0.0
314.0 28.0 0.0
312.0 28.0 0.0
316.0 32.0 0.0
312.0 32.0 0.0
311.0 24.0 0.0
312.0 25.0 0.0
311.0 25.0 0.0
310.0 25.0 0.0
311.0 26.0 0.0
310.0 26.0 0.0
309.0 25.0 0.0
308.0 25.0 0.0
309.0 26.0 0.0
308.0 26.0 0.0
310.0 28.0 0.0
308.0 28.0 0.0
307.0 25.0 0.0
306.0 25.0 0.0
307.0 26.0 0.0
306.0 26.0 0.0
305.0 25.0 0.0
304.0 25.0 0.0
305.0 26.0 0.0
304.0 26.0 0.0
306.0 28.0 0.0
304.0 28.0 0.0
308.0 32.0 0.0
304.0 32.0 0.0
300.0 16.0 0.0
300.0 20.0 0.0
296.0 20.0 0.0
302.0 20.0 0.0
302.0 22.0 0.0
300.0 22.0 0.0
303.0 22.0 0.0
303.0 23.0 0.0
302.0 23.0 0.0
303.0 24.0 0.0
302.0 24.0 0.0
301.0 22.0 0.0
301.0 23.0 0.0
300.0 23.0 0.0
301.0 24.0 0.0
300.0 24.0 0.0
298.0 20.0 0.0
298.0 22.0 0.0
296.0 22.0 0.0
299.0 22.0 0.0
299.0 23.0 0.0
298.0 23.0 0.0
299.0 24.0 0.0
298.0 24.0 0.0
296.0 24.0 0.0
292.0 16.0 0.0
292.0 20.0 0.0
288.0 20.0 0.0
294.0 20.0 0.0
294.0 22.0 0.0
292.0 22.0 0.0
294.0 24.0 0.0
292.0 24.0 0.0
290.0 20.0 0.0
290.0 22.0 0.0
288.0 22.0 0.0
290.0 24.0 0.0
288.0 24.0 0.0
303.0 25.0 0.0
302.0 25.0 0.0
303.0 26.0 0.0
302.0 26.0 0.0
301.0 25.0 0.0
300.0 25.0 0.0
301.0 26.0 0.0
300.0 26.0 0.0
302.0 28.0 0.0
300.0 28.0 0.0
298.0 26.0 0.0
296.0 26.0 0.0
298.0 28.0 0.0
296.0 28.0 0.0
300.0 32.0 0.0
296.0 32.0 0.0
292.0 28.0 0.0
288.0 28.0 0.0
292.0 32.0 0.0
288.0 32.0 0.0
280.0 0.0 0.0
280.0 8.0 0.0
272.0 0.0 0.0
272.0 8.0 0.0
284.0 8.0 0.0
288.0 12.0 0.0
284.0 12.0 0.0
280.0 12.0 0.0
284.0 16.0 0.0
280.0 16.0 0.0
276.0 8.0 0.0
276.0 12.0 0.0
272.0 12.0 0.0
276.0 16.0 0.0
272.0 16.0 0.0
264.0 0.0 0.0
264.0 8.0 0.0
256.0 0.0 0.0
256.0 8.0 0.0
268.0 8.0 0.0
268.0 12.0 0.0
264.0 12.0 0.0
268.0 16.0 0.0
264.0 16.0 0.0
260.0 8.0 0.0
260.0 12.0 0.0
256.0 12.0 0.0
260.0 16.0 0.0
256.0 16.0 0.0
284.0 20.0 0.0
282.0 16.0 0.0
284.0 18.0 0.0
282.0 18.0 0.0
280.0 18.0 0.0
282.0 20.0 0.0
280.0 20.0 0.0
286.0 20.0 0.0
286.0 22.0 0.0
284.0 22.0 0.0
286.0 24.0 0.0
285.0 22.0 0.0
286.0 23.0 0.0
285.0 23.0 0.0
284.0 23.0 0.0
285.0 24.0 0.0
284.0 24.0 0.0
283.0 20.0 0.0
284.0 21.0 0.0
283.0 21.0 0.0
282.0 21.0 0.0
283.0 22.0 0.0
282.0 22.0 0.0
281.0 20.0 0.0
281.0 21.0 0.0
280.0 21.0 0.0
281.0 22.0 0.0
280.0 22.0 0.0
283.0 23.0 0.0
282.0 23.0 0.0
283.0 24.0 0.0
282.0 24.0 0.0
281.0 23.0 0.0
280.0 23.0 0.0
281.0 24.0 0.0
280.0 24.0 0.0
278.0 16.0 0.0
278.0 18.0 0.0
276.0 18.0 0.0
278.0 20.0 0.0
276.0 20.0 0.0
274.0 16.0 0.0
274.0 18.0 0.0
272.0 18.0 0.0
274.0 20.0 0.0
272.0 20.0 0.0
279.0 20.0 0.0
279.0 21.0 0.0
278.0 21.0 0.0
279.0 22.0 0.0
278.0 22.0 0.0
277.0 20.0 0.0
277.0 21.0 0.0
276.0 21.0 0.0
277.0 22.0 0.0
276.0 22.0 0.0
279.0 23.0 0.0
278.0 23.0 0.0
279.0 24.0 0.0
278.0 24.0 0.0
277.0 23.0 0.0
276.0 23.0 0.0
277.0 24.0 0.0
276.0 24.0 0.0
275.0 20.0 0.0
275.0 21.0 0.0
274.0 21.0 0.0
275.0 22.0 0.0
274.0 22.0 0.0
273.0 20.0 0.0
273.0 21.0 0.0
272.0 21.0 0.0
273.0 22.0 0.0
272.0 22.0 0.0
275.0 23.0 0.0
274.0 23.0 0.0
275.0 24.0 0.0
274.0 24.0 0.0
273.0 23.0 0.0
272.0 23.0 0.0
273.0 24.0 0.0
272.0 24.0 0.0
288.0 26.0 0.0
286.0 26.0 0.0
284.0 26.0 0.0
286.0 28.0 0.0
284.0 28.0 0.0
282.0 26.0 0.0
280.0 26.0 0.0
282.0 28.0 0.0
280.0 28.0 0.0
284.0 32.0 0.0
280.0 32.0 0.0
278.0 26.0 0.0
276.0 26.0 0.0
278.0 28.0 0.0
276.0 28.0 0.0
274.0 26.0 0.0
272.0 26.0 0.0
274.0 28.0 0.0
272.0 28.0 0.0
276.0 32.0 0.0
272.0 32.0 0.0
270.0 16.0 0.0
270.0 18.0 0.0
268.0 18.0 0.0
270.0 20.0 0.0
268.0 20.0 0.0
266.0 16.0 0.0
266.0 18.0 0.0
264.0 18.0 0.0
266.0 20.0 0.0
264.0 20.0 0.0
271.0 20.0 0.0
271.0 21.0 0.0
270.0 21.0 0.0
271.0 22.0 0.0
270.0 22.0 0.0
269.0 20.0 0.0
269.0 21.0 0.0
268.0 21.0 0.0
269.0 22.0 0.0
268.0 22.0 0.0
271.0 23.0 0.0
270.0 23.0 0.0
271.0 24.0 0.0
270.0 24.0 0.0
269.0 23.0 0.0
268.0 23.0 0.0
269.0 24.0 0.0
268.0 24.0 0.0
267.0 20.0 0.0
267.0 21.0 0.0
266.0 21.0 0.0
267.0 22.0 0.0
266.0 22.0 0.0
265.0 20.0 0.0
265.0 21.0 0.0
264.0 21.0 0.0
265.0 22.0 0.0
264.0 22.0 0.0
267.0 23.0 0.0
266.0 23.0 0.0
267.0 24.0 0.0
266.0 24.0 0.0
265.0 23.0 0.0
264.0 23.0 0.0
265.0 24.0 0.0
264.0 24.0 0.0
262.0 16.0 0.0
262.0 18.0 0.0
260.0 18.0 0.0
262.0 20.0 0.0
260.0 20.0 0.0
258.0 16.0 0.0
258.0 18.0 0.0
256.0 18.0 0.0
258.0 20.0 0.0
256.0 20.0 0.0
263.0 20.0 0.0
263.0 21.0 0.0
262.0 21.0 0.0
263.0 22.0 0.0
262.0 22.0 0.0
261.0 20.0 0.0
261.0 21.0 0.0
260.0 21.0 0.0
261.0 22.0 0.0
260.0 22.0 0.0
263.0 23.0 0.0
262.0 23.0 0.0
263.0 24.0 0.0
262.0 24.0 0.0
261.0 23.0 0.0
260.0 23.0 0.0
261.0 24.0 0.0
260.0 24.0 0.0
259.0 20.0 0.0
259.0 21.0 0.0
258.0 21.0 0.0
259.0 22.0 0.0
258.0 22.0 0.0
257.0 20.0 0.0
257.0 21.0 0.0
256.0 21.0 0.0
257.0 22.0 0.0
256.0 22.0 0.0
259.0 23.0 0.0
258.0 23.0 0.0
259.0 24.0 0.0
258.0 24.0 0.0
257.0 23.0 0.0
256.0 23.0 0.0
257.0 24.0 0.0
256.0 24.0 0.0
270.0 26.0 0.0
268.0 26.0 0.0
270.0 28.0 0.0
268.0 28.0 0.0
266.0 26.0 0.0
264.0 26.0 0.0
266.0 28.0 0.0
264.0 28.0 0.0
268.0 32.0 0.0
264.0 32.0 0.0
262.0 26.0 0.0
260.0 26.0 0.0
262.0 28.0 0.0
260.0 28.0 0.0
258.0 26.0 0.0
256.0 26.0 0.0
258.0 28.0 0.0
256.0 28.0 0.0
260.0 32.0 0.0
256.0 32.0 0.0
312.0 40.0 0.0
304.0 40.0 0.0
312.0 48.0 0.0
304.0 48.0 0.0
296.0 40.0 0.0
288.0 40.0 0.0
296.0 48.0 0.0
288.0 48.0 0.0
304.0 64.0 0.0
288.0 64.0 0.0
280.0 40.0 0.0
272.0 40.0 0.0
280.0 48.0 0.0
272.0 48.0 0.0
264.0 40.0 0.0
256.0 40.0 0.0
264.0 48.0 0.0
256.0 48.0 0.0
272.0 64.0 0.0
256.0 64.0 0.0
368.0 80.0 0.0
352.0 80.0 0.0
376.0 80.0 0.0
376.0 88.0 0.0
368.0 88.0 0.0
376.0 96.0 0.0
372.0 88.0 0.0
376.0 92.0 0.0
372.0 92.0 0.0
368.0 92.0 0.0
372.0 96.0 0.0
368.0 96.0 0.0
360.0 80.0 0.0
360.0 88.0 0.0
352.0 88.0 0.0
364.0 88.0 0.0
364.0 92.0 0.0
360.0 92.0 0.0
364.0 96.0 0.0
360.0 96.0 0.0
356.0 88.0 0.0
356.0 92.0 0.0
352.0 92.0 0.0
358.0 92.0 0.0
360.0 94.0 0.0
358.0 94.0 0.0
356.0 94.0 0.0
358.0 96.0 0.0
356.0 96.0 0.0
354.0 92.0 0.0
354.0 94.0 0.0
352.0 94.0 0.0
354.0 96.0 0.0
352.0 96.0 0.0
336.0 80.0 0.0
328.0 64.0 0.0
336.0 72.0 0.0
328.0 72.0 0.0
320.0 72.0 0.0
328.0 80.0 0.0
320.0 80.0 0.0
344.0 80.0 0.0
344.0 88.0 0.0
336.0 88.0 0.0
348.0 88.0 0.0
348.0 92.0 0.0
344.0 92.0 0.0
348.0 96.0 0.0
346.0 92.0 0.0
348.0 94.0 0.0
346.0 94.0 0.0
344.0 94.0 0.0
346.0 96.0 0.0
345.0 94.0 0.0
346.0 95.0 0.0
345.0 95.0 0.0
344.0 95.0 0.0
345.0 96.0 0.0
344.0 96.0 0.0
340.0 88.0 0.0
340.0 92.0 0.0
336.0 92.0 0.0
342.0 92.0 0.0
342.0 94.0 0.0
340.0 94.0 0.0
343.0 94.0 0.0
343.0 95.0 0.0
342.0 95.0 0.0
343.0 96.0 0.0
342.0 96.0 0.0
341.0 94.0 0.0
341.0 95.0 0.0
340.0 95.0 0.0
341.0 96.0 0.0
340.0 96.0 0.0
338.0 92.0 0.0
338.0 94.0 0.0
336.0 94.0 0.0
338.0 96.0 0.0
336.0 96.0 0.0
332.0 80.0 0.0
336.0 84.0 0.0
332.0 84.0 0.0
328.0 84.0 0.0
332.0 88.0 0.0
328.0 88.0 0.0
324.0 80.0 0.0
324.0 84.0 0.0
320.0 84.0 0.0
324.0 88.0 0.0
320.0 88.0 0.0
334.0 88.0 0.0
336.0 90.0 0.0
334.0 90.0 0.0
332.0 90.0 0.0
334.0 92.0 0.0
332.0 92.0 0.0
330.0 88.0 0.0
330.0 90.0 0.0
328.0 90.0 0.0
330.0 92.0 0.0
328.0 92.0 0.0
334.0 94.0 0.0
333.0 92.0 0.0
334.0 93.0 0.0
333.0 93.0 0.0
332.0 93.0 0.0
333.0 94.0 0.0
332.0 94.0 0.0
334.0 96.0 0.0
334.0 95.0 0.0
333.0 95.0 0.0
332.0 95.0 0.0
333.0 96.0 0.0
332.0 96.0 0.0
331.0 92.0 0.0
331.0 93.0 0.0
330.0 93.0 0.0
331.0 94.0 0.0
330.0 94.0 0.0
329.0 92.0 0.0
329.0 93.0 0.0
328.0 93.0 0.0
329.0 94.0 0.0
328.0 94.0 0.0
331.0 95.0 0.0
330.0 95.0 0.0
331.0 96.0 0.0
330.0 96.0 0.0
329.0 95.0 0.0
328.0 95.0 0.0
329.0 96.0 0.0
328.0 96.0 0.0
326.0 88.0 0.0
326.0 90.0 0.0
324.0 90.0 0.0
326.0 92.0 0.0
324.0 92.0 0.0
320.0 92.0 0.0
327.0 92.0 0.0
327.0 93.0 0.0
326.0 93.0 0.0
327.0 94.0 0.0
326.0 94.0 0.0
324.0 94.0 0.0
327.0 95.0 0.0
326.0 95.0 0.0
327.0 96.0 0.0
326.0 96.0 0.0
324.0 96.0 0.0
322.0 92.0 0.0
322.0 94.0 0.0
320.0 94.0 0.0
322.0 96.0 0.0
320.0 96.0 0.0
380.0 96.0 0.0
380.0 100.0 0.0
376.0 100.0 0.0
382.0 100.0 0.0
382.0 102.0 0.0
380.0 102.0 0.0
383.0 102.0 0.0
384.0 103.0 0.0
383.0 103.0 0.0
382.0 103.0 0.0
383.0 104.0 0.0
382.0 104.0 0.0
381.0 102.0 0.0
381.0 103.0 0.0
380.0 103.0 0.0
381.0 104.0 0.0
380.0 104.0 0.0
378.0 100.0 0.0
378.0 102.0 0.0
376.0 102.0 0.0
378.0 104.0 0.0
376.0 104.0 0.0
374.0 96.0 0.0
376.0 98.0 0.0
374.0 98.0 0.0
372.0 98.0 0.0
374.0 100.0 0.0
372.0 100.0 0.0
370.0 96.0 0.0
370.0 98.0 0.0
368.0 98.0 0.0
370.0 100.0 0.0
368.0 100.0 0.0
375.0 100.0 0.0
376.0 101.0 0.0
375.0 101.0 0.0
374.0 101.0 0.0
375.0 102.0 0.0
374.0 102.0 0.0
373.0 100.0 0.0
373.0 101.0 0.0
372.0 101.0 0.0
373.0 102.0 0.0
372.0 102.0 0.0
376.0 103.0 0.0
375.0 103.0 0.0
374.0 103.0 0.0
375.0 104.0 0.0
374.0 104.0 0.0
373.0 103.0 0.0
372.0 103.0 0.0
373.0 104.0 0.0
372.0 104.0 0.0
371.0 100.0 0.0
371.0 101.0 0.0
370.0 101.0 0.0
371.0 102.0 0.0
370.0 102.0 0.0
368.0 102.0 0.0
370.0 104.0 0.0
368.0 104.0 0.0
383.0 105.0 0.0
382.0 105.0 0.0
383.0 106.0 0.0
382.0 106.0 0.0
381.0 105.0 0.0
380.0 105.0 0.0
381.0 106.0 0.0
380.0 106.0 0.0
382.0 108.0 0.0
380.0 108.0 0.0
378.0 106.0 0.0
376.0 106.0 0.0
378.0 108.0 0.0
376.0 108.0 0.0
380.0 112.0 0.0
376.0 112.0 0.0
374.0 106.0 0.0
372.0 106.0 0.0
374.0 108.0 0.0
372.0 108.0 0.0
368.0 108.0 0.0
372.0 112.0 0.0
368.0 112.0 0.0
366.0 96.0 0.0
366.0 98.0 0.0
364.0 98.0 0.0
367.0 98.0 0.0
368.0 99.0 0.0
367.0 99.0 0.0
366.0 99.0 0.0
367.0 100.0 0.0
366.0 100.0 0.0
365.0 98.0 0.0
365.0 99.0 0.0
364.0 99.0 0.0
365.0 100.0 0.0
364.0 100.0 0.0
362.0 96.0 0.0
362.0 98.0 0.0
360.0 98.0 0.0
363.0 98.0 0.0
363.0 99.0 0.0
362.0 99.0 0.0
363.0 100.0 0.0
362.0 100.0 0.0
360.0 100.0 0.0
368.0 101.0 0.0
367.0 101.0 0.0
366.0 101.0 0.0
367.0 102.0 0.0
366.0 102.0 0.0
365.0 101.0 0.0
364.0 101.0 0.0
365.0 102.0 0.0
364.0 102.0 0.0
366.0 104.0 0.0
364.0 104.0 0.0
363.0 101.0 0.0
362.0 101.0 0.0
363.0 102.0 0.0
362.0 102.0 0.0
360.0 102.0 0.0
362.0 104.0 0.0
360.0 104.0 0.0
358.0 98.0 0.0
357.0 96.0 0.0
358.0 97.0 0.0
357.0 97.0 0.0
356.0 97.0 0.0
357.0 98.0 0.0
356.0 98.0 0.0
358.0 100.0 0.0
358.0 99.0 0.0
357.0 99.0 0.0
356.0 99.0 0.0
357.0 100.0 0.0
356.0 100.0 0.0
355.0 96.0 0.0
355.0 97.0 0.0
354.0 97.0 0.0
355.0 98.0 0.0
354.0 98.0 0.0
353.0 96.0 0.0
353.0 97.0 0.0
352.0 97.0 0.0
353.0 98.0 0.0
352.0 98.0 0.0
355.0 99.0 0.0
354.0 99.0 0.0
355.0 100.0 0.0
354.0 100.0 0.0
353.0 99.0 0.0
352.0 99.0 0.0
353.0 100.0 0.0
352.0 100.0 0.0
358.0 102.0 0.0
356.0 102.0 0.0
358.0 104.0 0.0
356.0 104.0 0.0
354.0 102.0 0.0
352.0 102.0 0.0
354.0 104.0 0.0
352.0 104.0 0.0
364.0 108.0 0.0
360.0 108.0 0.0
364.0 112.0 0.0
360.0 112.0 0.0
356.0 108.0 0.0
352.0 108.0 0.0
356.0 112.0 0.0
352.0 112.0 0.0
376.0 120.0 0.0
368.0 120.0 0.0
376.0 128.0 0.0
368.0 128.0 0.0
360.0 120.0 0.0
352.0 120.0 0.0
360.0 128.0 0.0
352.0 128.0 0.0
350.0 96.0 0.0
350.0 98.0 0.0
348.0 98.0 0.0
350.0 100.0 0.0
348.0 100.0 0.0
347.0 96.0 0.0
348.0 97.0 0.0
347.0 97.0 0.0
346.0 97.0 0.0
347.0 98.0 0.0
346.0 98.0 0.0
345.0 97.0 0.0
344.0 97.0 0.0
345.0 98.0 0.0
344.0 98.0 0.0
346.0 100.0 0.0
344.0 100.0 0.0
348.0 104.0 0.0
344.0 104.0 0.0
343.0 97.0 0.0
342.0 97.0 0.0
343.0 98.0 0.0
342.0 98.0 0.0
341.0 97.0 0.0
340.0 97.0 0.0
341.0 98.0 0.0
340.0 98.0 0.0
342.0 100.0 0.0
340.0 100.0 0.0
338.0 98.0 0.0
336.0 98.0 0.0
338.0 100.0 0.0
336.0 100.0 0.0
340.0 104.0 0.0
336.0 104.0 0.0
344.0 112.0 0.0
336.0 112.0 0.0
334.0 98.0 0.0
332.0 98.0 0.0
334.0 100.0 0.0
332.0 100.0 0.0
330.0 98.0 0.0
328.0 98.0 0.0
330.0 100.0 0.0
328.0 100.0 0.0
332.0 104.0 0.0
328.0 104.0 0.0
326.0 98.0 0.0
324.0 98.0 0.0
326.0 100.0 0.0
324.0 100.0 0.0
320.0 100.0 0.0
324.0 104.0 0.0
320.0 104.0 0.0
328.0 112.0 0.0
320.0 112.0 0.0
336.0 128.0 0.0
320.0 128.0 0.0
312.0 64.0 0.0
312.0 72.0 0.0
304.0 72.0 0.0
312.0 80.0 0.0
304.0 80.0 0.0
296.0 64.0 0.0
296.0 72.0 0.0
288.0 72.0 0.0
296.0 80.0 0.0
288.0 80.0 0.0
316.0 80.0 0.0
316.0 84.0 0.0
312.0 84.0 0.0
316.0 88.0 0.0
312.0 88.0 0.0
308.0 80.0 0.0
308.0 84.0 0.0
304.0 84.0 0.0
308.0 88.0 0.0
304.0 88.0 0.0
318.0 88.0 0.0
320.0 90.0 0.0
318.0 90.0 0.0
316.0 90.0 0.0
318.0 92.0 0.0
317.0 90.0 0.0
318.0 91.0 0.0
317.0 91.0 0.0
316.0 91.0 0.0
317.0 92.0 0.0
316.0 92.0 0.0
314.0 88.0 0.0
314.0 90.0 0.0
312.0 90.0 0.0
315.0 90.0 0.0
315.0 91.0 0.0
314.0 91.0 0.0
315.0 92.0 0.0
314.0 92.0 0.0
313.0 90.0 0.0
313.0 91.0 0.0
312.0 91.0 0.0
313.0 92.0 0.0
312.0 92.0 0.0
319.0 92.0 0.0
320.0 93.0 0.0
319.0 93.0 0.0
318.0 93.0 0.0
319.0 94.0 0.0
318.0 94.0 0.0
317.0 93.0 0.0
316.0 93.0 0.0
317.0 94.0 0.0
316.0 94.0 0.0
318.0 96.0 0.0
316.0 96.0 0.0
315.0 93.0 0.0
314.0 93.0 0.0
315.0 94.0 0.0
314.0 94.0 0.0
313.0 93.0 0.0
312.0 93.0 0.0
313.0 94.0 0.0
312.0 94.0 0.0
314.0 96.0 0.0
312.0 96.0 0.0
310.0 88.0 0.0
310.0 90.0 0.0
308.0 90.0 0.0
311.0 90.0 0.0
311.0 91.0 0.0
310.0 91.0 0.0
311.0 92.0 0.0
310.0 92.0 0.0
309.0 90.0 0.0
309.0 91.0 0.0
308.0 91.0 0.0
309.0 92.0 0.0
308.0 92.0 0.0
306.0 88.0 0.0
306.0 90.0 0.0
304.0 90.0 0.0
306.0 92.0 0.0
304.0 92.0 0.0
311.0 93.0 0.0
310.0 93.0 0.0
311.0 94.0 0.0
310.0 94.0 0.0
308.0 94.0 0.0
310.0 96.0 0.0
308.0 96.0 0.0
304.0 96.0 0.0
300.0 80.0 0.0
300.0 84.0 0.0
296.0 84.0 0.0
300.0 88.0 0.0
298.0 84.0 0.0
300.0 86.0 0.0
298.0 86.0 0.0
296.0 86.0 0.0
298.0 88.0 0.0
296.0 88.0 0.0
292.0 80.0 0.0
292.0 84.0 0.0
288.0 84.0 0.0
294.0 84.0 0.0
294.0 86.0 0.0
292.0 86.0 0.0
294.0 88.0 0.0
292.0 88.0 0.0
290.0 84.0 0.0
290.0 86.0 0.0
288.0 86.0 0.0
290.0 88.0 0.0
288.0 88.0 0.0
302.0 88.0 0.0
302.0 90.0 0.0
300.0 90.0 0.0
302.0 92.0 0.0
300.0 92.0 0.0
299.0 88.0 0.0
300.0 89.0 0.0
299.0 89.0 0.0
298.0 89.0 0.0
299.0 90.0 0.0
298.0 90.0 0.0
297.0 88.0 0.0
297.0 89.0 0.0
296.0 89.0 0.0
297.0 90.0 0.0
296.0 90.0 0.0
300.0 91.0 0.0
299.0 91.0 0.0
298.0 91.0 0.0
299.0 92.0 0.0
298.0 92.0 0.0
297.0 91.0 0.0
296.0 91.0 0.0
297.0 92.0 0.0
296.0 92.0 0.0
300.0 96.0 0.0
300.0 94.0 0.0
298.0 94.0 0.0
296.0 94.0 0.0
298.0 96.0 0.0
296.0 96.0 0.0
295.0 88.0 0.0
295.0 89.0 0.0
294.0 89.0 0.0
295.0 90.0 0.0
294.0 90.0 0.0
293.0 88.0 0.0
293.0 89.0 0.0
292.0 89.0 0.0
293.0 90.0 0.0
292.0 90.0 0.0
295.0 91.0 0.0
294.0 91.0 0.0
295.0 92.0 0.0
294.0 92.0 0.0
293.0 91.0 0.0
292.0 91.0 0.0
293.0 92.0 0.0
292.0 92.0 0.0
291.0 88.0 0.0
291.0 89.0 0.0
290.0 89.0 0.0
291.0 90.0 0.0
290.0 90.0 0.0
289.0 88.0 0.0
289.0 89.0 0.0
288.0 89.0 0.0
289.0 90.0 0.0
288.0 90.0 0.0
291.0 91.0 0.0
290.0 91.0 0.0
291.0 92.0 0.0
290.0 92.0 0.0
289.0 91.0 0.0
288.0 91.0 0.0
289.0 92.0 0.0
288.0 92.0 0.0
294.0 94.0 0.0
292.0 94.0 0.0
294.0 96.0 0.0
292.0 96.0 0.0
290.0 94.0 0.0
288.0 94.0 0.0
290.0 96.0 0.0
288.0 96.0 0.0
280.0 64.0 0.0
280.0 72.0 0.0
272.0 72.0 0.0
280.0 80.0 0.0
272.0 80.0 0.0
264.0 64.0 0.0
264.0 72.0 0.0
256.0 72.0 0.0
264.0 80.0 0.0
256.0 80.0 0.0
284.0 80.0 0.0
284.0 84.0 0.0
280.0 84.0 0.0
286.0 84.0 0.0
286.0 86.0 0.0
284.0 86.0 0.0
286.0 88.0 0.0
284.0 88.0 0.0
280.0 88.0 0.0
276.0 80.0 0.0
276.0 84.0 0.0
272.0 84.0 0.0
276.0 88.0 0.0
272.0 88.0 0.0
287.0 88.0 0.0
287.0 89.0 0.0
286.0 89.0 0.0
287.0 90.0 0.0
286.0 90.0 0.0
285.0 88.0 0.0
285.0 89.0 0.0
284.0 89.0 0.0
285.0 90.0 0.0
284.0 90.0 0.0
287.0 91.0 0.0
286.0 91.0 0.0
287.0 92.0 0.0
286.0 92.0 0.0
284.0 92.0 0.0
282.0 88.0 0.0
282.0 90.0 0.0
280.0 90.0 0.0
282.0 92.0 0.0
280.0 92.0 0.0
286.0 94.0 0.0
284.0 94.0 0.0
286.0 96.0 0.0
284.0 96.0 0.0
280.0 96.0 0.0
278.0 88.0 0.0
278.0 90.0 0.0
276.0 90.0 0.0
278.0 92.0 0.0
276.0 92.0 0.0
274.0 88.0 0.0
274.0 90.0 0.0
272.0 90.0 0.0
274.0 92.0 0.0
272.0 92.0 0.0
276.0 96.0 0.0
272.0 96.0 0.0
268.0 80.0 0.0
268.0 84.0 0.0
264.0 84.0 0.0
268.0 88.0 0.0
264.0 88.0 0.0
260.0 80.0 0.0
260.0 84.0 0.0
256.0 84.0 0.0
262.0 84.0 0.0
264.0 86.0 0.0
262.0 86.0 0.0
260.0 86.0 0.0
262.0 88.0 0.0
260.0 88.0 0.0
258.0 84.0 0.0
258.0 86.0 0.0
256.0 86.0 0.0
258.0 88.0 0.0
256.0 88.0 0.0
270.0 88.0 0.0
270.0 90.0 0.0
268.0 90.0 0.0
270.0 92.0 0.0
268.0 92.0 0.0
266.0 88.0 0.0
266.0 90.0 0.0
264.0 90.0 0.0
266.0 92.0 0.0
264.0 92.0 0.0
268.0 96.0 0.0
264.0 96.0 0.0
263.0 88.0 0.0
264.0 89.0 0.0
263.0 89.0 0.0
262.0 89.0 0.0
263.0 90.0 0.0
262.0 90.0 0.0
261.0 88.0 0.0
261.0 89.0 0.0
260.0 89.0 0.0
261.0 90.0 0.0
260.0 90.0 0.0
262.0 92.0 0.0
260.0 92.0 0.0
259.0 88.0 0.0
259.0 89.0 0.0
258.0 89.0 0.0
259.0 90.0 0.0
258.0 90.0 0.0
257.0 88.0 0.0
257.0 89.0 0.0
256.0 89.0 0.0
257.0 90.0 0.0
256.0 90.0 0.0
258.0 92.0 0.0
256.0 92.0 0.0
260.0 96.0 0.0
256.0 96.0 0.0
316.0 100.0 0.0
312.0 100.0 0.0
316.0 104.0 0.0
312.0 104.0 0.0
308.0 100.0 0.0
304.0 100.0 0.0
308.0 104.0 0.0
304.0 104.0 0.0
312.0 112.0 0.0
304.0 112.0 0.0
300.0 100.0 0.0
296.0 100.0 0.0
300.0 104.0 0.0
296.0 104.0 0.0
292.0 100.0 0.0
288.0 100.0 0.0
292.0 104.0 0.0
288.0 104.0 0.0
296.0 112.0 0.0
288.0 112.0 0.0
304.0 128.0 0.0
288.0 128.0 0.0
284.0 100.0 0.0
280.0 100.0 0.0
284.0 104.0 0.0
280.0 104.0 0.0
272.0 104.0 0.0
280.0 112.0 0.0
272.0 112.0 0.0
264.0 104.0 0.0
256.0 104.0 0.0
264.0 112.0 0.0
256.0 112.0 0.0
272.0 128.0 0.0
256.0 128.0 0.0
504.0 128.0 0.0
512.0 136.0 0.0
504.0 136.0 0.0
496.0 136.0 0.0
512.0 144.0 0.0
504.0 144.0 0.0
496.0 144.0 0.0
492.0 128.0 0.0
496.0 132.0 0.0
492.0 132.0 0.0
488.0 132.0 0.0
492.0 136.0 0.0
490.0 132.0 0.0
492.0 134.0 0.0
490.0 134.0 0.0
488.0 134.0 0.0
490.0 136.0 0.0
488.0 136.0 0.0
486.0 128.0 0.0
488.0 130.0 0.0
486.0 130.0 0.0
484.0 130.0 0.0
486.0 132.0 0.0
484.0 132.0 0.0
482.0 130.0 0.0
481.0 128.0 0.0
482.0 129.0 0.0
481.0 129.0 0.0
480.0 129.0 0.0
481.0 130.0 0.0
480.0 130.0 0.0
483.0 130.0 0.0
484.0 131.0 0.0
483.0 131.0 0.0
482.0 131.0 0.0
483.0 132.0 0.0
482.0 132.0 0.0
481.0 131.0 0.0
480.0 131.0 0.0
481.0 132.0 0.0
480.0 132.0 0.0
486.0 134.0 0.0
485.0 132.0 0.0
486.0 133.0 0.0
485.0 133.0 0.0
484.0 133.0 0.0
485.0 134.0 0.0
484.0 134.0 0.0
487.0 134.0 0.0
488.0 135.0 0.0
487.0 135.0 0.0
486.0 135.0 0.0
487.0 136.0 0.0
486.0 136.0 0.0
484.0 136.0 0.0
482.0 134.0 0.0
480.0 134.0 0.0
483.0 134.0 0.0
484.0 135.0 0.0
483.0 135.0 0.0
482.0 135.0 0.0
483.0 136.0 0.0
482.0 136.0 0.0
480.0 136.0 0.0
496.0 140.0 0.0
492.0 140.0 0.0
492.0 138.0 0.0
490.0 138.0 0.0
489.0 136.0 0.0
490.0 137.0 0.0
489.0 137.0 0.0
488.0 137.0 0.0
489.0 138.0 0.0
488.0 138.0 0.0
490.0 140.0 0.0
490.0 139.0 0.0
489.0 139.0 0.0
488.0 139.0 0.0
489.0 140.0 0.0
488.0 140.0 0.0
492.0 144.0 0.0
492.0 142.0 0.0
490.0 142.0 0.0
488.0 142.0 0.0
490.0 144.0 0.0
488.0 144.0 0.0
486.0 138.0 0.0
484.0 138.0 0.0
486.0 140.0 0.0
484.0 140.0 0.0
482.0 138.0 0.0
480.0 138.0 0.0
483.0 138.0 0.0
484.0 139.0 0.0
483.0 139.0 0.0
482.0 139.0 0.0
483.0 140.0 0.0
482.0 140.0 0.0
481.0 138.0 0.0
481.0 139.0 0.0
480.0 139.0 0.0
481.0 140.0 0.0
480.0 140.0 0.0
487.0 140.0 0.0
488.0 141.0 0.0
487.0 141.0 0.0
486.0 141.0 0.0
487.0 142.0 0.0
486.0 142.0 0.0
485.0 140.0 0.0
485.0 141.0 0.0
484.0 141.0 0.0
485.0 142.0 0.0
484.0 142.0 0.0
486.0 144.0 0.0
484.0 144.0 0.0
482.0 142.0 0.0
480.0 142.0 0.0
482.0 144.0 0.0
480.0 144.0 0.0
512.0 152.0 0.0
504.0 152.0 0.0
496.0 152.0 0.0
512.0 160.0 0.0
504.0 160.0 0.0
496.0 160.0 0.0
496.0 148.0 0.0
492.0 148.0 0.0
488.0 148.0 0.0
492.0 152.0 0.0
488.0 152.0 0.0
484.0 148.0 0.0
480.0 148.0 0.0
484.0 152.0 0.0
480.0 152.0 0.0
488.0 160.0 0.0
480.0 160.0 0.0
479.0 128.0 0.0
479.0 129.0 0.0
478.0 129.0 0.0
479.0 130.0 0.0
478.0 130.0 0.0
476.0 130.0 0.0
478.0 132.0 0.0
476.0 132.0 0.0
474.0 130.0 0.0
472.0 130.0 0.0
474.0 132.0 0.0
472.0 132.0 0.0
478.0 134.0 0.0
476.0 134.0 0.0
479.0 134.0 0.0
480.0 135.0 0.0
479.0 135.0 0.0
478.0 135.0 0.0
479.0 136.0 0.0
478.0 136.0 0.0
477.0 134.0 0.0
477.0 135.0 0.0
476.0 135.0 0.0
477.0 136.0 0.0
476.0 136.0 0.0
475.0 132.0 0.0
476.0 133.0 0.0
475.0 133.0 0.0
474.0 133.0 0.0
475.0 134.0 0.0
474.0 134.0 0.0
473.0 132.0 0.0
473.0 133.0 0.0
472.0 133.0 0.0
473.0 134.0 0.0
472.0 134.0 0.0
474.0 136.0 0.0
474.0 135.0 0.0
473.0 135.0 0.0
472.0 135.0 0.0
473.0 136.0 0.0
472.0 136.0 0.0
470.0 128.0 0.0
470.0 130.0 0.0
468.0 130.0 0.0
470.0 132.0 0.0
469.0 130.0 0.0
470.0 131.0 0.0
469.0 131.0 0.0
468.0 131.0 0.0
469.0 132.0 0.0
468.0 132.0 0.0
466.0 130.0 0.0
465.0 128.0 0.0
466.0 129.0 0.0
465.0 129.0 0.0
464.0 129.0 0.0
465.0 130.0 0.0
464.0 130.0 0.0
466.0 132.0 0.0
466.0 131.0 0.0
465.0 131.0 0.0
464.0 131.0 0.0
465.0 132.0 0.0
464.0 132.0 0.0
470.0 134.0 0.0
470.0 133.0 0.0
469.0 133.0 0.0
468.0 133.0 0.0
469.0 134.0 0.0
468.0 134.0 0.0
470.0 136.0 0.0
468.0 136.0 0.0
467.0 132.0 0.0
467.0 133.0 0.0
466.0 133.0 0.0
467.0 134.0 0.0
466.0 134.0 0.0
464.0 134.0 0.0
466.0 136.0 0.0
464.0 136.0 0.0
478.0 138.0 0.0
478.0 137.0 0.0
477.0 137.0 0.0
476.0 137.0 0.0
477.0 138.0 0.0
476.0 138.0 0.0
478.0 140.0 0.0
476.0 140.0 0.0
474.0 138.0 0.0
472.0 138.0 0.0
474.0 140.0 0.0
472.0 140.0 0.0
476.0 144.0 0.0
472.0 144.0 0.0
468.0 140.0 0.0
464.0 140.0 0.0
468.0 144.0 0.0
464.0 144.0 0.0
463.0 128.0 0.0
463.0 129.0 0.0
462.0 129.0 0.0
463.0 130.0 0.0
462.0 130.0 0.0
460.0 130.0 0.0
463.0 131.0 0.0
462.0 131.0 0.0
463.0 132.0 0.0
462.0 132.0 0.0
460.0 132.0 0.0
460.0 129.0 0.0
459.0 129.0 0.0
458.0 129.0 0.0
459.0 130.0 0.0
458.0 130.0 0.0
457.0 128.0 0.0
457.0 129.0 0.0
456.0 129.0 0.0
457.0 130.0 0.0
456.0 130.0 0.0
458.0 132.0 0.0
456.0 132.0 0.0
462.0 134.0 0.0
460.0 134.0 0.0
462.0 136.0 0.0
460.0 136.0 0.0
456.0 136.0 0.0
454.0 130.0 0.0
452.0 130.0 0.0
454.0 132.0 0.0
452.0 132.0 0.0
448.0 132.0 0.0
452.0 136.0 0.0
448.0 136.0 0.0
460.0 140.0 0.0
456.0 140.0 0.0
460.0 144.0 0.0
456.0 144.0 0.0
448.0 144.0 0.0
472.0 152.0 0.0
464.0 152.0 0.0
472.0 160.0 0.0
464.0 160.0 0.0
456.0 152.0 0.0
448.0 152.0 0.0
456.0 160.0 0.0
448.0 160.0 0.0
512.0 176.0 0.0
496.0 176.0 0.0
480.0 176.0 0.0
512.0 192.0 0.0
496.0 192.0 0.0
480.0 192.0 0.0
464.0 176.0 0.0
448.0 176.0 0.0
464.0 192.0 0.0
448.0 192.0 0.0
444.0 132.0 0.0
440.0 132.0 0.0
444.0 136.0 0.0
440.0 136.0 0.0
432.0 136.0 0.0
440.0 144.0 0.0
432.0 144.0 0.0
424.0 136.0 0.0
416.0 136.0 0.0
424.0 144.0 0.0
416.0 144.0 0.0
432.0 160.0 0.0
416.0 160.0 0.0
400.0 144.0 0.0
384.0 144.0 0.0
400.0 160.0 0.0
384.0 160.0 0.0
416.0 192.0 0.0
416.0 176.0 0.0
400.0 176.0 0.0
384.0 176.0 0.0
400.0 192.0 0.0
392.0 176.0 0.0
400.0 184.0 0.0
392.0 184.0 0.0
384.0 184.0 0.0
392.0 192.0 0.0
388.0 184.0 0.0
392.0 188.0 0.0
388.0 188.0 0.0
384.0 188.0 0.0
388.0 192.0 0.0
386.0 188.0 0.0
388.0 190.0 0.0
386.0 190.0 0.0
384.0 190.0 0.0
386.0 192.0 0.0
384.0 192.0 0.0
512.0 224.0 0.0
480.0 224.0 0.0
448.0 224.0 0.0
512.0 256.0 0.0
480.0 256.0 0.0
448.0 256.0 0.0
432.0 192.0 0.0
448.0 208.0 0.0
432.0 208.0 0.0
416.0 208.0 0.0
432.0 224.0 0.0
416.0 224.0 0.0
408.0 192.0 0.0
416.0 200.0 0.0
408.0 200.0 0.0
400.0 200.0 0.0
408.0 208.0 0.0
404.0 200.0 0.0
408.0 204.0 0.0
404.0 204.0 0.0
400.0 204.0 0.0
404.0 208.0 0.0
400.0 208.0 0.0
396.0 192.0 0.0
400.0 196.0 0.0
396.0 196.0 0.0
392.0 196.0 0.0
396.0 200.0 0.0
392.0 200.0 0.0
388.0 196.0 0.0
384.0 196.0 0.0
388.0 200.0 0.0
384.0 200.0 0.0
396.0 204.0 0.0
394.0 200.0 0.0
396.0 202.0 0.0
394.0 202.0 0.0
392.0 202.0 0.0
394.0 204.0 0.0
392.0 204.0 0.0
398.0 204.0 0.0
400.0 206.0 0.0
398.0 206.0 0.0
396.0 206.0 0.0
398.0 208.0 0.0
396.0 208.0 0.0
394.0 206.0 0.0
393.0 204.0 0.0
394.0 205.0 0.0
393.0 205.0 0.0
392.0 205.0 0.0
393.0 206.0 0.0
392.0 206.0 0.0
395.0 206.0 0.0
396.0 207.0 0.0
395.0 207.0 0.0
394.0 207.0 0.0
395.0 208.0 0.0
394.0 208.0 0.0
392.0 208.0 0.0
388.0 204.0 0.0
384.0 204.0 0.0
390.0 204.0 0.0
390.0 206.0 0.0
388.0 206.0 0.0
390.0 208.0 0.0
388.0 208.0 0.0
384.0 208.0 0.0
416.0 216.0 0.0
408.0 216.0 0.0
408.0 212.0 0.0
404.0 212.0 0.0
402.0 208.0 0.0
404.0 210.0 0.0
402.0 210.0 0.0
400.0 210.0 0.0
402.0 212.0 0.0
400.0 212.0 0.0
404.0 216.0 0.0
404.0 214.0 0.0
402.0 214.0 0.0
400.0 214.0 0.0
402.0 216.0 0.0
401.0 214.0 0.0
402.0 215.0 0.0
401.0 215.0 0.0
400.0 215.0 0.0
401.0 216.0 0.0
400.0 216.0 0.0
408.0 224.0 0.0
408.0 220.0 0.0
404.0 220.0 0.0
404.0 218.0 0.0
402.0 218.0 0.0
402.0 217.0 0.0
401.0 217.0 0.0
400.0 217.0 0.0
401.0 218.0 0.0
400.0 218.0 0.0
402.0 220.0 0.0
400.0 220.0 0.0
404.0 224.0 0.0
404.0 222.0 0.0
402.0 222.0 0.0
401.0 220.0 0.0
402.0 221.0 0.0
401.0 221.0 0.0
400.0 221.0 0.0
401.0 222.0 0.0
400.0 222.0 0.0
402.0 224.0 0.0
400.0 224.0 0.0
398.0 210.0 0.0
396.0 210.0 0.0
399.0 210.0 0.0
400.0 211.0 0.0
399.0 211.0 0.0
398.0 211.0 0.0
399.0 212.0 0.0
398.0 212.0 0.0
396.0 212.0 0.0
394.0 210.0 0.0
392.0 210.0 0.0
394.0 212.0 0.0
392.0 212.0 0.0
398.0 214.0 0.0
396.0 214.0 0.0
398.0 216.0 0.0
396.0 216.0 0.0
394.0 214.0 0.0
392.0 214.0 0.0
395.0 214.0 0.0
396.0 215.0 0.0
395.0 215.0 0.0
394.0 215.0 0.0
395.0 216.0 0.0
394.0 216.0 0.0
392.0 216.0 0.0
391.0 208.0 0.0
392.0 209.0 0.0
391.0 209.0 0.0
390.0 209.0 0.0
391.0 210.0 0.0
390.0 210.0 0.0
388.0 210.0 0.0
390.0 212.0 0.0
388.0 212.0 0.0
384.0 212.0 0.0
388.0 216.0 0.0
384.0 216.0 0.0
398.0 218.0 0.0
396.0 218.0 0.0
398.0 220.0 0.0
397.0 218.0 0.0
398.0 219.0 0.0
397.0 219.0 0.0
396.0 219.0 0.0
397.0 220.0 0.0
396.0 220.0 0.0
394.0 218.0 0.0
392.0 218.0 0.0
394.0 220.0 0.0
392.0 220.0 0.0
398.0 222.0 0.0
396.0 222.0 0.0
398.0 224.0 0.0
396.0 224.0 0.0
392.0 224.0 0.0
388.0 220.0 0.0
384.0 220.0 0.0
388.0 224.0 0.0
384.0 224.0 0.0
448.0 240.0 0.0
432.0 240.0 0.0
424.0 224.0 0.0
432.0 232.0 0.0
424.0 232.0 0.0
416.0 232.0 0.0
424.0 240.0 0.0
420.0 232.0 0.0
424.0 236.0 0.0
420.0 236.0 0.0
416.0 236.0 0.0
420.0 240.0 0.0
416.0 240.0 0.0
432.0 256.0 0.0
432.0 248.0 0.0
424.0 248.0 0.0
416.0 248.0 0.0
424.0 256.0 0.0
416.0 256.0 0.0
408.0 232.0 0.0
408.0 228.0 0.0
404.0 228.0 0.0
400.0 228.0 0.0
404.0 232.0 0.0
400.0 232.0 0.0
408.0 240.0 0.0
400.0 240.0 0.0
396.0 228.0 0.0
392.0 228.0 0.0
396.0 232.0 0.0
392.0 232.0 0.0
384.0 232.0 0.0
392.0 240.0 0.0
384.0 240.0 0.0
408.0 248.0 0.0
400.0 248.0 0.0
408.0 256.0 0.0
400.0 256.0 0.0
384.0 256.0 0.0
368.0 144.0 0.0
352.0 144.0 0.0
368.0 160.0 0.0
352.0 160.0 0.0
336.0 144.0 0.0
320.0 144.0 0.0
336.0 160.0 0.0
320.0 160.0 0.0
368.0 176.0 0.0
360.0 160.0 0.0
368.0 168.0 0.0
360.0 168.0 0.0
352.0 168.0 0.0
360.0 176.0 0.0
356.0 168.0 0.0
360.0 172.0 0.0
356.0 172.0 0.0
352.0 172.0 0.0
356.0 176.0 0.0
352.0 176.0 0.0
376.0 176.0 0.0
376.0 184.0 0.0
368.0 184.0 0.0
380.0 184.0 0.0
380.0 188.0 0.0
376.0 188.0 0.0
380.0 192.0 0.0
376.0 192.0 0.0
368.0 192.0 0.0
360.0 184.0 0.0
360.0 180.0 0.0
356.0 180.0 0.0
352.0 180.0 0.0
356.0 184.0 0.0
354.0 180.0 0.0
356.0 182.0 0.0
354.0 182.0 0.0
352.0 182.0 0.0
354.0 184.0 0.0
352.0 184.0 0.0
364.0 184.0 0.0
368.0 188.0 0.0
364.0 188.0 0.0
360.0 188.0 0.0
364.0 192.0 0.0
360.0 192.0 0.0
358.0 184.0 0.0
360.0 186.0 0.0
358.0 186.0 0.0
356.0 186.0 0.0
358.0 188.0 0.0
357.0 186.0 0.0
358.0 187.0 0.0
357.0 187.0 0.0
356.0 187.0 0.0
357.0 188.0 0.0
356.0 188.0 0.0
354.0 186.0 0.0
353.0 184.0 0.0
354.0 185.0 0.0
353.0 185.0 0.0
352.0 185.0 0.0
353.0 186.0 0.0
352.0 186.0 0.0
354.0 188.0 0.0
352.0 188.0 0.0
360.0 190.0 0.0
358.0 190.0 0.0
356.0 190.0 0.0
358.0 192.0 0.0
356.0 192.0 0.0
354.0 190.0 0.0
352.0 190.0 0.0
354.0 192.0 0.0
352.0 192.0 0.0
344.0 160.0 0.0
344.0 168.0 0.0
336.0 168.0 0.0
344.0 176.0 0.0
336.0 176.0 0.0
320.0 176.0 0.0
348.0 176.0 0.0
348.0 180.0 0.0
344.0 180.0 0.0
350.0 180.0 0.0
350.0 182.0 0.0
348.0 182.0 0.0
350.0 184.0 0.0
348.0 184.0 0.0
346.0 180.0 0.0
346.0 182.0 0.0
344.0 182.0 0.0
346.0 184.0 0.0
344.0 184.0 0.0
340.0 176.0 0.0
340.0 180.0 0.0
336.0 180.0 0.0
340.0 184.0 0.0
336.0 184.0 0.0
351.0 184.0 0.0
351.0 185.0 0.0
350.0 185.0 0.0
351.0 186.0 0.0
350.0 186.0 0.0
349.0 184.0 0.0
349.0 185.0 0.0
348.0 185.0 0.0
349.0 186.0 0.0
348.0 186.0 0.0
350.0 188.0 0.0
348.0 188.0 0.0
347.0 184.0 0.0
347.0 185.0 0.0
346.0 185.0 0.0
347.0 186.0 0.0
346.0 186.0 0.0
344.0 186.0 0.0
346.0 188.0 0.0
344.0 188.0 0.0
350.0 190.0 0.0
348.0 190.0 0.0
351.0 190.0 0.0
352.0 191.0 0.0
351.0 191.0 0.0
350.0 191.0 0.0
351.0 192.0 0.0
350.0 192.0 0.0
349.0 190.0 0.0
349.0 191.0 0.0
348.0 191.0 0.0
349.0 192.0 0.0
348.0 192.0 0.0
346.0 190.0 0.0
344.0 190.0 0.0
347.0 190.0 0.0
347.0 191.0 0.0
346.0 191.0 0.0
347.0 192.0 0.0
346.0 192.0 0.0
344.0 192.0 0.0
342.0 184.0 0.0
342.0 186.0 0.0
340.0 186.0 0.0
343.0 186.0 0.0
344.0 187.0 0.0
343.0 187.0 0.0
342.0 187.0 0.0
343.0 188.0 0.0
342.0 188.0 0.0
340.0 188.0 0.0
336.0 188.0 0.0
342.0 190.0 0.0
340.0 190.0 0.0
342.0 192.0 0.0
340.0 192.0 0.0
336.0 192.0 0.0
328.0 176.0 0.0
328.0 184.0 0.0
320.0 184.0 0.0
328.0 192.0 0.0
320.0 192.0 0.0
304.0 144.0 0.0
288.0 144.0 0.0
312.0 144.0 0.0
320.0 152.0 0.0
312.0 152.0 0.0
304.0 152.0 0.0
312.0 160.0 0.0
304.0 160.0 0.0
296.0 144.0 0.0
296.0 152.0 0.0
288.0 152.0 0.0
296.0 160.0 0.0
288.0 160.0 0.0
272.0 144.0 0.0
256.0 144.0 0.0
280.0 144.0 0.0
280.0 152.0 0.0
272.0 152.0 0.0
280.0 160.0 0.0
276.0 152.0 0.0
280.0 156.0 0.0
276.0 156.0 0.0
272.0 156.0 0.0
276.0 160.0 0.0
272.0 160.0 0.0
264.0 144.0 0.0
264.0 152.0 0.0
256.0 152.0 0.0
268.0 152.0 0.0
268.0 156.0 0.0
264.0 156.0 0.0
268.0 160.0 0.0
264.0 160.0 0.0
256.0 160.0 0.0
304.0 176.0 0.0
288.0 176.0 0.0
304.0 192.0 0.0
296.0 176.0 0.0
304.0 184.0 0.0
296.0 184.0 0.0
288.0 184.0 0.0
296.0 192.0 0.0
292.0 184.0 0.0
296.0 188.0 0.0
292.0 188.0 0.0
288.0 188.0 0.0
292.0 192.0 0.0
288.0 192.0 0.0
288.0 168.0 0.0
280.0 168.0 0.0
272.0 168.0 0.0
280.0 176.0 0.0
272.0 176.0 0.0
264.0 168.0 0.0
260.0 160.0 0.0
264.0 164.0 0.0
260.0 164.0 0.0
256.0 164.0 0.0
260.0 168.0 0.0
258.0 164.0 0.0
260.0 166.0 0.0
258.0 166.0 0.0
256.0 166.0 0.0
258.0 168.0 0.0
256.0 168.0 0.0
268.0 168.0 0.0
272.0 172.0 0.0
268.0 172.0 0.0
264.0 172.0 0.0
268.0 176.0 0.0
264.0 176.0 0.0
262.0 168.0 0.0
264.0 170.0 0.0
262.0 170.0 0.0
260.0 170.0 0.0
262.0 172.0 0.0
260.0 172.0 0.0
256.0 172.0 0.0
264.0 174.0 0.0
262.0 174.0 0.0
260.0 174.0 0.0
262.0 176.0 0.0
260.0 176.0 0.0
258.0 172.0 0.0
258.0 174.0 0.0
256.0 174.0 0.0
259.0 174.0 0.0
260.0 175.0 0.0
259.0 175.0 0.0
258.0 175.0 0.0
259.0 176.0 0.0
258.0 176.0 0.0
256.0 176.0 0.0
280.0 184.0 0.0
272.0 184.0 0.0
284.0 184.0 0.0
284.0 188.0 0.0
280.0 188.0 0.0
286.0 188.0 0.0
288.0 190.0 0.0
286.0 190.0 0.0
284.0 190.0 0.0
286.0 192.0 0.0
284.0 192.0 0.0
280.0 192.0 0.0
276.0 184.0 0.0
276.0 188.0 0.0
272.0 188.0 0.0
278.0 188.0 0.0
280.0 190.0 0.0
278.0 190.0 0.0
276.0 190.0 0.0
278.0 192.0 0.0
276.0 192.0 0.0
274.0 188.0 0.0
274.0 190.0 0.0
272.0 190.0 0.0
274.0 192.0 0.0
272.0 192.0 0.0
264.0 184.0 0.0
264.0 180.0 0.0
260.0 180.0 0.0
260.0 178.0 0.0
258.0 178.0 0.0
256.0 178.0 0.0
258.0 180.0 0.0
256.0 180.0 0.0
260.0 184.0 0.0
256.0 184.0 0.0
268.0 184.0 0.0
268.0 188.0 0.0
264.0 188.0 0.0
270.0 188.0 0.0
270.0 190.0 0.0
268.0 190.0 0.0
270.0 192.0 0.0
268.0 192.0 0.0
264.0 192.0 0.0
260.0 188.0 0.0
256.0 188.0 0.0
260.0 192.0 0.0
256.0 192.0 0.0
376.0 200.0 0.0
368.0 200.0 0.0
376.0 208.0 0.0
368.0 208.0 0.0
360.0 200.0 0.0
360.0 196.0 0.0
356.0 196.0 0.0
352.0 196.0 0.0
356.0 200.0 0.0
352.0 200.0 0.0
360.0 208.0 0.0
352.0 208.0 0.0
376.0 216.0 0.0
368.0 216.0 0.0
376.0 224.0 0.0
368.0 224.0 0.0
352.0 224.0 0.0
352.0 194.0 0.0
350.0 194.0 0.0
348.0 194.0 0.0
350.0 196.0 0.0
348.0 196.0 0.0
346.0 194.0 0.0
344.0 194.0 0.0
346.0 196.0 0.0
344.0 196.0 0.0
348.0 200.0 0.0
344.0 200.0 0.0
340.0 196.0 0.0
336.0 196.0 0.0
340.0 200.0 0.0
336.0 200.0 0.0
344.0 208.0 0.0
336.0 208.0 0.0
328.0 200.0 0.0
324.0 192.0 0.0
328.0 196.0 0.0
324.0 196.0 0.0
320.0 196.0 0.0
324.0 200.0 0.0
320.0 200.0 0.0
328.0 208.0 0.0
328.0 204.0 0.0
324.0 204.0 0.0
322.0 200.0 0.0
324.0 202.0 0.0
322.0 202.0 0.0
320.0 202.0 0.0
322.0 204.0 0.0
320.0 204.0 0.0
324.0 208.0 0.0
320.0 208.0 0.0
336.0 224.0 0.0
336.0 216.0 0.0
328.0 216.0 0.0
320.0 216.0 0.0
328.0 224.0 0.0
320.0 224.0 0.0
368.0 240.0 0.0
352.0 240.0 0.0
368.0 256.0 0.0
352.0 256.0 0.0
336.0 240.0 0.0
320.0 240.0 0.0
336.0 256.0 0.0
320.0 256.0 0.0
312.0 192.0 0.0
312.0 200.0 0.0
304.0 200.0 0.0
316.0 200.0 0.0
316.0 204.0 0.0
312.0 204.0 0.0
316.0 208.0 0.0
312.0 208.0 0.0
304.0 208.0 0.0
296.0 200.0 0.0
296.0 196.0 0.0
292.0 196.0 0.0
288.0 196.0 0.0
292.0 200.0 0.0
288.0 200.0 0.0
296.0 208.0 0.0
288.0 208.0 0.0
312.0 216.0 0.0
304.0 216.0 0.0
312.0 224.0 0.0
304.0 224.0 0.0
296.0 216.0 0.0
288.0 216.0 0.0
296.0 224.0 0.0
292.0 216.0 0.0
296.0 220.0 0.0
292.0 220.0 0.0
288.0 220.0 0.0
292.0 224.0 0.0
288.0 224.0 0.0
288.0 194.0 0.0
286.0 194.0 0.0
284.0 194.0 0.0
286.0 196.0 0.0
284.0 196.0 0.0
280.0 196.0 0.0
284.0 200.0 0.0
282.0 196.0 0.0
284.0 198.0 0.0
282.0 198.0 0.0
280.0 198.0 0.0
282.0 200.0 0.0
280.0 200.0 0.0
276.0 196.0 0.0
272.0 196.0 0.0
276.0 200.0 0.0
272.0 200.0 0.0
288.0 204.0 0.0
284.0 204.0 0.0
284.0 202.0 0.0
282.0 202.0 0.0
280.0 202.0 0.0
282.0 204.0 0.0
280.0 204.0 0.0
284.0 208.0 0.0
284.0 206.0 0.0
282.0 206.0 0.0
280.0 206.0 0.0
282.0 208.0 0.0
280.0 208.0 0.0
278.0 200.0 0.0
278.0 202.0 0.0
276.0 202.0 0.0
279.0 202.0 0.0
280.0 203.0 0.0
279.0 203.0 0.0
278.0 203.0 0.0
279.0 204.0 0.0
278.0 204.0 0.0
276.0 204.0 0.0
272.0 204.0 0.0
280.0 205.0 0.0
279.0 205.0 0.0
278.0 205.0 0.0
279.0 206.0 0.0
278.0 206.0 0.0
276.0 206.0 0.0
278.0 208.0 0.0
276.0 208.0 0.0
274.0 204.0 0.0
274.0 206.0 0.0
272.0 206.0 0.0
274.0 208.0 0.0
272.0 208.0 0.0
268.0 196.0 0.0
264.0 196.0 0.0
268.0 200.0 0.0
266.0 196.0 0.0
268.0 198.0 0.0
266.0 198.0 0.0
264.0 198.0 0.0
266.0 200.0 0.0
264.0 200.0 0.0
262.0 192.0 0.0
264.0 194.0 0.0
262.0 194.0 0.0
260.0 194.0 0.0
262.0 196.0 0.0
261.0 194.0 0.0
262.0 195.0 0.0
261.0 195.0 0.0
260.0 195.0 0.0
261.0 196.0 0.0
260.0 196.0 0.0
258.0 192.0 0.0
258.0 194.0 0.0
256.0 194.0 0.0
258.0 196.0 0.0
256.0 196.0 0.0
262.0 198.0 0.0
262.0 197.0 0.0
261.0 197.0 0.0
260.0 197.0 0.0
261.0 198.0 0.0
260.0 198.0 0.0
263.0 198.0 0.0
264.0 199.0 0.0
263.0 199.0 0.0
262.0 199.0 0.0
263.0 200.0 0.0
262.0 200.0 0.0
260.0 200.0 0.0
258.0 198.0 0.0
256.0 198.0 0.0
258.0 200.0 0.0
256.0 200.0 0.0
268.0 204.0 0.0
264.0 204.0 0.0
270.0 204.0 0.0
270.0 206.0 0.0
268.0 206.0 0.0
271.0 206.0 0.0
272.0 207.0 0.0
271.0 207.0 0.0
270.0 207.0 0.0
271.0 208.0 0.0
270.0 208.0 0.0
268.0 208.0 0.0
264.0 208.0 0.0
264.0 202.0 0.0
262.0 202.0 0.0
260.0 202.0 0.0
262.0 204.0 0.0
260.0 204.0 0.0
256.0 204.0 0.0
260.0 208.0 0.0
256.0 208.0 0.0
288.0 212.0 0.0
284.0 212.0 0.0
280.0 212.0 0.0
284.0 216.0 0.0
280.0 216.0 0.0
280.0 210.0 0.0
278.0 210.0 0.0
277.0 208.0 0.0
278.0 209.0 0.0
277.0 209.0 0.0
276.0 209.0 0.0
277.0 210.0 0.0
276.0 210.0 0.0
278.0 212.0 0.0
276.0 212.0 0.0
274.0 210.0 0.0
272.0 210.0 0.0
274.0 212.0 0.0
272.0 212.0 0.0
280.0 214.0 0.0
278.0 214.0 0.0
276.0 214.0 0.0
278.0 216.0 0.0
277.0 214.0 0.0
278.0 215.0 0.0
277.0 215.0 0.0
276.0 215.0 0.0
277.0 216.0 0.0
276.0 216.0 0.0
274.0 214.0 0.0
272.0 214.0 0.0
274.0 216.0 0.0
272.0 216.0 0.0
284.0 220.0 0.0
282.0 216.0 0.0
284.0 218.0 0.0
282.0 218.0 0.0
280.0 218.0 0.0
282.0 220.0 0.0
280.0 220.0 0.0
286.0 220.0 0.0
288.0 222.0 0.0
286.0 222.0 0.0
284.0 222.0 0.0
286.0 224.0 0.0
284.0 224.0 0.0
282.0 222.0 0.0
280.0 222.0 0.0
283.0 222.0 0.0
284.0 223.0 0.0
283.0 223.0 0.0
282.0 223.0 0.0
283.0 224.0 0.0
282.0 224.0 0.0
280.0 224.0 0.0
279.0 216.0 0.0
280.0 217.0 0.0
279.0 217.0 0.0
278.0 217.0 0.0
279.0 218.0 0.0
278.0 218.0 0.0
276.0 218.0 0.0
278.0 220.0 0.0
276.0 220.0 0.0
272.0 220.0 0.0
276.0 224.0 0.0
272.0 224.0 0.0
270.0 210.0 0.0
268.0 210.0 0.0
270.0 212.0 0.0
268.0 212.0 0.0
264.0 212.0 0.0
270.0 214.0 0.0
268.0 214.0 0.0
270.0 216.0 0.0
268.0 216.0 0.0
266.0 212.0 0.0
266.0 214.0 0.0
264.0 214.0 0.0
267.0 214.0 0.0
268.0 215.0 0.0
267.0 215.0 0.0
266.0 215.0 0.0
267.0 216.0 0.0
266.0 216.0 0.0
264.0 216.0 0.0
260.0 212.0 0.0
256.0 212.0 0.0
260.0 216.0 0.0
256.0 216.0 0.0
268.0 220.0 0.0
268.0 218.0 0.0
266.0 218.0 0.0
264.0 218.0 0.0
266.0 220.0 0.0
264.0 220.0 0.0
268.0 224.0 0.0
264.0 224.0 0.0
260.0 220.0 0.0
256.0 220.0 0.0
260.0 224.0 0.0
256.0 224.0 0.0
320.0 232.0 0.0
312.0 232.0 0.0
304.0 232.0 0.0
312.0 240.0 0.0
304.0 240.0 0.0
300.0 224.0 0.0
304.0 228.0 0.0
300.0 228.0 0.0
296.0 228.0 0.0
300.0 232.0 0.0
296.0 232.0 0.0
288.0 232.0 0.0
296.0 240.0 0.0
292.0 232.0 0.0
296.0 236.0 0.0
292.0 236.0 0.0
288.0 236.0 0.0
292.0 240.0 0.0
288.0 240.0 0.0
304.0 256.0 0.0
304.0 248.0 0.0
296.0 248.0 0.0
288.0 248.0 0.0
296.0 256.0 0.0
288.0 256.0 0.0
288.0 228.0 0.0
284.0 228.0 0.0
284.0 226.0 0.0
282.0 226.0 0.0
280.0 226.0 0.0
282.0 228.0 0.0
280.0 228.0 0.0
284.0 232.0 0.0
280.0 232.0 0.0
276.0 228.0 0.0
272.0 228.0 0.0
276.0 232.0 0.0
272.0 232.0 0.0
284.0 236.0 0.0
282.0 232.0 0.0
284.0 234.0 0.0
282.0 234.0 0.0
280.0 234.0 0.0
282.0 236.0 0.0
280.0 236.0 0.0
286.0 236.0 0.0
288.0 238.0 0.0
286.0 238.0 0.0
284.0 238.0 0.0
286.0 240.0 0.0
284.0 240.0 0.0
283.0 236.0 0.0
284.0 237.0 0.0
283.0 237.0 0.0
282.0 237.0 0.0
283.0 238.0 0.0
282.0 238.0 0.0
280.0 238.0 0.0
284.0 239.0 0.0
283.0 239.0 0.0
282.0 239.0 0.0
283.0 240.0 0.0
282.0 240.0 0.0
280.0 240.0 0.0
276.0 236.0 0.0
272.0 236.0 0.0
276.0 240.0 0.0
272.0 240.0 0.0
264.0 232.0 0.0
256.0 232.0 0.0
264.0 240.0 0.0
256.0 240.0 0.0
288.0 244.0 0.0
284.0 244.0 0.0
284.0 242.0 0.0
282.0 242.0 0.0
280.0 242.0 0.0
282.0 244.0 0.0
281.0 242.0 0.0
282.0 243.0 0.0
281.0 243.0 0.0
280.0 243.0 0.0
281.0 244.0 0.0
280.0 244.0 0.0
284.0 248.0 0.0
284.0 246.0 0.0
282.0 246.0 0.0
280.0 246.0 0.0
282.0 248.0 0.0
280.0 248.0 0.0
278.0 240.0 0.0
278.0 242.0 0.0
276.0 242.0 0.0
278.0 244.0 0.0
276.0 244.0 0.0
272.0 244.0 0.0
279.0 244.0 0.0
280.0 245.0 0.0
279.0 245.0 0.0
278.0 245.0 0.0
279.0 246.0 0.0
278.0 246.0 0.0
276.0 246.0 0.0
278.0 248.0 0.0
277.0 246.0 0.0
278.0 247.0 0.0
277.0 247.0 0.0
276.0 247.0 0.0
277.0 248.0 0.0
276.0 248.0 0.0
274.0 244.0 0.0
274.0 246.0 0.0
272.0 246.0 0.0
274.0 248.0 0.0
272.0 248.0 0.0
288.0 252.0 0.0
284.0 252.0 0.0
280.0 252.0 0.0
284.0 256.0 0.0
280.0 256.0 0.0
280.0 250.0 0.0
278.0 250.0 0.0
276.0 250.0 0.0
278.0 252.0 0.0
276.0 252.0 0.0
274.0 250.0 0.0
272.0 250.0 0.0
274.0 252.0 0.0
272.0 252.0 0.0
276.0 256.0 0.0
272.0 256.0 0.0
268.0 240.0 0.0
268.0 244.0 0.0
264.0 244.0 0.0
268.0 248.0 0.0
264.0 248.0 0.0
256.0 248.0 0.0
270.0 248.0 0.0
270.0 250.0 0.0
268.0 250.0 0.0
271.0 250.0 0.0
272.0 251.0 0.0
271.0 251.0 0.0
270.0 251.0 0.0
271.0 252.0 0.0
270.0 252.0 0.0
268.0 252.0 0.0
264.0 252.0 0.0
272.0 254.0 0.0
270.0 254.0 0.0
268.0 254.0 0.0
270.0 256.0 0.0
268.0 256.0 0.0
266.0 252.0 0.0
266.0 254.0 0.0
264.0 254.0 0.0
266.0 256.0 0.0
264.0 256.0 0.0
260.0 248.0 0.0
260.0 252.0 0.0
256.0 252.0 0.0
262.0 252.0 0.0
262.0 254.0 0.0
260.0 254.0 0.0
262.0 256.0 0.0
260.0 256.0 0.0
258.0 252.0 0.0
258.0 254.0 0.0
256.0 254.0 0.0
259.0 254.0 0.0
260.0 255.0 0.0
259.0 255.0 0.0
258.0 255.0 0.0
259.0 256.0 0.0
258.0 256.0 0.0
256.0 256.0 0.0
248.0 0.0 0.0
248.0 8.0 0.0
240.0 0.0 0.0
240.0 8.0 0.0
252.0 8.0 0.0
252.0 12.0 0.0
248.0 12.0 0.0
252.0 16.0 0.0
248.0 16.0 0.0
244.0 8.0 0.0
244.0 12.0 0.0
240.0 12.0 0.0
244.0 16.0 0.0
240.0 16.0 0.0
232.0 0.0 0.0
232.0 8.0 0.0
224.0 0.0 0.0
224.0 8.0 0.0
236.0 8.0 0.0
236.0 12.0 0.0
232.0 12.0 0.0
236.0 16.0 0.0
232.0 16.0 0.0
228.0 8.0 0.0
228.0 12.0 0.0
224.0 12.0 0.0
228.0 16.0 0.0
224.0 16.0 0.0
254.0 16.0 0.0
254.0 18.0 0.0
252.0 18.0 0.0
254.0 20.0 0.0
252.0 20.0 0.0
250.0 16.0 0.0
250.0 18.0 0.0
248.0 18.0 0.0
250.0 20.0 0.0
248.0 20.0 0.0
255.0 20.0 0.0
255.0 21.0 0.0
254.0 21.0 0.0
255.0 22.0 0.0
254.0 22.0 0.0
253.0 20.0 0.0
253.0 21.0 0.0
252.0 21.0 0.0
253.0 22.0 0.0
252.0 22.0 0.0
255.0 23.0 0.0
254.0 23.0 0.0
255.0 24.0 0.0
254.0 24.0 0.0
252.0 24.0 0.0
251.0 20.0 0.0
251.0 21.0 0.0
250.0 21.0 0.0
251.0 22.0 0.0
250.0 22.0 0.0
249.0 20.0 0.0
249.0 21.0 0.0
248.0 21.0 0.0
249.0 22.0 0.0
248.0 22.0 0.0
250.0 24.0 0.0
248.0 24.0 0.0
246.0 16.0 0.0
246.0 18.0 0.0
244.0 18.0 0.0
246.0 20.0 0.0
244.0 20.0 0.0
242.0 16.0 0.0
242.0 18.0 0.0
240.0 18.0 0.0
242.0 20.0 0.0
240.0 20.0 0.0
247.0 20.0 0.0
247.0 21.0 0.0
246.0 21.0 0.0
247.0 22.0 0.0
246.0 22.0 0.0
245.0 20.0 0.0
245.0 21.0 0.0
244.0 21.0 0.0
245.0 22.0 0.0
244.0 22.0 0.0
248.0 23.0 0.0
247.0 23.0 0.0
246.0 23.0 0.0
247.0 24.0 0.0
246.0 24.0 0.0
245.0 23.0 0.0
244.0 23.0 0.0
245.0 24.0 0.0
244.0 24.0 0.0
243.0 20.0 0.0
243.0 21.0 0.0
242.0 21.0 0.0
243.0 22.0 0.0
242.0 22.0 0.0
241.0 20.0 0.0
241.0 21.0 0.0
240.0 21.0 0.0
241.0 22.0 0.0
240.0 22.0 0.0
243.0 23.0 0.0
242.0 23.0 0.0
243.0 24.0 0.0
242.0 24.0 0.0
241.0 23.0 0.0
240.0 23.0 0.0
241.0 24.0 0.0
240.0 24.0 0.0
254.0 26.0 0.0
252.0 26.0 0.0
254.0 28.0 0.0
252.0 28.0 0.0
248.0 28.0 0.0
252.0 32.0 0.0
248.0 32.0 0.0
248.0 26.0 0.0
246.0 26.0 0.0
244.0 26.0 0.0
246.0 28.0 0.0
244.0 28.0 0.0
242.0 26.0 0.0
240.0 26.0 0.0
242.0 28.0 0.0
240.0 28.0 0.0
244.0 32.0 0.0
240.0 32.0 0.0
238.0 16.0 0.0
238.0 18.0 0.0
236.0 18.0 0.0
238.0 20.0 0.0
236.0 20.0 0.0
234.0 16.0 0.0
234.0 18.0 0.0
232.0 18.0 0.0
234.0 20.0 0.0
232.0 20.0 0.0
239.0 20.0 0.0
239.0 21.0 0.0
238.0 21.0 0.0
239.0 22.0 0.0
238.0 22.0 0.0
237.0 20.0 0.0
237.0 21.0 0.0
236.0 21.0 0.0
237.0 22.0 0.0
236.0 22.0 0.0
239.0 23.0 0.0
238.0 23.0 0.0
239.0 24.0 0.0
238.0 24.0 0.0
237.0 23.0 0.0
236.0 23.0 0.0
237.0 24.0 0.0
236.0 24.0 0.0
235.0 20.0 0.0
235.0 21.0 0.0
234.0 21.0 0.0
235.0 22.0 0.0
234.0 22.0 0.0
233.0 20.0 0.0
233.0 21.0 0.0
232.0 21.0 0.0
233.0 22.0 0.0
232.0 22.0 0.0
235.0 23.0 0.0
234.0 23.0 0.0
235.0 24.0 0.0
234.0 24.0 0.0
233.0 23.0 0.0
232.0 23.0 0.0
233.0 24.0 0.0
232.0 24.0 0.0
230.0 16.0 0.0
230.0 18.0 0.0
228.0 18.0 0.0
230.0 20.0 0.0
228.0 20.0 0.0
226.0 16.0 0.0
226.0 18.0 0.0
224.0 18.0 0.0
226.0 20.0 0.0
224.0 20.0 0.0
231.0 20.0 0.0
231.0 21.0 0.0
230.0 21.0 0.0
231.0 22.0 0.0
230.0 22.0 0.0
229.0 20.0 0.0
229.0 21.0 0.0
228.0 21.0 0.0
229.0 22.0 0.0
228.0 22.0 0.0
231.0 23.0 0.0
230.0 23.0 0.0
231.0 24.0 0.0
230.0 24.0 0.0
229.0 23.0 0.0
228.0 23.0 0.0
229.0 24.0 0.0
228.0 24.0 0.0
227.0 20.0 0.0
227.0 21.0 0.0
226.0 21.0 0.0
227.0 22.0 0.0
226.0 22.0 0.0
225.0 20.0 0.0
225.0 21.0 0.0
224.0 21.0 0.0
225.0 22.0 0.0
224.0 22.0 0.0
227.0 23.0 0.0
226.0 23.0 0.0
227.0 24.0 0.0
226.0 24.0 0.0
225.0 23.0 0.0
224.0 23.0 0.0
225.0 24.0 0.0
224.0 24.0 0.0
238.0 26.0 0.0
236.0 26.0 0.0
238.0 28.0 0.0
236.0 28.0 0.0
234.0 26.0 0.0
232.0 26.0 0.0
234.0 28.0 0.0
232.0 28.0 0.0
236.0 32.0 0.0
232.0 32.0 0.0
230.0 26.0 0.0
228.0 26.0 0.0
230.0 28.0 0.0
228.0 28.0 0.0
226.0 26.0 0.0
224.0 26.0 0.0
226.0 28.0 0.0
224.0 28.0 0.0
228.0 32.0 0.0
224.0 32.0 0.0
216.0 0.0 0.0
216.0 8.0 0.0
208.0 0.0 0.0
208.0 8.0 0.0
220.0 8.0 0.0
220.0 12.0 0.0
216.0 12.0 0.0
220.0 16.0 0.0
216.0 16.0 0.0
208.0 16.0 0.0
200.0 0.0 0.0
200.0 8.0 0.0
192.0 0.0 0.0
192.0 8.0 0.0
200.0 16.0 0.0
192.0 16.0 0.0
222.0 16.0 0.0
222.0 18.0 0.0
220.0 18.0 0.0
222.0 20.0 0.0
220.0 20.0 0.0
218.0 16.0 0.0
218.0 18.0 0.0
216.0 18.0 0.0
218.0 20.0 0.0
216.0 20.0 0.0
223.0 20.0 0.0
223.0 21.0 0.0
222.0 21.0 0.0
223.0 22.0 0.0
222.0 22.0 0.0
221.0 20.0 0.0
221.0 21.0 0.0
220.0 21.0 0.0
221.0 22.0 0.0
220.0 22.0 0.0
223.0 23.0 0.0
222.0 23.0 0.0
223.0 24.0 0.0
222.0 24.0 0.0
221.0 23.0 0.0
220.0 23.0 0.0
221.0 24.0 0.0
220.0 24.0 0.0
219.0 20.0 0.0
219.0 21.0 0.0
218.0 21.0 0.0
219.0 22.0 0.0
218.0 22.0 0.0
216.0 22.0 0.0
219.0 23.0 0.0
218.0 23.0 0.0
219.0 24.0 0.0
218.0 24.0 0.0
217.0 22.0 0.0
217.0 23.0 0.0
216.0 23.0 0.0
217.0 24.0 0.0
216.0 24.0 0.0
212.0 16.0 0.0
212.0 20.0 0.0
208.0 20.0 0.0
214.0 20.0 0.0
214.0 22.0 0.0
212.0 22.0 0.0
214.0 24.0 0.0
212.0 24.0 0.0
210.0 20.0 0.0
210.0 22.0 0.0
208.0 22.0 0.0
210.0 24.0 0.0
208.0 24.0 0.0
222.0 26.0 0.0
220.0 26.0 0.0
222.0 28.0 0.0
220.0 28.0 0.0
218.0 26.0 0.0
216.0 26.0 0.0
218.0 28.0 0.0
216.0 28.0 0.0
220.0 32.0 0.0
216.0 32.0 0.0
212.0 28.0 0.0
208.0 28.0 0.0
212.0 32.0 0.0
208.0 32.0 0.0
204.0 16.0 0.0
204.0 20.0 0.0
200.0 20.0 0.0
206.0 20.0 0.0
206.0 22.0 0.0
204.0 22.0 0.0
206.0 24.0 0.0
205.0 22.0 0.0
206.0 23.0 0.0
205.0 23.0 0.0
204.0 23.0 0.0
205.0 24.0 0.0
204.0 24.0 0.0
202.0 20.0 0.0
202.0 22.0 0.0
200.0 22.0 0.0
203.0 22.0 0.0
203.0 23.0 0.0
202.0 23.0 0.0
203.0 24.0 0.0
202.0 24.0 0.0
201.0 22.0 0.0
201.0 23.0 0.0
200.0 23.0 0.0
201.0 24.0 0.0
200.0 24.0 0.0
196.0 16.0 0.0
196.0 20.0 0.0
192.0 20.0 0.0
198.0 20.0 0.0
198.0 22.0 0.0
196.0 22.0 0.0
199.0 22.0 0.0
199.0 23.0 0.0
198.0 23.0 0.0
199.0 24.0 0.0
198.0 24.0 0.0
197.0 22.0 0.0
197.0 23.0 0.0
196.0 23.0 0.0
197.0 24.0 0.0
196.0 24.0 0.0
194.0 20.0 0.0
194.0 22.0 0.0
192.0 22.0 0.0
195.0 22.0 0.0
195.0 23.0 0.0
194.0 23.0 0.0
195.0 24.0 0.0
194.0 24.0 0.0
192.0 24.0 0.0
208.0 26.0 0.0
206.0 26.0 0.0
204.0 26.0 0.0
206.0 28.0 0.0
204.0 28.0 0.0
204.0 25.0 0.0
203.0 25.0 0.0
202.0 25.0 0.0
203.0 26.0 0.0
202.0 26.0 0.0
201.0 25.0 0.0
200.0 25.0 0.0
201.0 26.0 0.0
200.0 26.0 0.0
202.0 28.0 0.0
200.0 28.0 0.0
204.0 32.0 0.0
200.0 32.0 0.0
199.0 25.0 0.0
198.0 25.0 0.0
199.0 26.0 0.0
198.0 26.0 0.0
197.0 25.0 0.0
196.0 25.0 0.0
197.0 26.0 0.0
196.0 26.0 0.0
198.0 28.0 0.0
196.0 28.0 0.0
195.0 25.0 0.0
194.0 25.0 0.0
195.0 26.0 0.0
194.0 26.0 0.0
193.0 24.0 0.0
193.0 25.0 0.0
192.0 25.0 0.0
193.0 26.0 0.0
192.0 26.0 0.0
194.0 28.0 0.0
192.0 28.0 0.0
196.0 32.0 0.0
192.0 32.0 0.0
248.0 40.0 0.0
240.0 40.0 0.0
248.0 48.0 0.0
240.0 48.0 0.0
232.0 40.0 0.0
224.0 40.0 0.0
232.0 48.0 0.0
224.0 48.0 0.0
240.0 64.0 0.0
224.0 64.0 0.0
216.0 40.0 0.0
208.0 40.0 0.0
216.0 48.0 0.0
208.0 48.0 0.0
200.0 40.0 0.0
192.0 40.0 0.0
200.0 48.0 0.0
192.0 48.0 0.0
208.0 64.0 0.0
192.0 64.0 0.0
184.0 0.0 0.0
184.0 8.0 0.0
176.0 0.0 0.0
176.0 8.0 0.0
184.0 16.0 0.0
176.0 16.0 0.0
168.0 0.0 0.0
168.0 8.0 0.0
160.0 0.0 0.0
160.0 8.0 0.0
168.0 16.0 0.0
160.0 16.0 0.0
188.0 16.0 0.0
188.0 20.0 0.0
184.0 20.0 0.0
188.0 24.0 0.0
186.0 20.0 0.0
188.0 22.0 0.0
186.0 22.0 0.0
184.0 22.0 0.0
186.0 24.0 0.0
184.0 24.0 0.0
180.0 16.0 0.0
180.0 20.0 0.0
176.0 20.0 0.0
182.0 20.0 0.0
182.0 22.0 0.0
180.0 22.0 0.0
182.0 24.0 0.0
180.0 24.0 0.0
178.0 20.0 0.0
178.0 22.0 0.0
176.0 22.0 0.0
178.0 24.0 0.0
176.0 24.0 0.0
190.0 24.0 0.0
190.0 26.0 0.0
188.0 26.0 0.0
190.0 28.0 0.0
188.0 28.0 0.0
186.0 26.0 0.0
185.0 24.0 0.0
186.0 25.0 0.0
185.0 25.0 0.0
184.0 25.0 0.0
185.0 26.0 0.0
184.0 26.0 0.0
186.0 28.0 0.0
184.0 28.0 0.0
188.0 32.0 0.0
184.0 32.0 0.0
183.0 24.0 0.0
183.0 25.0 0.0
182.0 25.0 0.0
183.0 26.0 0.0
182.0 26.0 0.0
181.0 24.0 0.0
181.0 25.0 0.0
180.0 25.0 0.0
181.0 26.0 0.0
180.0 26.0 0.0
184.0 27.0 0.0
183.0 27.0 0.0
182.0 27.0 0.0
183.0 28.0 0.0
182.0 28.0 0.0
181.0 27.0 0.0
180.0 27.0 0.0
181.0 28.0 0.0
180.0 28.0 0.0
179.0 24.0 0.0
179.0 25.0 0.0
178.0 25.0 0.0
179.0 26.0 0.0
178.0 26.0 0.0
176.0 26.0 0.0
179.0 27.0 0.0
178.0 27.0 0.0
179.0 28.0 0.0
178.0 28.0 0.0
177.0 26.0 0.0
177.0 27.0 0.0
176.0 27.0 0.0
177.0 28.0 0.0
176.0 28.0 0.0
184.0 30.0 0.0
182.0 30.0 0.0
180.0 30.0 0.0
182.0 32.0 0.0
180.0 32.0 0.0
178.0 30.0 0.0
176.0 30.0 0.0
178.0 32.0 0.0
176.0 32.0 0.0
172.0 16.0 0.0
172.0 20.0 0.0
168.0 20.0 0.0
172.0 24.0 0.0
168.0 24.0 0.0
164.0 16.0 0.0
164.0 20.0 0.0
160.0 20.0 0.0
164.0 24.0 0.0
160.0 24.0 0.0
174.0 24.0 0.0
174.0 26.0 0.0
172.0 26.0 0.0
174.0 28.0 0.0
172.0 28.0 0.0
170.0 24.0 0.0
170.0 26.0 0.0
168.0 26.0 0.0
170.0 28.0 0.0
169.0 26.0 0.0
170.0 27.0 0.0
169.0 27.0 0.0
168.0 27.0 0.0
169.0 28.0 0.0
168.0 28.0 0.0
172.0 32.0 0.0
172.0 30.0 0.0
170.0 30.0 0.0
170.0 29.0 0.0
169.0 29.0 0.0
168.0 29.0 0.0
169.0 30.0 0.0
168.0 30.0 0.0
170.0 32.0 0.0
168.0 32.0 0.0
166.0 24.0 0.0
166.0 26.0 0.0
164.0 26.0 0.0
167.0 26.0 0.0
167.0 27.0 0.0
166.0 27.0 0.0
167.0 28.0 0.0
166.0 28.0 0.0
165.0 26.0 0.0
165.0 27.0 0.0
164.0 27.0 0.0
165.0 28.0 0.0
164.0 28.0 0.0
162.0 24.0 0.0
162.0 26.0 0.0
160.0 26.0 0.0
162.0 28.0 0.0
160.0 28.0 0.0
167.0 29.0 0.0
166.0 29.0 0.0
167.0 30.0 0.0
166.0 30.0 0.0
165.0 29.0 0.0
164.0 29.0 0.0
165.0 30.0 0.0
164.0 30.0 0.0
166.0 32.0 0.0
164.0 32.0 0.0
162.0 30.0 0.0
160.0 30.0 0.0
162.0 32.0 0.0
160.0 32.0 0.0
152.0 0.0 0.0
152.0 8.0 0.0
144.0 0.0 0.0
144.0 8.0 0.0
152.0 16.0 0.0
144.0 16.0 0.0
128.0 0.0 0.0
128.0 16.0 0.0
156.0 16.0 0.0
156.0 20.0 0.0
152.0 20.0 0.0
156.0 24.0 0.0
152.0 24.0 0.0
144.0 24.0 0.0
158.0 24.0 0.0
158.0 26.0 0.0
156.0 26.0 0.0
158.0 28.0 0.0
156.0 28.0 0.0
154.0 24.0 0.0
154.0 26.0 0.0
152.0 26.0 0.0
154.0 28.0 0.0
152.0 28.0 0.0
158.0 30.0 0.0
157.0 28.0 0.0
158.0 29.0 0.0
157.0 29.0 0.0
156.0 29.0 0.0
157.0 30.0 0.0
156.0 30.0 0.0
158.0 32.0 0.0
158.0 31.0 0.0
157.0 31.0 0.0
156.0 31.0 0.0
157.0 32.0 0.0
156.0 32.0 0.0
155.0 28.0 0.0
155.0 29.0 0.0
154.0 29.0 0.0
155.0 30.0 0.0
154.0 30.0 0.0
153.0 28.0 0.0
153.0 29.0 0.0
152.0 29.0 0.0
153.0 30.0 0.0
152.0 30.0 0.0
155.0 31.0 0.0
154.0 31.0 0.0
155.0 32.0 0.0
154.0 32.0 0.0
153.0 31.0 0.0
152.0 31.0 0.0
153.0 32.0 0.0
152.0 32.0 0.0
148.0 24.0 0.0
148.0 28.0 0.0
144.0 28.0 0.0
150.0 28.0 0.0
150.0 30.0 0.0
148.0 30.0 0.0
150.0 32.0 0.0
148.0 32.0 0.0
146.0 28.0 0.0
146.0 30.0 0.0
144.0 30.0 0.0
146.0 32.0 0.0
145.0 30.0 0.0
146.0 31.0 0.0
145.0 31.0 0.0
144.0 31.0 0.0
145.0 32.0 0.0
144.0 32.0 0.0
136.0 16.0 0.0
136.0 24.0 0.0
128.0 24.0 0.0
140.0 24.0 0.0
140.0 28.0 0.0
136.0 28.0 0.0
142.0 28.0 0.0
142.0 30.0 0.0
140.0 30.0 0.0
143.0 30.0 0.0
143.0 31.0 0.0
142.0 31.0 0.0
143.0 32.0 0.0
142.0 32.0 0.0
140.0 32.0 0.0
138.0 28.0 0.0
138.0 30.0 0.0
136.0 30.0 0.0
138.0 32.0 0.0
136.0 32.0 0.0
132.0 24.0 0.0
132.0 28.0 0.0
128.0 28.0 0.0
132.0 32.0 0.0
128.0 32.0 0.0
184.0 40.0 0.0
184.0 36.0 0.0
180.0 36.0 0.0
176.0 36.0 0.0
180.0 40.0 0.0
176.0 40.0 0.0
184.0 48.0 0.0
176.0 48.0 0.0
172.0 36.0 0.0
168.0 36.0 0.0
172.0 40.0 0.0
168.0 40.0 0.0
164.0 36.0 0.0
160.0 36.0 0.0
164.0 40.0 0.0
160.0 40.0 0.0
168.0 48.0 0.0
160.0 48.0 0.0
176.0 64.0 0.0
160.0 64.0 0.0
160.0 34.0 0.0
158.0 34.0 0.0
156.0 34.0 0.0
158.0 36.0 0.0
156.0 36.0 0.0
154.0 34.0 0.0
152.0 34.0 0.0
154.0 36.0 0.0
152.0 36.0 0.0
156.0 40.0 0.0
152.0 40.0 0.0
150.0 34.0 0.0
148.0 34.0 0.0
150.0 36.0 0.0
148.0 36.0 0.0
147.0 32.0 0.0
148.0 33.0 0.0
147.0 33.0 0.0
146.0 33.0 0.0
147.0 34.0 0.0
146.0 34.0 0.0
145.0 33.0 0.0
144.0 33.0 0.0
145.0 34.0 0.0
144.0 34.0 0.0
146.0 36.0 0.0
144.0 36.0 0.0
148.0 40.0 0.0
144.0 40.0 0.0
152.0 48.0 0.0
144.0 48.0 0.0
143.0 33.0 0.0
142.0 33.0 0.0
143.0 34.0 0.0
142.0 34.0 0.0
140.0 34.0 0.0
142.0 36.0 0.0
140.0 36.0 0.0
139.0 32.0 0.0
140.0 33.0 0.0
139.0 33.0 0.0
138.0 33.0 0.0
139.0 34.0 0.0
138.0 34.0 0.0
137.0 32.0 0.0
137.0 33.0 0.0
136.0 33.0 0.0
137.0 34.0 0.0
136.0 34.0 0.0
140.0 35.0 0.0
139.0 35.0 0.0
138.0 35.0 0.0
139.0 36.0 0.0
138.0 36.0 0.0
137.0 35.0 0.0
136.0 35.0 0.0
137.0 36.0 0.0
136.0 36.0 0.0
140.0 40.0 0.0
140.0 38.0 0.0
138.0 38.0 0.0
136.0 38.0 0.0
138.0 40.0 0.0
136.0 40.0 0.0
134.0 32.0 0.0
134.0 34.0 0.0
132.0 34.0 0.0
134.0 36.0 0.0
133.0 34.0 0.0
134.0 35.0 0.0
133.0 35.0 0.0
132.0 35.0 0.0
133.0 36.0 0.0
132.0 36.0 0.0
130.0 32.0 0.0
130.0 34.0 0.0
128.0 34.0 0.0
130.0 36.0 0.0
128.0 36.0 0.0
135.0 36.0 0.0
136.0 37.0 0.0
135.0 37.0 0.0
134.0 37.0 0.0
135.0 38.0 0.0
134.0 38.0 0.0
133.0 37.0 0.0
132.0 37.0 0.0
133.0 38.0 0.0
132.0 38.0 0.0
134.0 40.0 0.0
132.0 40.0 0.0
131.0 36.0 0.0
131.0 37.0 0.0
130.0 37.0 0.0
131.0 38.0 0.0
130.0 38.0 0.0
128.0 38.0 0.0
132.0 39.0 0.0
131.0 39.0 0.0
130.0 39.0 0.0
131.0 40.0 0.0
130.0 40.0 0.0
128.0 40.0 0.0
144.0 44.0 0.0
140.0 44.0 0.0
136.0 44.0 0.0
140.0 48.0 0.0
136.0 48.0 0.0
132.0 44.0 0.0
132.0 42.0 0.0
130.0 42.0 0.0
129.0 40.0 0.0
130.0 41.0 0.0
129.0 41.0 0.0
128.0 41.0 0.0
129.0 42.0 0.0
128.0 42.0 0.0
130.0 44.0 0.0
128.0 44.0 0.0
132.0 48.0 0.0
128.0 48.0 0.0
144.0 64.0 0.0
144.0 56.0 0.0
136.0 56.0 0.0
128.0 56.0 0.0
136.0 64.0 0.0
128.0 64.0 0.0
248.0 64.0 0.0
248.0 72.0 0.0
240.0 72.0 0.0
248.0 80.0 0.0
240.0 80.0 0.0
232.0 64.0 0.0
232.0 72.0 0.0
224.0 72.0 0.0
232.0 80.0 0.0
224.0 80.0 0.0
252.0 80.0 0.0
252.0 84.0 0.0
248.0 84.0 0.0
254.0 84.0 0.0
254.0 86.0 0.0
252.0 86.0 0.0
254.0 88.0 0.0
252.0 88.0 0.0
250.0 84.0 0.0
250.0 86.0 0.0
248.0 86.0 0.0
250.0 88.0 0.0
248.0 88.0 0.0
244.0 80.0 0.0
244.0 84.0 0.0
240.0 84.0 0.0
246.0 84.0 0.0
246.0 86.0 0.0
244.0 86.0 0.0
246.0 88.0 0.0
244.0 88.0 0.0
242.0 84.0 0.0
242.0 86.0 0.0
240.0 86.0 0.0
242.0 88.0 0.0
240.0 88.0 0.0
255.0 88.0 0.0
255.0 89.0 0.0
254.0 89.0 0.0
255.0 90.0 0.0
254.0 90.0 0.0
253.0 88.0 0.0
253.0 89.0 0.0
252.0 89.0 0.0
253.0 90.0 0.0
252.0 90.0 0.0
254.0 92.0 0.0
252.0 92.0 0.0
251.0 88.0 0.0
251.0 89.0 0.0
250.0 89.0 0.0
251.0 90.0 0.0
250.0 90.0 0.0
249.0 88.0 0.0
249.0 89.0 0.0
248.0 89.0 0.0
249.0 90.0 0.0
248.0 90.0 0.0
250.0 92.0 0.0
248.0 92.0 0.0
252.0 96.0 0.0
248.0 96.0 0.0
247.0 88.0 0.0
247.0 89.0 0.0
246.0 89.0 0.0
247.0 90.0 0.0
246.0 90.0 0.0
245.0 88.0 0.0
245.0 89.0 0.0
244.0 89.0 0.0
245.0 90.0 0.0
244.0 90.0 0.0
246.0 92.0 0.0
244.0 92.0 0.0
243.0 88.0 0.0
243.0 89.0 0.0
242.0 89.0 0.0
243.0 90.0 0.0
242.0 90.0 0.0
241.0 88.0 0.0
241.0 89.0 0.0
240.0 89.0 0.0
241.0 90.0 0.0
240.0 90.0 0.0
242.0 92.0 0.0
240.0 92.0 0.0
244.0 96.0 0.0
240.0 96.0 0.0
236.0 80.0 0.0
236.0 84.0 0.0
232.0 84.0 0.0
236.0 88.0 0.0
232.0 88.0 0.0
228.0 80.0 0.0
228.0 84.0 0.0
224.0 84.0 0.0
228.0 88.0 0.0
224.0 88.0 0.0
238.0 88.0 0.0
238.0 90.0 0.0
236.0 90.0 0.0
238.0 92.0 0.0
236.0 92.0 0.0
234.0 88.0 0.0
234.0 90.0 0.0
232.0 90.0 0.0
234.0 92.0 0.0
232.0 92.0 0.0
236.0 96.0 0.0
232.0 96.0 0.0
230.0 88.0 0.0
230.0 90.0 0.0
228.0 90.0 0.0
230.0 92.0 0.0
228.0 92.0 0.0
226.0 88.0 0.0
226.0 90.0 0.0
224.0 90.0 0.0
226.0 92.0 0.0
224.0 92.0 0.0
228.0 96.0 0.0
224.0 96.0 0.0
216.0 64.0 0.0
216.0 72.0 0.0
208.0 72.0 0.0
216.0 80.0 0.0
208.0 80.0 0.0
200.0 64.0 0.0
200.0 72.0 0.0
192.0 72.0 0.0
200.0 80.0 0.0
192.0 80.0 0.0
220.0 80.0 0.0
220.0 84.0 0.0
216.0 84.0 0.0
220.0 88.0 0.0
218.0 84.0 0.0
220.0 86.0 0.0
218.0 86.0 0.0
216.0 86.0 0.0
218.0 88.0 0.0
216.0 88.0 0.0
212.0 80.0 0.0
212.0 84.0 0.0
208.0 84.0 0.0
214.0 84.0 0.0
214.0 86.0 0.0
212.0 86.0 0.0
214.0 88.0 0.0
212.0 88.0 0.0
210.0 84.0 0.0
210.0 86.0 0.0
208.0 86.0 0.0
210.0 88.0 0.0
208.0 88.0 0.0
222.0 88.0 0.0
222.0 90.0 0.0
220.0 90.0 0.0
222.0 92.0 0.0
220.0 92.0 0.0
219.0 88.0 0.0
220.0 89.0 0.0
219.0 89.0 0.0
218.0 89.0 0.0
219.0 90.0 0.0
218.0 90.0 0.0
217.0 88.0 0.0
217.0 89.0 0.0
216.0 89.0 0.0
217.0 90.0 0.0
216.0 90.0 0.0
218.0 92.0 0.0
216.0 92.0 0.0
220.0 96.0 0.0
216.0 96.0 0.0
215.0 88.0 0.0
215.0 89.0 0.0
214.0 89.0 0.0
215.0 90.0 0.0
214.0 90.0 0.0
213.0 88.0 0.0
213.0 89.0 0.0
212.0 89.0 0.0
213.0 90.0 0.0
212.0 90.0 0.0
216.0 91.0 0.0
215.0 91.0 0.0
214.0 91.0 0.0
215.0 92.0 0.0
214.0 92.0 0.0
213.0 91.0 0.0
212.0 91.0 0.0
213.0 92.0 0.0
212.0 92.0 0.0
211.0 88.0 0.0
211.0 89.0 0.0
210.0 89.0 0.0
211.0 90.0 0.0
210.0 90.0 0.0
209.0 88.0 0.0
209.0 89.0 0.0
208.0 89.0 0.0
209.0 90.0 0.0
208.0 90.0 0.0
211.0 91.0 0.0
210.0 91.0 0.0
211.0 92.0 0.0
210.0 92.0 0.0
209.0 91.0 0.0
208.0 91.0 0.0
209.0 92.0 0.0
208.0 92.0 0.0
216.0 94.0 0.0
214.0 94.0 0.0
212.0 94.0 0.0
214.0 96.0 0.0
212.0 96.0 0.0
210.0 94.0 0.0
208.0 94.0 0.0
210.0 96.0 0.0
208.0 96.0 0.0
204.0 80.0 0.0
204.0 84.0 0.0
200.0 84.0 0.0
206.0 84.0 0.0
206.0 86.0 0.0
204.0 86.0 0.0
206.0 88.0 0.0
204.0 88.0 0.0
200.0 88.0 0.0
196.0 80.0 0.0
196.0 84.0 0.0
192.0 84.0 0.0
196.0 88.0 0.0
192.0 88.0 0.0
207.0 88.0 0.0
207.0 89.0 0.0
206.0 89.0 0.0
207.0 90.0 0.0
206.0 90.0 0.0
205.0 88.0 0.0
205.0 89.0 0.0
204.0 89.0 0.0
205.0 90.0 0.0
204.0 90.0 0.0
207.0 91.0 0.0
206.0 91.0 0.0
207.0 92.0 0.0
206.0 92.0 0.0
205.0 91.0 0.0
204.0 91.0 0.0
205.0 92.0 0.0
204.0 92.0 0.0
202.0 88.0 0.0
202.0 90.0 0.0
200.0 90.0 0.0
203.0 90.0 0.0
203.0 91.0 0.0
202.0 91.0 0.0
203.0 92.0 0.0
202.0 92.0 0.0
200.0 92.0 0.0
206.0 94.0 0.0
204.0 94.0 0.0
206.0 96.0 0.0
204.0 96.0 0.0
202.0 94.0 0.0
200.0 94.0 0.0
202.0 96.0 0.0
200.0 96.0 0.0
198.0 88.0 0.0
198.0 90.0 0.0
196.0 90.0 0.0
198.0 92.0 0.0
196.0 92.0 0.0
194.0 88.0 0.0
194.0 90.0 0.0
192.0 90.0 0.0
195.0 90.0 0.0
196.0 91.0 0.0
195.0 91.0 0.0
194.0 91.0 0.0
195.0 92.0 0.0
194.0 92.0 0.0
193.0 90.0 0.0
193.0 91.0 0.0
192.0 91.0 0.0
193.0 92.0 0.0
192.0 92.0 0.0
196.0 96.0 0.0
196.0 94.0 0.0
194.0 94.0 0.0
194.0 93.0 0.0
193.0 93.0 0.0
192.0 93.0 0.0
193.0 94.0 0.0
192.0 94.0 0.0
194.0 96.0 0.0
192.0 96.0 0.0
248.0 104.0 0.0
240.0 104.0 0.0
248.0 112.0 0.0
240.0 112.0 0.0
232.0 104.0 0.0
224.0 104.0 0.0
232.0 112.0 0.0
224.0 112.0 0.0
240.0 128.0 0.0
224.0 128.0 0.0
216.0 104.0 0.0
216.0 100.0 0.0
212.0 100.0 0.0
208.0 100.0 0.0
212.0 104.0 0.0
208.0 104.0 0.0
216.0 112.0 0.0
208.0 112.0 0.0
204.0 100.0 0.0
200.0 100.0 0.0
204.0 104.0 0.0
200.0 104.0 0.0
196.0 100.0 0.0
192.0 100.0 0.0
196.0 104.0 0.0
192.0 104.0 0.0
200.0 112.0 0.0
192.0 112.0 0.0
208.0 128.0 0.0
192.0 128.0 0.0
184.0 64.0 0.0
184.0 72.0 0.0
176.0 72.0 0.0
184.0 80.0 0.0
176.0 80.0 0.0
168.0 64.0 0.0
168.0 72.0 0.0
160.0 72.0 0.0
168.0 80.0 0.0
160.0 80.0 0.0
188.0 80.0 0.0
188.0 84.0 0.0
184.0 84.0 0.0
188.0 88.0 0.0
184.0 88.0 0.0
180.0 80.0 0.0
180.0 84.0 0.0
176.0 84.0 0.0
180.0 88.0 0.0
176.0 88.0 0.0
190.0 88.0 0.0
190.0 90.0 0.0
188.0 90.0 0.0
191.0 90.0 0.0
191.0 91.0 0.0
190.0 91.0 0.0
191.0 92.0 0.0
190.0 92.0 0.0
189.0 90.0 0.0
189.0 91.0 0.0
188.0 91.0 0.0
189.0 92.0 0.0
188.0 92.0 0.0
186.0 88.0 0.0
186.0 90.0 0.0
184.0 90.0 0.0
187.0 90.0 0.0
187.0 91.0 0.0
186.0 91.0 0.0
187.0 92.0 0.0
186.0 92.0 0.0
184.0 92.0 0.0
191.0 93.0 0.0
190.0 93.0 0.0
191.0 94.0 0.0
190.0 94.0 0.0
189.0 93.0 0.0
188.0 93.0 0.0
189.0 94.0 0.0
188.0 94.0 0.0
190.0 96.0 0.0
188.0 96.0 0.0
187.0 93.0 0.0
186.0 93.0 0.0
187.0 94.0 0.0
186.0 94.0 0.0
185.0 92.0 0.0
185.0 93.0 0.0
184.0 93.0 0.0
185.0 94.0 0.0
184.0 94.0 0.0
186.0 96.0 0.0
184.0 96.0 0.0
180.0 92.0 0.0
178.0 88.0 0.0
180.0 90.0 0.0
178.0 90.0 0.0
176.0 90.0 0.0
178.0 92.0 0.0
176.0 92.0 0.0
182.0 92.0 0.0
182.0 94.0 0.0
180.0 94.0 0.0
182.0 96.0 0.0
180.0 96.0 0.0
178.0 94.0 0.0
177.0 92.0 0.0
178.0 93.0 0.0
177.0 93.0 0.0
176.0 93.0 0.0
177.0 94.0 0.0
176.0 94.0 0.0
178.0 96.0 0.0
176.0 96.0 0.0
172.0 80.0 0.0
172.0 84.0 0.0
168.0 84.0 0.0
172.0 88.0 0.0
168.0 88.0 0.0
160.0 88.0 0.0
174.0 88.0 0.0
174.0 90.0 0.0
172.0 90.0 0.0
174.0 92.0 0.0
172.0 92.0 0.0
170.0 88.0 0.0
170.0 90.0 0.0
168.0 90.0 0.0
170.0 92.0 0.0
168.0 92.0 0.0
175.0 92.0 0.0
175.0 93.0 0.0
174.0 93.0 0.0
175.0 94.0 0.0
174.0 94.0 0.0
173.0 92.0 0.0
173.0 93.0 0.0
172.0 93.0 0.0
173.0 94.0 0.0
172.0 94.0 0.0
176.0 95.0 0.0
175.0 95.0 0.0
174.0 95.0 0.0
175.0 96.0 0.0
174.0 96.0 0.0
173.0 95.0 0.0
172.0 95.0 0.0
173.0 96.0 0.0
172.0 96.0 0.0
171.0 92.0 0.0
171.0 93.0 0.0
170.0 93.0 0.0
171.0 94.0 0.0
170.0 94.0 0.0
168.0 94.0 0.0
171.0 95.0 0.0
170.0 95.0 0.0
171.0 96.0 0.0
170.0 96.0 0.0
169.0 94.0 0.0
169.0 95.0 0.0
168.0 95.0 0.0
169.0 96.0 0.0
168.0 96.0 0.0
164.0 88.0 0.0
164.0 92.0 0.0
160.0 92.0 0.0
166.0 92.0 0.0
166.0 94.0 0.0
164.0 94.0 0.0
166.0 96.0 0.0
164.0 96.0 0.0
162.0 92.0 0.0
162.0 94.0 0.0
160.0 94.0 0.0
163.0 94.0 0.0
164.0 95.0 0.0
163.0 95.0 0.0
162.0 95.0 0.0
163.0 96.0 0.0
162.0 96.0 0.0
161.0 94.0 0.0
161.0 95.0 0.0
160.0 95.0 0.0
161.0 96.0 0.0
160.0 96.0 0.0
144.0 80.0 0.0
128.0 80.0 0.0
152.0 80.0 0.0
152.0 88.0 0.0
144.0 88.0 0.0
156.0 88.0 0.0
156.0 92.0 0.0
152.0 92.0 0.0
158.0 92.0 0.0
158.0 94.0 0.0
156.0 94.0 0.0
159.0 94.0 0.0
159.0 95.0 0.0
158.0 95.0 0.0
159.0 96.0 0.0
158.0 96.0 0.0
156.0 96.0 0.0
152.0 96.0 0.0
148.0 88.0 0.0
148.0 92.0 0.0
144.0 92.0 0.0
150.0 92.0 0.0
152.0 94.0 0.0
150.0 94.0 0.0
148.0 94.0 0.0
150.0 96.0 0.0
148.0 96.0 0.0
146.0 92.0 0.0
146.0 94.0 0.0
144.0 94.0 0.0
146.0 96.0 0.0
144.0 96.0 0.0
136.0 80.0 0.0
136.0 88.0 0.0
128.0 88.0 0.0
140.0 88.0 0.0
140.0 92.0 0.0
136.0 92.0 0.0
140.0 96.0 0.0
136.0 96.0 0.0
132.0 88.0 0.0
132.0 92.0 0.0
128.0 92.0 0.0
132.0 96.0 0.0
128.0 96.0 0.0
188.0 100.0 0.0
184.0 100.0 0.0
188.0 104.0 0.0
184.0 104.0 0.0
180.0 100.0 0.0
176.0 100.0 0.0
180.0 104.0 0.0
176.0 104.0 0.0
184.0 112.0 0.0
176.0 112.0 0.0
176.0 98.0 0.0
174.0 98.0 0.0
172.0 98.0 0.0
174.0 100.0 0.0
172.0 100.0 0.0
170.0 98.0 0.0
168.0 98.0 0.0
170.0 100.0 0.0
168.0 100.0 0.0
172.0 104.0 0.0
168.0 104.0 0.0
164.0 100.0 0.0
164.0 98.0 0.0
162.0 98.0 0.0
162.0 97.0 0.0
161.0 97.0 0.0
160.0 97.0 0.0
161.0 98.0 0.0
160.0 98.0 0.0
162.0 100.0 0.0
160.0 100.0 0.0
164.0 104.0 0.0
160.0 104.0 0.0
168.0 112.0 0.0
160.0 112.0 0.0
176.0 128.0 0.0
160.0 128.0 0.0
159.0 97.0 0.0
158.0 97.0 0.0
159.0 98.0 0.0
158.0 98.0 0.0
157.0 96.0 0.0
157.0 97.0 0.0
156.0 97.0 0.0
157.0 98.0 0.0
156.0 98.0 0.0
158.0 100.0 0.0
156.0 100.0 0.0
154.0 96.0 0.0
154.0 98.0 0.0
152.0 98.0 0.0
154.0 100.0 0.0
152.0 100.0 0.0
156.0 104.0 0.0
152.0 104.0 0.0
151.0 96.0 0.0
152.0 97.0 0.0
151.0 97.0 0.0
150.0 97.0 0.0
151.0 98.0 0.0
150.0 98.0 0.0
149.0 96.0 0.0
149.0 97.0 0.0
148.0 97.0 0.0
149.0 98.0 0.0
148.0 98.0 0.0
152.0 99.0 0.0
151.0 99.0 0.0
150.0 99.0 0.0
151.0 100.0 0.0
150.0 100.0 0.0
149.0 99.0 0.0
148.0 99.0 0.0
149.0 100.0 0.0
148.0 100.0 0.0
147.0 96.0 0.0
147.0 97.0 0.0
146.0 97.0 0.0
147.0 98.0 0.0
146.0 98.0 0.0
144.0 98.0 0.0
147.0 99.0 0.0
146.0 99.0 0.0
147.0 100.0 0.0
146.0 100.0 0.0
144.0 100.0 0.0
152.0 102.0 0.0
150.0 102.0 0.0
148.0 102.0 0.0
150.0 104.0 0.0
148.0 104.0 0.0
146.0 102.0 0.0
144.0 102.0 0.0
146.0 104.0 0.0
144.0 104.0 0.0
152.0 112.0 0.0
152.0 108.0 0.0
148.0 108.0 0.0
144.0 108.0 0.0
148.0 112.0 0.0
144.0 112.0 0.0
142.0 96.0 0.0
142.0 98.0 0.0
140.0 98.0 0.0
142.0 100.0 0.0
141.0 98.0 0.0
142.0 99.0 0.0
141.0 99.0 0.0
140.0 99.0 0.0
141.0 100.0 0.0
140.0 100.0 0.0
138.0 96.0 0.0
138.0 98.0 0.0
136.0 98.0 0.0
139.0 98.0 0.0
139.0 99.0 0.0
138.0 99.0 0.0
139.0 100.0 0.0
138.0 100.0 0.0
137.0 98.0 0.0
137.0 99.0 0.0
136.0 99.0 0.0
137.0 100.0 0.0
136.0 100.0 0.0
142.0 102.0 0.0
140.0 102.0 0.0
142.0 104.0 0.0
140.0 104.0 0.0
140.0 101.0 0.0
139.0 101.0 0.0
138.0 101.0 0.0
139.0 102.0 0.0
138.0 102.0 0.0
137.0 101.0 0.0
136.0 101.0 0.0
137.0 102.0 0.0
136.0 102.0 0.0
138.0 104.0 0.0
136.0 104.0 0.0
134.0 96.0 0.0
134.0 98.0 0.0
132.0 98.0 0.0
134.0 100.0 0.0
132.0 100.0 0.0
130.0 96.0 0.0
130.0 98.0 0.0
128.0 98.0 0.0
130.0 100.0 0.0
128.0 100.0 0.0
134.0 102.0 0.0
132.0 102.0 0.0
134.0 104.0 0.0
132.0 104.0 0.0
131.0 100.0 0.0
132.0 101.0 0.0
131.0 101.0 0.0
130.0 101.0 0.0
131.0 102.0 0.0
130.0 102.0 0.0
129.0 100.0 0.0
129.0 101.0 0.0
128.0 101.0 0.0
129.0 102.0 0.0
128.0 102.0 0.0
132.0 103.0 0.0
131.0 103.0 0.0
130.0 103.0 0.0
131.0 104.0 0.0
130.0 104.0 0.0
129.0 103.0 0.0
128.0 103.0 0.0
129.0 104.0 0.0
128.0 104.0 0.0
140.0 108.0 0.0
136.0 108.0 0.0
140.0 112.0 0.0
136.0 112.0 0.0
132.0 108.0 0.0
132.0 106.0 0.0
130.0 106.0 0.0
128.0 106.0 0.0
130.0 108.0 0.0
128.0 108.0 0.0
132.0 112.0 0.0
128.0 112.0 0.0
160.0 120.0 0.0
152.0 120.0 0.0
144.0 120.0 0.0
152.0 128.0 0.0
144.0 128.0 0.0
136.0 120.0 0.0
128.0 120.0 0.0
136.0 128.0 0.0
128.0 128.0 0.0
112.0 0.0 0.0
112.0 16.0 0.0
96.0 0.0 0.0
96.0 16.0 0.0
120.0 16.0 0.0
120.0 24.0 0.0
112.0 24.0 0.0
120.0 32.0 0.0
112.0 32.0 0.0
104.0 16.0 0.0
104.0 24.0 0.0
96.0 24.0 0.0
104.0 32.0 0.0
96.0 32.0 0.0
80.0 0.0 0.0
80.0 16.0 0.0
64.0 0.0 0.0
64.0 16.0 0.0
80.0 32.0 0.0
64.0 32.0 0.0
124.0 32.0 0.0
124.0 36.0 0.0
120.0 36.0 0.0
126.0 36.0 0.0
126.0 38.0 0.0
124.0 38.0 0.0
127.0 38.0 0.0
128.0 39.0 0.0
127.0 39.0 0.0
126.0 39.0 0.0
127.0 40.0 0.0
126.0 40.0 0.0
124.0 40.0 0.0
120.0 40.0 0.0
116.0 32.0 0.0
116.0 36.0 0.0
112.0 36.0 0.0
116.0 40.0 0.0
114.0 36.0 0.0
116.0 38.0 0.0
114.0 38.0 0.0
112.0 38.0 0.0
114.0 40.0 0.0
112.0 40.0 0.0
126.0 42.0 0.0
125.0 40.0 0.0
126.0 41.0 0.0
125.0 41.0 0.0
124.0 41.0 0.0
125.0 42.0 0.0
124.0 42.0 0.0
126.0 44.0 0.0
126.0 43.0 0.0
125.0 43.0 0.0
124.0 43.0 0.0
125.0 44.0 0.0
124.0 44.0 0.0
122.0 40.0 0.0
122.0 42.0 0.0
120.0 42.0 0.0
123.0 42.0 0.0
123.0 43.0 0.0
122.0 43.0 0.0
123.0 44.0 0.0
122.0 44.0 0.0
120.0 44.0 0.0
128.0 46.0 0.0
126.0 46.0 0.0
124.0 46.0 0.0
126.0 48.0 0.0
124.0 48.0 0.0
124.0 45.0 0.0
123.0 45.0 0.0
122.0 45.0 0.0
123.0 46.0 0.0
122.0 46.0 0.0
121.0 44.0 0.0
121.0 45.0 0.0
120.0 45.0 0.0
121.0 46.0 0.0
120.0 46.0 0.0
122.0 48.0 0.0
122.0 47.0 0.0
121.0 47.0 0.0
120.0 47.0 0.0
121.0 48.0 0.0
120.0 48.0 0.0
116.0 44.0 0.0
116.0 42.0 0.0
114.0 42.0 0.0
112.0 42.0 0.0
114.0 44.0 0.0
112.0 44.0 0.0
118.0 44.0 0.0
118.0 46.0 0.0
116.0 46.0 0.0
118.0 48.0 0.0
116.0 48.0 0.0
114.0 46.0 0.0
112.0 46.0 0.0
114.0 48.0 0.0
112.0 48.0 0.0
108.0 32.0 0.0
108.0 36.0 0.0
104.0 36.0 0.0
110.0 36.0 0.0
110.0 38.0 0.0
108.0 38.0 0.0
111.0 38.0 0.0
112.0 39.0 0.0
111.0 39.0 0.0
110.0 39.0 0.0
111.0 40.0 0.0
110.0 40.0 0.0
108.0 40.0 0.0
104.0 40.0 0.0
96.0 40.0 0.0
112.0 41.0 0.0
111.0 41.0 0.0
110.0 41.0 0.0
111.0 42.0 0.0
110.0 42.0 0.0
109.0 40.0 0.0
109.0 41.0 0.0
108.0 41.0 0.0
109.0 42.0 0.0
108.0 42.0 0.0
110.0 44.0 0.0
110.0 43.0 0.0
109.0 43.0 0.0
108.0 43.0 0.0
109.0 44.0 0.0
108.0 44.0 0.0
106.0 40.0 0.0
106.0 42.0 0.0
104.0 42.0 0.0
107.0 42.0 0.0
107.0 43.0 0.0
106.0 43.0 0.0
107.0 44.0 0.0
106.0 44.0 0.0
104.0 44.0 0.0
110.0 46.0 0.0
108.0 46.0 0.0
110.0 48.0 0.0
108.0 48.0 0.0
108.0 45.0 0.0
107.0 45.0 0.0
106.0 45.0 0.0
107.0 46.0 0.0
106.0 46.0 0.0
104.0 46.0 0.0
106.0 48.0 0.0
105.0 46.0 0.0
106.0 47.0 0.0
105.0 47.0 0.0
104.0 47.0 0.0
105.0 48.0 0.0
104.0 48.0 0.0
100.0 40.0 0.0
100.0 44.0 0.0
96.0 44.0 0.0
102.0 44.0 0.0
102.0 46.0 0.0
100.0 46.0 0.0
102.0 48.0 0.0
100.0 48.0 0.0
96.0 48.0 0.0
128.0 52.0 0.0
124.0 52.0 0.0
124.0 50.0 0.0
122.0 50.0 0.0
120.0 50.0 0.0
122.0 52.0 0.0
120.0 52.0 0.0
124.0 56.0 0.0
120.0 56.0 0.0
119.0 48.0 0.0
120.0 49.0 0.0
119.0 49.0 0.0
118.0 49.0 0.0
119.0 50.0 0.0
118.0 50.0 0.0
116.0 50.0 0.0
118.0 52.0 0.0
117.0 50.0 0.0
118.0 51.0 0.0
117.0 51.0 0.0
116.0 51.0 0.0
117.0 52.0 0.0
116.0 52.0 0.0
115.0 48.0 0.0
116.0 49.0 0.0
115.0 49.0 0.0
114.0 49.0 0.0
115.0 50.0 0.0
114.0 50.0 0.0
112.0 50.0 0.0
114.0 52.0 0.0
113.0 50.0 0.0
114.0 51.0 0.0
113.0 51.0 0.0
112.0 51.0 0.0
113.0 52.0 0.0
112.0 52.0 0.0
120.0 54.0 0.0
118.0 54.0 0.0
116.0 54.0 0.0
118.0 56.0 0.0
116.0 56.0 0.0
114.0 54.0 0.0
114.0 53.0 0.0
113.0 53.0 0.0
112.0 53.0 0.0
113.0 54.0 0.0
112.0 54.0 0.0
114.0 56.0 0.0
112.0 56.0 0.0
120.0 64.0 0.0
120.0 60.0 0.0
116.0 60.0 0.0
112.0 60.0 0.0
116.0 64.0 0.0
112.0 64.0 0.0
110.0 50.0 0.0
108.0 50.0 0.0
110.0 52.0 0.0
108.0 52.0 0.0
106.0 50.0 0.0
104.0 50.0 0.0
106.0 52.0 0.0
104.0 52.0 0.0
111.0 52.0 0.0
111.0 53.0 0.0
110.0 53.0 0.0
111.0 54.0 0.0
110.0 54.0 0.0
108.0 54.0 0.0
112.0 55.0 0.0
111.0 55.0 0.0
110.0 55.0 0.0
111.0 56.0 0.0
110.0 56.0 0.0
109.0 54.0 0.0
109.0 55.0 0.0
108.0 55.0 0.0
109.0 56.0 0.0
108.0 56.0 0.0
106.0 54.0 0.0
104.0 54.0 0.0
106.0 56.0 0.0
104.0 56.0 0.0
103.0 48.0 0.0
104.0 49.0 0.0
103.0 49.0 0.0
102.0 49.0 0.0
103.0 50.0 0.0
102.0 50.0 0.0
100.0 50.0 0.0
102.0 52.0 0.0
101.0 50.0 0.0
102.0 51.0 0.0
101.0 51.0 0.0
100.0 51.0 0.0
101.0 52.0 0.0
100.0 52.0 0.0
98.0 48.0 0.0
98.0 50.0 0.0
96.0 50.0 0.0
98.0 52.0 0.0
96.0 52.0 0.0
102.0 54.0 0.0
100.0 54.0 0.0
102.0 56.0 0.0
100.0 56.0 0.0
99.0 52.0 0.0
100.0 53.0 0.0
99.0 53.0 0.0
98.0 53.0 0.0
99.0 54.0 0.0
98.0 54.0 0.0
96.0 54.0 0.0
98.0 56.0 0.0
97.0 54.0 0.0
98.0 55.0 0.0
97.0 55.0 0.0
96.0 55.0 0.0
97.0 56.0 0.0
96.0 56.0 0.0
112.0 58.0 0.0
110.0 58.0 0.0
110.0 57.0 0.0
109.0 57.0 0.0
108.0 57.0 0.0
109.0 58.0 0.0
108.0 58.0 0.0
110.0 60.0 0.0
108.0 60.0 0.0
107.0 56.0 0.0
107.0 57.0 0.0
106.0 57.0 0.0
107.0 58.0 0.0
106.0 58.0 0.0
104.0 58.0 0.0
108.0 59.0 0.0
107.0 59.0 0.0
106.0 59.0 0.0
107.0 60.0 0.0
106.0 60.0 0.0
105.0 58.0 0.0
105.0 59.0 0.0
104.0 59.0 0.0
105.0 60.0 0.0
104.0 60.0 0.0
108.0 64.0 0.0
108.0 62.0 0.0
106.0 62.0 0.0
106.0 61.0 0.0
105.0 61.0 0.0
104.0 61.0 0.0
105.0 62.0 0.0
104.0 62.0 0.0
106.0 64.0 0.0
104.0 64.0 0.0
102.0 58.0 0.0
100.0 58.0 0.0
102.0 60.0 0.0
100.0 60.0 0.0
98.0 58.0 0.0
96.0 58.0 0.0
98.0 60.0 0.0
96.0 60.0 0.0
103.0 60.0 0.0
103.0 61.0 0.0
102.0 61.0 0.0
103.0 62.0 0.0
102.0 62.0 0.0
100.0 62.0 0.0
104.0 63.0 0.0
103.0 63.0 0.0
102.0 63.0 0.0
103.0 64.0 0.0
102.0 64.0 0.0
101.0 62.0 0.0
101.0 63.0 0.0
100.0 63.0 0.0
101.0 64.0 0.0
100.0 64.0 0.0
98.0 62.0 0.0
96.0 62.0 0.0
98.0 64.0 0.0
96.0 64.0 0.0
88.0 32.0 0.0
88.0 40.0 0.0
80.0 40.0 0.0
88.0 48.0 0.0
80.0 48.0 0.0
64.0 48.0 0.0
92.0 48.0 0.0
92.0 52.0 0.0
88.0 52.0 0.0
94.0 52.0 0.0
94.0 54.0 0.0
92.0 54.0 0.0
94.0 56.0 0.0
92.0 56.0 0.0
88.0 56.0 0.0
80.0 56.0 0.0
95.0 56.0 0.0
96.0 57.0 0.0
95.0 57.0 0.0
94.0 57.0 0.0
95.0 58.0 0.0
94.0 58.0 0.0
92.0 58.0 0.0
94.0 60.0 0.0
93.0 58.0 0.0
94.0 59.0 0.0
93.0 59.0 0.0
92.0 59.0 0.0
93.0 60.0 0.0
92.0 60.0 0.0
90.0 56.0 0.0
90.0 58.0 0.0
88.0 58.0 0.0
90.0 60.0 0.0
88.0 60.0 0.0
94.0 62.0 0.0
92.0 62.0 0.0
94.0 64.0 0.0
92.0 64.0 0.0
91.0 60.0 0.0
92.0 61.0 0.0
91.0 61.0 0.0
90.0 61.0 0.0
91.0 62.0 0.0
90.0 62.0 0.0
88.0 62.0 0.0
90.0 64.0 0.0
89.0 62.0 0.0
90.0 63.0 0.0
89.0 63.0 0.0
88.0 63.0 0.0
89.0 64.0 0.0
88.0 64.0 0.0
84.0 56.0 0.0
84.0 60.0 0.0
80.0 60.0 0.0
86.0 60.0 0.0
86.0 62.0 0.0
84.0 62.0 0.0
86.0 64.0 0.0
84.0 64.0 0.0
80.0 64.0 0.0
72.0 48.0 0.0
72.0 56.0 0.0
64.0 56.0 0.0
72.0 64.0 0.0
64.0 64.0 0.0
32.0 0.0 0.0
32.0 32.0 0.0
0.0 0.0 0.0
0.0 32.0 0.0
48.0 32.0 0.0
48.0 48.0 0.0
32.0 48.0 0.0
48.0 64.0 0.0
32.0 64.0 0.0
0.0 64.0 0.0
128.0 72.0 0.0
120.0 72.0 0.0
112.0 72.0 0.0
120.0 80.0 0.0
112.0 80.0 0.0
112.0 68.0 0.0
108.0 68.0 0.0
104.0 68.0 0.0
108.0 72.0 0.0
104.0 72.0 0.0
104.0 66.0 0.0
102.0 66.0 0.0
100.0 66.0 0.0
102.0 68.0 0.0
100.0 68.0 0.0
99.0 64.0 0.0
100.0 65.0 0.0
99.0 65.0 0.0
98.0 65.0 0.0
99.0 66.0 0.0
98.0 66.0 0.0
96.0 66.0 0.0
98.0 68.0 0.0
96.0 68.0 0.0
100.0 72.0 0.0
100.0 70.0 0.0
98.0 70.0 0.0
96.0 70.0 0.0
98.0 72.0 0.0
96.0 72.0 0.0
104.0 80.0 0.0
104.0 76.0 0.0
100.0 76.0 0.0
96.0 76.0 0.0
100.0 80.0 0.0
96.0 80.0 0.0
120.0 88.0 0.0
112.0 88.0 0.0
120.0 96.0 0.0
112.0 96.0 0.0
104.0 88.0 0.0
96.0 88.0 0.0
104.0 96.0 0.0
96.0 96.0 0.0
94.0 66.0 0.0
92.0 66.0 0.0
94.0 68.0 0.0
92.0 68.0 0.0
90.0 66.0 0.0
88.0 66.0 0.0
90.0 68.0 0.0
88.0 68.0 0.0
95.0 68.0 0.0
96.0 69.0 0.0
95.0 69.0 0.0
94.0 69.0 0.0
95.0 70.0 0.0
94.0 70.0 0.0
93.0 68.0 0.0
93.0 69.0 0.0
92.0 69.0 0.0
93.0 70.0 0.0
92.0 70.0 0.0
94.0 72.0 0.0
94.0 71.0 0.0
93.0 71.0 0.0
92.0 71.0 0.0
93.0 72.0 0.0
92.0 72.0 0.0
90.0 70.0 0.0
88.0 70.0 0.0
91.0 70.0 0.0
91.0 71.0 0.0
90.0 71.0 0.0
91.0 72.0 0.0
90.0 72.0 0.0
88.0 72.0 0.0
87.0 64.0 0.0
88.0 65.0 0.0
87.0 65.0 0.0
86.0 65.0 0.0
87.0 66.0 0.0
86.0 66.0 0.0
84.0 66.0 0.0
86.0 68.0 0.0
85.0 66.0 0.0
86.0 67.0 0.0
85.0 67.0 0.0
84.0 67.0 0.0
85.0 68.0 0.0
84.0 68.0 0.0
82.0 64.0 0.0
82.0 66.0 0.0
80.0 66.0 0.0
82.0 68.0 0.0
80.0 68.0 0.0
86.0 70.0 0.0
84.0 70.0 0.0
86.0 72.0 0.0
84.0 72.0 0.0
83.0 68.0 0.0
84.0 69.0 0.0
83.0 69.0 0.0
82.0 69.0 0.0
83.0 70.0 0.0
82.0 70.0 0.0
80.0 70.0 0.0
82.0 72.0 0.0
81.0 70.0 0.0
82.0 71.0 0.0
81.0 71.0 0.0
80.0 71.0 0.0
81.0 72.0 0.0
80.0 72.0 0.0
96.0 74.0 0.0
94.0 74.0 0.0
92.0 74.0 0.0
94.0 76.0 0.0
92.0 76.0 0.0
92.0 73.0 0.0
91.0 73.0 0.0
90.0 73.0 0.0
91.0 74.0 0.0
90.0 74.0 0.0
89.0 72.0 0.0
89.0 73.0 0.0
88.0 73.0 0.0
89.0 74.0 0.0
88.0 74.0 0.0
90.0 76.0 0.0
90.0 75.0 0.0
89.0 75.0 0.0
88.0 75.0 0.0
89.0 76.0 0.0
88.0 76.0 0.0
92.0 80.0 0.0
92.0 78.0 0.0
90.0 78.0 0.0
88.0 78.0 0.0
90.0 80.0 0.0
88.0 80.0 0.0
86.0 74.0 0.0
84.0 74.0 0.0
87.0 74.0 0.0
87.0 75.0 0.0
86.0 75.0 0.0
87.0 76.0 0.0
86.0 76.0 0.0
84.0 76.0 0.0
82.0 74.0 0.0
80.0 74.0 0.0
82.0 76.0 0.0
80.0 76.0 0.0
88.0 77.0 0.0
87.0 77.0 0.0
86.0 77.0 0.0
87.0 78.0 0.0
86.0 78.0 0.0
85.0 76.0 0.0
85.0 77.0 0.0
84.0 77.0 0.0
85.0 78.0 0.0
84.0 78.0 0.0
86.0 80.0 0.0
86.0 79.0 0.0
85.0 79.0 0.0
84.0 79.0 0.0
85.0 80.0 0.0
84.0 80.0 0.0
82.0 78.0 0.0
80.0 78.0 0.0
83.0 78.0 0.0
83.0 79.0 0.0
82.0 79.0 0.0
83.0 80.0 0.0
82.0 80.0 0.0
80.0 80.0 0.0
76.0 64.0 0.0
76.0 68.0 0.0
72.0 68.0 0.0
78.0 68.0 0.0
78.0 70.0 0.0
76.0 70.0 0.0
78.0 72.0 0.0
76.0 72.0 0.0
72.0 72.0 0.0
64.0 72.0 0.0
79.0 72.0 0.0
80.0 73.0 0.0
79.0 73.0 0.0
78.0 73.0 0.0
79.0 74.0 0.0
78.0 74.0 0.0
76.0 74.0 0.0
78.0 76.0 0.0
77.0 74.0 0.0
78.0 75.0 0.0
77.0 75.0 0.0
76.0 75.0 0.0
77.0 76.0 0.0
76.0 76.0 0.0
74.0 72.0 0.0
74.0 74.0 0.0
72.0 74.0 0.0
74.0 76.0 0.0
72.0 76.0 0.0
78.0 78.0 0.0
76.0 78.0 0.0
78.0 80.0 0.0
76.0 80.0 0.0
75.0 76.0 0.0
76.0 77.0 0.0
75.0 77.0 0.0
74.0 77.0 0.0
75.0 78.0 0.0
74.0 78.0 0.0
72.0 78.0 0.0
74.0 80.0 0.0
73.0 78.0 0.0
74.0 79.0 0.0
73.0 79.0 0.0
72.0 79.0 0.0
73.0 80.0 0.0
72.0 80.0 0.0
68.0 72.0 0.0
68.0 76.0 0.0
64.0 76.0 0.0
70.0 76.0 0.0
70.0 78.0 0.0
68.0 78.0 0.0
70.0 80.0 0.0
68.0 80.0 0.0
64.0 80.0 0.0
96.0 84.0 0.0
92.0 84.0 0.0
88.0 84.0 0.0
92.0 88.0 0.0
88.0 88.0 0.0
88.0 82.0 0.0
86.0 82.0 0.0
84.0 82.0 0.0
86.0 84.0 0.0
84.0 84.0 0.0
84.0 81.0 0.0
83.0 81.0 0.0
82.0 81.0 0.0
83.0 82.0 0.0
82.0 82.0 0.0
81.0 80.0 0.0
81.0 81.0 0.0
80.0 81.0 0.0
81.0 82.0 0.0
80.0 82.0 0.0
82.0 84.0 0.0
82.0 83.0 0.0
81.0 83.0 0.0
80.0 83.0 0.0
81.0 84.0 0.0
80.0 84.0 0.0
84.0 88.0 0.0
84.0 86.0 0.0
82.0 86.0 0.0
80.0 86.0 0.0
82.0 88.0 0.0
80.0 88.0 0.0
88.0 96.0 0.0
88.0 92.0 0.0
84.0 92.0 0.0
80.0 92.0 0.0
84.0 96.0 0.0
80.0 96.0 0.0
78.0 82.0 0.0
76.0 82.0 0.0
79.0 82.0 0.0
79.0 83.0 0.0
78.0 83.0 0.0
79.0 84.0 0.0
78.0 84.0 0.0
76.0 84.0 0.0
74.0 82.0 0.0
72.0 82.0 0.0
74.0 84.0 0.0
72.0 84.0 0.0
78.0 86.0 0.0
77.0 84.0 0.0
78.0 85.0 0.0
77.0 85.0 0.0
76.0 85.0 0.0
77.0 86.0 0.0
76.0 86.0 0.0
78.0 88.0 0.0
76.0 88.0 0.0
74.0 86.0 0.0
72.0 86.0 0.0
75.0 86.0 0.0
76.0 87.0 0.0
75.0 87.0 0.0
74.0 87.0 0.0
75.0 88.0 0.0
74.0 88.0 0.0
72.0 88.0 0.0
71.0 80.0 0.0
72.0 81.0 0.0
71.0 81.0 0.0
70.0 81.0 0.0
71.0 82.0 0.0
70.0 82.0 0.0
68.0 82.0 0.0
70.0 84.0 0.0
69.0 82.0 0.0
70.0 83.0 0.0
69.0 83.0 0.0
68.0 83.0 0.0
69.0 84.0 0.0
68.0 84.0 0.0
66.0 80.0 0.0
66.0 82.0 0.0
64.0 82.0 0.0
66.0 84.0 0.0
65.0 82.0 0.0
66.0 83.0 0.0
65.0 83.0 0.0
64.0 83.0 0.0
65.0 84.0 0.0
64.0 84.0 0.0
70.0 86.0 0.0
68.0 86.0 0.0
70.0 88.0 0.0
68.0 88.0 0.0
67.0 84.0 0.0
68.0 85.0 0.0
67.0 85.0 0.0
66.0 85.0 0.0
67.0 86.0 0.0
66.0 86.0 0.0
64.0 86.0 0.0
66.0 88.0 0.0
65.0 86.0 0.0
66.0 87.0 0.0
65.0 87.0 0.0
64.0 87.0 0.0
65.0 88.0 0.0
64.0 88.0 0.0
76.0 92.0 0.0
76.0 90.0 0.0
74.0 90.0 0.0
73.0 88.0 0.0
74.0 89.0 0.0
73.0 89.0 0.0
72.0 89.0 0.0
73.0 90.0 0.0
72.0 90.0 0.0
74.0 92.0 0.0
72.0 92.0 0.0
76.0 96.0 0.0
72.0 96.0 0.0
71.0 88.0 0.0
71.0 89.0 0.0
70.0 89.0 0.0
71.0 90.0 0.0
70.0 90.0 0.0
68.0 90.0 0.0
72.0 91.0 0.0
71.0 91.0 0.0
70.0 91.0 0.0
71.0 92.0 0.0
70.0 92.0 0.0
69.0 90.0 0.0
69.0 91.0 0.0
68.0 91.0 0.0
69.0 92.0 0.0
68.0 92.0 0.0
66.0 90.0 0.0
64.0 90.0 0.0
66.0 92.0 0.0
64.0 92.0 0.0
72.0 94.0 0.0
70.0 94.0 0.0
70.0 93.0 0.0
69.0 93.0 0.0
68.0 93.0 0.0
69.0 94.0 0.0
68.0 94.0 0.0
70.0 96.0 0.0
68.0 96.0 0.0
67.0 92.0 0.0
67.0 93.0 0.0
66.0 93.0 0.0
67.0 94.0 0.0
66.0 94.0 0.0
64.0 94.0 0.0
68.0 95.0 0.0
67.0 95.0 0.0
66.0 95.0 0.0
67.0 96.0 0.0
66.0 96.0 0.0
65.0 94.0 0.0
65.0 95.0 0.0
64.0 95.0 0.0
65.0 96.0 0.0
64.0 96.0 0.0
124.0 96.0 0.0
124.0 100.0 0.0
120.0 100.0 0.0
126.0 100.0 0.0
126.0 102.0 0.0
124.0 102.0 0.0
127.0 102.0 0.0
127.0 103.0 0.0
126.0 103.0 0.0
127.0 104.0 0.0
126.0 104.0 0.0
124.0 104.0 0.0
122.0 100.0 0.0
122.0 102.0 0.0
120.0 102.0 0.0
123.0 102.0 0.0
124.0 103.0 0.0
123.0 103.0 0.0
122.0 103.0 0.0
123.0 104.0 0.0
122.0 104.0 0.0
121.0 102.0 0.0
121.0 103.0 0.0
120.0 103.0 0.0
121.0 104.0 0.0
120.0 104.0 0.0
116.0 96.0 0.0
116.0 100.0 0.0
112.0 100.0 0.0
118.0 100.0 0.0
118.0 102.0 0.0
116.0 102.0 0.0
119.0 102.0 0.0
119.0 103.0 0.0
118.0 103.0 0.0
119.0 104.0 0.0
118.0 104.0 0.0
116.0 104.0 0.0
114.0 100.0 0.0
114.0 102.0 0.0
112.0 102.0 0.0
114.0 104.0 0.0
112.0 104.0 0.0
126.0 106.0 0.0
124.0 106.0 0.0
126.0 108.0 0.0
124.0 108.0 0.0
122.0 106.0 0.0
122.0 105.0 0.0
121.0 105.0 0.0
120.0 105.0 0.0
121.0 106.0 0.0
120.0 106.0 0.0
122.0 108.0 0.0
120.0 108.0 0.0
124.0 112.0 0.0
120.0 112.0 0.0
119.0 105.0 0.0
118.0 105.0 0.0
119.0 106.0 0.0
118.0 106.0 0.0
116.0 106.0 0.0
118.0 108.0 0.0
116.0 108.0 0.0
115.0 104.0 0.0
116.0 105.0 0.0
115.0 105.0 0.0
114.0 105.0 0.0
115.0 106.0 0.0
114.0 106.0 0.0
113.0 104.0 0.0
113.0 105.0 0.0
112.0 105.0 0.0
113.0 106.0 0.0
112.0 106.0 0.0
114.0 108.0 0.0
114.0 107.0 0.0
113.0 107.0 0.0
112.0 107.0 0.0
113.0 108.0 0.0
112.0 108.0 0.0
116.0 112.0 0.0
116.0 110.0 0.0
114.0 110.0 0.0
112.0 110.0 0.0
114.0 112.0 0.0
112.0 112.0 0.0
108.0 96.0 0.0
108.0 100.0 0.0
104.0 100.0 0.0
110.0 100.0 0.0
110.0 102.0 0.0
108.0 102.0 0.0
110.0 104.0 0.0
108.0 104.0 0.0
104.0 104.0 0.0
100.0 96.0 0.0
100.0 100.0 0.0
96.0 100.0 0.0
100.0 104.0 0.0
96.0 104.0 0.0
111.0 104.0 0.0
111.0 105.0 0.0
110.0 105.0 0.0
111.0 106.0 0.0
110.0 106.0 0.0
108.0 106.0 0.0
111.0 107.0 0.0
110.0 107.0 0.0
111.0 108.0 0.0
110.0 108.0 0.0
108.0 108.0 0.0
106.0 104.0 0.0
106.0 106.0 0.0
104.0 106.0 0.0
107.0 106.0 0.0
108.0 107.0 0.0
107.0 107.0 0.0
106.0 107.0 0.0
107.0 108.0 0.0
106.0 108.0 0.0
105.0 106.0 0.0
105.0 107.0 0.0
104.0 107.0 0.0
105.0 108.0 0.0
104.0 108.0 0.0
110.0 110.0 0.0
108.0 110.0 0.0
110.0 112.0 0.0
108.0 112.0 0.0
108.0 109.0 0.0
107.0 109.0 0.0
106.0 109.0 0.0
107.0 110.0 0.0
106.0 110.0 0.0
105.0 109.0 0.0
104.0 109.0 0.0
105.0 110.0 0.0
104.0 110.0 0.0
106.0 112.0 0.0
104.0 112.0 0.0
102.0 104.0 0.0
102.0 106.0 0.0
100.0 106.0 0.0
102.0 108.0 0.0
100.0 108.0 0.0
98.0 104.0 0.0
98.0 106.0 0.0
96.0 106.0 0.0
98.0 108.0 0.0
96.0 108.0 0.0
103.0 108.0 0.0
103.0 109.0 0.0
102.0 109.0 0.0
103.0 110.0 0.0
102.0 110.0 0.0
100.0 110.0 0.0
102.0 112.0 0.0
100.0 112.0 0.0
99.0 108.0 0.0
100.0 109.0 0.0
99.0 109.0 0.0
98.0 109.0 0.0
99.0 110.0 0.0
98.0 110.0 0.0
97.0 108.0 0.0
97.0 109.0 0.0
96.0 109.0 0.0
97.0 110.0 0.0
96.0 110.0 0.0
100.0 111.0 0.0
99.0 111.0 0.0
98.0 111.0 0.0
99.0 112.0 0.0
98.0 112.0 0.0
97.0 111.0 0.0
96.0 111.0 0.0
97.0 112.0 0.0
96.0 112.0 0.0
120.0 120.0 0.0
120.0 116.0 0.0
116.0 116.0 0.0
112.0 116.0 0.0
116.0 120.0 0.0
112.0 120.0 0.0
120.0 128.0 0.0
112.0 128.0 0.0
108.0 116.0 0.0
104.0 116.0 0.0
108.0 120.0 0.0
104.0 120.0 0.0
100.0 116.0 0.0
100.0 114.0 0.0
98.0 114.0 0.0
96.0 114.0 0.0
98.0 116.0 0.0
96.0 116.0 0.0
100.0 120.0 0.0
96.0 120.0 0.0
104.0 128.0 0.0
96.0 128.0 0.0
88.0 104.0 0.0
80.0 104.0 0.0
92.0 104.0 0.0
92.0 108.0 0.0
88.0 108.0 0.0
94.0 108.0 0.0
94.0 110.0 0.0
92.0 110.0 0.0
95.0 110.0 0.0
95.0 111.0 0.0
94.0 111.0 0.0
95.0 112.0 0.0
94.0 112.0 0.0
93.0 110.0 0.0
93.0 111.0 0.0
92.0 111.0 0.0
93.0 112.0 0.0
92.0 112.0 0.0
90.0 108.0 0.0
90.0 110.0 0.0
88.0 110.0 0.0
91.0 110.0 0.0
91.0 111.0 0.0
90.0 111.0 0.0
91.0 112.0 0.0
90.0 112.0 0.0
88.0 112.0 0.0
84.0 104.0 0.0
84.0 108.0 0.0
80.0 108.0 0.0
86.0 108.0 0.0
86.0 110.0 0.0
84.0 110.0 0.0
86.0 112.0 0.0
84.0 112.0 0.0
82.0 108.0 0.0
82.0 110.0 0.0
80.0 110.0 0.0
82.0 112.0 0.0
80.0 112.0 0.0
72.0 104.0 0.0
72.0 100.0 0.0
68.0 100.0 0.0
68.0 98.0 0.0
66.0 98.0 0.0
66.0 97.0 0.0
65.0 97.0 0.0
64.0 97.0 0.0
65.0 98.0 0.0
64.0 98.0 0.0
66.0 100.0 0.0
64.0 100.0 0.0
68.0 104.0 0.0
64.0 104.0 0.0
76.0 104.0 0.0
76.0 108.0 0.0
72.0 108.0 0.0
76.0 112.0 0.0
72.0 112.0 0.0
68.0 108.0 0.0
64.0 108.0 0.0
68.0 112.0 0.0
64.0 112.0 0.0
94.0 114.0 0.0
92.0 114.0 0.0
94.0 116.0 0.0
92.0 116.0 0.0
92.0 113.0 0.0
91.0 113.0 0.0
90.0 113.0 0.0
91.0 114.0 0.0
90.0 114.0 0.0
89.0 112.0 0.0
89.0 113.0 0.0
88.0 113.0 0.0
89.0 114.0 0.0
88.0 114.0 0.0
90.0 116.0 0.0
88.0 116.0 0.0
92.0 120.0 0.0
88.0 120.0 0.0
86.0 114.0 0.0
85.0 112.0 0.0
86.0 113.0 0.0
85.0 113.0 0.0
84.0 113.0 0.0
85.0 114.0 0.0
84.0 114.0 0.0
86.0 116.0 0.0
86.0 115.0 0.0
85.0 115.0 0.0
84.0 115.0 0.0
85.0 116.0 0.0
84.0 116.0 0.0
83.0 112.0 0.0
83.0 113.0 0.0
82.0 113.0 0.0
83.0 114.0 0.0
82.0 114.0 0.0
80.0 114.0 0.0
83.0 115.0 0.0
82.0 115.0 0.0
83.0 116.0 0.0
82.0 116.0 0.0
80.0 116.0 0.0
88.0 118.0 0.0
86.0 118.0 0.0
84.0 118.0 0.0
86.0 120.0 0.0
84.0 120.0 0.0
82.0 118.0 0.0
80.0 118.0 0.0
82.0 120.0 0.0
80.0 120.0 0.0
88.0 128.0 0.0
88.0 124.0 0.0
84.0 124.0 0.0
80.0 124.0 0.0
84.0 128.0 0.0
80.0 128.0 0.0
78.0 112.0 0.0
78.0 114.0 0.0
76.0 114.0 0.0
79.0 114.0 0.0
80.0 115.0 0.0
79.0 115.0 0.0
78.0 115.0 0.0
79.0 116.0 0.0
78.0 116.0 0.0
77.0 114.0 0.0
77.0 115.0 0.0
76.0 115.0 0.0
77.0 116.0 0.0
76.0 116.0 0.0
74.0 112.0 0.0
74.0 114.0 0.0
72.0 114.0 0.0
74.0 116.0 0.0
72.0 116.0 0.0
80.0 117.0 0.0
79.0 117.0 0.0
78.0 117.0 0.0
79.0 118.0 0.0
78.0 118.0 0.0
77.0 117.0 0.0
76.0 117.0 0.0
77.0 118.0 0.0
76.0 118.0 0.0
78.0 120.0 0.0
76.0 120.0 0.0
74.0 118.0 0.0
73.0 116.0 0.0
74.0 117.0 0.0
73.0 117.0 0.0
72.0 117.0 0.0
73.0 118.0 0.0
72.0 118.0 0.0
74.0 120.0 0.0
74.0 119.0 0.0
73.0 119.0 0.0
72.0 119.0 0.0
73.0 120.0 0.0
72.0 120.0 0.0
70.0 112.0 0.0
70.0 114.0 0.0
68.0 114.0 0.0
70.0 116.0 0.0
68.0 116.0 0.0
64.0 116.0 0.0
71.0 116.0 0.0
71.0 117.0 0.0
70.0 117.0 0.0
71.0 118.0 0.0
70.0 118.0 0.0
68.0 118.0 0.0
71.0 119.0 0.0
70.0 119.0 0.0
71.0 120.0 0.0
70.0 120.0 0.0
68.0 120.0 0.0
66.0 116.0 0.0
66.0 118.0 0.0
64.0 118.0 0.0
67.0 118.0 0.0
68.0 119.0 0.0
67.0 119.0 0.0
66.0 119.0 0.0
67.0 120.0 0.0
66.0 120.0 0.0
65.0 118.0 0.0
65.0 119.0 0.0
64.0 119.0 0.0
65.0 120.0 0.0
64.0 120.0 0.0
76.0 124.0 0.0
76.0 122.0 0.0
74.0 122.0 0.0
72.0 122.0 0.0
74.0 124.0 0.0
72.0 124.0 0.0
76.0 128.0 0.0
72.0 128.0 0.0
70.0 122.0 0.0
68.0 122.0 0.0
70.0 124.0 0.0
68.0 124.0 0.0
68.0 121.0 0.0
67.0 121.0 0.0
66.0 121.0 0.0
67.0 122.0 0.0
66.0 122.0 0.0
65.0 121.0 0.0
64.0 121.0 0.0
65.0 122.0 0.0
64.0 122.0 0.0
66.0 124.0 0.0
64.0 124.0 0.0
68.0 128.0 0.0
64.0 128.0 0.0
56.0 64.0 0.0
56.0 72.0 0.0
48.0 72.0 0.0
60.0 72.0 0.0
60.0 76.0 0.0
56.0 76.0 0.0
60.0 80.0 0.0
56.0 80.0 0.0
48.0 80.0 0.0
32.0 80.0 0.0
62.0 80.0 0.0
62.0 82.0 0.0
60.0 82.0 0.0
62.0 84.0 0.0
60.0 84.0 0.0
56.0 84.0 0.0
63.0 84.0 0.0
64.0 85.0 0.0
63.0 85.0 0.0
62.0 85.0 0.0
63.0 86.0 0.0
62.0 86.0 0.0
60.0 86.0 0.0
62.0 88.0 0.0
61.0 86.0 0.0
62.0 87.0 0.0
61.0 87.0 0.0
60.0 87.0 0.0
61.0 88.0 0.0
60.0 88.0 0.0
58.0 84.0 0.0
58.0 86.0 0.0
56.0 86.0 0.0
58.0 88.0 0.0
56.0 88.0 0.0
52.0 80.0 0.0
52.0 84.0 0.0
48.0 84.0 0.0
54.0 84.0 0.0
54.0 86.0 0.0
52.0 86.0 0.0
54.0 88.0 0.0
52.0 88.0 0.0
48.0 88.0 0.0
62.0 90.0 0.0
60.0 90.0 0.0
62.0 92.0 0.0
61.0 90.0 0.0
62.0 91.0 0.0
61.0 91.0 0.0
60.0 91.0 0.0
61.0 92.0 0.0
60.0 92.0 0.0
59.0 88.0 0.0
60.0 89.0 0.0
59.0 89.0 0.0
58.0 89.0 0.0
59.0 90.0 0.0
58.0 90.0 0.0
57.0 88.0 0.0
57.0 89.0 0.0
56.0 89.0 0.0
57.0 90.0 0.0
56.0 90.0 0.0
58.0 92.0 0.0
56.0 92.0 0.0
62.0 94.0 0.0
60.0 94.0 0.0
62.0 96.0 0.0
60.0 96.0 0.0
59.0 92.0 0.0
60.0 93.0 0.0
59.0 93.0 0.0
58.0 93.0 0.0
59.0 94.0 0.0
58.0 94.0 0.0
56.0 94.0 0.0
58.0 96.0 0.0
57.0 94.0 0.0
58.0 95.0 0.0
57.0 95.0 0.0
56.0 95.0 0.0
57.0 96.0 0.0
56.0 96.0 0.0
54.0 90.0 0.0
52.0 90.0 0.0
54.0 92.0 0.0
53.0 90.0 0.0
54.0 91.0 0.0
53.0 91.0 0.0
52.0 91.0 0.0
53.0 92.0 0.0
52.0 92.0 0.0
50.0 88.0 0.0
50.0 90.0 0.0
48.0 90.0 0.0
50.0 92.0 0.0
48.0 92.0 0.0
54.0 94.0 0.0
54.0 93.0 0.0
53.0 93.0 0.0
52.0 93.0 0.0
53.0 94.0 0.0
52.0 94.0 0.0
55.0 94.0 0.0
55.0 95.0 0.0
54.0 95.0 0.0
55.0 96.0 0.0
54.0 96.0 0.0
52.0 96.0 0.0
50.0 94.0 0.0
48.0 94.0 0.0
50.0 96.0 0.0
48.0 96.0 0.0
40.0 80.0 0.0
40.0 88.0 0.0
32.0 88.0 0.0
44.0 88.0 0.0
44.0 92.0 0.0
40.0 92.0 0.0
44.0 96.0 0.0
40.0 96.0 0.0
32.0 96.0 0.0
16.0 64.0 0.0
16.0 80.0 0.0
0.0 80.0 0.0
16.0 96.0 0.0
0.0 96.0 0.0
63.0 96.0 0.0
63.0 97.0 0.0
62.0 97.0 0.0
63.0 98.0 0.0
62.0 98.0 0.0
60.0 98.0 0.0
64.0 99.0 0.0
63.0 99.0 0.0
62.0 99.0 0.0
63.0 100.0 0.0
62.0 100.0 0.0
61.0 98.0 0.0
61.0 99.0 0.0
60.0 99.0 0.0
61.0 100.0 0.0
60.0 100.0 0.0
58.0 98.0 0.0
56.0 98.0 0.0
58.0 100.0 0.0
56.0 100.0 0.0
64.0 102.0 0.0
62.0 102.0 0.0
62.0 101.0 0.0
61.0 101.0 0.0
60.0 101.0 0.0
61.0 102.0 0.0
60.0 102.0 0.0
62.0 104.0 0.0
60.0 104.0 0.0
59.0 100.0 0.0
59.0 101.0 0.0
58.0 101.0 0.0
59.0 102.0 0.0
58.0 102.0 0.0
56.0 102.0 0.0
60.0 103.0 0.0
59.0 103.0 0.0
58.0 103.0 0.0
59.0 104.0 0.0
58.0 104.0 0.0
57.0 102.0 0.0
57.0 103.0 0.0
56.0 103.0 0.0
57.0 104.0 0.0
56.0 104.0 0.0
54.0 98.0 0.0
52.0 98.0 0.0
54.0 100.0 0.0
52.0 100.0 0.0
48.0 100.0 0.0
54.0 102.0 0.0
52.0 102.0 0.0
54.0 104.0 0.0
52.0 104.0 0.0
48.0 104.0 0.0
60.0 108.0 0.0
60.0 106.0 0.0
58.0 106.0 0.0
56.0 106.0 0.0
58.0 108.0 0.0
56.0 108.0 0.0
60.0 112.0 0.0
56.0 112.0 0.0
54.0 106.0 0.0
52.0 106.0 0.0
54.0 108.0 0.0
53.0 106.0 0.0
54.0 107.0 0.0
53.0 107.0 0.0
52.0 107.0 0.0
53.0 108.0 0.0
52.0 108.0 0.0
50.0 104.0 0.0
50.0 106.0 0.0
48.0 106.0 0.0
50.0 108.0 0.0
48.0 108.0 0.0
56.0 110.0 0.0
54.0 110.0 0.0
52.0 110.0 0.0
54.0 112.0 0.0
52.0 112.0 0.0
51.0 108.0 0.0
52.0 109.0 0.0
51.0 109.0 0.0
50.0 109.0 0.0
51.0 110.0 0.0
50.0 110.0 0.0
49.0 108.0 0.0
49.0 109.0 0.0
48.0 109.0 0.0
49.0 110.0 0.0
48.0 110.0 0.0
50.0 112.0 0.0
50.0 111.0 0.0
49.0 111.0 0.0
48.0 111.0 0.0
49.0 112.0 0.0
48.0 112.0 0.0
40.0 104.0 0.0
32.0 104.0 0.0
44.0 104.0 0.0
44.0 108.0 0.0
40.0 108.0 0.0
46.0 108.0 0.0
46.0 110.0 0.0
44.0 110.0 0.0
47.0 110.0 0.0
47.0 111.0 0.0
46.0 111.0 0.0
47.0 112.0 0.0
46.0 112.0 0.0
44.0 112.0 0.0
40.0 112.0 0.0
32.0 112.0 0.0
60.0 116.0 0.0
56.0 116.0 0.0
62.0 116.0 0.0
62.0 118.0 0.0
60.0 118.0 0.0
62.0 120.0 0.0
60.0 120.0 0.0
56.0 120.0 0.0
52.0 116.0 0.0
52.0 114.0 0.0
50.0 114.0 0.0
48.0 114.0 0.0
50.0 116.0 0.0
48.0 116.0 0.0
52.0 120.0 0.0
48.0 120.0 0.0
62.0 122.0 0.0
61.0 120.0 0.0
62.0 121.0 0.0
61.0 121.0 0.0
60.0 121.0 0.0
61.0 122.0 0.0
60.0 122.0 0.0
62.0 124.0 0.0
62.0 123.0 0.0
61.0 123.0 0.0
60.0 123.0 0.0
61.0 124.0 0.0
60.0 124.0 0.0
58.0 120.0 0.0
58.0 122.0 0.0
56.0 122.0 0.0
59.0 122.0 0.0
59.0 123.0 0.0
58.0 123.0 0.0
59.0 124.0 0.0
58.0 124.0 0.0
57.0 122.0 0.0
57.0 123.0 0.0
56.0 123.0 0.0
57.0 124.0 0.0
56.0 124.0 0.0
64.0 126.0 0.0
62.0 126.0 0.0
60.0 126.0 0.0
62.0 128.0 0.0
60.0 128.0 0.0
58.0 126.0 0.0
56.0 126.0 0.0
58.0 128.0 0.0
56.0 128.0 0.0
54.0 120.0 0.0
54.0 122.0 0.0
52.0 122.0 0.0
55.0 122.0 0.0
55.0 123.0 0.0
54.0 123.0 0.0
55.0 124.0 0.0
54.0 124.0 0.0
52.0 124.0 0.0
50.0 120.0 0.0
50.0 122.0 0.0
48.0 122.0 0.0
50.0 124.0 0.0
48.0 124.0 0.0
56.0 125.0 0.0
55.0 125.0 0.0
54.0 125.0 0.0
55.0 126.0 0.0
54.0 126.0 0.0
52.0 126.0 0.0
54.0 128.0 0.0
52.0 128.0 0.0
51.0 124.0 0.0
52.0 125.0 0.0
51.0 125.0 0.0
50.0 125.0 0.0
51.0 126.0 0.0
50.0 126.0 0.0
49.0 124.0 0.0
49.0 125.0 0.0
48.0 125.0 0.0
49.0 126.0 0.0
48.0 126.0 0.0
52.0 127.0 0.0
51.0 127.0 0.0
50.0 127.0 0.0
51.0 128.0 0.0
50.0 128.0 0.0
49.0 127.0 0.0
48.0 127.0 0.0
49.0 128.0 0.0
48.0 128.0 0.0
48.0 113.0 0.0
47.0 113.0 0.0
46.0 113.0 0.0
47.0 114.0 0.0
46.0 114.0 0.0
45.0 112.0 0.0
45.0 113.0 0.0
44.0 113.0 0.0
45.0 114.0 0.0
44.0 114.0 0.0
46.0 116.0 0.0
46.0 115.0 0.0
45.0 115.0 0.0
44.0 115.0 0.0
45.0 116.0 0.0
44.0 116.0 0.0
42.0 112.0 0.0
42.0 114.0 0.0
40.0 114.0 0.0
43.0 114.0 0.0
43.0 115.0 0.0
42.0 115.0 0.0
43.0 116.0 0.0
42.0 116.0 0.0
40.0 116.0 0.0
48.0 118.0 0.0
46.0 118.0 0.0
44.0 118.0 0.0
46.0 120.0 0.0
44.0 120.0 0.0
44.0 117.0 0.0
43.0 117.0 0.0
42.0 117.0 0.0
43.0 118.0 0.0
42.0 118.0 0.0
41.0 116.0 0.0
41.0 117.0 0.0
40.0 117.0 0.0
41.0 118.0 0.0
40.0 118.0 0.0
42.0 120.0 0.0
42.0 119.0 0.0
41.0 119.0 0.0
40.0 119.0 0.0
41.0 120.0 0.0
40.0 120.0 0.0
36.0 112.0 0.0
36.0 116.0 0.0
32.0 116.0 0.0
38.0 116.0 0.0
38.0 118.0 0.0
36.0 118.0 0.0
39.0 118.0 0.0
39.0 119.0 0.0
38.0 119.0 0.0
39.0 120.0 0.0
38.0 120.0 0.0
36.0 120.0 0.0
32.0 120.0 0.0
44.0 124.0 0.0
44.0 122.0 0.0
42.0 122.0 0.0
40.0 122.0 0.0
42.0 124.0 0.0
40.0 124.0 0.0
46.0 124.0 0.0
46.0 126.0 0.0
44.0 126.0 0.0
46.0 128.0 0.0
45.0 126.0 0.0
46.0 127.0 0.0
45.0 127.0 0.0
44.0 127.0 0.0
45.0 128.0 0.0
44.0 128.0 0.0
42.0 126.0 0.0
40.0 126.0 0.0
42.0 128.0 0.0
40.0 128.0 0.0
40.0 121.0 0.0
39.0 121.0 0.0
38.0 121.0 0.0
39.0 122.0 0.0
38.0 122.0 0.0
37.0 120.0 0.0
37.0 121.0 0.0
36.0 121.0 0.0
37.0 122.0 0.0
36.0 122.0 0.0
38.0 124.0 0.0
38.0 123.0 0.0
37.0 123.0 0.0
36.0 123.0 0.0
37.0 124.0 0.0
36.0 124.0 0.0
34.0 120.0 0.0
34.0 122.0 0.0
32.0 122.0 0.0
35.0 122.0 0.0
35.0 123.0 0.0
34.0 123.0 0.0
35.0 124.0 0.0
34.0 124.0 0.0
32.0 124.0 0.0
38.0 126.0 0.0
36.0 126.0 0.0
38.0 128.0 0.0
36.0 128.0 0.0
36.0 125.0 0.0
35.0 125.0 0.0
34.0 125.0 0.0
35.0 126.0 0.0
34.0 126.0 0.0
33.0 124.0 0.0
33.0 125.0 0.0
32.0 125.0 0.0
33.0 126.0 0.0
32.0 126.0 0.0
34.0 128.0 0.0
34.0 127.0 0.0
33.0 127.0 0.0
32.0 127.0 0.0
33.0 128.0 0.0
32.0 128.0 0.0
16.0 112.0 0.0
0.0 112.0 0.0
24.0 112.0 0.0
24.0 120.0 0.0
16.0 120.0 0.0
28.0 120.0 0.0
28.0 124.0 0.0
24.0 124.0 0.0
30.0 124.0 0.0
30.0 126.0 0.0
28.0 126.0 0.0
31.0 126.0 0.0
31.0 127.0 0.0
30.0 127.0 0.0
31.0 128.0 0.0
30.0 128.0 0.0
28.0 128.0 0.0
26.0 124.0 0.0
26.0 126.0 0.0
24.0 126.0 0.0
26.0 128.0 0.0
24.0 128.0 0.0
20.0 120.0 0.0
20.0 124.0 0.0
16.0 124.0 0.0
20.0 128.0 0.0
16.0 128.0 0.0
8.0 112.0 0.0
8.0 120.0 0.0
0.0 120.0 0.0
8.0 128.0 0.0
0.0 128.0 0.0
240.0 144.0 0.0
224.0 144.0 0.0
248.0 144.0 0.0
248.0 152.0 0.0
240.0 152.0 0.0
248.0 160.0 0.0
244.0 152.0 0.0
248.0 156.0 0.0
244.0 156.0 0.0
240.0 156.0 0.0
244.0 160.0 0.0
240.0 160.0 0.0
232.0 144.0 0.0
232.0 152.0 0.0
224.0 152.0 0.0
236.0 152.0 0.0
236.0 156.0 0.0
232.0 156.0 0.0
236.0 160.0 0.0
232.0 160.0 0.0
224.0 160.0 0.0
208.0 144.0 0.0
192.0 144.0 0.0
216.0 144.0 0.0
216.0 152.0 0.0
208.0 152.0 0.0
216.0 160.0 0.0
208.0 160.0 0.0
192.0 160.0 0.0
252.0 160.0 0.0
252.0 164.0 0.0
248.0 164.0 0.0
252.0 168.0 0.0
248.0 168.0 0.0
240.0 168.0 0.0
254.0 168.0 0.0
256.0 170.0 0.0
254.0 170.0 0.0
252.0 170.0 0.0
254.0 172.0 0.0
252.0 172.0 0.0
248.0 172.0 0.0
254.0 174.0 0.0
252.0 174.0 0.0
254.0 176.0 0.0
252.0 176.0 0.0
248.0 176.0 0.0
240.0 176.0 0.0
232.0 168.0 0.0
224.0 168.0 0.0
232.0 176.0 0.0
224.0 176.0 0.0
255.0 176.0 0.0
256.0 177.0 0.0
255.0 177.0 0.0
254.0 177.0 0.0
255.0 178.0 0.0
254.0 178.0 0.0
252.0 178.0 0.0
254.0 180.0 0.0
252.0 180.0 0.0
248.0 180.0 0.0
252.0 184.0 0.0
248.0 184.0 0.0
240.0 184.0 0.0
252.0 188.0 0.0
248.0 188.0 0.0
252.0 192.0 0.0
248.0 192.0 0.0
244.0 184.0 0.0
244.0 188.0 0.0
240.0 188.0 0.0
246.0 188.0 0.0
248.0 190.0 0.0
246.0 190.0 0.0
244.0 190.0 0.0
246.0 192.0 0.0
244.0 192.0 0.0
242.0 188.0 0.0
242.0 190.0 0.0
240.0 190.0 0.0
242.0 192.0 0.0
240.0 192.0 0.0
236.0 176.0 0.0
240.0 180.0 0.0
236.0 180.0 0.0
232.0 180.0 0.0
236.0 184.0 0.0
232.0 184.0 0.0
228.0 176.0 0.0
228.0 180.0 0.0
224.0 180.0 0.0
228.0 184.0 0.0
224.0 184.0 0.0
236.0 188.0 0.0
234.0 184.0 0.0
236.0 186.0 0.0
234.0 186.0 0.0
232.0 186.0 0.0
234.0 188.0 0.0
233.0 186.0 0.0
234.0 187.0 0.0
233.0 187.0 0.0
232.0 187.0 0.0
233.0 188.0 0.0
232.0 188.0 0.0
238.0 188.0 0.0
238.0 190.0 0.0
236.0 190.0 0.0
238.0 192.0 0.0
236.0 192.0 0.0
234.0 190.0 0.0
232.0 190.0 0.0
234.0 192.0 0.0
232.0 192.0 0.0
230.0 184.0 0.0
230.0 186.0 0.0
228.0 186.0 0.0
231.0 186.0 0.0
231.0 187.0 0.0
230.0 187.0 0.0
231.0 188.0 0.0
230.0 188.0 0.0
228.0 188.0 0.0
224.0 188.0 0.0
230.0 190.0 0.0
229.0 188.0 0.0
230.0 189.0 0.0
229.0 189.0 0.0
228.0 189.0 0.0
229.0 190.0 0.0
228.0 190.0 0.0
230.0 192.0 0.0
228.0 192.0 0.0
226.0 188.0 0.0
226.0 190.0 0.0
224.0 190.0 0.0
226.0 192.0 0.0
224.0 192.0 0.0
208.0 176.0 0.0
192.0 176.0 0.0
216.0 176.0 0.0
216.0 184.0 0.0
208.0 184.0 0.0
220.0 184.0 0.0
220.0 188.0 0.0
216.0 188.0 0.0
220.0 192.0 0.0
216.0 192.0 0.0
208.0 192.0 0.0
192.0 192.0 0.0
176.0 144.0 0.0
160.0 144.0 0.0
176.0 160.0 0.0
168.0 144.0 0.0
176.0 152.0 0.0
168.0 152.0 0.0
160.0 152.0 0.0
168.0 160.0 0.0
160.0 160.0 0.0
144.0 144.0 0.0
128.0 144.0 0.0
144.0 160.0 0.0
128.0 160.0 0.0
184.0 160.0 0.0
192.0 168.0 0.0
184.0 168.0 0.0
176.0 168.0 0.0
184.0 176.0 0.0
176.0 176.0 0.0
172.0 160.0 0.0
176.0 164.0 0.0
172.0 164.0 0.0
168.0 164.0 0.0
172.0 168.0 0.0
168.0 168.0 0.0
160.0 168.0 0.0
168.0 176.0 0.0
160.0 176.0 0.0
192.0 184.0 0.0
184.0 184.0 0.0
176.0 184.0 0.0
184.0 192.0 0.0
180.0 184.0 0.0
184.0 188.0 0.0
180.0 188.0 0.0
176.0 188.0 0.0
180.0 192.0 0.0
176.0 192.0 0.0
168.0 184.0 0.0
160.0 184.0 0.0
172.0 184.0 0.0
172.0 188.0 0.0
168.0 188.0 0.0
174.0 188.0 0.0
176.0 190.0 0.0
174.0 190.0 0.0
172.0 190.0 0.0
174.0 192.0 0.0
172.0 192.0 0.0
170.0 188.0 0.0
170.0 190.0 0.0
168.0 190.0 0.0
170.0 192.0 0.0
168.0 192.0 0.0
164.0 184.0 0.0
164.0 188.0 0.0
160.0 188.0 0.0
166.0 188.0 0.0
166.0 190.0 0.0
164.0 190.0 0.0
166.0 192.0 0.0
165.0 190.0 0.0
166.0 191.0 0.0
165.0 191.0 0.0
164.0 191.0 0.0
165.0 192.0 0.0
164.0 192.0 0.0
162.0 188.0 0.0
162.0 190.0 0.0
160.0 190.0 0.0
162.0 192.0 0.0
160.0 192.0 0.0
144.0 176.0 0.0
128.0 176.0 0.0
152.0 176.0 0.0
152.0 184.0 0.0
144.0 184.0 0.0
156.0 184.0 0.0
156.0 188.0 0.0
152.0 188.0 0.0
156.0 192.0 0.0
152.0 192.0 0.0
144.0 192.0 0.0
128.0 192.0 0.0
254.0 192.0 0.0
254.0 194.0 0.0
252.0 194.0 0.0
254.0 196.0 0.0
252.0 196.0 0.0
248.0 196.0 0.0
255.0 196.0 0.0
256.0 197.0 0.0
255.0 197.0 0.0
254.0 197.0 0.0
255.0 198.0 0.0
254.0 198.0 0.0
252.0 198.0 0.0
254.0 200.0 0.0
252.0 200.0 0.0
248.0 200.0 0.0
244.0 196.0 0.0
240.0 196.0 0.0
244.0 200.0 0.0
240.0 200.0 0.0
252.0 204.0 0.0
250.0 200.0 0.0
252.0 202.0 0.0
250.0 202.0 0.0
248.0 202.0 0.0
250.0 204.0 0.0
248.0 204.0 0.0
252.0 208.0 0.0
252.0 206.0 0.0
250.0 206.0 0.0
248.0 206.0 0.0
250.0 208.0 0.0
248.0 208.0 0.0
246.0 200.0 0.0
246.0 202.0 0.0
244.0 202.0 0.0
246.0 204.0 0.0
244.0 204.0 0.0
240.0 204.0 0.0
247.0 204.0 0.0
248.0 205.0 0.0
247.0 205.0 0.0
246.0 205.0 0.0
247.0 206.0 0.0
246.0 206.0 0.0
244.0 206.0 0.0
246.0 208.0 0.0
244.0 208.0 0.0
240.0 208.0 0.0
236.0 196.0 0.0
236.0 194.0 0.0
234.0 194.0 0.0
232.0 194.0 0.0
234.0 196.0 0.0
232.0 196.0 0.0
238.0 196.0 0.0
240.0 198.0 0.0
238.0 198.0 0.0
236.0 198.0 0.0
238.0 200.0 0.0
236.0 200.0 0.0
234.0 198.0 0.0
232.0 198.0 0.0
235.0 198.0 0.0
236.0 199.0 0.0
235.0 199.0 0.0
234.0 199.0 0.0
235.0 200.0 0.0
234.0 200.0 0.0
232.0 200.0 0.0
231.0 192.0 0.0
232.0 193.0 0.0
231.0 193.0 0.0
230.0 193.0 0.0
231.0 194.0 0.0
230.0 194.0 0.0
228.0 194.0 0.0
230.0 196.0 0.0
228.0 196.0 0.0
224.0 196.0 0.0
228.0 200.0 0.0
224.0 200.0 0.0
236.0 204.0 0.0
236.0 202.0 0.0
234.0 202.0 0.0
232.0 202.0 0.0
234.0 204.0 0.0
232.0 204.0 0.0
238.0 204.0 0.0
240.0 206.0 0.0
238.0 206.0 0.0
236.0 206.0 0.0
238.0 208.0 0.0
237.0 206.0 0.0
238.0 207.0 0.0
237.0 207.0 0.0
236.0 207.0 0.0
237.0 208.0 0.0
236.0 208.0 0.0
234.0 206.0 0.0
232.0 206.0 0.0
234.0 208.0 0.0
232.0 208.0 0.0
228.0 204.0 0.0
224.0 204.0 0.0
228.0 208.0 0.0
224.0 208.0 0.0
252.0 212.0 0.0
248.0 212.0 0.0
252.0 216.0 0.0
250.0 212.0 0.0
252.0 214.0 0.0
250.0 214.0 0.0
248.0 214.0 0.0
250.0 216.0 0.0
249.0 214.0 0.0
250.0 215.0 0.0
249.0 215.0 0.0
248.0 215.0 0.0
249.0 216.0 0.0
248.0 216.0 0.0
248.0 210.0 0.0
246.0 210.0 0.0
244.0 210.0 0.0
246.0 212.0 0.0
244.0 212.0 0.0
242.0 208.0 0.0
242.0 210.0 0.0
240.0 210.0 0.0
243.0 210.0 0.0
244.0 211.0 0.0
243.0 211.0 0.0
242.0 211.0 0.0
243.0 212.0 0.0
242.0 212.0 0.0
240.0 212.0 0.0
246.0 214.0 0.0
244.0 214.0 0.0
247.0 214.0 0.0
247.0 215.0 0.0
246.0 215.0 0.0
247.0 216.0 0.0
246.0 216.0 0.0
244.0 216.0 0.0
242.0 214.0 0.0
240.0 214.0 0.0
242.0 216.0 0.0
240.0 216.0 0.0
252.0 220.0 0.0
252.0 218.0 0.0
250.0 218.0 0.0
248.0 218.0 0.0
250.0 220.0 0.0
248.0 220.0 0.0
252.0 224.0 0.0
248.0 224.0 0.0
246.0 218.0 0.0
244.0 218.0 0.0
246.0 220.0 0.0
244.0 220.0 0.0
240.0 220.0 0.0
244.0 224.0 0.0
240.0 224.0 0.0
238.0 210.0 0.0
238.0 209.0 0.0
237.0 209.0 0.0
236.0 209.0 0.0
237.0 210.0 0.0
236.0 210.0 0.0
238.0 212.0 0.0
236.0 212.0 0.0
234.0 210.0 0.0
232.0 210.0 0.0
234.0 212.0 0.0
232.0 212.0 0.0
238.0 214.0 0.0
236.0 214.0 0.0
238.0 216.0 0.0
236.0 216.0 0.0
232.0 216.0 0.0
228.0 212.0 0.0
224.0 212.0 0.0
228.0 216.0 0.0
224.0 216.0 0.0
240.0 218.0 0.0
238.0 218.0 0.0
237.0 216.0 0.0
238.0 217.0 0.0
237.0 217.0 0.0
236.0 217.0 0.0
237.0 218.0 0.0
236.0 218.0 0.0
238.0 220.0 0.0
236.0 220.0 0.0
234.0 216.0 0.0
234.0 218.0 0.0
232.0 218.0 0.0
235.0 218.0 0.0
236.0 219.0 0.0
235.0 219.0 0.0
234.0 219.0 0.0
235.0 220.0 0.0
234.0 220.0 0.0
232.0 220.0 0.0
236.0 224.0 0.0
236.0 222.0 0.0
234.0 222.0 0.0
232.0 222.0 0.0
234.0 224.0 0.0
232.0 224.0 0.0
228.0 220.0 0.0
224.0 220.0 0.0
228.0 224.0 0.0
224.0 224.0 0.0
216.0 200.0 0.0
208.0 200.0 0.0
216.0 208.0 0.0
208.0 208.0 0.0
200.0 192.0 0.0
200.0 200.0 0.0
192.0 200.0 0.0
200.0 208.0 0.0
192.0 208.0 0.0
216.0 216.0 0.0
208.0 216.0 0.0
216.0 224.0 0.0
212.0 216.0 0.0
216.0 220.0 0.0
212.0 220.0 0.0
208.0 220.0 0.0
212.0 224.0 0.0
208.0 224.0 0.0
200.0 216.0 0.0
192.0 216.0 0.0
200.0 224.0 0.0
192.0 224.0 0.0
248.0 232.0 0.0
240.0 232.0 0.0
248.0 240.0 0.0
240.0 240.0 0.0
240.0 228.0 0.0
236.0 228.0 0.0
232.0 228.0 0.0
236.0 232.0 0.0
232.0 232.0 0.0
224.0 232.0 0.0
240.0 236.0 0.0
236.0 236.0 0.0
232.0 236.0 0.0
236.0 240.0 0.0
234.0 236.0 0.0
236.0 238.0 0.0
234.0 238.0 0.0
232.0 238.0 0.0
234.0 240.0 0.0
232.0 240.0 0.0
228.0 232.0 0.0
228.0 236.0 0.0
224.0 236.0 0.0
228.0 240.0 0.0
224.0 240.0 0.0
248.0 248.0 0.0
244.0 240.0 0.0
248.0 244.0 0.0
244.0 244.0 0.0
240.0 244.0 0.0
244.0 248.0 0.0
242.0 244.0 0.0
244.0 246.0 0.0
242.0 246.0 0.0
240.0 246.0 0.0
242.0 248.0 0.0
240.0 248.0 0.0
252.0 248.0 0.0
252.0 252.0 0.0
248.0 252.0 0.0
254.0 252.0 0.0
254.0 254.0 0.0
252.0 254.0 0.0
254.0 256.0 0.0
252.0 256.0 0.0
250.0 252.0 0.0
250.0 254.0 0.0
248.0 254.0 0.0
250.0 256.0 0.0
248.0 256.0 0.0
244.0 252.0 0.0
244.0 250.0 0.0
242.0 250.0 0.0
241.0 248.0 0.0
242.0 249.0 0.0
241.0 249.0 0.0
240.0 249.0 0.0
241.0 250.0 0.0
240.0 250.0 0.0
242.0 252.0 0.0
240.0 252.0 0.0
246.0 252.0 0.0
246.0 254.0 0.0
244.0 254.0 0.0
246.0 256.0 0.0
244.0 256.0 0.0
240.0 256.0 0.0
236.0 244.0 0.0
236.0 242.0 0.0
234.0 242.0 0.0
233.0 240.0 0.0
234.0 241.0 0.0
233.0 241.0 0.0
232.0 241.0 0.0
233.0 242.0 0.0
232.0 242.0 0.0
234.0 244.0 0.0
232.0 244.0 0.0
238.0 244.0 0.0
238.0 246.0 0.0
236.0 246.0 0.0
238.0 248.0 0.0
236.0 248.0 0.0
234.0 246.0 0.0
232.0 246.0 0.0
234.0 248.0 0.0
232.0 248.0 0.0
230.0 240.0 0.0
230.0 242.0 0.0
228.0 242.0 0.0
230.0 244.0 0.0
228.0 244.0 0.0
224.0 244.0 0.0
228.0 248.0 0.0
224.0 248.0 0.0
238.0 250.0 0.0
236.0 250.0 0.0
238.0 252.0 0.0
236.0 252.0 0.0
232.0 252.0 0.0
236.0 256.0 0.0
232.0 256.0 0.0
224.0 256.0 0.0
216.0 232.0 0.0
208.0 232.0 0.0
216.0 240.0 0.0
208.0 240.0 0.0
200.0 232.0 0.0
192.0 232.0 0.0
204.0 232.0 0.0
208.0 236.0 0.0
204.0 236.0 0.0
200.0 236.0 0.0
204.0 240.0 0.0
200.0 240.0 0.0
192.0 240.0 0.0
216.0 248.0 0.0
212.0 240.0 0.0
216.0 244.0 0.0
212.0 244.0 0.0
208.0 244.0 0.0
212.0 248.0 0.0
210.0 244.0 0.0
212.0 246.0 0.0
210.0 246.0 0.0
208.0 246.0 0.0
210.0 248.0 0.0
208.0 248.0 0.0
220.0 248.0 0.0
224.0 252.0 0.0
220.0 252.0 0.0
216.0 252.0 0.0
220.0 256.0 0.0
216.0 256.0 0.0
214.0 248.0 0.0
216.0 250.0 0.0
214.0 250.0 0.0
212.0 250.0 0.0
214.0 252.0 0.0
213.0 250.0 0.0
214.0 251.0 0.0
213.0 251.0 0.0
212.0 251.0 0.0
213.0 252.0 0.0
212.0 252.0 0.0
210.0 250.0 0.0
208.0 250.0 0.0
210.0 252.0 0.0
208.0 252.0 0.0
216.0 254.0 0.0
214.0 254.0 0.0
214.0 253.0 0.0
213.0 253.0 0.0
212.0 253.0 0.0
213.0 254.0 0.0
212.0 254.0 0.0
214.0 256.0 0.0
212.0 256.0 0.0
210.0 254.0 0.0
208.0 254.0 0.0
210.0 256.0 0.0
209.0 254.0 0.0
210.0 255.0 0.0
209.0 255.0 0.0
208.0 255.0 0.0
209.0 256.0 0.0
208.0 256.0 0.0
206.0 240.0 0.0
208.0 242.0 0.0
206.0 242.0 0.0
204.0 242.0 0.0
206.0 244.0 0.0
204.0 244.0 0.0
202.0 240.0 0.0
202.0 242.0 0.0
200.0 242.0 0.0
202.0 244.0 0.0
200.0 244.0 0.0
207.0 244.0 0.0
208.0 245.0 0.0
207.0 245.0 0.0
206.0 245.0 0.0
207.0 246.0 0.0
206.0 246.0 0.0
204.0 246.0 0.0
206.0 248.0 0.0
204.0 248.0 0.0
202.0 246.0 0.0
201.0 244.0 0.0
202.0 245.0 0.0
201.0 245.0 0.0
200.0 245.0 0.0
201.0 246.0 0.0
200.0 246.0 0.0
202.0 248.0 0.0
200.0 248.0 0.0
196.0 240.0 0.0
196.0 244.0 0.0
192.0 244.0 0.0
198.0 244.0 0.0
198.0 246.0 0.0
196.0 246.0 0.0
198.0 248.0 0.0
196.0 248.0 0.0
192.0 248.0 0.0
206.0 250.0 0.0
204.0 250.0 0.0
206.0 252.0 0.0
204.0 252.0 0.0
202.0 250.0 0.0
201.0 248.0 0.0
202.0 249.0 0.0
201.0 249.0 0.0
200.0 249.0 0.0
201.0 250.0 0.0
200.0 250.0 0.0
202.0 252.0 0.0
200.0 252.0 0.0
206.0 254.0 0.0
205.0 252.0 0.0
206.0 253.0 0.0
205.0 253.0 0.0
204.0 253.0 0.0
205.0 254.0 0.0
204.0 254.0 0.0
206.0 256.0 0.0
204.0 256.0 0.0
202.0 254.0 0.0
200.0 254.0 0.0
202.0 256.0 0.0
200.0 256.0 0.0
198.0 250.0 0.0
196.0 250.0 0.0
198.0 252.0 0.0
196.0 252.0 0.0
192.0 252.0 0.0
196.0 256.0 0.0
192.0 256.0 0.0
184.0 200.0 0.0
184.0 196.0 0.0
180.0 196.0 0.0
176.0 196.0 0.0
180.0 200.0 0.0
176.0 200.0 0.0
184.0 208.0 0.0
176.0 208.0 0.0
176.0 194.0 0.0
174.0 194.0 0.0
172.0 194.0 0.0
174.0 196.0 0.0
173.0 194.0 0.0
174.0 195.0 0.0
173.0 195.0 0.0
172.0 195.0 0.0
173.0 196.0 0.0
172.0 196.0 0.0
170.0 194.0 0.0
168.0 194.0 0.0
170.0 196.0 0.0
168.0 196.0 0.0
176.0 198.0 0.0
174.0 198.0 0.0
172.0 198.0 0.0
174.0 200.0 0.0
172.0 200.0 0.0
170.0 198.0 0.0
168.0 198.0 0.0
170.0 200.0 0.0
168.0 200.0 0.0
166.0 194.0 0.0
164.0 194.0 0.0
166.0 196.0 0.0
164.0 196.0 0.0
162.0 194.0 0.0
160.0 194.0 0.0
163.0 194.0 0.0
164.0 195.0 0.0
163.0 195.0 0.0
162.0 195.0 0.0
163.0 196.0 0.0
162.0 196.0 0.0
160.0 196.0 0.0
166.0 198.0 0.0
164.0 198.0 0.0
166.0 200.0 0.0
164.0 200.0 0.0
162.0 198.0 0.0
160.0 198.0 0.0
162.0 200.0 0.0
160.0 200.0 0.0
176.0 204.0 0.0
172.0 204.0 0.0
168.0 204.0 0.0
172.0 208.0 0.0
168.0 208.0 0.0
164.0 204.0 0.0
160.0 204.0 0.0
164.0 208.0 0.0
160.0 208.0 0.0
176.0 224.0 0.0
176.0 216.0 0.0
168.0 216.0 0.0
160.0 216.0 0.0
168.0 224.0 0.0
160.0 224.0 0.0
156.0 196.0 0.0
152.0 196.0 0.0
156.0 200.0 0.0
152.0 200.0 0.0
144.0 200.0 0.0
152.0 208.0 0.0
144.0 208.0 0.0
136.0 192.0 0.0
136.0 200.0 0.0
128.0 200.0 0.0
136.0 208.0 0.0
132.0 200.0 0.0
136.0 204.0 0.0
132.0 204.0 0.0
128.0 204.0 0.0
132.0 208.0 0.0
130.0 204.0 0.0
132.0 206.0 0.0
130.0 206.0 0.0
128.0 206.0 0.0
130.0 208.0 0.0
128.0 208.0 0.0
144.0 224.0 0.0
144.0 216.0 0.0
136.0 216.0 0.0
136.0 212.0 0.0
132.0 212.0 0.0
132.0 210.0 0.0
130.0 210.0 0.0
129.0 208.0 0.0
130.0 209.0 0.0
129.0 209.0 0.0
128.0 209.0 0.0
129.0 210.0 0.0
128.0 210.0 0.0
130.0 212.0 0.0
128.0 212.0 0.0
132.0 216.0 0.0
132.0 214.0 0.0
130.0 214.0 0.0
128.0 214.0 0.0
130.0 216.0 0.0
128.0 216.0 0.0
136.0 224.0 0.0
136.0 220.0 0.0
132.0 220.0 0.0
128.0 220.0 0.0
132.0 224.0 0.0
128.0 224.0 0.0
176.0 240.0 0.0
160.0 240.0 0.0
184.0 240.0 0.0
184.0 248.0 0.0
176.0 248.0 0.0
184.0 256.0 0.0
176.0 256.0 0.0
160.0 256.0 0.0
144.0 240.0 0.0
144.0 232.0 0.0
136.0 232.0 0.0
128.0 232.0 0.0
136.0 240.0 0.0
128.0 240.0 0.0
144.0 256.0 0.0
128.0 256.0 0.0
112.0 144.0 0.0
96.0 144.0 0.0
112.0 160.0 0.0
96.0 160.0 0.0
96.0 136.0 0.0
88.0 136.0 0.0
80.0 136.0 0.0
88.0 144.0 0.0
80.0 144.0 0.0
72.0 136.0 0.0
64.0 136.0 0.0
72.0 144.0 0.0
64.0 144.0 0.0
80.0 160.0 0.0
64.0 160.0 0.0
112.0 176.0 0.0
96.0 176.0 0.0
112.0 192.0 0.0
96.0 192.0 0.0
64.0 192.0 0.0
64.0 132.0 0.0
60.0 132.0 0.0
56.0 132.0 0.0
60.0 136.0 0.0
56.0 136.0 0.0
52.0 132.0 0.0
52.0 130.0 0.0
50.0 130.0 0.0
48.0 130.0 0.0
50.0 132.0 0.0
48.0 132.0 0.0
52.0 136.0 0.0
48.0 136.0 0.0
56.0 144.0 0.0
48.0 144.0 0.0
46.0 130.0 0.0
46.0 129.0 0.0
45.0 129.0 0.0
44.0 129.0 0.0
45.0 130.0 0.0
44.0 130.0 0.0
46.0 132.0 0.0
44.0 132.0 0.0
42.0 130.0 0.0
41.0 128.0 0.0
42.0 129.0 0.0
41.0 129.0 0.0
40.0 129.0 0.0
41.0 130.0 0.0
40.0 130.0 0.0
42.0 132.0 0.0
42.0 131.0 0.0
41.0 131.0 0.0
40.0 131.0 0.0
41.0 132.0 0.0
40.0 132.0 0.0
44.0 136.0 0.0
44.0 134.0 0.0
42.0 134.0 0.0
40.0 134.0 0.0
42.0 136.0 0.0
40.0 136.0 0.0
39.0 128.0 0.0
39.0 129.0 0.0
38.0 129.0 0.0
39.0 130.0 0.0
38.0 130.0 0.0
36.0 130.0 0.0
39.0 131.0 0.0
38.0 131.0 0.0
39.0 132.0 0.0
38.0 132.0 0.0
36.0 132.0 0.0
34.0 130.0 0.0
32.0 130.0 0.0
35.0 130.0 0.0
36.0 131.0 0.0
35.0 131.0 0.0
34.0 131.0 0.0
35.0 132.0 0.0
34.0 132.0 0.0
33.0 130.0 0.0
33.0 131.0 0.0
32.0 131.0 0.0
33.0 132.0 0.0
32.0 132.0 0.0
38.0 134.0 0.0
36.0 134.0 0.0
38.0 136.0 0.0
36.0 136.0 0.0
36.0 133.0 0.0
35.0 133.0 0.0
34.0 133.0 0.0
35.0 134.0 0.0
34.0 134.0 0.0
32.0 134.0 0.0
34.0 136.0 0.0
32.0 136.0 0.0
48.0 140.0 0.0
44.0 140.0 0.0
40.0 140.0 0.0
44.0 144.0 0.0
40.0 144.0 0.0
36.0 140.0 0.0
32.0 140.0 0.0
36.0 144.0 0.0
32.0 144.0 0.0
48.0 160.0 0.0
48.0 152.0 0.0
40.0 152.0 0.0
32.0 152.0 0.0
40.0 160.0 0.0
32.0 160.0 0.0
32.0 129.0 0.0
31.0 129.0 0.0
30.0 129.0 0.0
31.0 130.0 0.0
30.0 130.0 0.0
28.0 130.0 0.0
31.0 131.0 0.0
30.0 131.0 0.0
31.0 132.0 0.0
30.0 132.0 0.0
28.0 132.0 0.0
27.0 128.0 0.0
28.0 129.0 0.0
27.0 129.0 0.0
26.0 129.0 0.0
27.0 130.0 0.0
26.0 130.0 0.0
24.0 130.0 0.0
26.0 132.0 0.0
24.0 132.0 0.0
30.0 134.0 0.0
28.0 134.0 0.0
31.0 134.0 0.0
32.0 135.0 0.0
31.0 135.0 0.0
30.0 135.0 0.0
31.0 136.0 0.0
30.0 136.0 0.0
29.0 134.0 0.0
29.0 135.0 0.0
28.0 135.0 0.0
29.0 136.0 0.0
28.0 136.0 0.0
26.0 134.0 0.0
25.0 132.0 0.0
26.0 133.0 0.0
25.0 133.0 0.0
24.0 133.0 0.0
25.0 134.0 0.0
24.0 134.0 0.0
26.0 136.0 0.0
26.0 135.0 0.0
25.0 135.0 0.0
24.0 135.0 0.0
25.0 136.0 0.0
24.0 136.0 0.0
20.0 132.0 0.0
16.0 132.0 0.0
22.0 132.0 0.0
22.0 134.0 0.0
20.0 134.0 0.0
22.0 136.0 0.0
20.0 136.0 0.0
16.0 136.0 0.0
32.0 138.0 0.0
30.0 138.0 0.0
28.0 138.0 0.0
30.0 140.0 0.0
28.0 140.0 0.0
26.0 138.0 0.0
24.0 138.0 0.0
26.0 140.0 0.0
24.0 140.0 0.0
28.0 144.0 0.0
24.0 144.0 0.0
20.0 140.0 0.0
16.0 140.0 0.0
20.0 144.0 0.0
16.0 144.0 0.0
8.0 136.0 0.0
0.0 136.0 0.0
8.0 144.0 0.0
0.0 144.0 0.0
24.0 152.0 0.0
16.0 152.0 0.0
24.0 160.0 0.0
16.0 160.0 0.0
0.0 160.0 0.0
64.0 176.0 0.0
48.0 176.0 0.0
32.0 176.0 0.0
48.0 192.0 0.0
32.0 192.0 0.0
16.0 176.0 0.0
0.0 176.0 0.0
16.0 192.0 0.0
0.0 192.0 0.0
120.0 192.0 0.0
120.0 200.0 0.0
112.0 200.0 0.0
124.0 200.0 0.0
124.0 204.0 0.0
120.0 204.0 0.0
126.0 204.0 0.0
126.0 206.0 0.0
124.0 206.0 0.0
126.0 208.0 0.0
124.0 208.0 0.0
122.0 204.0 0.0
122.0 206.0 0.0
120.0 206.0 0.0
123.0 206.0 0.0
124.0 207.0 0.0
123.0 207.0 0.0
122.0 207.0 0.0
123.0 208.0 0.0
122.0 208.0 0.0
120.0 208.0 0.0
116.0 200.0 0.0
116.0 204.0 0.0
112.0 204.0 0.0
116.0 208.0 0.0
112.0 208.0 0.0
104.0 192.0 0.0
104.0 200.0 0.0
96.0 200.0 0.0
104.0 208.0 0.0
96.0 208.0 0.0
126.0 210.0 0.0
124.0 210.0 0.0
126.0 212.0 0.0
124.0 212.0 0.0
122.0 210.0 0.0
121.0 208.0 0.0
122.0 209.0 0.0
121.0 209.0 0.0
120.0 209.0 0.0
121.0 210.0 0.0
120.0 210.0 0.0
122.0 212.0 0.0
120.0 212.0 0.0
127.0 212.0 0.0
128.0 213.0 0.0
127.0 213.0 0.0
126.0 213.0 0.0
127.0 214.0 0.0
126.0 214.0 0.0
124.0 214.0 0.0
126.0 216.0 0.0
124.0 216.0 0.0
122.0 214.0 0.0
120.0 214.0 0.0
122.0 216.0 0.0
120.0 216.0 0.0
118.0 208.0 0.0
118.0 210.0 0.0
116.0 210.0 0.0
118.0 212.0 0.0
116.0 212.0 0.0
112.0 212.0 0.0
119.0 212.0 0.0
120.0 213.0 0.0
119.0 213.0 0.0
118.0 213.0 0.0
119.0 214.0 0.0
118.0 214.0 0.0
116.0 214.0 0.0
120.0 215.0 0.0
119.0 215.0 0.0
118.0 215.0 0.0
119.0 216.0 0.0
118.0 216.0 0.0
116.0 216.0 0.0
112.0 216.0 0.0
128.0 218.0 0.0
126.0 218.0 0.0
124.0 218.0 0.0
126.0 220.0 0.0
124.0 220.0 0.0
122.0 218.0 0.0
120.0 218.0 0.0
122.0 220.0 0.0
120.0 220.0 0.0
124.0 224.0 0.0
124.0 222.0 0.0
122.0 222.0 0.0
120.0 222.0 0.0
122.0 224.0 0.0
120.0 224.0 0.0
120.0 217.0 0.0
119.0 217.0 0.0
118.0 217.0 0.0
119.0 218.0 0.0
118.0 218.0 0.0
116.0 218.0 0.0
120.0 219.0 0.0
119.0 219.0 0.0
118.0 219.0 0.0
119.0 220.0 0.0
118.0 220.0 0.0
116.0 220.0 0.0
112.0 220.0 0.0
120.0 221.0 0.0
119.0 221.0 0.0
118.0 221.0 0.0
119.0 222.0 0.0
118.0 222.0 0.0
116.0 222.0 0.0
118.0 224.0 0.0
116.0 224.0 0.0
112.0 224.0 0.0
104.0 216.0 0.0
96.0 216.0 0.0
104.0 224.0 0.0
96.0 224.0 0.0
80.0 192.0 0.0
80.0 208.0 0.0
64.0 208.0 0.0
80.0 224.0 0.0
64.0 224.0 0.0
128.0 228.0 0.0
124.0 228.0 0.0
120.0 228.0 0.0
124.0 232.0 0.0
120.0 232.0 0.0
116.0 228.0 0.0
112.0 228.0 0.0
116.0 232.0 0.0
112.0 232.0 0.0
120.0 240.0 0.0
112.0 240.0 0.0
104.0 232.0 0.0
96.0 232.0 0.0
104.0 240.0 0.0
96.0 240.0 0.0
112.0 256.0 0.0
96.0 256.0 0.0
80.0 240.0 0.0
64.0 240.0 0.0
88.0 240.0 0.0
96.0 248.0 0.0
88.0 248.0 0.0
80.0 248.0 0.0
88.0 256.0 0.0
80.0 256.0 0.0
64.0 256.0 0.0
32.0 224.0 0.0
0.0 224.0 0.0
32.0 256.0 0.0
0.0 256.0 0.0
512.0 288.0 0.0
480.0 288.0 0.0
464.0 256.0 0.0
480.0 272.0 0.0
464.0 272.0 0.0
448.0 272.0 0.0
464.0 288.0 0.0
448.0 288.0 0.0
512.0 320.0 0.0
480.0 320.0 0.0
480.0 304.0 0.0
464.0 304.0 0.0
448.0 304.0 0.0
464.0 320.0 0.0
448.0 320.0 0.0
432.0 272.0 0.0
432.0 264.0 0.0
424.0 264.0 0.0
416.0 264.0 0.0
424.0 272.0 0.0
416.0 272.0 0.0
440.0 272.0 0.0
448.0 280.0 0.0
440.0 280.0 0.0
432.0 280.0 0.0
440.0 288.0 0.0
432.0 288.0 0.0
428.0 272.0 0.0
432.0 276.0 0.0
428.0 276.0 0.0
424.0 276.0 0.0
428.0 280.0 0.0
424.0 280.0 0.0
416.0 280.0 0.0
432.0 284.0 0.0
428.0 284.0 0.0
424.0 284.0 0.0
428.0 288.0 0.0
424.0 288.0 0.0
416.0 288.0 0.0
400.0 272.0 0.0
384.0 272.0 0.0
408.0 272.0 0.0
408.0 280.0 0.0
400.0 280.0 0.0
408.0 288.0 0.0
400.0 288.0 0.0
392.0 272.0 0.0
392.0 280.0 0.0
384.0 280.0 0.0
392.0 288.0 0.0
388.0 280.0 0.0
392.0 284.0 0.0
388.0 284.0 0.0
384.0 284.0 0.0
388.0 288.0 0.0
384.0 288.0 0.0
448.0 296.0 0.0
440.0 296.0 0.0
432.0 296.0 0.0
440.0 304.0 0.0
432.0 304.0 0.0
424.0 296.0 0.0
416.0 296.0 0.0
428.0 296.0 0.0
432.0 300.0 0.0
428.0 300.0 0.0
424.0 300.0 0.0
428.0 304.0 0.0
424.0 304.0 0.0
416.0 304.0 0.0
432.0 320.0 0.0
432.0 312.0 0.0
424.0 312.0 0.0
416.0 312.0 0.0
424.0 320.0 0.0
420.0 312.0 0.0
424.0 316.0 0.0
420.0 316.0 0.0
416.0 316.0 0.0
420.0 320.0 0.0
416.0 320.0 0.0
412.0 288.0 0.0
416.0 292.0 0.0
412.0 292.0 0.0
408.0 292.0 0.0
412.0 296.0 0.0
408.0 296.0 0.0
400.0 296.0 0.0
408.0 304.0 0.0
400.0 304.0 0.0
392.0 296.0 0.0
384.0 296.0 0.0
392.0 304.0 0.0
384.0 304.0 0.0
408.0 312.0 0.0
400.0 312.0 0.0
408.0 320.0 0.0
400.0 320.0 0.0
384.0 320.0 0.0
512.0 352.0 0.0
480.0 352.0 0.0
448.0 352.0 0.0
512.0 384.0 0.0
480.0 384.0 0.0
448.0 384.0 0.0
448.0 336.0 0.0
432.0 336.0 0.0
432.0 328.0 0.0
424.0 328.0 0.0
416.0 328.0 0.0
424.0 336.0 0.0
416.0 336.0 0.0
432.0 352.0 0.0
416.0 352.0 0.0
408.0 328.0 0.0
400.0 328.0 0.0
408.0 336.0 0.0
400.0 336.0 0.0
392.0 320.0 0.0
392.0 328.0 0.0
384.0 328.0 0.0
392.0 336.0 0.0
384.0 336.0 0.0
400.0 352.0 0.0
384.0 352.0 0.0
416.0 384.0 0.0
384.0 384.0 0.0
368.0 272.0 0.0
352.0 272.0 0.0
376.0 272.0 0.0
376.0 280.0 0.0
368.0 280.0 0.0
376.0 288.0 0.0
368.0 288.0 0.0
352.0 288.0 0.0
336.0 272.0 0.0
328.0 256.0 0.0
336.0 264.0 0.0
328.0 264.0 0.0
320.0 264.0 0.0
328.0 272.0 0.0
320.0 272.0 0.0
344.0 272.0 0.0
352.0 280.0 0.0
344.0 280.0 0.0
336.0 280.0 0.0
344.0 288.0 0.0
336.0 288.0 0.0
320.0 288.0 0.0
368.0 304.0 0.0
360.0 288.0 0.0
368.0 296.0 0.0
360.0 296.0 0.0
352.0 296.0 0.0
360.0 304.0 0.0
352.0 304.0 0.0
368.0 320.0 0.0
352.0 320.0 0.0
344.0 296.0 0.0
336.0 296.0 0.0
344.0 304.0 0.0
336.0 304.0 0.0
328.0 288.0 0.0
328.0 296.0 0.0
320.0 296.0 0.0
328.0 304.0 0.0
320.0 304.0 0.0
352.0 312.0 0.0
344.0 312.0 0.0
336.0 312.0 0.0
344.0 320.0 0.0
336.0 320.0 0.0
328.0 312.0 0.0
320.0 312.0 0.0
332.0 312.0 0.0
336.0 316.0 0.0
332.0 316.0 0.0
328.0 316.0 0.0
332.0 320.0 0.0
328.0 320.0 0.0
320.0 320.0 0.0
312.0 256.0 0.0
312.0 264.0 0.0
304.0 264.0 0.0
316.0 264.0 0.0
320.0 268.0 0.0
316.0 268.0 0.0
312.0 268.0 0.0
316.0 272.0 0.0
312.0 272.0 0.0
304.0 272.0 0.0
288.0 272.0 0.0
320.0 280.0 0.0
312.0 280.0 0.0
304.0 280.0 0.0
312.0 288.0 0.0
304.0 288.0 0.0
288.0 288.0 0.0
288.0 264.0 0.0
280.0 264.0 0.0
272.0 264.0 0.0
280.0 272.0 0.0
272.0 272.0 0.0
272.0 260.0 0.0
268.0 260.0 0.0
264.0 260.0 0.0
268.0 264.0 0.0
264.0 264.0 0.0
260.0 260.0 0.0
260.0 258.0 0.0
258.0 258.0 0.0
256.0 258.0 0.0
258.0 260.0 0.0
256.0 260.0 0.0
260.0 264.0 0.0
256.0 264.0 0.0
264.0 272.0 0.0
256.0 272.0 0.0
288.0 280.0 0.0
280.0 280.0 0.0
272.0 280.0 0.0
280.0 288.0 0.0
272.0 288.0 0.0
268.0 272.0 0.0
272.0 276.0 0.0
268.0 276.0 0.0
264.0 276.0 0.0
268.0 280.0 0.0
264.0 280.0 0.0
256.0 280.0 0.0
264.0 288.0 0.0
256.0 288.0 0.0
304.0 304.0 0.0
288.0 304.0 0.0
304.0 320.0 0.0
288.0 320.0 0.0
272.0 304.0 0.0
272.0 296.0 0.0
264.0 296.0 0.0
256.0 296.0 0.0
264.0 304.0 0.0
256.0 304.0 0.0
272.0 320.0 0.0
256.0 320.0 0.0
368.0 336.0 0.0
352.0 336.0 0.0
368.0 352.0 0.0
352.0 352.0 0.0
336.0 336.0 0.0
336.0 328.0 0.0
328.0 328.0 0.0
320.0 328.0 0.0
328.0 336.0 0.0
320.0 336.0 0.0
336.0 352.0 0.0
336.0 344.0 0.0
328.0 344.0 0.0
320.0 344.0 0.0
328.0 352.0 0.0
320.0 352.0 0.0
384.0 368.0 0.0
368.0 368.0 0.0
360.0 352.0 0.0
368.0 360.0 0.0
360.0 360.0 0.0
352.0 360.0 0.0
360.0 368.0 0.0
356.0 360.0 0.0
360.0 364.0 0.0
356.0 364.0 0.0
352.0 364.0 0.0
356.0 368.0 0.0
352.0 368.0 0.0
368.0 384.0 0.0
368.0 376.0 0.0
360.0 376.0 0.0
352.0 376.0 0.0
360.0 384.0 0.0
352.0 384.0 0.0
344.0 352.0 0.0
344.0 360.0 0.0
336.0 360.0 0.0
344.0 368.0 0.0
340.0 360.0 0.0
344.0 364.0 0.0
340.0 364.0 0.0
336.0 364.0 0.0
340.0 368.0 0.0
336.0 368.0 0.0
328.0 360.0 0.0
320.0 360.0 0.0
328.0 368.0 0.0
320.0 368.0 0.0
348.0 368.0 0.0
352.0 372.0 0.0
348.0 372.0 0.0
344.0 372.0 0.0
348.0 376.0 0.0
344.0 376.0 0.0
342.0 368.0 0.0
344.0 370.0 0.0
342.0 370.0 0.0
340.0 370.0 0.0
342.0 372.0 0.0
340.0 372.0 0.0
336.0 372.0 0.0
340.0 376.0 0.0
336.0 376.0 0.0
344.0 384.0 0.0
336.0 384.0 0.0
328.0 376.0 0.0
320.0 376.0 0.0
328.0 384.0 0.0
320.0 384.0 0.0
304.0 336.0 0.0
288.0 336.0 0.0
304.0 352.0 0.0
288.0 352.0 0.0
272.0 336.0 0.0
256.0 336.0 0.0
272.0 352.0 0.0
256.0 352.0 0.0
312.0 352.0 0.0
312.0 360.0 0.0
304.0 360.0 0.0
312.0 368.0 0.0
304.0 368.0 0.0
288.0 368.0 0.0
312.0 376.0 0.0
304.0 376.0 0.0
312.0 384.0 0.0
304.0 384.0 0.0
288.0 384.0 0.0
272.0 368.0 0.0
256.0 368.0 0.0
272.0 384.0 0.0
256.0 384.0 0.0
512.0 448.0 0.0
448.0 448.0 0.0
448.0 416.0 0.0
416.0 416.0 0.0
384.0 416.0 0.0
416.0 448.0 0.0
384.0 448.0 0.0
512.0 512.0 0.0
448.0 512.0 0.0
384.0 512.0 0.0
384.0 400.0 0.0
368.0 400.0 0.0
352.0 400.0 0.0
368.0 416.0 0.0
352.0 416.0 0.0
336.0 400.0 0.0
320.0 400.0 0.0
336.0 416.0 0.0
320.0 416.0 0.0
352.0 448.0 0.0
320.0 448.0 0.0
304.0 400.0 0.0
288.0 400.0 0.0
304.0 416.0 0.0
288.0 416.0 0.0
256.0 416.0 0.0
288.0 448.0 0.0
256.0 448.0 0.0
320.0 512.0 0.0
256.0 512.0 0.0
252.0 260.0 0.0
248.0 260.0 0.0
252.0 264.0 0.0
250.0 260.0 0.0
252.0 262.0 0.0
250.0 262.0 0.0
248.0 262.0 0.0
250.0 264.0 0.0
248.0 264.0 0.0
244.0 260.0 0.0
240.0 260.0 0.0
244.0 264.0 0.0
240.0 264.0 0.0
256.0 268.0 0.0
252.0 268.0 0.0
248.0 268.0 0.0
252.0 272.0 0.0
248.0 272.0 0.0
240.0 272.0 0.0
232.0 264.0 0.0
224.0 264.0 0.0
232.0 272.0 0.0
224.0 272.0 0.0
248.0 280.0 0.0
240.0 280.0 0.0
248.0 288.0 0.0
240.0 288.0 0.0
224.0 288.0 0.0
216.0 264.0 0.0
216.0 260.0 0.0
212.0 260.0 0.0
212.0 258.0 0.0
210.0 258.0 0.0
208.0 258.0 0.0
210.0 260.0 0.0
208.0 260.0 0.0
212.0 264.0 0.0
208.0 264.0 0.0
216.0 272.0 0.0
208.0 272.0 0.0
204.0 260.0 0.0
200.0 260.0 0.0
204.0 264.0 0.0
200.0 264.0 0.0
192.0 264.0 0.0
200.0 272.0 0.0
192.0 272.0 0.0
224.0 280.0 0.0
216.0 280.0 0.0
208.0 280.0 0.0
216.0 288.0 0.0
208.0 288.0 0.0
192.0 288.0 0.0
248.0 296.0 0.0
240.0 296.0 0.0
248.0 304.0 0.0
240.0 304.0 0.0
232.0 288.0 0.0
232.0 296.0 0.0
224.0 296.0 0.0
232.0 304.0 0.0
224.0 304.0 0.0
240.0 320.0 0.0
224.0 320.0 0.0
208.0 304.0 0.0
192.0 304.0 0.0
208.0 320.0 0.0
192.0 320.0 0.0
176.0 272.0 0.0
160.0 272.0 0.0
176.0 288.0 0.0
160.0 288.0 0.0
128.0 288.0 0.0
160.0 320.0 0.0
128.0 320.0 0.0
248.0 320.0 0.0
256.0 328.0 0.0
248.0 328.0 0.0
240.0 328.0 0.0
248.0 336.0 0.0
240.0 336.0 0.0
232.0 320.0 0.0
232.0 328.0 0.0
224.0 328.0 0.0
236.0 328.0 0.0
240.0 332.0 0.0
236.0 332.0 0.0
232.0 332.0 0.0
236.0 336.0 0.0
234.0 332.0 0.0
236.0 334.0 0.0
234.0 334.0 0.0
232.0 334.0 0.0
234.0 336.0 0.0
232.0 336.0 0.0
228.0 328.0 0.0
228.0 332.0 0.0
224.0 332.0 0.0
228.0 336.0 0.0
224.0 336.0 0.0
256.0 344.0 0.0
248.0 344.0 0.0
240.0 344.0 0.0
248.0 352.0 0.0
240.0 352.0 0.0
240.0 340.0 0.0
236.0 340.0 0.0
232.0 340.0 0.0
236.0 344.0 0.0
232.0 344.0 0.0
224.0 344.0 0.0
232.0 352.0 0.0
224.0 352.0 0.0
216.0 320.0 0.0
216.0 328.0 0.0
208.0 328.0 0.0
216.0 336.0 0.0
208.0 336.0 0.0
192.0 336.0 0.0
216.0 344.0 0.0
208.0 344.0 0.0
216.0 352.0 0.0
208.0 352.0 0.0
192.0 352.0 0.0
240.0 368.0 0.0
240.0 360.0 0.0
232.0 360.0 0.0
224.0 360.0 0.0
232.0 368.0 0.0
224.0 368.0 0.0
248.0 368.0 0.0
256.0 376.0 0.0
248.0 376.0 0.0
240.0 376.0 0.0
248.0 384.0 0.0
240.0 384.0 0.0
236.0 368.0 0.0
240.0 372.0 0.0
236.0 372.0 0.0
232.0 372.0 0.0
236.0 376.0 0.0
232.0 376.0 0.0
228.0 368.0 0.0
228.0 372.0 0.0
224.0 372.0 0.0
228.0 376.0 0.0
224.0 376.0 0.0
232.0 384.0 0.0
224.0 384.0 0.0
216.0 360.0 0.0
208.0 360.0 0.0
216.0 368.0 0.0
208.0 368.0 0.0
192.0 368.0 0.0
216.0 376.0 0.0
208.0 376.0 0.0
216.0 384.0 0.0
208.0 384.0 0.0
200.0 368.0 0.0
200.0 376.0 0.0
192.0 376.0 0.0
204.0 376.0 0.0
208.0 380.0 0.0
204.0 380.0 0.0
200.0 380.0 0.0
204.0 384.0 0.0
200.0 384.0 0.0
192.0 384.0 0.0
176.0 320.0 0.0
176.0 336.0 0.0
160.0 336.0 0.0
176.0 352.0 0.0
168.0 336.0 0.0
176.0 344.0 0.0
168.0 344.0 0.0
160.0 344.0 0.0
168.0 352.0 0.0
160.0 352.0 0.0
144.0 320.0 0.0
144.0 336.0 0.0
128.0 336.0 0.0
152.0 336.0 0.0
152.0 344.0 0.0
144.0 344.0 0.0
156.0 344.0 0.0
160.0 348.0 0.0
156.0 348.0 0.0
152.0 348.0 0.0
156.0 352.0 0.0
152.0 352.0 0.0
144.0 352.0 0.0
128.0 352.0 0.0
176.0 368.0 0.0
160.0 368.0 0.0
176.0 384.0 0.0
160.0 384.0 0.0
160.0 360.0 0.0
152.0 360.0 0.0
144.0 360.0 0.0
152.0 368.0 0.0
144.0 368.0 0.0
128.0 368.0 0.0
144.0 384.0 0.0
128.0 384.0 0.0
128.0 272.0 0.0
112.0 272.0 0.0
104.0 256.0 0.0
112.0 264.0 0.0
104.0 264.0 0.0
96.0 264.0 0.0
104.0 272.0 0.0
96.0 272.0 0.0
112.0 288.0 0.0
96.0 288.0 0.0
92.0 256.0 0.0
96.0 260.0 0.0
92.0 260.0 0.0
88.0 260.0 0.0
92.0 264.0 0.0
88.0 264.0 0.0
80.0 264.0 0.0
88.0 272.0 0.0
80.0 272.0 0.0
64.0 272.0 0.0
80.0 288.0 0.0
64.0 288.0 0.0
128.0 304.0 0.0
112.0 304.0 0.0
96.0 304.0 0.0
112.0 320.0 0.0
104.0 304.0 0.0
112.0 312.0 0.0
104.0 312.0 0.0
96.0 312.0 0.0
104.0 320.0 0.0
96.0 320.0 0.0
80.0 304.0 0.0
64.0 304.0 0.0
80.0 320.0 0.0
64.0 320.0 0.0
32.0 288.0 0.0
0.0 288.0 0.0
32.0 320.0 0.0
0.0 320.0 0.0
120.0 320.0 0.0
128.0 328.0 0.0
120.0 328.0 0.0
112.0 328.0 0.0
120.0 336.0 0.0
112.0 336.0 0.0
96.0 336.0 0.0
128.0 344.0 0.0
120.0 344.0 0.0
116.0 336.0 0.0
120.0 340.0 0.0
116.0 340.0 0.0
112.0 340.0 0.0
116.0 344.0 0.0
112.0 344.0 0.0
120.0 352.0 0.0
112.0 352.0 0.0
104.0 336.0 0.0
104.0 344.0 0.0
96.0 344.0 0.0
104.0 352.0 0.0
96.0 352.0 0.0
80.0 336.0 0.0
64.0 336.0 0.0
80.0 352.0 0.0
64.0 352.0 0.0
112.0 368.0 0.0
96.0 368.0 0.0
112.0 384.0 0.0
96.0 384.0 0.0
64.0 384.0 0.0
32.0 352.0 0.0
0.0 352.0 0.0
32.0 384.0 0.0
0.0 384.0 0.0
256.0 400.0 0.0
240.0 400.0 0.0
224.0 400.0 0.0
240.0 416.0 0.0
224.0 416.0 0.0
208.0 400.0 0.0
208.0 392.0 0.0
200.0 392.0 0.0
192.0 392.0 0.0
200.0 400.0 0.0
192.0 400.0 0.0
208.0 416.0 0.0
192.0 416.0 0.0
224.0 448.0 0.0
192.0 448.0 0.0
176.0 400.0 0.0
160.0 400.0 0.0
176.0 416.0 0.0
160.0 416.0 0.0
128.0 416.0 0.0
160.0 448.0 0.0
128.0 448.0 0.0
192.0 512.0 0.0
128.0 512.0 0.0
96.0 416.0 0.0
64.0 416.0 0.0
96.0 448.0 0.0
64.0 448.0 0.0
0.0 448.0 0.0
64.0 512.0 0.0
0.0 512.0 0.0
CELLS 8002 43644
4 3 2 1 0
6 15  5  8  3  0  4
6   9   7 443   6   2   3
4 10  9  3  8
4 11 10  8  5
4 12  7  9 10
6  40  13 451  12  10  11
4 16 15  4 14
4 18 16 14 17
4 19  5 15 16
5 20 33 19 16 18
4 22 18 17 21
5 24 26 22 21 23
6  27  25 126  20  18  22
4 28 27 22 26
4 29 28 26 24
5  30 162  25  27  28
6 1765   31  168   30   28   29
6 34 32 39 11  5 19
4 35 34 19 33
4 36 35 33 20
4 37 32 34 35
6 130  38  46  37  35  36
4 41 40 11 39
4 42 41 39 32
4 43 13 40 41
6  63  44 878  43  41  42
6 47 45 62 42 32 37
4 48 47 37 46
6 249  49  51  48  46  38
6 52 50 78 45 47 48
4 53 52 48 51
6 269  54  56  53  51  49
6 57 55 89 50 52 53
4 58 57 53 56
4 59 58 56 54
4 60 55 57 58
4 61 60 58 59
4 64 63 42 62
6 79 65 67 64 62 45
6  68  66 958  44  63  64
4 69 68 64 67
6 104  70  72  69  67  65
6  73  71 969  66  68  69
4 74 73 69 72
4 75 74 72 70
4 76 71 73 74
4 77 76 74 75
4 80 79 45 78
6 90 81 83 80 78 50
6  84  82 103  65  79  80
4 85 84 80 83
4 86 85 83 81
4 87 82 84 85
4 88 87 85 86
4 91 90 50 89
4 92 91 89 55
4 93 81 90 91
4 94 93 91 92
8 325  95  97  94  92  55  60  61
8  98  96 117  88  86  81  93  94
4 99 98 94 97
4 100  99  97  95
4 101  96  98  99
4 102 101  99 100
4 105 104  65 103
4 106 105 103  82
4 107  70 104 105
4 108 107 105 106
8 118 109 111 108 106  82  87  88
8  112  110 1006   77   75   70  107  108
4 113 112 108 111
4 114 113 111 109
4 115 110 112 113
4 116 115 113 114
4 119 118  88 117
4 120 119 117  96
4 121 109 118 119
4 122 121 119 120
6 123 122 120  96 101 102
6 124 116 114 109 121 122
4 125 124 122 123
5 127 129  36  20 126
6 163 128 140 127 126  25
4 131 130  36 129
5 132 134 131 129 127
6 135 133 248  38 130 131
4 136 135 131 134
4 137 136 134 132
4 138 133 135 136
5 147 139 138 136 137
5 141 143 132 127 140
5 142 157 141 140 128
5 144 146 137 132 143
5 145 152 144 143 141
4 148 147 137 146
4 149 148 146 144
4 150 139 147 148
4 151 150 148 149
4 153 149 144 152
4 154 153 152 145
4 155 151 149 153
4 156 155 153 154
4 158 145 141 157
4 159 158 157 142
5 160 156 154 145 158
4 161 160 158 159
4 164 163  25 162
4 165 164 162  30
4 166 128 163 164
5 167 184 166 164 165
4 169 165  30 168
6 2027  170  172  169  168   31
6 173 171 209 167 165 169
4 174 173 169 172
5 175 177 174 172 170
6 178 176 219 171 173 174
4 179 178 174 177
4 180 179 177 175
4 181 176 178 179
4 182 181 179 180
6 185 183 190 142 128 166
4 186 185 166 184
4 187 186 184 167
4 188 183 185 186
5 189 196 188 186 187
4 191 159 142 190
4 192 191 190 183
4 193 161 159 191
6 203 194 391 193 191 192
6 197 195 202 192 183 188
4 198 197 188 196
4 199 198 196 189
4 200 195 197 198
4 201 200 198 199
4 204 203 192 202
4 205 204 202 195
4 206 194 203 204
4 207 206 204 205
8 238 208 405 207 205 195 200 201
4 210 187 167 209
6 220 211 213 210 209 171
5 214 212 189 187 210
4 215 214 210 213
4 216 215 213 211
4 217 212 214 215
4 218 217 215 216
4 221 220 171 219
4 222 221 219 176
4 223 211 220 221
4 224 223 221 222
7 2104  225  224  222  176  181  182
4 226 216 211 223
4 227 226 223 224
4 228 218 216 226
4 229 228 226 227
5 230 229 227 224 225
7 232 231 237 201 199 189 212
4 233 232 212 217
4 234 233 217 218
4 235 231 232 233
4 236 235 233 234
4 239 238 201 237
4 240 239 237 231
4 241 208 238 239
4 242 241 239 240
6 243 242 240 231 235 236
6 244 236 234 218 228 229
4 245 244 229 230
4 246 243 236 244
4 247 246 244 245
4 250 249  38 248
5 251 253 250 248 133
6 254 252 268  49 249 250
4 255 254 250 253
4 256 255 253 251
4 257 252 254 255
4 258 257 255 256
4 259 251 133 138
6 291 260 262 259 138 139
7 263 261 282 258 256 251 259
4 264 263 259 262
4 265 264 262 260
4 266 261 263 264
4 267 266 264 265
4 270 269  49 268
4 271 270 268 252
4 272  54 269 270
4 273 272 270 271
8 283 274 276 273 271 252 257 258
8 277 275 324  61  59  54 272 273
4 278 277 273 276
4 279 278 276 274
4 280 275 277 278
4 281 280 278 279
4 284 283 258 282
4 285 284 282 261
4 286 274 283 284
4 287 286 284 285
6 288 287 285 261 266 267
6 289 281 279 274 286 287
4 290 289 287 288
4 292 291 139 150
4 293 292 150 151
4 294 260 291 292
4 295 294 292 293
6 296 295 293 151 155 156
6 297 267 265 260 294 295
4 298 297 295 296
4 299 296 156 160
4 300 299 160 161
4 301 298 296 299
6 398 302 308 301 299 300
4 303 288 267 297
4 304 303 297 298
4 305 290 288 303
6 315 306 359 305 303 304
6 309 307 314 304 298 301
4 310 309 301 308
4 311 310 308 302
4 312 307 309 310
4 313 312 310 311
4 316 315 304 314
4 317 316 314 307
4 318 306 315 316
4 319 318 316 317
4 320 317 307 312
4 321 320 312 313
4 322 319 317 320
4 323 322 320 321
4 326 325  61 324
4 327 326 324 275
4 328  95 325 326
4 329 328 326 327
6 330 329 327 275 280 281
6 331 102 100  95 328 329
4 332 331 329 330
4 333 330 281 289
4 334 333 289 290
4 335 332 330 333
6 366 336 342 335 333 334
4 337 123 102 331
4 338 337 331 332
4 339 125 123 337
6  349  340 1282  339  337  338
6 343 341 348 338 332 335
4 344 343 335 342
4 345 344 342 336
4 346 341 343 344
4 347 346 344 345
4 350 349 338 348
4 351 350 348 341
4 352 340 349 350
4 353 352 350 351
4 354 351 341 346
4 355 354 346 347
4 356 353 351 354
4 357 356 354 355
6 360 358 365 334 290 305
4 361 360 305 359
4 362 361 359 306
4 363 358 360 361
4 364 363 361 362
4 367 366 334 365
4 368 367 365 358
4 369 336 366 367
4 370 369 367 368
4 371 368 358 363
4 372 371 363 364
4 373 370 368 371
4 374 373 371 372
4 375 362 306 318
4 376 375 318 319
4 377 364 362 375
4 378 377 375 376
6 379 378 376 319 322 323
6 380 374 372 364 377 378
4 381 380 378 379
4 382 345 336 369
4 383 382 369 370
4 384 347 345 382
4 385 384 382 383
6 386 385 383 370 373 374
6 387 357 355 347 384 385
4 388 387 385 386
6 389 388 386 374 380 381
6 392 390 397 300 161 193
4 393 392 193 391
4 394 393 391 194
4 395 390 392 393
4 396 395 393 394
4 399 398 300 397
4 400 399 397 390
4 401 302 398 399
4 402 401 399 400
8 412 403 419 402 400 390 395 396
8 406 404 411 396 394 194 206 207
4 407 406 207 405
4 408 407 405 208
4 409 404 406 407
4 410 409 407 408
4 413 412 396 411
4 414 413 411 404
4 415 403 412 413
4 416 415 413 414
6 417 416 414 404 409 410
7 420 418 313 311 302 401 402
4 421 420 402 419
4 422 421 419 403
4 423 418 420 421
4 424 423 421 422
5 425 323 321 313 418
5 426 425 418 423 424
6 427 424 422 403 415 416
4 428 427 416 417
4 429 426 424 427
4 430 429 427 428
6 431 410 408 208 241 242
4 432 431 242 243
4 433 417 410 431
4 434 433 431 432
6 435 434 432 243 246 247
6 436 430 428 417 433 434
4 437 436 434 435
6 438 381 379 323 425 426
5 439 438 426 429 430
4 440 389 381 438
4 441 440 438 439
6 442 441 439 430 436 437
4 445 444   6 443
4 446 445 443   7
4 448 447 444 445
5 458 449 448 445 446
6 452 450 457 446   7  12
4 453 452  12 451
4 454 453 451  13
4 455 450 452 453
6 895 456 474 455 453 454
4 459 458 446 457
5 460 462 459 457 450
5 463 461 449 458 459
4 464 463 459 462
5 465 467 464 462 460
5 468 466 461 463 464
4 469 468 464 467
4 470 469 467 465
4 471 466 468 469
6 497 472 578 471 469 470
6 475 473 490 460 450 455
4 476 475 455 474
6 1098  477  479  476  474  456
6 480 478 513 473 475 476
4 481 480 476 479
6 1123  482  484  481  479  477
6 485 483 524 478 480 481
4 486 485 481 484
4 487 486 484 482
4 488 483 485 486
4 489 488 486 487
5 491 493 465 460 490
6 514 492 503 491 490 473
5 494 496 470 465 493
4 495 494 493 491
4 498 497 470 496
4 499 498 496 494
4 500 472 497 498
4 501 500 498 499
5 502 501 499 494 495
4 504 495 491 503
6 539 505 507 504 503 492
5 508 506 502 495 504
4 509 508 504 507
4 510 509 507 505
4 511 506 508 509
4 512 511 509 510
4 515 514 473 513
6 525 516 518 515 513 478
6 519 517 538 492 514 515
4 520 519 515 518
4 521 520 518 516
4 522 517 519 520
4 523 522 520 521
4 526 525 478 524
4 527 526 524 483
4 528 516 525 526
4 529 528 526 527
8 1184  530  532  529  527  483  488  489
7 533 531 523 521 516 528 529
4 534 533 529 532
4 535 534 532 530
4 536 531 533 534
4 537 536 534 535
4 540 539 492 538
4 541 540 538 517
4 542 505 539 540
4 543 542 540 541
6 544 543 541 517 522 523
6 545 512 510 505 542 543
4 546 545 543 544
4 547 544 523 531
5 548 547 531 536 537
4 549 546 544 547
4 550 549 547 548
4 552 551 447 448
6 572 553 556 552 448 449
6  557  555 3344  554  551  552
4 558 557 552 556
6 735 559 561 558 556 553
6  562  560 3351  555  557  558
4 563 562 558 561
5 564 566 563 561 559
6  567  565 3362  560  562  563
4 568 567 563 566
4 569 568 566 564
4 570 565 567 568
5  571 3369  570  568  569
5 574 573 572 449 461
5 576 575 574 461 466
5 579 577 576 466 471
4 580 579 471 578
4 581 580 578 472
4 582 577 579 580
4 583 582 580 581
5 585 584 575 576 577
4 586 585 577 582
4 587 586 582 583
4 588 584 585 586
4 589 588 586 587
5 591 590 573 574 575
5 593 592 591 575 584
4 594 593 584 588
4 595 594 588 589
4 596 592 593 594
4 597 596 594 595
4 598 590 591 592
6 622 599 598 592 596 597
6 601 600 734 553 572 573
4 602 601 573 590
6 674 603 602 590 598 599
4 604 600 601 602
6 688 605 741 604 602 603
6 606 583 581 472 500 501
4 607 606 501 502
5 608 589 587 583 606
4 609 608 606 607
4 610 607 502 506
6 611 613 610 506 511 512
6 614 612 628 609 607 610
4 615 614 610 613
4 616 615 613 611
4 617 612 614 615
4 618 617 615 616
6 619 621 597 595 589 608
5 629 620 619 608 609
4 623 622 597 621
4 624 623 621 619
4 625 599 622 623
4 626 625 623 624
5 627 626 624 619 620
4 630 629 609 628
4 631 630 628 612
4 632 620 629 630
4 633 632 630 631
6 634 633 631 612 617 618
5 635 627 620 632 633
4 636 635 633 634
4 637 611 512 545
4 638 637 545 546
5 639 618 616 611 637
4 640 639 637 638
4 641 638 546 549
6 1335  642  644  641  549  550
6 645 643 659 640 638 641
4 646 645 641 644
4 647 646 644 642
4 648 643 645 646
4 649 648 646 647
4 650 634 618 639
6 660 651 653 650 639 640
6 654 652 710 636 634 650
4 655 654 650 653
4 656 655 653 651
4 657 652 654 655
4 658 657 655 656
4 661 660 640 659
4 662 661 659 643
4 663 651 660 661
4 664 663 661 662
4 665 662 643 648
4 666 665 648 649
4 667 664 662 665
4 668 667 665 666
4 669 656 651 663
4 670 669 663 664
4 671 658 656 669
4 672 671 669 670
6 673 672 670 664 667 668
5 675 674 599 625 626
4 676 675 626 627
4 677 603 674 675
4 678 677 675 676
4 679 676 627 635
6 711 680 682 679 635 636
6 683 681 698 678 676 679
4 684 683 679 682
4 685 684 682 680
4 686 681 683 684
4 687 686 684 685
4 689 688 603 677
6 699 690 692 689 677 678
5 693 691 605 688 689
4 694 693 689 692
4 695 694 692 690
4 696 691 693 694
4 697 696 694 695
4 700 699 678 698
4 701 700 698 681
4 702 690 699 700
4 703 702 700 701
4 704 701 681 686
4 705 704 686 687
4 706 703 701 704
4 707 706 704 705
6 708 697 695 690 702 703
5 709 708 703 706 707
4 712 711 636 710
4 713 712 710 652
4 714 680 711 712
4 715 714 712 713
4 716 713 652 657
4 717 716 657 658
4 718 715 713 716
4 719 718 716 717
4 720 685 680 714
4 721 720 714 715
4 722 687 685 720
4 723 722 720 721
6 724 723 721 715 718 719
6 725 719 717 658 671 672
4 726 725 672 673
4 727 724 719 725
4 728 727 725 726
6 729 707 705 687 722 723
4 730 729 723 724
4 731 709 707 729
4 732 731 729 730
6 733 732 730 724 727 728
4 736 735 553 734
4 737 736 734 600
4 738 559 735 736
6 748 739 768 738 736 737
6 742 740 747 737 600 604
4 743 742 604 741
4 744 743 741 605
5 745 758 740 742 743
4 746 745 743 744
4 749 748 737 747
6 759 750 752 749 747 740
6 753 751 788 739 748 749
4 754 753 749 752
4 755 754 752 750
4 756 751 753 754
4 757 756 754 755
4 760 759 740 758
4 761 760 758 745
4 762 750 759 760
4 763 762 760 761
5 764 763 761 745 746
6 765 757 755 750 762 763
4 766 765 763 764
6 769 767 774 564 559 738
4 770 769 738 768
5 789 771 770 768 739
4 772 767 769 770
4 773 772 770 771
4 775 569 564 774
5 776 778 775 774 767
6  779  777 3481  571  569  775
4 780 779 775 778
4 781 780 778 776
4 782 777 779 780
4 783 782 780 781
4 784 776 767 772
4 785 784 772 773
5 786 783 781 776 784
4 787 786 784 785
4 790 789 739 788
4 791 790 788 751
4 792 771 789 790
4 793 792 790 791
6 794 793 791 751 756 757
5 795 773 771 792 793
4 796 795 793 794
7 797 799 796 794 757 765 766
8  800  798 3523  787  785  773  795  796
4 801 800 796 799
4 802 801 799 797
4 803 798 800 801
5  804 3534  803  801  802
4 805 744 605 691
5 806 805 691 696 697
4 807 746 744 805
4 808 807 805 806
6 809 808 806 697 708 709
6 810 766 764 746 807 808
4 811 810 808 809
5 812 809 709 731 732
4 813 812 732 733
5 814 833 811 809 812
5 815 839 814 812 813
5 816 818 797 766 810
6 834 817 823 816 810 811
4 819 802 797 818
4 820 819 818 816
5  821 3580  804  802  819
5 827 822 821 819 820
5 824 826 820 816 823
5 850 825 824 823 817
4 828 827 820 826
4 829 828 826 824
4 830 822 827 828
4 831 830 828 829
7  860  832 3596  831  829  824  825
4 835 834 811 833
4 836 835 833 814
5 837 849 817 834 835
5 838 855 837 835 836
4 840 836 814 839
5 841 843 840 839 815
5 844 842 838 836 840
4 845 844 840 843
4 846 845 843 841
4 847 842 844 845
4 848 847 845 846
4 851 850 817 849
4 852 851 849 837
4 853 825 850 851
4 854 853 851 852
4 856 852 837 855
4 857 856 855 838
4 858 854 852 856
4 859 858 856 857
4 861 860 825 853
4 862 861 853 854
4 863 832 860 861
4 864 863 861 862
4 865 862 854 858
4 866 865 858 859
4 867 864 862 865
4 868 867 865 866
6 870 869 859 857 838 842
4 871 870 842 847
4 872 871 847 848
4 873 869 870 871
4 874 873 871 872
5 875 868 866 859 869
5 876 875 869 873 874
6 879 877 894 454  13  43
4 880 879  43 878
6 959 881 883 880 878  44
6 884 882 910 877 879 880
4 885 884 880 883
6 984 886 888 885 883 881
6 889 887 921 882 884 885
4 890 889 885 888
4 891 890 888 886
4 892 887 889 890
4 893 892 890 891
4 896 895 454 894
6 911 897 899 896 894 877
6  900  898 1097  456  895  896
4 901 900 896 899
6 936 902 904 901 899 897
6  905  903 1108  898  900  901
4 906 905 901 904
4 907 906 904 902
4 908 903 905 906
4 909 908 906 907
4 912 911 877 910
6 922 913 915 912 910 882
6 916 914 935 897 911 912
4 917 916 912 915
4 918 917 915 913
4 919 914 916 917
4 920 919 917 918
4 923 922 882 921
4 924 923 921 887
4 925 913 922 923
4 926 925 923 924
8 1041  927  929  926  924  887  892  893
8 930 928 949 920 918 913 925 926
4 931 930 926 929
4 932 931 929 927
4 933 928 930 931
4 934 933 931 932
4 937 936 897 935
4 938 937 935 914
4 939 902 936 937
4 940 939 937 938
8 950 941 943 940 938 914 919 920
8  944  942 1145  909  907  902  939  940
4 945 944 940 943
4 946 945 943 941
4 947 942 944 945
4 948 947 945 946
4 951 950 920 949
4 952 951 949 928
4 953 941 950 951
4 954 953 951 952
6 955 954 952 928 933 934
6 956 948 946 941 953 954
4 957 956 954 955
4 960 959  44 958
6 970 961 963 960 958  66
6 964 962 983 881 959 960
4 965 964 960 963
4 966 965 963 961
4 967 962 964 965
4 968 967 965 966
4 971 970  66 969
4 972 971 969  71
4 973 961 970 971
4 974 973 971 972
8 1007  975  977  974  972   71   76   77
8 978 976 997 968 966 961 973 974
4 979 978 974 977
4 980 979 977 975
4 981 976 978 979
4 982 981 979 980
4 985 984 881 983
4 986 985 983 962
4 987 886 984 985
4 988 987 985 986
8 998 989 991 988 986 962 967 968
8  992  990 1040  893  891  886  987  988
4 993 992 988 991
4 994 993 991 989
4 995 990 992 993
4 996 995 993 994
4 999 998 968 997
4 1000  999  997  976
4 1001  989  998  999
4 1002 1001  999 1000
6 1003 1002 1000  976  981  982
6 1004  996  994  989 1001 1002
4 1005 1004 1002 1003
4 1008 1007   77 1006
4 1009 1008 1006  110
4 1010  975 1007 1008
4 1011 1010 1008 1009
6 1012 1011 1009  110  115  116
6 1013  982  980  975 1010 1011
4 1014 1013 1011 1012
4 1015 1012  116  124
4 1016 1015  124  125
4 1017 1014 1012 1015
6 1289 1018 1024 1017 1015 1016
4 1019 1003  982 1013
4 1020 1019 1013 1014
4 1021 1005 1003 1019
6 1031 1022 1072 1021 1019 1020
6 1025 1023 1030 1020 1014 1017
4 1026 1025 1017 1024
4 1027 1026 1024 1018
4 1028 1023 1025 1026
4 1029 1028 1026 1027
4 1032 1031 1020 1030
4 1033 1032 1030 1023
4 1034 1022 1031 1032
4 1035 1034 1032 1033
4 1036 1033 1023 1028
4 1037 1036 1028 1029
4 1038 1035 1033 1036
4 1039 1038 1036 1037
4 1042 1041  893 1040
4 1043 1042 1040  990
4 1044  927 1041 1042
4 1045 1044 1042 1043
6 1046 1045 1043  990  995  996
6 1047  934  932  927 1044 1045
4 1048 1047 1045 1046
4 1049 1046  996 1004
4 1050 1049 1004 1005
4 1051 1048 1046 1049
6 1079 1052 1058 1051 1049 1050
4 1053  955  934 1047
4 1054 1053 1047 1048
4 1055  957  955 1053
6 1065 1056 1250 1055 1053 1054
6 1059 1057 1064 1054 1048 1051
4 1060 1059 1051 1058
4 1061 1060 1058 1052
4 1062 1057 1059 1060
4 1063 1062 1060 1061
4 1066 1065 1054 1064
4 1067 1066 1064 1057
4 1068 1056 1065 1066
4 1069 1068 1066 1067
6 1070 1069 1067 1057 1062 1063
6 1073 1071 1078 1050 1005 1021
4 1074 1073 1021 1072
4 1075 1074 1072 1022
4 1076 1071 1073 1074
4 1077 1076 1074 1075
4 1080 1079 1050 1078
4 1081 1080 1078 1071
4 1082 1052 1079 1080
4 1083 1082 1080 1081
6 1084 1083 1081 1071 1076 1077
4 1085 1075 1022 1034
4 1086 1085 1034 1035
4 1087 1077 1075 1085
4 1088 1087 1085 1086
6 1089 1088 1086 1035 1038 1039
5 1090 1084 1077 1087 1088
4 1091 1090 1088 1089
6 1092 1063 1061 1052 1082 1083
4 1093 1092 1083 1084
4 1094 1070 1063 1092
4 1095 1094 1092 1093
6 1096 1095 1093 1084 1090 1091
4 1099 1098  456 1097
6 1109 1100 1102 1099 1097  898
6 1103 1101 1122  477 1098 1099
4 1104 1103 1099 1102
4 1105 1104 1102 1100
4 1106 1101 1103 1104
4 1107 1106 1104 1105
4 1110 1109  898 1108
4 1111 1110 1108  903
4 1112 1100 1109 1110
4 1113 1112 1110 1111
8 1146 1114 1116 1113 1111  903  908  909
8 1117 1115 1136 1107 1105 1100 1112 1113
4 1118 1117 1113 1116
4 1119 1118 1116 1114
4 1120 1115 1117 1118
4 1121 1120 1118 1119
4 1124 1123  477 1122
4 1125 1124 1122 1101
4 1126  482 1123 1124
4 1127 1126 1124 1125
8 1137 1128 1130 1127 1125 1101 1106 1107
8 1131 1129 1183  489  487  482 1126 1127
4 1132 1131 1127 1130
4 1133 1132 1130 1128
4 1134 1129 1131 1132
4 1135 1134 1132 1133
4 1138 1137 1107 1136
4 1139 1138 1136 1115
4 1140 1128 1137 1138
4 1141 1140 1138 1139
6 1142 1141 1139 1115 1120 1121
6 1143 1135 1133 1128 1140 1141
4 1144 1143 1141 1142
4 1147 1146  909 1145
4 1148 1147 1145  942
4 1149 1114 1146 1147
4 1150 1149 1147 1148
6 1151 1150 1148  942  947  948
6 1152 1121 1119 1114 1149 1150
4 1153 1152 1150 1151
4 1154 1151  948  956
4 1155 1154  956  957
5 1156 1167 1153 1151 1154
6 1257 1157 1173 1156 1154 1155
4 1158 1142 1121 1152
6 1168 1159 1161 1158 1152 1153
6 1162 1160 1225 1144 1142 1158
4 1163 1162 1158 1161
4 1164 1163 1161 1159
4 1165 1160 1162 1163
4 1166 1165 1163 1164
4 1169 1168 1153 1167
4 1170 1169 1167 1156
4 1171 1159 1168 1169
4 1172 1171 1169 1170
4 1174 1170 1156 1173
4 1175 1174 1173 1157
4 1176 1172 1170 1174
4 1177 1176 1174 1175
4 1178 1164 1159 1171
4 1179 1178 1171 1172
4 1180 1166 1164 1178
4 1181 1180 1178 1179
6 1182 1181 1179 1172 1176 1177
4 1185 1184  489 1183
4 1186 1185 1183 1129
4 1187  530 1184 1185
4 1188 1187 1185 1186
6 1189 1188 1186 1129 1134 1135
6 1190  537  535  530 1187 1188
4 1191 1190 1188 1189
4 1192 1189 1135 1143
6 1226 1193 1195 1192 1143 1144
6 1196 1194 1210 1191 1189 1192
4 1197 1196 1192 1195
4 1198 1197 1195 1193
4 1199 1194 1196 1197
4 1200 1199 1197 1198
4 1201  548  537 1190
6 1211 1202 1204 1201 1190 1191
6 1205 1203 1334  550  548 1201
4 1206 1205 1201 1204
4 1207 1206 1204 1202
4 1208 1203 1205 1206
4 1209 1208 1206 1207
4 1212 1211 1191 1210
4 1213 1212 1210 1194
4 1214 1202 1211 1212
4 1215 1214 1212 1213
4 1216 1213 1194 1199
4 1217 1216 1199 1200
4 1218 1215 1213 1216
4 1219 1218 1216 1217
4 1220 1207 1202 1214
4 1221 1220 1214 1215
4 1222 1209 1207 1220
4 1223 1222 1220 1221
6 1224 1223 1221 1215 1218 1219
4 1227 1226 1144 1225
4 1228 1227 1225 1160
4 1229 1193 1226 1227
4 1230 1229 1227 1228
4 1231 1228 1160 1165
4 1232 1231 1165 1166
4 1233 1230 1228 1231
4 1234 1233 1231 1232
4 1235 1198 1193 1229
4 1236 1235 1229 1230
4 1237 1200 1198 1235
4 1238 1237 1235 1236
6 1239 1238 1236 1230 1233 1234
6 1240 1234 1232 1166 1180 1181
4 1241 1240 1181 1182
4 1242 1239 1234 1240
4 1243 1242 1240 1241
6 1244 1219 1217 1200 1237 1238
4 1245 1244 1238 1239
4 1246 1224 1219 1244
4 1247 1246 1244 1245
6 1248 1247 1245 1239 1242 1243
6 1251 1249 1256 1155  957 1055
4 1252 1251 1055 1250
4 1253 1252 1250 1056
4 1254 1249 1251 1252
4 1255 1254 1252 1253
4 1258 1257 1155 1256
4 1259 1258 1256 1249
4 1260 1157 1257 1258
4 1261 1260 1258 1259
6 1262 1261 1259 1249 1254 1255
6 1263 1255 1253 1056 1068 1069
4 1264 1263 1069 1070
4 1265 1262 1255 1263
4 1266 1265 1263 1264
6 1267 1177 1175 1157 1260 1261
4 1268 1267 1261 1262
4 1269 1182 1177 1267
4 1270 1269 1267 1268
6 1271 1270 1268 1262 1265 1266
6 1272 1266 1264 1070 1094 1095
4 1273 1272 1095 1096
4 1274 1271 1266 1272
4 1275 1274 1272 1273
6 1276 1243 1241 1182 1269 1270
4 1277 1276 1270 1271
4 1278 1248 1243 1276
4 1279 1278 1276 1277
6 1280 1279 1277 1271 1274 1275
6 1283 1281 1288 1016  125  339
4 1284 1283  339 1282
4 1285 1284 1282  340
4 1286 1281 1283 1284
4 1287 1286 1284 1285
4 1290 1289 1016 1288
4 1291 1290 1288 1281
4 1292 1018 1289 1290
4 1293 1292 1290 1291
4 1294 1291 1281 1286
4 1295 1294 1286 1287
4 1296 1293 1291 1294
4 1297 1296 1294 1295
4 1298 1285  340  352
4 1299 1298  352  353
4 1300 1287 1285 1298
4 1301 1300 1298 1299
6 1302 1301 1299  353  356  357
6 1303 1297 1295 1287 1300 1301
4 1304 1303 1301 1302
4 1305 1027 1018 1292
4 1306 1305 1292 1293
4 1307 1029 1027 1305
4 1308 1307 1305 1306
6 1309 1308 1306 1293 1296 1297
6 1310 1039 1037 1029 1307 1308
4 1311 1310 1308 1309
6 1312 1311 1309 1297 1303 1304
6 1313 1304 1302  357  387  388
4 1314 1313  388  389
4 1315 1312 1304 1313
4 1316 1315 1313 1314
6 1317 1091 1089 1039 1310 1311
4 1318 1317 1311 1312
4 1319 1096 1091 1317
4 1320 1319 1317 1318
6 1321 1320 1318 1312 1315 1316
6 1322 1316 1314  389  440  441
4 1323 1322  441  442
4 1324 1321 1316 1322
4 1325 1324 1322 1323
6 1326 1275 1273 1096 1319 1320
4 1327 1326 1320 1321
4 1328 1280 1275 1326
5 1329 1548 1328 1326 1327
4 1330 1327 1321 1324
4 1331 1330 1324 1325
5 1332 1615 1329 1327 1330
5 1333 1620 1332 1330 1331
4 1336 1335  550 1334
4 1337 1336 1334 1203
4 1338  642 1335 1336
4 1339 1338 1336 1337
4 1340 1337 1203 1208
4 1341 1340 1208 1209
4 1342 1339 1337 1340
4 1343 1342 1340 1341
4 1344  647  642 1338
4 1345 1344 1338 1339
4 1346  649  647 1344
4 1347 1346 1344 1345
6 1348 1347 1345 1339 1342 1343
6 1349 1343 1341 1209 1222 1223
4 1350 1349 1223 1224
4 1351 1348 1343 1349
4 1352 1351 1349 1350
6 1353  668  666  649 1346 1347
4 1354 1353 1347 1348
4 1355  673  668 1353
4 1356 1355 1353 1354
6 1357 1356 1354 1348 1351 1352
6 1358 1352 1350 1224 1246 1247
4 1359 1358 1247 1248
4 1360 1357 1352 1358
4 1361 1360 1358 1359
6 1362  728  726  673 1355 1356
4 1363 1362 1356 1357
4 1364  733  728 1362
4 1365 1364 1362 1363
8 1370 1366 1394 1365 1363 1357 1360 1361
7 1367 1369 1361 1359 1248 1278 1279
5 1368 1375 1367 1279 1280
4 1371 1370 1361 1369
4 1372 1371 1369 1367
5 1373 1462 1366 1370 1371
5 1374 1468 1373 1371 1372
4 1376 1372 1367 1375
5 1377 1379 1376 1375 1368
6 1380 1378 1502 1374 1372 1376
4 1381 1380 1376 1379
4 1382 1381 1379 1377
5 1383 1512 1378 1380 1381
5 1384 1518 1383 1381 1382
4 1385  813  733 1364
5 1386 1388 1385 1364 1365
6 1389 1387 1417  815  813 1385
4 1390 1389 1385 1388
4 1391 1390 1388 1386
5 1392 1426 1387 1389 1390
4 1393 1392 1390 1391
5 1395 1397 1386 1365 1394
6 1463 1396 1407 1395 1394 1366
4 1398 1391 1386 1397
5 1399 1401 1398 1397 1395
6 1402 1400 1447 1393 1391 1398
4 1403 1402 1398 1401
4 1404 1403 1401 1399
4 1405 1400 1402 1403
4 1406 1405 1403 1404
4 1408 1399 1395 1407
6 1479 1409 1411 1408 1407 1396
6 1412 1410 1406 1404 1399 1408
4 1413 1412 1408 1411
4 1414 1413 1411 1409
4 1415 1410 1412 1413
4 1416 1415 1413 1414
5 1418 1420  841  815 1417
5 1427 1419 1418 1417 1387
4 1421  846  841 1420
4 1422 1421 1420 1418
4 1423  848  846 1421
4 1424 1423 1421 1422
6 1433 1425 1424 1422 1418 1419
4 1428 1427 1387 1426
4 1429 1428 1426 1392
4 1430 1419 1427 1428
4 1431 1430 1428 1429
6 1448 1432 1431 1429 1392 1393
4 1434 1433 1419 1430
4 1435 1434 1430 1431
4 1436 1425 1433 1434
4 1437 1436 1434 1435
5 1438 1437 1435 1431 1432
6 1439  874  872  848 1423 1424
4 1440 1439 1424 1425
4 1441  876  874 1439
4 1442 1441 1439 1440
5 1443 1440 1425 1436 1437
4 1444 1443 1437 1438
4 1445 1442 1440 1443
4 1446 1445 1443 1444
4 1449 1448 1393 1447
4 1450 1449 1447 1400
4 1451 1432 1448 1449
4 1452 1451 1449 1450
6 1453 1452 1450 1400 1405 1406
5 1454 1438 1432 1451 1452
4 1455 1454 1452 1453
4 1456 1453 1406 1410
5 1457 1456 1410 1415 1416
4 1458 1455 1453 1456
4 1459 1458 1456 1457
6 1460 1446 1444 1438 1454 1455
5 1461 1460 1455 1458 1459
4 1464 1463 1366 1462
4 1465 1464 1462 1373
5 1466 1478 1396 1463 1464
4 1467 1466 1464 1465
4 1469 1465 1373 1468
5 1470 1472 1469 1468 1374
6 1473 1471 1490 1467 1465 1469
4 1474 1473 1469 1472
4 1475 1474 1472 1470
4 1476 1471 1473 1474
4 1477 1476 1474 1475
4 1480 1479 1396 1478
4 1481 1480 1478 1466
4 1482 1409 1479 1480
4 1483 1482 1480 1481
6 1491 1484 1483 1481 1466 1467
4 1485 1414 1409 1482
4 1486 1485 1482 1483
4 1487 1416 1414 1485
4 1488 1487 1485 1486
5 1489 1488 1486 1483 1484
4 1492 1491 1467 1490
4 1493 1492 1490 1471
4 1494 1484 1491 1492
4 1495 1494 1492 1493
4 1496 1493 1471 1476
4 1497 1496 1476 1477
4 1498 1495 1493 1496
4 1499 1498 1496 1497
5 1500 1489 1484 1494 1495
5 1501 1500 1495 1498 1499
4 1503 1470 1374 1502
6 1513 1504 1506 1503 1502 1378
6 1507 1505 1477 1475 1470 1503
4 1508 1507 1503 1506
4 1509 1508 1506 1504
4 1510 1505 1507 1508
4 1511 1510 1508 1509
4 1514 1513 1378 1512
4 1515 1514 1512 1383
4 1516 1504 1513 1514
4 1517 1516 1514 1515
4 1519 1515 1383 1518
4 1520 1519 1518 1384
4 1521 1517 1515 1519
4 1522 1521 1519 1520
4 1523 1509 1504 1516
4 1524 1523 1516 1517
4 1525 1511 1509 1523
4 1526 1525 1523 1524
6 1527 1526 1524 1517 1521 1522
5 1528 1499 1497 1477 1505
5 1529 1528 1505 1510 1511
4 1530 1501 1499 1528
4 1531 1530 1528 1529
5 1532 1529 1511 1525 1526
4 1533 1532 1526 1527
4 1534 1531 1529 1532
4 1535 1534 1532 1533
5 1536 1457 1416 1487 1488
4 1537 1536 1488 1489
4 1538 1459 1457 1536
4 1539 1538 1536 1537
6 1540 1539 1537 1489 1500 1501
5 1541 1461 1459 1538 1539
4 1542 1541 1539 1540
5 1543 1540 1501 1530 1531
5 1544 1543 1531 1534 1535
4 1545 1542 1540 1543
4 1546 1545 1543 1544
6 1549 1547 1554 1368 1280 1328
4 1550 1549 1328 1548
4 1551 1550 1548 1329
5 1552 1576 1547 1549 1550
5 1553 1582 1552 1550 1551
5 1555 1557 1377 1368 1554
6 1577 1556 1567 1555 1554 1547
4 1558 1382 1377 1557
5 1559 1561 1558 1557 1555
6 1562 1560 1710 1384 1382 1558
4 1563 1562 1558 1561
4 1564 1563 1561 1559
4 1565 1560 1562 1563
4 1566 1565 1563 1564
5 1568 1570 1559 1555 1567
5 1588 1569 1568 1567 1556
4 1571 1564 1559 1570
4 1572 1571 1570 1568
4 1573 1566 1564 1571
4 1574 1573 1571 1572
6 1598 1575 1574 1572 1568 1569
4 1578 1577 1547 1576
4 1579 1578 1576 1552
5 1580 1587 1556 1577 1578
5 1581 1593 1580 1578 1579
4 1583 1579 1552 1582
4 1584 1583 1582 1553
4 1585 1581 1579 1583
5 1638 1586 1585 1583 1584
4 1589 1588 1556 1587
4 1590 1589 1587 1580
4 1591 1569 1588 1589
4 1592 1591 1589 1590
4 1594 1590 1580 1593
4 1595 1594 1593 1581
4 1596 1592 1590 1594
4 1597 1596 1594 1595
4 1599 1598 1569 1591
4 1600 1599 1591 1592
4 1601 1575 1598 1599
4 1602 1601 1599 1600
4 1603 1600 1592 1596
4 1604 1603 1596 1597
4 1605 1602 1600 1603
4 1606 1605 1603 1604
6 1607 1609 1597 1595 1581 1585
5 1658 1608 1607 1585 1586
4 1610 1604 1597 1609
4 1611 1610 1609 1607
4 1612 1606 1604 1610
4 1613 1612 1610 1611
5 1614 1613 1611 1607 1608
4 1616 1551 1329 1615
4 1617 1616 1615 1332
5 1618 1634 1553 1551 1616
6 1624 1619 1648 1618 1616 1617
5 1621 1623 1617 1332 1620
5 1622 1629 1621 1620 1333
4 1625 1624 1617 1623
4 1626 1625 1623 1621
5 1627 1677 1619 1624 1625
5 1628 1683 1627 1625 1626
4 1630 1626 1621 1629
4 1631 1630 1629 1622
4 1632 1628 1626 1630
6 2769 1633 1697 1632 1630 1631
5 1635 1637 1584 1553 1634
5 1636 1643 1635 1634 1618
4 1639 1638 1584 1637
4 1640 1639 1637 1635
4 1641 1586 1638 1639
4 1642 1641 1639 1640
4 1644 1640 1635 1643
4 1645 1644 1643 1636
4 1646 1642 1640 1644
4 1647 1646 1644 1645
4 1649 1636 1618 1648
6 1678 1650 1652 1649 1648 1619
7 1653 1651 1669 1647 1645 1636 1649
4 1654 1653 1649 1652
4 1655 1654 1652 1650
4 1656 1651 1653 1654
4 1657 1656 1654 1655
4 1659 1658 1586 1641
4 1660 1659 1641 1642
4 1661 1608 1658 1659
4 1662 1661 1659 1660
4 1663 1660 1642 1646
4 1664 1663 1646 1647
4 1665 1662 1660 1663
4 1666 1665 1663 1664
5 1667 1614 1608 1661 1662
5 1668 1667 1662 1665 1666
4 1670 1664 1647 1669
4 1671 1670 1669 1651
4 1672 1666 1664 1670
4 1673 1672 1670 1671
6 1674 1673 1671 1651 1656 1657
5 1675 1668 1666 1672 1673
4 1676 1675 1673 1674
4 1679 1678 1619 1677
4 1680 1679 1677 1627
4 1681 1650 1678 1679
4 1682 1681 1679 1680
4 1684 1680 1627 1683
4 1685 1684 1683 1628
4 1686 1682 1680 1684
4 1687 1686 1684 1685
4 1688 1655 1650 1681
4 1689 1688 1681 1682
4 1690 1657 1655 1688
4 1691 1690 1688 1689
4 1692 1689 1682 1686
4 1693 1692 1686 1687
4 1694 1691 1689 1692
4 1695 1694 1692 1693
6 1698 1696 1687 1685 1628 1632
4 1699 1698 1632 1697
4 1700 1699 1697 1633
4 1701 1696 1698 1699
4 1702 1701 1699 1700
5 1703 1695 1693 1687 1696
5 1704 1703 1696 1701 1702
5 1705 1674 1657 1690 1691
5 1706 1705 1691 1694 1695
4 1707 1676 1674 1705
4 1708 1707 1705 1706
6 1709 1708 1706 1695 1703 1704
4 1711 1520 1384 1710
4 1712 1711 1710 1560
4 1713 1522 1520 1711
4 1714 1713 1711 1712
4 1715 1712 1560 1565
4 1716 1715 1565 1566
4 1717 1714 1712 1715
4 1718 1717 1715 1716
5 1719 1527 1522 1713 1714
5 1720 1719 1714 1717 1718
4 1721 1716 1566 1573
4 1722 1721 1573 1574
4 1723 1718 1716 1721
4 1724 1723 1721 1722
5 1725 1724 1722 1574 1575
5 1726 1720 1718 1723 1724
4 1727 1726 1724 1725
6 1728 1535 1533 1527 1719 1720
5 1729 1728 1720 1726 1727
5 1730 1725 1575 1601 1602
5 1731 1730 1602 1605 1606
4 1732 1727 1725 1730
4 1733 1732 1730 1731
5 1734 1731 1606 1612 1613
4 1735 1734 1613 1614
4 1736 1733 1731 1734
4 1737 1736 1734 1735
5 1738 1729 1727 1732 1733
5 1739 1738 1733 1736 1737
6 1740 1546 1544 1535 1728 1729
5 1741 1740 1729 1738 1739
6 1742 1737 1735 1614 1667 1668
5 1743 1742 1668 1675 1676
4 1744 1739 1737 1742
4 1745 1744 1742 1743
5 1746 1743 1676 1707 1708
4 1747 1746 1708 1709
4 1748 1745 1743 1746
4 1749 1748 1746 1747
5 1750 1741 1739 1744 1745
5 1751 1750 1745 1748 1749
6 1755 1753 1761   24   23 1752
4 1756 1755 1752 1754
4 1758 1756 1754 1757
4 1759 1753 1755 1756
5 1760 1785 1759 1756 1758
5 1762 1764   29   24 1761
5 1763 1770 1762 1761 1753
4 1766 1765   29 1764
4 1767 1766 1764 1762
5 1768 2026   31 1765 1766
6 1774 1769 2032 1768 1766 1767
5 1771 1773 1767 1762 1770
5 1772 1779 1771 1770 1763
4 1775 1774 1767 1773
4 1776 1775 1773 1771
4 1777 1769 1774 1775
5 1778 2064 1777 1775 1776
4 1780 1776 1771 1779
4 1781 1780 1779 1772
5 1782 2072 1778 1776 1780
5 1783 2077 1782 1780 1781
6 1786 1784 1791 1763 1753 1759
4 1787 1786 1759 1785
4 1788 1787 1785 1760
4 1789 1784 1786 1787
5 1790 1814 1789 1787 1788
5 1792 1794 1772 1763 1791
5 1793 1799 1792 1791 1784
4 1795 1781 1772 1794
4 1796 1795 1794 1792
4 1797 1783 1781 1795
5 1803 1798 1797 1795 1796
5 1800 1802 1796 1792 1799
5 1801 1808 1800 1799 1793
4 1804 1803 1796 1802
4 1805 1804 1802 1800
4 1806 1798 1803 1804
4 1807 1806 1804 1805
4 1809 1805 1800 1808
4 1810 1809 1808 1801
4 1811 1807 1805 1809
4 1812 1811 1809 1810
6 1815 1813 1820 1793 1784 1789
4 1816 1815 1789 1814
4 1817 1816 1814 1790
4 1818 1813 1815 1816
5 1819 1830 1818 1816 1817
5 1821 1823 1801 1793 1820
4 1822 1821 1820 1813
4 1824 1810 1801 1823
4 1825 1824 1823 1821
4 1826 1812 1810 1824
4 1827 1826 1824 1825
6 1828 2144 1827 1825 1821 1822
5 1831 1829 1822 1813 1818
4 1832 1831 1818 1830
4 1833 1832 1830 1819
4 1834 1829 1831 1832
4 1835 1834 1832 1833
4 1836 1828 1822 1829
6 1880 1837 1836 1829 1834 1835
4 1839 1758 1757 1838
4 1841 1839 1838 1840
5 1842 1850 1760 1758 1839
5 1843 1855 1842 1839 1841
4 1845 1841 1840 1844
4 1847 1845 1844 1846
5 1848 1938 1843 1841 1845
5 1849 1943 1848 1845 1847
4 1851 1788 1760 1850
4 1852 1851 1850 1842
5 1853 1860 1790 1788 1851
5 1854 1865 1853 1851 1852
4 1856 1852 1842 1855
4 1857 1856 1855 1843
5 1858 1900 1854 1852 1856
5 1859 1910 1858 1856 1857
4 1861 1817 1790 1860
4 1862 1861 1860 1853
5 1863 1870 1819 1817 1861
5 1864 1875 1863 1861 1862
4 1866 1862 1853 1865
4 1867 1866 1865 1854
5 1868 1889 1864 1862 1866
4 1869 1868 1866 1867
4 1871 1833 1819 1870
4 1872 1871 1870 1863
4 1873 1835 1833 1871
4 1874 1873 1871 1872
4 1876 1872 1863 1875
4 1877 1876 1875 1864
4 1878 1874 1872 1876
4 1879 1878 1876 1877
4 1881 1880 1835 1873
4 1882 1881 1873 1874
4 1883 1837 1880 1881
4 1884 1883 1881 1882
4 1885 1882 1874 1878
4 1886 1885 1878 1879
4 1887 1884 1882 1885
4 1888 1887 1885 1886
4 1890 1877 1864 1889
4 1891 1890 1889 1868
4 1892 1879 1877 1890
4 1893 1892 1890 1891
5 1894 1893 1891 1868 1869
4 1895 1886 1879 1892
4 1896 1895 1892 1893
4 1897 1888 1886 1895
4 1898 1897 1895 1896
5 1899 1898 1896 1893 1894
4 1901 1867 1854 1900
5 1902 1904 1901 1900 1858
5 1905 1903 1869 1867 1901
4 1906 1905 1901 1904
4 1907 1906 1904 1902
4 1908 1903 1905 1906
4 1909 1908 1906 1907
5 1911 1913 1902 1858 1910
5 1912 1918 1911 1910 1859
4 1914 1907 1902 1913
4 1915 1914 1913 1911
4 1916 1909 1907 1914
4 1917 1916 1914 1915
4 1919 1915 1911 1918
4 1920 1919 1918 1912
4 1921 1917 1915 1919
4 1922 1921 1919 1920
4 1923 1894 1869 1903
6 1927 1924 1923 1903 1908 1909
4 1925 1899 1894 1923
4 1926 1925 1923 1924
4 1928 1927 1909 1916
4 1929 1928 1916 1917
4 1930 1924 1927 1928
4 1931 1930 1928 1929
4 1932 1929 1917 1921
4 1933 1932 1921 1922
4 1934 1931 1929 1932
4 1935 1934 1932 1933
5 1936 1926 1924 1930 1931
5 1937 1936 1931 1934 1935
4 1939 1857 1843 1938
4 1940 1939 1938 1848
5 1941 1957 1859 1857 1939
6 1947 1942 1966 1941 1939 1940
5 1944 1946 1940 1848 1943
5 1945 1952 1944 1943 1849
4 1948 1947 1940 1946
4 1949 1948 1946 1944
5 1950 1979 1942 1947 1948
5 1951 1985 1950 1948 1949
4 1953 1949 1944 1952
4 1954 1953 1952 1945
5 1955 1999 1951 1949 1953
5 1956 2004 1955 1953 1954
5 1958 1960 1912 1859 1957
4 1959 1958 1957 1941
4 1961 1920 1912 1960
4 1962 1961 1960 1958
4 1963 1922 1920 1961
4 1964 1963 1961 1962
5 1965 1964 1962 1958 1959
4 1967 1959 1941 1966
5 1980 1968 1967 1966 1942
4 1969 1965 1959 1967
5 1990 1970 1969 1967 1968
4 1971 1933 1922 1963
4 1972 1971 1963 1964
4 1973 1935 1933 1971
4 1974 1973 1971 1972
5 1975 1974 1972 1964 1965
5 1976 1937 1935 1973 1974
4 1977 1976 1974 1975
7 2017 1978 1977 1975 1965 1969 1970
4 1981 1980 1942 1979
4 1982 1981 1979 1950
4 1983 1968 1980 1981
4 1984 1983 1981 1982
4 1986 1982 1950 1985
4 1987 1986 1985 1951
4 1988 1984 1982 1986
4 1989 1988 1986 1987
4 1991 1990 1968 1983
4 1992 1991 1983 1984
4 1993 1970 1990 1991
4 1994 1993 1991 1992
4 1995 1992 1984 1988
4 1996 1995 1988 1989
4 1997 1994 1992 1995
4 1998 1997 1995 1996
4 2000 1987 1951 1999
4 2001 2000 1999 1955
4 2002 1989 1987 2000
4 2003 2002 2000 2001
4 2005 2001 1955 2004
4 2006 2005 2004 1956
4 2007 2003 2001 2005
4 2008 2007 2005 2006
4 2009 1996 1989 2002
4 2010 2009 2002 2003
4 2011 1998 1996 2009
4 2012 2011 2009 2010
4 2013 2010 2003 2007
4 2014 2013 2007 2008
4 2015 2012 2010 2013
4 2016 2015 2013 2014
5 2018 2017 1970 1993 1994
5 2019 2018 1994 1997 1998
4 2020 1978 2017 2018
4 2021 2020 2018 2019
5 2022 2019 1998 2011 2012
5 2023 2022 2012 2015 2016
4 2024 2021 2019 2022
4 2025 2024 2022 2023
4 2028 2027   31 2026
4 2029 2028 2026 1768
4 2030  170 2027 2028
5 2031 2043 2030 2028 2029
4 2033 2029 1768 2032
5 2034 2036 2033 2032 1769
5 2037 2035 2031 2029 2033
4 2038 2037 2033 2036
4 2039 2038 2036 2034
4 2040 2035 2037 2038
4 2041 2040 2038 2039
5 2044 2042  175  170 2030
4 2045 2044 2030 2043
4 2046 2045 2043 2031
4 2047 2042 2044 2045
4 2048 2047 2045 2046
7 2050 2049 2103  182  180  175 2042
4 2051 2050 2042 2047
4 2052 2051 2047 2048
4 2053 2049 2050 2051
4 2054 2053 2051 2052
6 2056 2055 2048 2046 2031 2035
4 2057 2056 2035 2040
4 2058 2057 2040 2041
4 2059 2055 2056 2057
4 2060 2059 2057 2058
5 2061 2054 2052 2048 2055
5 2062 2061 2055 2059 2060
5 2065 2063 2034 1769 1777
4 2066 2065 1777 2064
4 2067 2066 2064 1778
4 2068 2063 2065 2066
4 2069 2068 2066 2067
6 2070 2091 2041 2039 2034 2063
6 2082 2071 2070 2063 2068 2069
4 2073 2067 1778 2072
4 2074 2073 2072 1782
4 2075 2069 2067 2073
4 2076 2075 2073 2074
4 2078 2074 1782 2077
4 2079 2078 2077 1783
4 2080 2076 2074 2078
4 2081 2080 2078 2079
4 2083 2082 2069 2075
4 2084 2083 2075 2076
4 2085 2071 2082 2083
4 2086 2085 2083 2084
4 2087 2084 2076 2080
4 2088 2087 2080 2081
4 2089 2086 2084 2087
4 2090 2089 2087 2088
4 2092 2058 2041 2091
4 2093 2092 2091 2070
4 2094 2060 2058 2092
4 2095 2094 2092 2093
5 2096 2095 2093 2070 2071
5 2097 2062 2060 2094 2095
4 2098 2097 2095 2096
5 2099 2096 2071 2085 2086
5 2100 2099 2086 2089 2090
4 2101 2098 2096 2099
4 2102 2101 2099 2100
4 2105 2104  182 2103
4 2106 2105 2103 2049
4 2107  225 2104 2105
4 2108 2107 2105 2106
6 2109 2108 2106 2049 2053 2054
5 2110  230  225 2107 2108
4 2111 2110 2108 2109
6 2112 2111 2109 2054 2061 2062
6 2113  247  245  230 2110 2111
4 2114 2113 2111 2112
5 2115 2112 2062 2097 2098
5 2116 2115 2098 2101 2102
4 2117 2114 2112 2115
4 2118 2117 2115 2116
6 2119 2121 2081 2079 1783 1797
4 2120 2119 1797 1798
4 2122 2088 2081 2121
4 2123 2122 2121 2119
4 2124 2090 2088 2122
4 2125 2124 2122 2123
5 2126 2125 2123 2119 2120
6 2128 2127 2120 1798 1806 1807
4 2129 2128 1807 1811
4 2130 2129 1811 1812
4 2131 2127 2128 2129
4 2132 2131 2129 2130
4 2133 2126 2120 2127
5 2134 2133 2127 2131 2132
5 2135 2100 2090 2124 2125
4 2136 2135 2125 2126
4 2137 2102 2100 2135
4 2138 2137 2135 2136
6 2139 2138 2136 2126 2133 2134
4 2140 2130 1812 1826
4 2141 2140 1826 1827
4 2142 2132 2130 2140
4 2143 2142 2140 2141
4 2145 2141 1827 2144
4 2146 2145 2144 1828
4 2147 2143 2141 2145
4 2148 2147 2145 2146
5 2149 2134 2132 2142 2143
5 2150 2149 2143 2147 2148
5 2151 2148 2146 1828 1836
4 2152 2151 1836 1837
4 2153 2150 2148 2151
4 2154 2153 2151 2152
5 2155 2139 2134 2149 2150
5 2156 2155 2150 2153 2154
5 2157 2116 2102 2137 2138
4 2158 2157 2138 2139
4 2159 2118 2116 2157
4 2160 2159 2157 2158
6 2161 2160 2158 2139 2155 2156
6 2162  437  435  247 2113 2114
5 2163 2162 2114 2117 2118
4 2164  442  437 2162
4 2165 2164 2162 2163
5 2166 2163 2118 2159 2160
4 2167 2166 2160 2161
4 2168 2165 2163 2166
4 2169 2168 2166 2167
5 2170 2152 1837 1883 1884
5 2171 2170 1884 1887 1888
4 2172 2154 2152 2170
4 2173 2172 2170 2171
5 2174 2171 1888 1897 1898
4 2175 2174 1898 1899
4 2176 2173 2171 2174
4 2177 2176 2174 2175
5 2178 2156 2154 2172 2173
5 2179 2178 2173 2176 2177
6 2180 2177 2175 1899 1925 1926
5 2181 2180 1926 1936 1937
4 2182 2179 2177 2180
4 2183 2182 2180 2181
5 2184 2161 2156 2178 2179
5 2185 2184 2179 2182 2183
5 2186 2181 1937 1976 1977
4 2187 2186 1977 1978
4 2188 2183 2181 2186
4 2189 2188 2186 2187
5 2190 2187 1978 2020 2021
5 2191 2190 2021 2024 2025
4 2192 2189 2187 2190
4 2193 2192 2190 2191
5 2194 2185 2183 2188 2189
5 2195 2194 2189 2192 2193
6 2196 2169 2167 2161 2184 2185
6 2197 2642 2196 2185 2194 2195
4 2199 1847 1846 2198
4 2201 2199 2198 2200
5 2202 2210 1849 1847 2199
5 2203 2219 2202 2199 2201
4 2205 2201 2200 2204
4 2207 2205 2204 2206
5 2208 2285 2203 2201 2205
6 2348 2209 2310 2208 2205 2207
5 2211 2213 1945 1849 2210
4 2212 2211 2210 2202
4 2214 1954 1945 2213
4 2215 2214 2213 2211
5 2216 2246 1956 1954 2214
4 2217 2216 2214 2215
7 2223 2218 2254 2217 2215 2211 2212
5 2220 2222 2212 2202 2219
5 2221 2233 2220 2219 2203
4 2224 2223 2212 2222
5 2225 2227 2224 2222 2220
6 2228 2226 2261 2218 2223 2224
4 2229 2228 2224 2227
4 2230 2229 2227 2225
4 2231 2226 2228 2229
4 2232 2231 2229 2230
5 2234 2236 2225 2220 2233
5 2235 2241 2234 2233 2221
4 2237 2230 2225 2236
4 2238 2237 2236 2234
4 2239 2232 2230 2237
4 2240 2239 2237 2238
4 2242 2238 2234 2241
4 2243 2242 2241 2235
4 2244 2240 2238 2242
4 2245 2244 2242 2243
4 2247 2006 1956 2246
4 2248 2247 2246 2216
4 2249 2008 2006 2247
4 2250 2249 2247 2248
5 2251 2250 2248 2216 2217
6 2252 2016 2014 2008 2249 2250
4 2253 2252 2250 2251
4 2255 2251 2217 2254
5 2262 2256 2255 2254 2218
4 2257 2253 2251 2255
4 2258 2257 2255 2256
6 2259 2025 2023 2016 2252 2253
5 2260 2259 2253 2257 2258
4 2263 2262 2218 2261
4 2264 2263 2261 2226
4 2265 2256 2262 2263
4 2266 2265 2263 2264
4 2267 2264 2226 2231
4 2268 2267 2231 2232
4 2269 2266 2264 2267
4 2270 2269 2267 2268
5 2271 2258 2256 2265 2266
5 2272 2271 2266 2269 2270
4 2273 2268 2232 2239
4 2274 2273 2239 2240
4 2275 2270 2268 2273
4 2276 2275 2273 2274
4 2277 2274 2240 2244
4 2278 2277 2244 2245
4 2279 2276 2274 2277
4 2280 2279 2277 2278
5 2281 2272 2270 2275 2276
5 2282 2281 2276 2279 2280
5 2283 2260 2258 2271 2272
5 2284 2283 2272 2281 2282
5 2286 2288 2221 2203 2285
5 2287 2301 2286 2285 2208
5 2289 2291 2235 2221 2288
5 2290 2296 2289 2288 2286
4 2292 2243 2235 2291
4 2293 2292 2291 2289
4 2294 2245 2243 2292
4 2295 2294 2292 2293
4 2297 2293 2289 2296
4 2298 2297 2296 2290
4 2299 2295 2293 2297
4 2300 2299 2297 2298
5 2302 2304 2290 2286 2301
4 2303 2302 2301 2287
4 2305 2298 2290 2304
4 2306 2305 2304 2302
4 2307 2300 2298 2305
4 2308 2307 2305 2306
5 2309 2308 2306 2302 2303
5 2311 2313 2287 2208 2310
5 2312 2318 2311 2310 2209
4 2314 2303 2287 2313
4 2315 2314 2313 2311
4 2316 2309 2303 2314
4 2317 2316 2314 2315
4 2319 2315 2311 2318
4 2320 2319 2318 2312
4 2321 2317 2315 2319
4 2322 2321 2319 2320
4 2323 2278 2245 2294
4 2324 2323 2294 2295
4 2325 2280 2278 2323
4 2326 2325 2323 2324
4 2327 2324 2295 2299
4 2328 2327 2299 2300
4 2329 2326 2324 2327
4 2330 2329 2327 2328
5 2331 2282 2280 2325 2326
5 2332 2331 2326 2329 2330
6 2333 2330 2328 2300 2307 2308
4 2334 2333 2308 2309
4 2335 2332 2330 2333
4 2336 2335 2333 2334
5 2337 2284 2282 2331 2332
5 2338 2337 2332 2335 2336
6 2339 2336 2334 2309 2316 2317
6 2454 2340 2339 2317 2321 2322
4 2341 2338 2336 2339
4 2342 2341 2339 2340
5 2344 2347 2207 2206 2343
5 2346 2353 2344 2343 2345
4 2349 2348 2207 2347
4 2350 2349 2347 2344
4 2351 2209 2348 2349
5 2352 2373 2351 2349 2350
4 2354 2350 2344 2353
4 2355 2354 2353 2346
5 2356 2408 2352 2350 2354
5 2357 2413 2356 2354 2355
5 2359 2362 2346 2345 2358
5 2361 2367 2359 2358 2360
4 2363 2355 2346 2362
4 2364 2363 2362 2359
5 2365 2475 2357 2355 2363
5 2366 2480 2365 2363 2364
4 2368 2364 2359 2367
4 2369 2368 2367 2361
5 2370 2521 2366 2364 2368
5 2371 2526 2370 2368 2369
6 2374 2372 2379 2312 2209 2351
4 2375 2374 2351 2373
4 2376 2375 2373 2352
5 2377 2389 2372 2374 2375
5 2378 2395 2377 2375 2376
4 2380 2320 2312 2379
6 2390 2381 2383 2380 2379 2372
5 2384 2382 2322 2320 2380
4 2385 2384 2380 2383
4 2386 2385 2383 2381
4 2387 2382 2384 2385
4 2388 2387 2385 2386
4 2391 2390 2372 2389
4 2392 2391 2389 2377
4 2393 2381 2390 2391
4 2394 2393 2391 2392
4 2396 2392 2377 2395
4 2397 2396 2395 2378
4 2398 2394 2392 2396
4 2399 2398 2396 2397
4 2400 2386 2381 2393
4 2401 2400 2393 2394
4 2402 2388 2386 2400
4 2403 2402 2400 2401
4 2404 2401 2394 2398
4 2405 2404 2398 2399
4 2406 2403 2401 2404
4 2407 2406 2404 2405
4 2409 2376 2352 2408
4 2410 2409 2408 2356
5 2411 2418 2378 2376 2409
5 2412 2423 2411 2409 2410
4 2414 2410 2356 2413
4 2415 2414 2413 2357
5 2416 2436 2412 2410 2414
5 2417 2441 2416 2414 2415
4 2419 2397 2378 2418
4 2420 2419 2418 2411
4 2421 2399 2397 2419
4 2422 2421 2419 2420
4 2424 2420 2411 2423
4 2425 2424 2423 2412
4 2426 2422 2420 2424
4 2427 2426 2424 2425
4 2428 2405 2399 2421
4 2429 2428 2421 2422
4 2430 2407 2405 2428
4 2431 2430 2428 2429
4 2432 2429 2422 2426
4 2433 2432 2426 2427
4 2434 2431 2429 2432
4 2435 2434 2432 2433
4 2437 2425 2412 2436
4 2438 2437 2436 2416
4 2439 2427 2425 2437
4 2440 2439 2437 2438
4 2442 2438 2416 2441
4 2443 2442 2441 2417
4 2444 2440 2438 2442
4 2445 2444 2442 2443
4 2446 2433 2427 2439
4 2447 2446 2439 2440
4 2448 2435 2433 2446
4 2449 2448 2446 2447
4 2450 2447 2440 2444
4 2451 2450 2444 2445
4 2452 2449 2447 2450
4 2453 2452 2450 2451
4 2455 2454 2322 2382
5 2456 2455 2382 2387 2388
4 2457 2340 2454 2455
4 2458 2457 2455 2456
5 2459 2456 2388 2402 2403
5 2460 2459 2403 2406 2407
4 2461 2458 2456 2459
4 2462 2461 2459 2460
5 2463 2342 2340 2457 2458
5 2464 2463 2458 2461 2462
5 2465 2460 2407 2430 2431
5 2466 2465 2431 2434 2435
4 2467 2462 2460 2465
4 2468 2467 2465 2466
5 2469 2466 2435 2448 2449
5 2470 2469 2449 2452 2453
4 2471 2468 2466 2469
4 2472 2471 2469 2470
5 2473 2464 2462 2467 2468
5 2474 2473 2468 2471 2472
4 2476 2415 2357 2475
4 2477 2476 2475 2365
5 2478 2485 2417 2415 2476
5 2479 2490 2478 2476 2477
4 2481 2477 2365 2480
4 2482 2481 2480 2366
5 2483 2503 2479 2477 2481
5 2484 2508 2483 2481 2482
4 2486 2443 2417 2485
4 2487 2486 2485 2478
4 2488 2445 2443 2486
4 2489 2488 2486 2487
4 2491 2487 2478 2490
4 2492 2491 2490 2479
4 2493 2489 2487 2491
4 2494 2493 2491 2492
4 2495 2451 2445 2488
4 2496 2495 2488 2489
4 2497 2453 2451 2495
4 2498 2497 2495 2496
4 2499 2496 2489 2493
4 2500 2499 2493 2494
4 2501 2498 2496 2499
4 2502 2501 2499 2500
4 2504 2492 2479 2503
4 2505 2504 2503 2483
4 2506 2494 2492 2504
4 2507 2506 2504 2505
4 2509 2505 2483 2508
4 2510 2509 2508 2484
4 2511 2507 2505 2509
4 2512 2511 2509 2510
4 2513 2500 2494 2506
4 2514 2513 2506 2507
4 2515 2502 2500 2513
4 2516 2515 2513 2514
4 2517 2514 2507 2511
4 2518 2517 2511 2512
4 2519 2516 2514 2517
4 2520 2519 2517 2518
4 2522 2482 2366 2521
4 2523 2522 2521 2370
5 2524 2531 2484 2482 2522
5 2525 2536 2524 2522 2523
4 2527 2523 2370 2526
4 2528 2527 2526 2371
5 2529 2549 2525 2523 2527
5 2530 2554 2529 2527 2528
4 2532 2510 2484 2531
4 2533 2532 2531 2524
4 2534 2512 2510 2532
4 2535 2534 2532 2533
4 2537 2533 2524 2536
4 2538 2537 2536 2525
4 2539 2535 2533 2537
4 2540 2539 2537 2538
4 2541 2518 2512 2534
4 2542 2541 2534 2535
4 2543 2520 2518 2541
4 2544 2543 2541 2542
4 2545 2542 2535 2539
4 2546 2545 2539 2540
4 2547 2544 2542 2545
4 2548 2547 2545 2546
4 2550 2538 2525 2549
4 2551 2550 2549 2529
4 2552 2540 2538 2550
4 2553 2552 2550 2551
4 2555 2551 2529 2554
4 2556 2555 2554 2530
4 2557 2553 2551 2555
4 2558 2557 2555 2556
4 2559 2546 2540 2552
4 2560 2559 2552 2553
4 2561 2548 2546 2559
4 2562 2561 2559 2560
4 2563 2560 2553 2557
4 2564 2563 2557 2558
4 2565 2562 2560 2563
4 2566 2565 2563 2564
5 2567 2470 2453 2497 2498
5 2568 2567 2498 2501 2502
4 2569 2472 2470 2567
4 2570 2569 2567 2568
5 2571 2568 2502 2515 2516
5 2572 2571 2516 2519 2520
4 2573 2570 2568 2571
4 2574 2573 2571 2572
5 2575 2474 2472 2569 2570
5 2576 2575 2570 2573 2574
5 2577 2572 2520 2543 2544
5 2578 2577 2544 2547 2548
4 2579 2574 2572 2577
4 2580 2579 2577 2578
5 2581 2578 2548 2561 2562
5 2582 2581 2562 2565 2566
4 2583 2580 2578 2581
4 2584 2583 2581 2582
5 2585 2576 2574 2579 2580
5 2586 2585 2580 2583 2584
6 2587 2193 2191 2025 2259 2260
5 2588 2587 2260 2283 2284
4 2589 2195 2193 2587
4 2590 2589 2587 2588
5 2591 2588 2284 2337 2338
5 2592 2591 2338 2341 2342
4 2593 2590 2588 2591
4 2594 2593 2591 2592
6 2595 3000 2197 2195 2589 2590
6 2596 3005 2595 2590 2593 2594
5 2597 2592 2342 2463 2464
5 2598 2597 2464 2473 2474
4 2599 2594 2592 2597
4 2600 2599 2597 2598
5 2601 2598 2474 2575 2576
5 2602 2601 2576 2585 2586
4 2603 2600 2598 2601
4 2604 2603 2601 2602
6 2605 3190 2596 2594 2599 2600
6 2606 3195 2605 2600 2603 2604
7 2607 2609 1325 1323  442 2164 2165
6 2608 2619 2607 2165 2168 2169
4 2610 1331 1325 2609
5 2611 2613 2610 2609 2607
6 2614 2612 2762 1333 1331 2610
4 2615 2614 2610 2613
4 2616 2615 2613 2611
5 2617 2784 2612 2614 2615
5 2618 2790 2617 2615 2616
5 2620 2622 2611 2607 2619
5 2621 2627 2620 2619 2608
4 2623 2616 2611 2622
4 2624 2623 2622 2620
5 2625 2846 2618 2616 2623
6 2631 2626 2860 2625 2623 2624
5 2628 2630 2624 2620 2627
5 2629 2636 2628 2627 2621
4 2632 2631 2624 2630
4 2633 2632 2630 2628
4 2634 2626 2631 2632
5 2635 2888 2634 2632 2633
4 2637 2633 2628 2636
4 2638 2637 2636 2629
5 2639 2900 2635 2633 2637
5 2640 2905 2639 2637 2638
6 2643 2641 2648 2608 2169 2196
4 2644 2643 2196 2642
4 2645 2644 2642 2197
5 2646 2687 2641 2643 2644
5 2647 2693 2646 2644 2645
5 2649 2651 2621 2608 2648
6 2688 2650 2666 2649 2648 2641
4 2652 2629 2621 2651
5 2653 2655 2652 2651 2649
7 2656 2654 2942 2640 2638 2629 2652
4 2657 2656 2652 2655
5 2658 2660 2657 2655 2653
6 2661 2659 2947 2654 2656 2657
4 2662 2661 2657 2660
4 2663 2662 2660 2658
4 2664 2659 2661 2662
4 2665 2664 2662 2663
5 2667 2669 2653 2649 2666
6 2699 2668 2682 2667 2666 2650
5 2670 2672 2658 2653 2669
5 2671 2677 2670 2669 2667
4 2673 2663 2658 2672
4 2674 2673 2672 2670
4 2675 2665 2663 2673
4 2676 2675 2673 2674
4 2678 2674 2670 2677
4 2679 2678 2677 2671
4 2680 2676 2674 2678
4 2681 2680 2678 2679
4 2683 2671 2667 2682
4 2684 2683 2682 2668
5 2685 2681 2679 2671 2683
4 2686 2685 2683 2684
4 2689 2688 2641 2687
4 2690 2689 2687 2646
5 2691 2698 2650 2688 2689
5 2692 2704 2691 2689 2690
4 2694 2690 2646 2693
4 2695 2694 2693 2647
5 2696 2740 2692 2690 2694
4 2697 2696 2694 2695
4 2700 2699 2650 2698
4 2701 2700 2698 2691
4 2702 2668 2699 2700
5 2703 2710 2702 2700 2701
4 2705 2701 2691 2704
4 2706 2705 2704 2692
5 2707 2722 2703 2701 2705
5 2708 2727 2707 2705 2706
5 2711 2709 2684 2668 2702
4 2712 2711 2702 2710
4 2713 2712 2710 2703
4 2714 2709 2711 2712
4 2715 2714 2712 2713
5 2717 2716 2686 2684 2709
4 2718 2717 2709 2714
4 2719 2718 2714 2715
4 2720 2716 2717 2718
4 2721 2720 2718 2719
4 2723 2713 2703 2722
4 2724 2723 2722 2707
4 2725 2715 2713 2723
4 2726 2725 2723 2724
4 2728 2724 2707 2727
4 2729 2728 2727 2708
4 2730 2726 2724 2728
4 2731 2730 2728 2729
4 2732 2719 2715 2725
4 2733 2732 2725 2726
4 2734 2721 2719 2732
4 2735 2734 2732 2733
4 2736 2733 2726 2730
4 2737 2736 2730 2731
4 2738 2735 2733 2736
4 2739 2738 2736 2737
4 2741 2706 2692 2740
4 2742 2741 2740 2696
5 2743 2746 2708 2706 2741
4 2744 2743 2741 2742
7 3021 2745 2757 2744 2742 2696 2697
4 2747 2729 2708 2746
4 2748 2747 2746 2743
4 2749 2731 2729 2747
4 2750 2749 2747 2748
5 2751 2750 2748 2743 2744
4 2752 2737 2731 2749
4 2753 2752 2749 2750
4 2754 2739 2737 2752
4 2755 2754 2752 2753
5 2756 2755 2753 2750 2751
4 2758 2751 2744 2757
5 3045 2759 2758 2757 2745
4 2760 2756 2751 2758
4 2761 2760 2758 2759
5 2763 2765 1622 1333 2762
6 2785 2764 2779 2763 2762 2612
5 2766 2768 1631 1622 2765
5 2767 2774 2766 2765 2763
4 2770 2769 1631 2768
4 2771 2770 2768 2766
4 2772 1633 2769 2770
4 2773 2772 2770 2771
4 2775 2771 2766 2774
4 2776 2775 2774 2767
4 2777 2773 2771 2775
4 2778 2777 2775 2776
4 2780 2767 2763 2779
5 2796 2781 2780 2779 2764
5 2782 2778 2776 2767 2780
5 2806 2783 2782 2780 2781
4 2786 2785 2612 2784
4 2787 2786 2784 2617
5 2788 2795 2764 2785 2786
5 2789 2801 2788 2786 2787
4 2791 2787 2617 2790
4 2792 2791 2790 2618
5 2793 2815 2789 2787 2791
5 2850 2794 2793 2791 2792
4 2797 2796 2764 2795
4 2798 2797 2795 2788
4 2799 2781 2796 2797
4 2800 2799 2797 2798
4 2802 2798 2788 2801
4 2803 2802 2801 2789
4 2804 2800 2798 2802
4 2805 2804 2802 2803
4 2807 2806 2781 2799
4 2808 2807 2799 2800
4 2809 2783 2806 2807
4 2810 2809 2807 2808
4 2811 2808 2800 2804
4 2812 2811 2804 2805
4 2813 2810 2808 2811
4 2814 2813 2811 2812
4 2816 2803 2789 2815
4 2817 2816 2815 2793
4 2818 2805 2803 2816
4 2819 2818 2816 2817
6 2869 2820 2819 2817 2793 2794
6 2821 2814 2812 2805 2818 2819
4 2822 2821 2819 2820
4 2823 1700 1633 2772
4 2824 2823 2772 2773
4 2825 1702 1700 2823
4 2826 2825 2823 2824
4 2827 2824 2773 2777
4 2828 2827 2777 2778
4 2829 2826 2824 2827
4 2830 2829 2827 2828
5 2831 1704 1702 2825 2826
5 2832 2831 2826 2829 2830
5 2833 2830 2828 2778 2782
4 2834 2833 2782 2783
4 2835 2832 2830 2833
4 2836 2835 2833 2834
5 2837 1709 1704 2831 2832
5 2838 2837 2832 2835 2836
5 2839 2834 2783 2809 2810
5 2840 2839 2810 2813 2814
4 2841 2836 2834 2839
4 2842 2841 2839 2840
6 2843 2842 2840 2814 2821 2822
5 2844 2838 2836 2841 2842
4 2845 2844 2842 2843
5 2847 2849 2792 2618 2846
5 2848 2855 2847 2846 2625
4 2851 2850 2792 2849
4 2852 2851 2849 2847
4 2853 2794 2850 2851
4 2854 2853 2851 2852
4 2856 2852 2847 2855
4 2857 2856 2855 2848
4 2858 2854 2852 2856
4 2859 2858 2856 2857
5 2861 2863 2848 2625 2860
4 2862 2861 2860 2626
4 2864 2857 2848 2863
4 2865 2864 2863 2861
4 2866 2859 2857 2864
4 2867 2866 2864 2865
5 2868 2867 2865 2861 2862
4 2870 2869 2794 2853
4 2871 2870 2853 2854
4 2872 2820 2869 2870
4 2873 2872 2870 2871
4 2874 2871 2854 2858
4 2875 2874 2858 2859
4 2876 2873 2871 2874
4 2877 2876 2874 2875
5 2878 2822 2820 2872 2873
5 2879 2878 2873 2876 2877
4 2880 2875 2859 2866
4 2881 2880 2866 2867
4 2882 2877 2875 2880
4 2883 2882 2880 2881
5 2884 2883 2881 2867 2868
5 2885 2879 2877 2882 2883
4 2886 2885 2883 2884
5 2889 2887 2862 2626 2634
4 2890 2889 2634 2888
4 2891 2890 2888 2635
4 2892 2887 2889 2890
4 2893 2892 2890 2891
5 2895 2894 2868 2862 2887
4 2896 2895 2887 2892
4 2897 2896 2892 2893
4 2898 2894 2895 2896
4 2899 2898 2896 2897
4 2901 2891 2635 2900
4 2902 2901 2900 2639
4 2903 2893 2891 2901
4 2904 2903 2901 2902
4 2906 2902 2639 2905
4 2907 2906 2905 2640
4 2908 2904 2902 2906
4 2909 2908 2906 2907
4 2910 2897 2893 2903
4 2911 2910 2903 2904
4 2912 2899 2897 2910
4 2913 2912 2910 2911
4 2914 2911 2904 2908
4 2915 2914 2908 2909
4 2916 2913 2911 2914
4 2917 2916 2914 2915
4 2918 2884 2868 2894
5 2919 2918 2894 2898 2899
4 2920 2886 2884 2918
4 2921 2920 2918 2919
5 2922 2919 2899 2912 2913
5 2923 2922 2913 2916 2917
4 2924 2921 2919 2922
4 2925 2924 2922 2923
5 2926 2843 2822 2878 2879
5 2927 2926 2879 2885 2886
4 2928 2845 2843 2926
4 2929 2928 2926 2927
5 2930 2927 2886 2920 2921
5 2931 2930 2921 2924 2925
4 2932 2929 2927 2930
4 2933 2932 2930 2931
6 2934 1749 1747 1709 2837 2838
5 2935 2934 2838 2844 2845
4 2936 1751 1749 2934
4 2937 2936 2934 2935
5 2938 2935 2845 2928 2929
5 2939 2938 2929 2932 2933
4 2940 2937 2935 2938
4 2941 2940 2938 2939
5 2943 2909 2907 2640 2942
5 2948 2944 2943 2942 2654
5 2945 2917 2915 2909 2943
4 2946 2945 2943 2944
4 2949 2948 2654 2947
4 2950 2949 2947 2659
4 2951 2944 2948 2949
4 2952 2951 2949 2950
4 2953 2950 2659 2664
4 2954 2953 2664 2665
4 2955 2952 2950 2953
4 2956 2955 2953 2954
5 2957 2946 2944 2951 2952
5 2958 2957 2952 2955 2956
6 2959 2925 2923 2917 2945 2946
5 2960 2959 2946 2957 2958
4 2961 2954 2665 2675
4 2962 2961 2675 2676
4 2963 2956 2954 2961
4 2964 2963 2961 2962
4 2965 2962 2676 2680
4 2966 2965 2680 2681
4 2967 2964 2962 2965
4 2968 2967 2965 2966
5 2969 2958 2956 2963 2964
5 2970 2969 2964 2967 2968
5 2971 2968 2966 2681 2685
4 2972 2971 2685 2686
4 2973 2970 2968 2971
4 2974 2973 2971 2972
5 2975 2960 2958 2969 2970
5 2976 2975 2970 2973 2974
6 2977 2933 2931 2925 2959 2960
5 2978 2977 2960 2975 2976
4 2979 2972 2686 2716
5 2980 2979 2716 2720 2721
4 2981 2974 2972 2979
4 2982 2981 2979 2980
5 2983 2980 2721 2734 2735
5 2984 2983 2735 2738 2739
4 2985 2982 2980 2983
4 2986 2985 2983 2984
5 2987 2976 2974 2981 2982
5 2988 2987 2982 2985 2986
5 2989 2984 2739 2754 2755
4 2990 2989 2755 2756
4 2991 2986 2984 2989
4 2992 2991 2989 2990
6 2993 2992 2990 2756 2760 2761
5 2994 2988 2986 2991 2992
4 2995 2994 2992 2993
5 2996 2978 2976 2987 2988
5 2997 2996 2988 2994 2995
6 2998 2941 2939 2933 2977 2978
5 2999 2998 2978 2996 2997
4 3001 2645 2197 3000
4 3002 3001 3000 2595
5 3003 3010 2647 2645 3001
5 3004 3015 3003 3001 3002
4 3006 3002 2595 3005
4 3007 3006 3005 2596
5 3008 3092 3004 3002 3006
5 3009 3102 3008 3006 3007
4 3011 2695 2647 3010
4 3012 3011 3010 3003
5 3013 3020 2697 2695 3011
5 3014 3031 3013 3011 3012
4 3016 3012 3003 3015
4 3017 3016 3015 3004
5 3018 3066 3014 3012 3016
5 3019 3079 3018 3016 3017
4 3022 3021 2697 3020
5 3023 3025 3022 3020 3013
6 3026 3024 3044 2745 3021 3022
4 3027 3026 3022 3025
4 3028 3027 3025 3023
4 3029 3024 3026 3027
4 3030 3029 3027 3028
5 3032 3034 3023 3013 3031
5 3033 3039 3032 3031 3014
4 3035 3028 3023 3034
4 3036 3035 3034 3032
4 3037 3030 3028 3035
4 3038 3037 3035 3036
4 3040 3036 3032 3039
4 3041 3040 3039 3033
4 3042 3038 3036 3040
4 3043 3042 3040 3041
4 3046 3045 2745 3044
4 3047 3046 3044 3024
4 3048 2759 3045 3046
4 3049 3048 3046 3047
4 3050 3047 3024 3029
4 3051 3050 3029 3030
4 3052 3049 3047 3050
4 3053 3052 3050 3051
5 3054 2761 2759 3048 3049
5 3055 3054 3049 3052 3053
4 3056 3051 3030 3037
4 3057 3056 3037 3038
4 3058 3053 3051 3056
4 3059 3058 3056 3057
4 3060 3057 3038 3042
4 3061 3060 3042 3043
4 3062 3059 3057 3060
4 3063 3062 3060 3061
5 3064 3055 3053 3058 3059
5 3065 3064 3059 3062 3063
5 3067 3069 3033 3014 3066
5 3068 3074 3067 3066 3018
4 3070 3041 3033 3069
4 3071 3070 3069 3067
4 3072 3043 3041 3070
4 3073 3072 3070 3071
4 3075 3071 3067 3074
4 3076 3075 3074 3068
4 3077 3073 3071 3075
4 3078 3077 3075 3076
4 3080 3068 3018 3079
4 3081 3080 3079 3019
5 3082 3078 3076 3068 3080
4 3083 3082 3080 3081
4 3084 3061 3043 3072
4 3085 3084 3072 3073
4 3086 3063 3061 3084
4 3087 3086 3084 3085
6 3088 3087 3085 3073 3077 3078
5 3089 3065 3063 3086 3087
4 3090 3089 3087 3088
6 3091 3090 3088 3078 3082 3083
4 3093 3017 3004 3092
5 3094 3096 3093 3092 3008
6 3097 3095 3115 3019 3017 3093
4 3098 3097 3093 3096
4 3099 3098 3096 3094
5 3100 3120 3095 3097 3098
5 3101 3126 3100 3098 3099
5 3103 3105 3094 3008 3102
5 3104 3110 3103 3102 3009
4 3106 3099 3094 3105
4 3107 3106 3105 3103
5 3108 3146 3101 3099 3106
5 3109 3151 3108 3106 3107
4 3111 3107 3103 3110
4 3112 3111 3110 3104
5 3113 3164 3109 3107 3111
5 3114 3169 3113 3111 3112
4 3116 3081 3019 3115
5 3121 3117 3116 3115 3095
4 3118 3083 3081 3116
5 3131 3119 3118 3116 3117
4 3122 3121 3095 3120
4 3123 3122 3120 3100
4 3124 3117 3121 3122
4 3125 3124 3122 3123
4 3127 3123 3100 3126
4 3128 3127 3126 3101
4 3129 3125 3123 3127
4 3130 3129 3127 3128
4 3132 3131 3117 3124
4 3133 3132 3124 3125
4 3134 3119 3131 3132
4 3135 3134 3132 3133
4 3136 3133 3125 3129
4 3137 3136 3129 3130
4 3138 3135 3133 3136
4 3139 3138 3136 3137
6 3141 3140 3091 3083 3118 3119
5 3142 3141 3119 3134 3135
5 3143 3142 3135 3138 3139
4 3144 3140 3141 3142
4 3145 3144 3142 3143
4 3147 3128 3101 3146
4 3148 3147 3146 3108
4 3149 3130 3128 3147
4 3150 3149 3147 3148
4 3152 3148 3108 3151
4 3153 3152 3151 3109
4 3154 3150 3148 3152
4 3155 3154 3152 3153
4 3156 3137 3130 3149
4 3157 3156 3149 3150
4 3158 3139 3137 3156
4 3159 3158 3156 3157
4 3160 3157 3150 3154
4 3161 3160 3154 3155
4 3162 3159 3157 3160
4 3163 3162 3160 3161
4 3165 3153 3109 3164
4 3166 3165 3164 3113
4 3167 3155 3153 3165
4 3168 3167 3165 3166
4 3170 3166 3113 3169
4 3171 3170 3169 3114
4 3172 3168 3166 3170
4 3173 3172 3170 3171
4 3174 3161 3155 3167
4 3175 3174 3167 3168
4 3176 3163 3161 3174
4 3177 3176 3174 3175
4 3178 3175 3168 3172
4 3179 3178 3172 3173
4 3180 3177 3175 3178
4 3181 3180 3178 3179
5 3182 3143 3139 3158 3159
5 3183 3182 3159 3162 3163
4 3184 3145 3143 3182
4 3185 3184 3182 3183
5 3186 3183 3163 3176 3177
5 3187 3186 3177 3180 3181
4 3188 3185 3183 3186
4 3189 3188 3186 3187
4 3191 3007 2596 3190
4 3192 3191 3190 2605
5 3193 3200 3009 3007 3191
5 3194 3209 3193 3191 3192
4 3196 3192 2605 3195
4 3197 3196 3195 2606
5 3198 3251 3194 3192 3196
5 3199 3256 3198 3196 3197
5 3201 3203 3104 3009 3200
4 3202 3201 3200 3193
4 3204 3112 3104 3203
4 3205 3204 3203 3201
5 3206 3214 3114 3112 3204
5 3207 3219 3206 3204 3205
6 3208 3229 3207 3205 3201 3202
4 3210 3202 3193 3209
4 3211 3210 3209 3194
5 3212 3239 3208 3202 3210
5 3213 3244 3212 3210 3211
4 3215 3171 3114 3214
4 3216 3215 3214 3206
4 3217 3173 3171 3215
4 3218 3217 3215 3216
4 3220 3216 3206 3219
4 3221 3220 3219 3207
4 3222 3218 3216 3220
4 3223 3222 3220 3221
4 3224 3179 3173 3217
4 3225 3224 3217 3218
4 3226 3181 3179 3224
4 3227 3226 3224 3225
6 3228 3227 3225 3218 3222 3223
5 3230 3223 3221 3207 3229
4 3231 3230 3229 3208
4 3232 3228 3223 3230
4 3233 3232 3230 3231
5 3234 3187 3181 3226 3227
4 3235 3234 3227 3228
4 3236 3189 3187 3234
4 3237 3236 3234 3235
6 3238 3237 3235 3228 3232 3233
4 3240 3231 3208 3239
4 3241 3240 3239 3212
4 3242 3233 3231 3240
4 3243 3242 3240 3241
4 3245 3241 3212 3244
4 3246 3245 3244 3213
4 3247 3243 3241 3245
4 3248 3247 3245 3246
5 3249 3238 3233 3242 3243
5 3250 3249 3243 3247 3248
4 3252 3211 3194 3251
4 3253 3252 3251 3198
5 3254 3270 3213 3211 3252
6 3260 3255 3275 3254 3252 3253
5 3257 3259 3253 3198 3256
5 3258 3265 3257 3256 3199
4 3261 3260 3253 3259
4 3262 3261 3259 3257
5 3263 3282 3255 3260 3261
5 3264 3288 3263 3261 3262
4 3266 3262 3257 3265
4 3267 3266 3265 3258
5 3268 3295 3264 3262 3266
5 3269 3300 3268 3266 3267
4 3271 3246 3213 3270
4 3272 3271 3270 3254
4 3273 3248 3246 3271
4 3274 3273 3271 3272
4 3276 3272 3254 3275
5 3283 3277 3276 3275 3255
4 3278 3274 3272 3276
4 3279 3278 3276 3277
5 3280 3250 3248 3273 3274
5 3281 3280 3274 3278 3279
4 3284 3283 3255 3282
4 3285 3284 3282 3263
4 3286 3277 3283 3284
4 3287 3286 3284 3285
4 3289 3285 3263 3288
4 3290 3289 3288 3264
4 3291 3287 3285 3289
4 3292 3291 3289 3290
5 3293 3279 3277 3286 3287
5 3294 3293 3287 3291 3292
4 3296 3290 3264 3295
4 3297 3296 3295 3268
4 3298 3292 3290 3296
4 3299 3298 3296 3297
4 3301 3297 3268 3300
4 3302 3301 3300 3269
4 3303 3299 3297 3301
4 3304 3303 3301 3302
5 3305 3294 3292 3298 3299
5 3306 3305 3299 3303 3304
5 3307 3281 3279 3293 3294
5 3308 3307 3294 3305 3306
5 3309 2993 2761 3054 3055
5 3310 3309 3055 3064 3065
4 3311 2995 2993 3309
4 3312 3311 3309 3310
5 3313 3310 3065 3089 3090
4 3314 3313 3090 3091
4 3315 3312 3310 3313
4 3316 3315 3313 3314
5 3317 2997 2995 3311 3312
5 3318 3317 3312 3315 3316
4 3319 3314 3091 3140
5 3320 3319 3140 3144 3145
4 3321 3316 3314 3319
4 3322 3321 3319 3320
5 3323 3320 3145 3184 3185
5 3324 3323 3185 3188 3189
4 3325 3322 3320 3323
4 3326 3325 3323 3324
5 3327 3318 3316 3321 3322
5 3328 3327 3322 3325 3326
5 3329 2999 2997 3317 3318
5 3330 3329 3318 3327 3328
5 3331 3324 3189 3236 3237
4 3332 3331 3237 3238
4 3333 3326 3324 3331
4 3334 3333 3331 3332
6 3335 3334 3332 3238 3249 3250
5 3336 3328 3326 3333 3334
4 3337 3336 3334 3335
5 3338 3335 3250 3280 3281
5 3339 3338 3281 3307 3308
4 3340 3337 3335 3338
4 3341 3340 3338 3339
5 3342 3330 3328 3336 3337
5 3343 3342 3337 3340 3341
4 3346 3345  554 3344
5 3352 3347 3346 3344  555
4 3349 3348 3345 3346
5 3408 3350 3349 3346 3347
4 3353 3352  555 3351
6 3363 3354 3356 3353 3351  560
5 3357 3355 3347 3352 3353
4 3358 3357 3353 3356
4 3359 3358 3356 3354
4 3360 3355 3357 3358
6 3393 3361 3412 3360 3358 3359
4 3364 3363  560 3362
4 3365 3364 3362  565
4 3366 3354 3363 3364
6 3376 3367 3386 3366 3364 3365
6 3370 3368 3375 3365  565  570
4 3371 3370  570 3369
4 3372 3371 3369  571
4 3373 3368 3370 3371
4 3374 3373 3371 3372
4 3377 3376 3365 3375
4 3378 3377 3375 3368
4 3379 3367 3376 3377
4 3380 3379 3377 3378
4 3381 3378 3368 3373
4 3382 3381 3373 3374
4 3383 3380 3378 3381
4 3384 3383 3381 3382
6 3387 3385 3392 3359 3354 3366
4 3388 3387 3366 3386
4 3389 3388 3386 3367
4 3390 3385 3387 3388
4 3391 3390 3388 3389
4 3394 3393 3359 3392
4 3395 3394 3392 3385
4 3396 3361 3393 3394
4 3397 3396 3394 3395
7 3402 3398 3397 3395 3385 3390 3391
7 3399 3401 3391 3389 3367 3379 3380
5 3400 3399 3380 3383 3384
4 3403 3402 3391 3401
4 3404 3403 3401 3399
4 3405 3398 3402 3403
4 3406 3405 3403 3404
6 3496 3407 3406 3404 3399 3400
5 3410 3409 3408 3347 3355
5 3413 3411 3410 3355 3360
4 3414 3413 3360 3412
4 3415 3414 3412 3361
4 3416 3411 3413 3414
4 3417 3416 3414 3415
5 3419 3418 3409 3410 3411
4 3420 3419 3411 3416
4 3421 3420 3416 3417
4 3422 3418 3419 3420
4 3423 3422 3420 3421
5 3425 3424 3350 3408 3409
4 3426 3425 3409 3418
6 3448 3427 3426 3418 3422 3423
4 3428 3424 3425 3426
4 3429 3428 3426 3427
6 3430 3417 3415 3361 3396 3397
4 3431 3430 3397 3398
6 3432 3447 3423 3421 3417 3430
6 3437 3433 3453 3432 3430 3431
6 3434 3436 3431 3398 3405 3406
5 3435 3442 3434 3406 3407
4 3438 3437 3431 3436
4 3439 3438 3436 3434
4 3440 3433 3437 3438
4 3441 3440 3438 3439
4 3443 3439 3434 3442
4 3444 3443 3442 3435
4 3445 3441 3439 3443
4 3446 3445 3443 3444
4 3449 3448 3423 3447
4 3450 3449 3447 3432
4 3451 3427 3448 3449
4 3452 3451 3449 3450
4 3454 3450 3432 3453
4 3455 3454 3453 3433
4 3456 3452 3450 3454
4 3457 3456 3454 3455
5 3458 3429 3427 3451 3452
5 3459 3458 3452 3456 3457
6 3460 3457 3455 3433 3440 3441
5 3461 3460 3441 3445 3446
4 3462 3459 3457 3460
4 3463 3462 3460 3461
4 3465 3464 3348 3349
5 3470 3466 3465 3349 3350
4 3468 3467 3464 3465
4 3469 3468 3465 3466
4 3471 3470 3350 3424
5 3472 3471 3424 3428 3429
4 3473 3466 3470 3471
4 3474 3473 3471 3472
5 3475 3472 3429 3458 3459
5 3476 3475 3459 3462 3463
4 3477 3474 3472 3475
4 3478 3477 3475 3476
5 3479 3469 3466 3473 3474
5 3480 3479 3474 3477 3478
4 3482 3372  571 3481
4 3483 3482 3481  777
4 3484 3374 3372 3482
4 3485 3484 3482 3483
6 3486 3485 3483  777  782  783
6 3487 3384 3382 3374 3484 3485
4 3488 3487 3485 3486
4 3489 3486  783  786
4 3490 3489  786  787
5 3491 3506 3488 3486 3489
5 3492 3512 3491 3489 3490
5 3493 3495 3400 3384 3487
6 3507 3494 3501 3493 3487 3488
4 3497 3496 3400 3495
4 3498 3497 3495 3493
4 3499 3407 3496 3497
4 3500 3499 3497 3498
4 3502 3498 3493 3501
4 3503 3502 3501 3494
4 3504 3500 3498 3502
4 3505 3504 3502 3503
4 3508 3507 3488 3506
4 3509 3508 3506 3491
4 3510 3494 3507 3508
4 3511 3510 3508 3509
4 3513 3509 3491 3512
4 3514 3513 3512 3492
4 3515 3511 3509 3513
4 3516 3515 3513 3514
7 3518 3517 3505 3503 3494 3510 3511
4 3519 3518 3511 3515
4 3520 3519 3515 3516
4 3521 3517 3518 3519
4 3522 3521 3519 3520
4 3524 3490  787 3523
5 3525 3527 3524 3523  798
5 3528 3526 3492 3490 3524
4 3529 3528 3524 3527
4 3530 3529 3527 3525
4 3531 3526 3528 3529
4 3532 3531 3529 3530
5 3535 3533 3525  798  803
4 3536 3535  803 3534
4 3537 3536 3534  804
4 3538 3533 3535 3536
4 3539 3538 3536 3537
7 3541 3540 3554 3532 3530 3525 3533
4 3542 3541 3533 3538
4 3543 3542 3538 3539
4 3544 3540 3541 3542
4 3545 3544 3542 3543
6 3547 3546 3516 3514 3492 3526
4 3548 3547 3526 3531
4 3549 3548 3531 3532
4 3550 3546 3547 3548
4 3551 3550 3548 3549
5 3552 3522 3520 3516 3546
5 3553 3552 3546 3550 3551
4 3555 3549 3532 3554
4 3556 3555 3554 3540
4 3557 3551 3549 3555
4 3558 3557 3555 3556
6 3559 3558 3556 3540 3544 3545
5 3560 3553 3551 3557 3558
4 3561 3560 3558 3559
6 3563 3562 3435 3407 3499 3500
4 3564 3563 3500 3504
4 3565 3564 3504 3505
4 3566 3562 3563 3564
4 3567 3566 3564 3565
5 3568 3446 3444 3435 3562
5 3569 3568 3562 3566 3567
5 3570 3567 3565 3505 3517
5 3571 3570 3517 3521 3522
4 3572 3569 3567 3570
4 3573 3572 3570 3571
6 3574 3463 3461 3446 3568 3569
5 3575 3574 3569 3572 3573
6 3576 3573 3571 3522 3552 3553
5 3577 3576 3553 3560 3561
4 3578 3575 3573 3576
4 3579 3578 3576 3577
4 3581 3537  804 3580
4 3582 3581 3580  821
4 3583 3539 3537 3581
4 3584 3583 3581 3582
6 3591 3585 3584 3582  821  822
4 3586 3543 3539 3583
4 3587 3586 3583 3584
4 3588 3545 3543 3586
4 3589 3588 3586 3587
5 3590 3589 3587 3584 3585
4 3592 3591  822  830
4 3593 3592  830  831
4 3594 3585 3591 3592
4 3595 3594 3592 3593
4 3597 3593  831 3596
4 3598 3597 3596  832
4 3599 3595 3593 3597
4 3600 3599 3597 3598
5 3601 3590 3585 3594 3595
5 3602 3601 3595 3599 3600
5 3603 3559 3545 3588 3589
4 3604 3603 3589 3590
4 3605 3561 3559 3603
4 3606 3605 3603 3604
6 3607 3606 3604 3590 3601 3602
6 3608 3600 3598  832  863  864
5 3609 3608  864  867  868
4 3610 3602 3600 3608
4 3611 3610 3608 3609
6 3612 3611 3609  868  875  876
5 3613 3607 3602 3610 3611
4 3614 3613 3611 3612
5 3615 3577 3561 3605 3606
4 3616 3615 3606 3607
4 3617 3579 3577 3615
4 3618 3617 3615 3616
6 3619 3618 3616 3607 3613 3614
6 3620 3478 3476 3463 3574 3575
5 3621 3620 3575 3578 3579
4 3622 3480 3478 3620
4 3623 3622 3620 3621
5 3624 3621 3579 3617 3618
4 3625 3624 3618 3619
4 3626 3623 3621 3624
4 3627 3626 3624 3625
5 3629 3628 3467 3468 3469
5 3630 3629 3469 3479 3480
4 3632 3631 3628 3629
4 3633 3632 3629 3630
5 3634 3630 3480 3622 3623
5 3635 3634 3623 3626 3627
4 3636 3633 3630 3634
4 3637 3636 3634 3635
5 3638 3612  876 1441 1442
5 3639 3638 1442 1445 1446
4 3640 3614 3612 3638
4 3641 3640 3638 3639
6 3642 3641 3639 1446 1460 1461
5 3643 3619 3614 3640 3641
4 3644 3643 3641 3642
5 3645 3642 1461 1541 1542
5 3646 3645 1542 1545 1546
4 3647 3644 3642 3645
4 3648 3647 3645 3646
6 3649 3627 3625 3619 3643 3644
5 3650 3649 3644 3647 3648
6 3651 3648 3646 1546 1740 1741
5 3652 3651 1741 1750 1751
4 3653 3650 3648 3651
4 3654 3653 3651 3652
8 3656 3655 3682 3637 3635 3627 3649 3650
4 3657 3656 3650 3653
5 3658 3660 3657 3653 3654
6 3661 3659 3688 3655 3656 3657
4 3662 3661 3657 3660
5 3663 3665 3662 3660 3658
6 3666 3664 3699 3659 3661 3662
4 3667 3666 3662 3665
5 3668 3670 3667 3665 3663
5 3671 3669 3664 3666 3667
4 3672 3671 3667 3670
4 3673 3672 3670 3668
4 3674 3669 3671 3672
4 3675 3674 3672 3673
5 3677 3676 3631 3632 3633
6 3683 3678 3677 3633 3636 3637
4 3680 3679 3676 3677
6 3848 3681 9189 3680 3677 3678
4 3684 3683 3637 3682
5 3689 3685 3684 3682 3655
4 3686 3678 3683 3684
6 3744 3687 3850 3686 3684 3685
4 3690 3689 3655 3688
6 3700 3691 3693 3690 3688 3659
5 3694 3692 3685 3689 3690
4 3695 3694 3690 3693
4 3696 3695 3693 3691
4 3697 3692 3694 3695
6 3717 3698 3748 3697 3695 3696
4 3701 3700 3659 3699
4 3702 3701 3699 3664
4 3703 3691 3700 3701
5 3704 3710 3703 3701 3702
4 3705 3702 3664 3669
5 3706 3705 3669 3674 3675
4 3707 3704 3702 3705
4 3708 3707 3705 3706
6 3711 3709 3716 3696 3691 3703
4 3712 3711 3703 3710
4 3713 3712 3710 3704
4 3714 3709 3711 3712
5 3715 3723 3714 3712 3713
4 3718 3717 3696 3716
4 3719 3718 3716 3709
4 3720 3698 3717 3718
5 3730 3721 3720 3718 3719
6 3724 3722 3729 3719 3709 3714
4 3725 3724 3714 3723
4 3726 3725 3723 3715
4 3727 3722 3724 3725
4 3728 3727 3725 3726
4 3731 3730 3719 3729
4 3732 3731 3729 3722
4 3733 3721 3730 3731
4 3734 3733 3731 3732
6 3735 3734 3732 3722 3727 3728
6 3736 3738 3715 3713 3704 3707
4 3737 3736 3707 3708
5 3739 3728 3726 3715 3738
4 3740 3739 3738 3736
5 3741 3814 3735 3728 3739
4 3742 3741 3739 3740
5 3743 3742 3740 3736 3737
5 3746 3745 3744 3685 3692
5 3749 3747 3746 3692 3697
4 3750 3749 3697 3748
4 3751 3750 3748 3698
4 3752 3747 3749 3750
5 3791 3753 3752 3750 3751
5 3755 3754 3745 3746 3747
4 3756 3755 3747 3752
5 3757 3759 3756 3752 3753
5 3760 3758 3754 3755 3756
4 3761 3760 3756 3759
4 3762 3761 3759 3757
4 3763 3758 3760 3761
4 3764 3763 3761 3762
5 3766 3765 3687 3744 3745
5 3768 3767 3766 3745 3754
5 3770 3769 3768 3754 3758
4 3771 3770 3758 3763
4 3772 3771 3763 3764
4 3773 3769 3770 3771
4 3774 3773 3771 3772
4 3775 3767 3768 3769
6 3776 3780 3775 3769 3773 3774
5 3778 3777 3765 3766 3767
5 3781 3779 3778 3767 3775
4 3782 3781 3775 3780
4 3783 3782 3780 3776
4 3784 3779 3781 3782
4 3785 3784 3782 3783
4 3786 3777 3778 3779
5 3787 3786 3779 3784 3785
5 3788 3790 3751 3698 3720
4 3789 3788 3720 3721
4 3792 3791 3751 3790
4 3793 3792 3790 3788
4 3794 3753 3791 3792
4 3795 3794 3792 3793
5 3796 3795 3793 3788 3789
5 3797 3789 3721 3733 3734
5 3815 3798 3797 3734 3735
4 3799 3796 3789 3797
4 3800 3799 3797 3798
5 3801 3757 3753 3794 3795
4 3802 3801 3795 3796
5 3803 3764 3762 3757 3801
5 3808 3804 3803 3801 3802
5 3805 3807 3802 3796 3799
4 3806 3805 3799 3800
4 3809 3808 3802 3807
4 3810 3809 3807 3805
4 3811 3804 3808 3809
4 3812 3811 3809 3810
5 3813 3812 3810 3805 3806
4 3816 3815 3735 3814
4 3817 3816 3814 3741
4 3818 3798 3815 3816
4 3819 3818 3816 3817
5 3820 3819 3817 3741 3742
5 3821 3800 3798 3818 3819
4 3822 3821 3819 3820
5 3823 3822 3820 3742 3743
6 3824 3813 3806 3800 3821 3822
4 3825 3824 3822 3823
5 3826 3774 3772 3764 3803
5 3827 3829 3826 3803 3804
5 3830 3828 3776 3774 3826
4 3831 3830 3826 3829
4 3832 3831 3829 3827
4 3833 3828 3830 3831
4 3834 3833 3831 3832
5 3835 3827 3804 3811 3812
4 3836 3835 3812 3813
5 3837 3834 3832 3827 3835
4 3838 3837 3835 3836
5 3839 3785 3783 3776 3828
5 3840 3839 3828 3833 3834
4 3841 3787 3785 3839
4 3842 3841 3839 3840
6 3843 3842 3840 3834 3837 3838
5 3844 3838 3836 3813 3824
4 3845 3844 3824 3825
4 3846 3843 3838 3844
4 3847 3846 3844 3845
5 3851 3849 3848 3678 3686
4 3852 3851 3686 3850
5 3853 3855 3852 3850 3687
5 3856 3854 3849 3851 3852
4 3857 3856 3852 3855
4 3858 3857 3855 3853
4 3859 3854 3856 3857
4 3860 3859 3857 3858
5 3862 3861 3681 3848 3849
4 3863 3862 3849 3854
5 3864 3863 3854 3859 3860
4 3865 3861 3862 3863
4 3866 3865 3863 3864
5 3868 3867 3853 3687 3765
4 3869 3868 3765 3777
5 3870 3869 3777 3786 3787
4 3871 3867 3868 3869
4 3872 3871 3869 3870
5 3873 3860 3858 3853 3867
5 3874 3873 3867 3871 3872
5 3875 3870 3787 3841 3842
4 3876 3875 3842 3843
4 3877 3872 3870 3875
4 3878 3877 3875 3876
6 3879 3878 3876 3843 3846 3847
5 3880 3874 3872 3877 3878
4 3881 3880 3878 3879
4 3882 3864 3860 3873
4 3883 3882 3873 3874
4 3884 3866 3864 3882
4 3885 3884 3882 3883
6 3886 3885 3883 3874 3880 3881
5 3887 3652 1751 2936 2937
5 3888 3887 2937 2940 2941
4 3889 3654 3652 3887
5 3890 3896 3889 3887 3888
4 3891 3888 2941 2998
4 3892 3891 2998 2999
5 3893 3962 3890 3888 3891
5 4051 3894 3893 3891 3892
6 3897 3895 3907 3658 3654 3889
4 3898 3897 3889 3896
5 3899 3901 3898 3896 3890
5 3902 3900 3895 3897 3898
4 3903 3902 3898 3901
4 3904 3903 3901 3899
4 3905 3900 3902 3903
4 3906 3905 3903 3904
5 3908 3910 3663 3658 3907
4 3909 3908 3907 3895
4 3911 3668 3663 3910
4 3912 3911 3910 3908
5 3913 3675 3673 3668 3911
4 3914 3913 3911 3912
6 3928 3915 3914 3912 3908 3909
6 3917 3916 3927 3909 3895 3900
4 3918 3917 3900 3905
5 3919 3921 3918 3905 3906
6 3922 3920 3933 3916 3917 3918
4 3923 3922 3918 3921
4 3924 3923 3921 3919
4 3925 3920 3922 3923
5 3926 3945 3925 3923 3924
4 3929 3928 3909 3927
5 3934 3930 3929 3927 3916
4 3931 3915 3928 3929
5 3953 3932 3931 3929 3930
4 3935 3934 3916 3933
5 3936 3938 3935 3933 3920
5 3939 3937 3930 3934 3935
4 3940 3939 3935 3938
4 3941 3940 3938 3936
4 3942 3937 3939 3940
4 3943 3942 3940 3941
5 3946 3944 3936 3920 3925
4 3947 3946 3925 3945
4 3948 3947 3945 3926
4 3949 3944 3946 3947
4 3950 3949 3947 3948
5 3951 3943 3941 3936 3944
5 3952 3951 3944 3949 3950
4 3954 3953 3930 3937
5 3955 3954 3937 3942 3943
4 3956 3932 3953 3954
4 3957 3956 3954 3955
4 3958 3955 3943 3951
4 3959 3958 3951 3952
4 3960 3957 3955 3958
5 4009 3961 3960 3958 3959
4 3963 3899 3890 3962
4 3964 3963 3962 3893
6 3965 3968 3906 3904 3899 3963
5 3966 3981 3965 3963 3964
6 3967 4043 3966 3964 3893 3894
5 3969 3971 3919 3906 3968
5 3970 3976 3969 3968 3965
4 3972 3924 3919 3971
4 3973 3972 3971 3969
5 3974 3986 3926 3924 3972
5 3975 3991 3974 3972 3973
4 3977 3973 3969 3976
4 3978 3977 3976 3970
5 3979 3998 3975 3973 3977
4 3980 3979 3977 3978
4 3982 3970 3965 3981
4 3983 3982 3981 3966
6 3984 4027 3980 3978 3970 3982
4 3985 3984 3982 3983
4 3987 3948 3926 3986
4 3988 3987 3986 3974
4 3989 3950 3948 3987
4 3990 3989 3987 3988
4 3992 3988 3974 3991
4 3993 3992 3991 3975
4 3994 3990 3988 3992
4 3995 3994 3992 3993
5 3996 3952 3950 3989 3990
5 3997 3996 3990 3994 3995
4 3999 3993 3975 3998
4 4000 3999 3998 3979
4 4001 3995 3993 3999
4 4002 4001 3999 4000
5 4003 4002 4000 3979 3980
5 4004 3997 3995 4001 4002
5 4031 4005 4004 4002 4003
5 4006 4008 3959 3952 3996
5 4007 4014 4006 3996 3997
4 4010 4009 3959 4008
4 4011 4010 4008 4006
4 4012 3961 4009 4010
4 4013 4012 4010 4011
4 4015 4011 4006 4014
4 4016 4015 4014 4007
4 4017 4013 4011 4015
4 4018 4017 4015 4016
5 4019 4021 4007 3997 4004
4 4020 4019 4004 4005
4 4022 4016 4007 4021
4 4023 4022 4021 4019
4 4024 4018 4016 4022
4 4025 4024 4022 4023
5 4026 4025 4023 4019 4020
5 4028 4030 4003 3980 4027
4 4029 4028 4027 3984
4 4032 4031 4003 4030
4 4033 4032 4030 4028
4 4034 4005 4031 4032
4 4035 4034 4032 4033
5 4036 4035 4033 4028 4029
5 4037 4036 4029 3984 3985
5 4038 4020 4005 4034 4035
4 4039 4038 4035 4036
4 4040 4026 4020 4038
4 4041 4040 4038 4039
5 4042 4041 4039 4036 4037
5 4044 3985 3983 3966 4043
4 4045 4044 4043 3967
5 4046 4042 4037 3985 4044
5 4047 4225 4046 4044 4045
5 4048 4050 3892 2999 3329
5 4049 4056 4048 3329 3330
4 4052 4051 3892 4050
4 4053 4052 4050 4048
4 4054 3894 4051 4052
4 4055 4054 4052 4053
4 4057 4053 4048 4056
4 4058 4057 4056 4049
4 4059 4055 4053 4057
4 4060 4059 4057 4058
5 4061 4063 4049 3330 3342
5 4062 4073 4061 3342 3343
4 4064 4058 4049 4063
5 4065 4067 4064 4063 4061
5 4068 4066 4060 4058 4064
4 4069 4068 4064 4067
4 4070 4069 4067 4065
4 4071 4066 4068 4069
4 4072 4071 4069 4070
5 4074 4076 4065 4061 4073
4 4075 4074 4073 4062
4 4077 4070 4065 4076
4 4078 4077 4076 4074
4 4079 4072 4070 4077
4 4080 4079 4077 4078
6 4081 4102 4080 4078 4074 4075
5 4082 3967 3894 4054 4055
7 4096 4083 4085 4082 4055 4059 4060
7 4086 4084 4256 4047 4045 3967 4082
4 4087 4086 4082 4085
5 4088 4090 4087 4085 4083
5 4091 4089 4084 4086 4087
4 4092 4091 4087 4090
4 4093 4092 4090 4088
4 4094 4089 4091 4092
5 4147 4095 4094 4092 4093
4 4097 4096 4060 4066
5 4098 4097 4066 4071 4072
4 4099 4083 4096 4097
5 4114 4100 4099 4097 4098
7 4103 4101 4113 4098 4072 4079 4080
4 4104 4103 4080 4102
5 4105 4107 4104 4102 4081
6 4108 4106 4119 4101 4103 4104
4 4109 4108 4104 4107
4 4110 4109 4107 4105
4 4111 4106 4108 4109
4 4112 4111 4109 4110
4 4115 4114 4098 4113
5 4120 4116 4115 4113 4101
4 4117 4100 4114 4115
5 4126 4118 4117 4115 4116
4 4121 4120 4101 4119
4 4122 4121 4119 4106
4 4123 4116 4120 4121
4 4124 4123 4121 4122
8 8029 4125 4131 4124 4122 4106 4111 4112
4 4127 4126 4116 4123
4 4128 4127 4123 4124
4 4129 4118 4126 4127
5 4135 4130 4129 4127 4128
5 4132 4134 4128 4124 4131
4 4133 4132 4131 4125
4 4136 4135 4128 4134
4 4137 4136 4134 4132
4 4138 4130 4135 4136
4 4139 4138 4136 4137
5 4140 4139 4137 4132 4133
5 4141 4143 4088 4083 4099
5 4142 4153 4141 4099 4100
5 4144 4146 4093 4088 4143
4 4145 4144 4143 4141
4 4148 4147 4093 4146
4 4149 4148 4146 4144
4 4150 4095 4147 4148
4 4151 4150 4148 4149
6 4157 4152 4151 4149 4144 4145
5 4154 4156 4145 4141 4153
5 4155 4162 4154 4153 4142
4 4158 4157 4145 4156
4 4159 4158 4156 4154
4 4160 4152 4157 4158
4 4161 4160 4158 4159
4 4163 4159 4154 4162
4 4164 4163 4162 4155
4 4165 4161 4159 4163
4 4166 4165 4163 4164
7 4168 4167 4177 4142 4100 4117 4118
6 4170 4169 4168 4118 4129 4130
5 4171 4170 4130 4138 4139
5 8046 4172 4171 4139 4140
4 4173 4169 4170 4171
4 4174 4173 4171 4172
4 4175 4167 4168 4169
5 4176 4175 4169 4173 4174
5 4178 4180 4155 4142 4177
4 4179 4178 4177 4167
4 4181 4164 4155 4180
4 4182 4181 4180 4178
4 4183 4166 4164 4181
4 4184 4183 4181 4182
5 4185 4184 4182 4178 4179
4 4186 4179 4167 4175
4 4187 4186 4175 4176
5 4188 4349 4185 4179 4186
5 4189 4360 4188 4186 4187
6 4190 3708 3706 3675 3913 3914
4 4191 4190 3914 3915
5 4192 3743 3737 3708 4190
4 4193 4192 4190 4191
6 4195 4194 4191 3915 3931 3932
5 4196 4195 3932 3956 3957
6 4207 4197 4196 3957 3960 3961
4 4198 4194 4195 4196
4 4199 4198 4196 4197
4 4200 4193 4191 4194
5 4201 4200 4194 4198 4199
5 4202 3825 3823 3743 4192
4 4203 4202 4192 4193
5 4204 3847 3845 3825 4202
4 4205 4204 4202 4203
6 4206 4205 4203 4193 4200 4201
5 4208 4207 3961 4012 4013
5 4209 4208 4013 4017 4018
4 4210 4197 4207 4208
4 4211 4210 4208 4209
5 4212 4209 4018 4024 4025
4 4213 4212 4025 4026
4 4214 4211 4209 4212
4 4215 4214 4212 4213
5 4216 4199 4197 4210 4211
5 4217 4216 4211 4214 4215
6 4218 4215 4213 4026 4040 4041
4 4219 4218 4041 4042
4 4220 4217 4215 4218
4 4221 4220 4218 4219
5 4222 4201 4199 4216 4217
5 4223 4222 4217 4220 4221
6 4226 4224 4221 4219 4042 4046
4 4227 4226 4046 4225
4 4228 4227 4225 4047
4 4229 4224 4226 4227
5 4230 4234 4229 4227 4228
5 4232 4231 4223 4221 4224
5 4235 4233 4232 4224 4229
4 4236 4235 4229 4234
4 4237 4236 4234 4230
4 4238 4233 4235 4236
4 4239 4238 4236 4237
4 4240 4231 4232 4233
5 4241 4240 4233 4238 4239
6 4243 4242 4206 4201 4222 4223
4 4244 4243 4223 4231
5 4245 4244 4231 4240 4241
4 4246 4242 4243 4244
4 4247 4246 4244 4245
6 4248 3881 3879 3847 4204 4205
4 4249 4248 4205 4206
4 4250 3886 3881 4248
4 4251 4250 4248 4249
4 4252 4249 4206 4242
6 4505 4253 4252 4242 4246 4247
4 4254 4251 4249 4252
5 4255 9324 4254 4252 4253
6 4257 4259 4230 4228 4047 4256
4 4258 4257 4256 4084
5 4260 4239 4237 4230 4259
4 4261 4260 4259 4257
4 4262 4241 4239 4260
4 4263 4262 4260 4261
5 4264 4263 4261 4257 4258
5 4266 4265 4258 4084 4089
4 4267 4266 4089 4094
5 4286 4268 4267 4094 4095
4 4269 4265 4266 4267
4 4270 4269 4267 4268
4 4271 4264 4258 4265
6 4303 4272 4271 4265 4269 4270
5 4273 4245 4241 4262 4263
4 4274 4273 4263 4264
4 4275 4247 4245 4273
4 4276 4275 4273 4274
4 4277 4274 4264 4271
6 4403 4278 4280 4277 4271 4272
6 4281 4279 4510 4276 4274 4277
4 4282 4281 4277 4280
4 4283 4282 4280 4278
4 4284 4279 4281 4282
5 4444 4285 4284 4282 4283
4 4287 4286 4095 4150
4 4288 4287 4150 4151
4 4289 4268 4286 4287
4 4290 4289 4287 4288
6 4291 4293 4290 4288 4151 4152
6 4294 4292 4270 4268 4289 4290
4 4295 4294 4290 4293
4 4296 4295 4293 4291
4 4297 4292 4294 4295
4 4298 4297 4295 4296
5 4299 4291 4152 4160 4161
5 4300 4299 4161 4165 4166
6 4301 4316 4298 4296 4291 4299
4 4302 4301 4299 4300
5 4305 4304 4303 4270 4292
4 4306 4305 4292 4297
4 4307 4306 4297 4298
4 4308 4304 4305 4306
5 4320 4309 4308 4306 4307
5 4311 4310 4272 4303 4304
4 4312 4311 4304 4308
5 4327 4313 4312 4308 4309
4 4314 4310 4311 4312
4 4315 4314 4312 4313
5 4317 4319 4307 4298 4316
4 4318 4317 4316 4301
4 4321 4320 4307 4319
4 4322 4321 4319 4317
4 4323 4309 4320 4321
4 4324 4323 4321 4322
5 4325 4324 4322 4317 4318
6 4326 4335 4325 4318 4301 4302
4 4328 4327 4309 4323
4 4329 4328 4323 4324
4 4330 4313 4327 4328
4 4331 4330 4328 4329
5 4332 4331 4329 4324 4325
5 4333 4315 4313 4330 4331
5 4334 4410 4333 4331 4332
4 4336 4332 4325 4335
4 4337 4336 4335 4326
4 4338 4334 4332 4336
5 4388 4339 4338 4336 4337
5 4340 4300 4166 4183 4184
6 4350 4341 4343 4340 4184 4185
5 4344 4342 4302 4300 4340
4 4345 4344 4340 4343
4 4346 4345 4343 4341
4 4347 4342 4344 4345
5 4372 4348 4347 4345 4346
4 4351 4350 4185 4349
5 4352 4354 4351 4349 4188
5 4355 4353 4341 4350 4351
4 4356 4355 4351 4354
4 4357 4356 4354 4352
4 4358 4353 4355 4356
4 4359 4358 4356 4357
4 4361 4352 4188 4360
4 4362 4361 4360 4189
5 4363 4359 4357 4352 4361
4 4364 4363 4361 4362
6 4366 4365 4371 4346 4341 4353
4 4367 4366 4353 4358
4 4368 4367 4358 4359
4 4369 4365 4366 4367
4 4370 4369 4367 4368
4 4373 4372 4346 4371
4 4374 4373 4371 4365
4 4375 4348 4372 4373
4 4376 4375 4373 4374
6 4377 4376 4374 4365 4369 4370
5 4378 4370 4368 4359 4363
5 8235 4379 4378 4363 4364
4 4380 4377 4370 4378
4 4381 4380 4378 4379
5 4382 4384 4326 4302 4342
6 4395 4383 4382 4342 4347 4348
5 4385 4387 4337 4326 4384
4 4386 4385 4384 4382
4 4389 4388 4337 4387
4 4390 4389 4387 4385
4 4391 4339 4388 4389
4 4392 4391 4389 4390
5 4393 4392 4390 4385 4386
5 4394 4393 4386 4382 4383
5 4396 4395 4348 4375 4376
4 4397 4396 4376 4377
4 4398 4383 4395 4396
4 4399 4398 4396 4397
6 4400 4399 4397 4377 4380 4381
5 4401 4394 4383 4398 4399
4 4402 4401 4399 4400
4 4404 4403 4272 4310
6 4408 4405 4404 4310 4314 4315
4 4406 4278 4403 4404
6 4422 4407 4437 4406 4404 4405
5 4411 4409 4408 4315 4333
4 4412 4411 4333 4410
4 4413 4412 4410 4334
4 4414 4409 4411 4412
4 4415 4414 4412 4413
4 4416 4405 4408 4409
5 4417 4416 4409 4414 4415
5 4418 4415 4413 4334 4338
4 4419 4418 4338 4339
4 4420 4417 4415 4418
4 4421 4420 4418 4419
4 4423 4422 4405 4416
5 4424 4426 4423 4416 4417
6 4427 4425 4458 4407 4422 4423
4 4428 4427 4423 4426
4 4429 4428 4426 4424
4 4430 4425 4427 4428
4 4431 4430 4428 4429
4 4432 4424 4417 4420
4 4433 4432 4420 4421
5 4434 4431 4429 4424 4432
4 4435 4434 4432 4433
6 4438 4436 4443 4283 4278 4406
4 4439 4438 4406 4437
5 4459 4440 4439 4437 4407
4 4441 4436 4438 4439
4 4442 4441 4439 4440
4 4445 4444 4283 4443
4 4446 4445 4443 4436
4 4447 4285 4444 4445
5 4452 4448 4447 4445 4446
5 4449 4451 4446 4436 4441
4 4450 4449 4441 4442
4 4453 4452 4446 4451
4 4454 4453 4451 4449
4 4455 4448 4452 4453
4 4456 4455 4453 4454
5 4457 4456 4454 4449 4450
4 4460 4459 4407 4458
4 4461 4460 4458 4425
4 4462 4440 4459 4460
4 4463 4462 4460 4461
6 4464 4463 4461 4425 4430 4431
5 4465 4442 4440 4462 4463
4 4466 4465 4463 4464
6 4467 4466 4464 4431 4434 4435
6 4468 4457 4450 4442 4465 4466
4 4469 4468 4466 4467
5 4470 4419 4339 4391 4392
4 4471 4470 4392 4393
4 4472 4421 4419 4470
4 4473 4472 4470 4471
6 4474 4479 4473 4471 4393 4394
4 4475 4433 4421 4472
4 4476 4475 4472 4473
4 4477 4435 4433 4475
5 4483 4478 4477 4475 4476
5 4480 4482 4476 4473 4479
4 4481 4480 4479 4474
4 4484 4483 4476 4482
4 4485 4484 4482 4480
4 4486 4478 4483 4484
4 4487 4486 4484 4485
5 4488 4487 4485 4480 4481
4 4489 4474 4394 4401
4 4490 4489 4401 4402
5 4491 4488 4481 4474 4489
4 4492 4491 4489 4490
6 4494 4493 4467 4435 4477 4478
5 4495 4494 4478 4486 4487
4 4496 4495 4487 4488
4 4497 4493 4494 4495
4 4498 4497 4495 4496
4 4499 4469 4467 4493
5 4500 4499 4493 4497 4498
5 4501 4498 4496 4488 4491
4 4502 4501 4491 4492
4 4503 4500 4498 4501
4 4504 4503 4501 4502
4 4506 4505 4247 4275
5 4511 4507 4506 4275 4276
4 4508 4253 4505 4506
4 4509 4508 4506 4507
4 4512 4511 4276 4510
4 4513 4512 4510 4279
4 4514 4507 4511 4512
4 4515 4514 4512 4513
8 4530 4516 4518 4515 4513 4279 4284 4285
6 4519 4517 4509 4507 4514 4515
4 4520 4519 4515 4518
4 4521 4520 4518 4516
4 4522 4517 4519 4520
5 4551 4523 4522 4520 4521
7 4525 4524 9369 4255 4253 4508 4509
4 4526 4525 4509 4517
6 4577 4527 4526 4517 4522 4523
4 4528 4524 4525 4526
5 4620 4529 4528 4526 4527
6 4532 4531 4530 4285 4447 4448
5 4533 4532 4448 4455 4456
4 4534 4533 4456 4457
4 4535 4531 4532 4533
4 4536 4535 4533 4534
4 4537 4516 4530 4531
6 4538 4544 4537 4531 4535 4536
5 4539 4536 4534 4457 4468
4 4540 4539 4468 4469
4 4541 4538 4536 4539
4 4542 4541 4539 4540
6 4545 4543 4550 4521 4516 4537
4 4546 4545 4537 4544
4 4547 4546 4544 4538
5 4548 4556 4543 4545 4546
4 4549 4548 4546 4547
4 4552 4551 4521 4550
5 4557 4553 4552 4550 4543
4 4554 4523 4551 4552
5 4563 4555 4554 4552 4553
4 4558 4557 4543 4556
4 4559 4558 4556 4548
4 4560 4553 4557 4558
4 4561 4560 4558 4559
5 4562 4561 4559 4548 4549
4 4564 4563 4553 4560
4 4565 4564 4560 4561
4 4566 4555 4563 4564
4 4567 4566 4564 4565
5 4568 4567 4565 4561 4562
5 4569 4549 4547 4538 4541
4 4570 4569 4541 4542
6 4571 4595 4568 4562 4549 4569
4 4572 4571 4569 4570
6 4573 4542 4540 4469 4499 4500
5 4574 4573 4500 4503 4504
6 4575 4636 4572 4570 4542 4573
4 4576 4575 4573 4574
6 4579 4578 4577 4523 4554 4555
5 4580 4579 4555 4566 4567
5 4581 4583 4580 4567 4568
5 4584 4582 4578 4579 4580
4 4585 4584 4580 4583
4 4586 4585 4583 4581
4 4587 4582 4584 4585
4 4588 4587 4585 4586
5 4590 4589 4527 4577 4578
4 4591 4590 4578 4582
6 4602 4592 4591 4582 4587 4588
4 4593 4589 4590 4591
4 4594 4593 4591 4592
4 4596 4581 4568 4595
4 4597 4596 4595 4571
6 4598 4601 4588 4586 4581 4596
4 4599 4598 4596 4597
6 4600 4615 4599 4597 4571 4572
4 4603 4602 4588 4601
4 4604 4603 4601 4598
4 4605 4592 4602 4603
4 4606 4605 4603 4604
6 4607 4609 4606 4604 4598 4599
6 4610 4608 4594 4592 4605 4606
4 4611 4610 4606 4609
4 4612 4611 4609 4607
4 4613 4608 4610 4611
4 4614 4613 4611 4612
4 4616 4607 4599 4615
4 4617 4616 4615 4600
5 4618 4614 4612 4607 4616
4 4619 4618 4616 4617
4 4621 4620 4527 4589
6 4625 4622 4621 4589 4593 4594
4 4623 4529 4620 4621
4 4624 4623 4621 4622
4 4626 4625 4594 4608
5 4627 4626 4608 4613 4614
4 4628 4622 4625 4626
4 4629 4628 4626 4627
4 4630 4627 4614 4618
4 4631 4630 4618 4619
4 4632 4629 4627 4630
5 4646 4633 4632 4630 4631
5 4634 4624 4622 4628 4629
6 4653 4635 4634 4629 4632 4633
4 4637 4600 4572 4636
4 4638 4637 4636 4575
6 4639 4642 4619 4617 4600 4637
4 4640 4639 4637 4638
6 4641 4663 4640 4638 4575 4576
5 4643 4645 4631 4619 4642
4 4644 4643 4642 4639
4 4647 4646 4631 4645
4 4648 4647 4645 4643
4 4649 4633 4646 4647
4 4650 4649 4647 4648
5 4651 4650 4648 4643 4644
6 4652 4658 4651 4644 4639 4640
5 4654 4653 4633 4649 4650
4 4655 4654 4650 4651
4 4656 4635 4653 4654
4 4657 4656 4654 4655
4 4659 4655 4651 4658
4 4660 4659 4658 4652
4 4661 4657 4655 4659
4 4662 4661 4659 4660
5 4664 4666 4652 4640 4663
5 4665 4671 4664 4663 4641
4 4667 4660 4652 4666
4 4668 4667 4666 4664
4 4669 4662 4660 4667
5 4675 4670 4669 4667 4668
5 4672 4674 4668 4664 4671
4 4673 4672 4671 4665
4 4676 4675 4668 4674
4 4677 4676 4674 4672
4 4678 4670 4675 4676
4 4679 4678 4676 4677
5 4680 4679 4677 4672 4673
5 4682 4685 2361 2360 4681
5 4684 4690 4682 4681 4683
4 4686 2369 2361 4685
4 4687 4686 4685 4682
5 4688 4709 2371 2369 4686
5 4689 4714 4688 4686 4687
4 4691 4687 4682 4690
4 4692 4691 4690 4684
5 4693 4746 4689 4687 4691
5 4694 4751 4693 4691 4692
5 4696 4699 4684 4683 4695
5 4698 4704 4696 4695 4697
4 4700 4692 4684 4699
4 4701 4700 4699 4696
5 4702 4811 4694 4692 4700
5 4703 4816 4702 4700 4701
4 4705 4701 4696 4704
4 4706 4705 4704 4698
5 4707 4857 4703 4701 4705
5 4708 4862 4707 4705 4706
4 4710 2528 2371 4709
4 4711 4710 4709 4688
5 4712 4719 2530 2528 4710
5 4713 4724 4712 4710 4711
4 4715 4711 4688 4714
4 4716 4715 4714 4689
5 4717 4734 4713 4711 4715
5 4718 4739 4717 4715 4716
4 4720 2556 2530 4719
4 4721 4720 4719 4712
4 4722 2558 2556 4720
4 4723 4722 4720 4721
4 4725 4721 4712 4724
4 4726 4725 4724 4713
4 4727 4723 4721 4725
4 4728 4727 4725 4726
4 4729 2564 2558 4722
4 4730 4729 4722 4723
4 4731 2566 2564 4729
4 4732 4731 4729 4730
6 4733 4732 4730 4723 4727 4728
4 4735 4726 4713 4734
4 4736 4735 4734 4717
4 4737 4728 4726 4735
4 4738 4737 4735 4736
4 4740 4736 4717 4739
4 4741 4740 4739 4718
4 4742 4738 4736 4740
4 4743 4742 4740 4741
5 4744 4733 4728 4737 4738
6 4766 4745 4744 4738 4742 4743
4 4747 4716 4689 4746
4 4748 4747 4746 4693
5 4749 4756 4718 4716 4747
5 4750 4761 4749 4747 4748
4 4752 4748 4693 4751
4 4753 4752 4751 4694
5 4754 4775 4750 4748 4752
5 4755 4780 4754 4752 4753
4 4757 4741 4718 4756
4 4758 4757 4756 4749
4 4759 4743 4741 4757
4 4760 4759 4757 4758
4 4762 4758 4749 4761
4 4763 4762 4761 4750
4 4764 4760 4758 4762
4 4765 4764 4762 4763
4 4767 4766 4743 4759
4 4768 4767 4759 4760
4 4769 4745 4766 4767
4 4770 4769 4767 4768
4 4771 4768 4760 4764
4 4772 4771 4764 4765
4 4773 4770 4768 4771
4 4774 4773 4771 4772
4 4776 4763 4750 4775
4 4777 4776 4775 4754
4 4778 4765 4763 4776
4 4779 4778 4776 4777
4 4781 4777 4754 4780
4 4782 4781 4780 4755
4 4783 4779 4777 4781
4 4784 4783 4781 4782
4 4785 4772 4765 4778
4 4786 4785 4778 4779
4 4787 4774 4772 4785
4 4788 4787 4785 4786
4 4789 4786 4779 4783
4 4790 4789 4783 4784
4 4791 4788 4786 4789
4 4792 4791 4789 4790
5 4793 2582 2566 4731 4732
4 4794 4793 4732 4733
4 4795 2584 2582 4793
4 4796 4795 4793 4794
7 4800 4797 4796 4794 4733 4744 4745
5 4798 2586 2584 4795 4796
4 4799 4798 4796 4797
5 4801 4800 4745 4769 4770
5 4802 4801 4770 4773 4774
4 4803 4797 4800 4801
4 4804 4803 4801 4802
5 4805 4802 4774 4787 4788
5 4806 4805 4788 4791 4792
4 4807 4804 4802 4805
4 4808 4807 4805 4806
5 4809 4799 4797 4803 4804
5 4810 4809 4804 4807 4808
4 4812 4753 4694 4811
4 4813 4812 4811 4702
5 4814 4821 4755 4753 4812
5 4815 4826 4814 4812 4813
4 4817 4813 4702 4816
4 4818 4817 4816 4703
5 4819 4839 4815 4813 4817
5 4820 4844 4819 4817 4818
4 4822 4782 4755 4821
4 4823 4822 4821 4814
4 4824 4784 4782 4822
4 4825 4824 4822 4823
4 4827 4823 4814 4826
4 4828 4827 4826 4815
4 4829 4825 4823 4827
4 4830 4829 4827 4828
4 4831 4790 4784 4824
4 4832 4831 4824 4825
4 4833 4792 4790 4831
4 4834 4833 4831 4832
4 4835 4832 4825 4829
4 4836 4835 4829 4830
4 4837 4834 4832 4835
4 4838 4837 4835 4836
4 4840 4828 4815 4839
4 4841 4840 4839 4819
4 4842 4830 4828 4840
4 4843 4842 4840 4841
4 4845 4841 4819 4844
4 4846 4845 4844 4820
4 4847 4843 4841 4845
4 4848 4847 4845 4846
4 4849 4836 4830 4842
4 4850 4849 4842 4843
4 4851 4838 4836 4849
4 4852 4851 4849 4850
4 4853 4850 4843 4847
4 4854 4853 4847 4848
4 4855 4852 4850 4853
4 4856 4855 4853 4854
4 4858 4818 4703 4857
4 4859 4858 4857 4707
5 4860 4867 4820 4818 4858
5 4861 4872 4860 4858 4859
4 4863 4859 4707 4862
4 4864 4863 4862 4708
5 4865 4885 4861 4859 4863
5 4866 4890 4865 4863 4864
4 4868 4846 4820 4867
4 4869 4868 4867 4860
4 4870 4848 4846 4868
4 4871 4870 4868 4869
4 4873 4869 4860 4872
4 4874 4873 4872 4861
4 4875 4871 4869 4873
4 4876 4875 4873 4874
4 4877 4854 4848 4870
4 4878 4877 4870 4871
4 4879 4856 4854 4877
4 4880 4879 4877 4878
4 4881 4878 4871 4875
4 4882 4881 4875 4876
4 4883 4880 4878 4881
4 4884 4883 4881 4882
4 4886 4874 4861 4885
4 4887 4886 4885 4865
4 4888 4876 4874 4886
4 4889 4888 4886 4887
4 4891 4887 4865 4890
4 4892 4891 4890 4866
4 4893 4889 4887 4891
4 4894 4893 4891 4892
4 4895 4882 4876 4888
4 4896 4895 4888 4889
4 4897 4884 4882 4895
4 4898 4897 4895 4896
4 4899 4896 4889 4893
4 4900 4899 4893 4894
4 4901 4898 4896 4899
4 4902 4901 4899 4900
5 4903 4806 4792 4833 4834
5 4904 4903 4834 4837 4838
4 4905 4808 4806 4903
4 4906 4905 4903 4904
5 4907 4904 4838 4851 4852
5 4908 4907 4852 4855 4856
4 4909 4906 4904 4907
4 4910 4909 4907 4908
5 4911 4810 4808 4905 4906
5 4912 4911 4906 4909 4910
5 4913 4908 4856 4879 4880
5 4914 4913 4880 4883 4884
4 4915 4910 4908 4913
4 4916 4915 4913 4914
5 4917 4914 4884 4897 4898
5 4918 4917 4898 4901 4902
4 4919 4916 4914 4917
4 4920 4919 4917 4918
5 4921 4912 4910 4915 4916
5 4922 4921 4916 4919 4920
5 4924 4927 4698 4697 4923
4 4926 4924 4923 4925
4 4928 4706 4698 4927
4 4929 4928 4927 4924
5 4930 4939 4708 4706 4928
5 4931 4944 4930 4928 4929
6 4932 4982 4931 4929 4924 4926
4 4934 4926 4925 4933
4 4936 4934 4933 4935
5 4937 5009 4932 4926 4934
5 4938 5035 4937 4934 4936
4 4940 4864 4708 4939
4 4941 4940 4939 4930
5 4942 4949 4866 4864 4940
5 4943 4954 4942 4940 4941
4 4945 4941 4930 4944
4 4946 4945 4944 4931
5 4947 4967 4943 4941 4945
4 4948 4947 4945 4946
4 4950 4892 4866 4949
4 4951 4950 4949 4942
4 4952 4894 4892 4950
4 4953 4952 4950 4951
4 4955 4951 4942 4954
4 4956 4955 4954 4943
4 4957 4953 4951 4955
4 4958 4957 4955 4956
4 4959 4900 4894 4952
4 4960 4959 4952 4953
4 4961 4902 4900 4959
4 4962 4961 4959 4960
4 4963 4960 4953 4957
4 4964 4963 4957 4958
4 4965 4962 4960 4963
4 4966 4965 4963 4964
4 4968 4956 4943 4967
4 4969 4968 4967 4947
4 4970 4958 4956 4968
4 4971 4970 4968 4969
6 4972 4977 4971 4969 4947 4948
4 4973 4964 4958 4970
4 4974 4973 4970 4971
4 4975 4966 4964 4973
4 4976 4975 4973 4974
4 4978 4974 4971 4977
4 4979 4978 4977 4972
4 4980 4976 4974 4978
4 4981 4980 4978 4979
6 4983 4985 4948 4946 4931 4982
5 4984 4990 4983 4982 4932
4 4986 4972 4948 4985
4 4987 4986 4985 4983
5 4988 4981 4979 4972 4986
4 4989 4988 4986 4987
4 4991 4987 4983 4990
4 4992 4991 4990 4984
4 4993 4989 4987 4991
4 4994 4993 4991 4992
5 4995 4918 4902 4961 4962
5 4996 4995 4962 4965 4966
4 4997 4920 4918 4995
4 4998 4997 4995 4996
5 4999 4996 4966 4975 4976
5 5000 4999 4976 4980 4981
4 5001 4998 4996 4999
4 5002 5001 4999 5000
5 5003 4922 4920 4997 4998
5 5004 5003 4998 5001 5002
6 5005 5002 5000 4981 4988 4989
6 5060 5006 5005 4989 4993 4994
4 5007 5004 5002 5005
4 5008 5007 5005 5006
5 5010 5012 4984 4932 5009
5 5011 5022 5010 5009 4937
4 5013 4992 4984 5012
5 5014 5016 5013 5012 5010
5 5017 5015 4994 4992 5013
4 5018 5017 5013 5016
4 5019 5018 5016 5014
4 5020 5015 5017 5018
4 5021 5020 5018 5019
5 5023 5025 5014 5010 5022
5 5024 5030 5023 5022 5011
4 5026 5019 5014 5025
4 5027 5026 5025 5023
4 5028 5021 5019 5026
4 5029 5028 5026 5027
4 5031 5027 5023 5030
4 5032 5031 5030 5024
4 5033 5029 5027 5031
4 5034 5033 5031 5032
5 5036 5038 5011 4937 5035
5 5037 5051 5036 5035 4938
5 5039 5041 5024 5011 5038
5 5040 5046 5039 5038 5036
4 5042 5032 5024 5041
4 5043 5042 5041 5039
4 5044 5034 5032 5042
4 5045 5044 5042 5043
4 5047 5043 5039 5046
4 5048 5047 5046 5040
4 5049 5045 5043 5047
4 5050 5049 5047 5048
5 5052 5054 5040 5036 5051
4 5053 5052 5051 5037
4 5055 5048 5040 5054
4 5056 5055 5054 5052
4 5057 5050 5048 5055
4 5058 5057 5055 5056
6 5059 5092 5058 5056 5052 5053
4 5061 5060 4994 5015
6 5065 5062 5061 5015 5020 5021
4 5063 5006 5060 5061
4 5064 5063 5061 5062
4 5066 5065 5021 5028
4 5067 5066 5028 5029
4 5068 5062 5065 5066
4 5069 5068 5066 5067
4 5070 5067 5029 5033
4 5071 5070 5033 5034
4 5072 5069 5067 5070
4 5073 5072 5070 5071
5 5074 5064 5062 5068 5069
5 5075 5074 5069 5072 5073
5 5076 5008 5006 5063 5064
5 5077 5076 5064 5074 5075
4 5078 5071 5034 5044
4 5079 5078 5044 5045
4 5080 5073 5071 5078
4 5081 5080 5078 5079
4 5082 5079 5045 5049
4 5083 5082 5049 5050
4 5084 5081 5079 5082
4 5085 5084 5082 5083
5 5086 5075 5073 5080 5081
5 5087 5086 5081 5084 5085
4 5088 5083 5050 5057
4 5089 5088 5057 5058
4 5090 5085 5083 5088
4 5091 5090 5088 5089
4 5093 5089 5058 5092
4 5094 5093 5092 5059
4 5095 5091 5089 5093
4 5096 5095 5093 5094
5 5097 5087 5085 5090 5091
5 5098 5097 5091 5095 5096
5 5099 5077 5075 5086 5087
5 5100 5099 5087 5097 5098
5 5101 2602 2586 4798 4799
5 5102 5101 4799 4809 4810
4 5103 2604 2602 5101
4 5104 5103 5101 5102
5 5105 5102 4810 4911 4912
5 5106 5105 4912 4921 4922
4 5107 5104 5102 5105
4 5108 5107 5105 5106
6 5109 5527 2606 2604 5103 5104
6 5110 5532 5109 5104 5107 5108
5 5111 5106 4922 5003 5004
5 5112 5111 5004 5007 5008
4 5113 5108 5106 5111
4 5114 5113 5111 5112
5 5115 5112 5008 5076 5077
5 5116 5115 5077 5099 5100
4 5117 5114 5112 5115
4 5118 5117 5115 5116
6 5119 5649 5110 5108 5113 5114
6 5120 5654 5119 5114 5117 5118
4 5122 4936 4935 5121
4 5124 5122 5121 5123
5 5125 5133 4938 4936 5122
5 5126 5143 5125 5122 5124
4 5128 5124 5123 5127
4 5130 5128 5127 5129
5 5131 5215 5126 5124 5128
5 5132 5220 5131 5128 5130
4 5134 5037 4938 5133
5 5135 5137 5134 5133 5125
7 5138 5136 5156 5059 5053 5037 5134
4 5139 5138 5134 5137
4 5140 5139 5137 5135
4 5141 5136 5138 5139
5 5142 5162 5141 5139 5140
5 5144 5146 5135 5125 5143
5 5145 5151 5144 5143 5126
4 5147 5140 5135 5146
4 5148 5147 5146 5144
5 5149 5172 5142 5140 5147
5 5150 5177 5149 5147 5148
4 5152 5148 5144 5151
4 5153 5152 5151 5145
5 5154 5191 5150 5148 5152
4 5155 5154 5152 5153
5 5157 5096 5094 5059 5156
4 5158 5157 5156 5136
4 5159 5098 5096 5157
4 5160 5159 5157 5158
5 5163 5161 5158 5136 5141
4 5164 5163 5141 5162
4 5165 5164 5162 5142
4 5166 5161 5163 5164
4 5167 5166 5164 5165
4 5168 5160 5158 5161
6 5182 5169 5168 5161 5166 5167
5 5170 5100 5098 5159 5160
6 5206 5171 5170 5160 5168 5169
4 5173 5165 5142 5172
4 5174 5173 5172 5149
4 5175 5167 5165 5173
4 5176 5175 5173 5174
4 5178 5174 5149 5177
4 5179 5178 5177 5150
4 5180 5176 5174 5178
4 5181 5180 5178 5179
4 5183 5182 5167 5175
4 5184 5183 5175 5176
4 5185 5169 5182 5183
4 5186 5185 5183 5184
4 5187 5184 5176 5180
4 5188 5187 5180 5181
4 5189 5186 5184 5187
4 5190 5189 5187 5188
4 5192 5179 5150 5191
4 5193 5192 5191 5154
4 5194 5181 5179 5192
4 5195 5194 5192 5193
6 5196 5201 5195 5193 5154 5155
4 5197 5188 5181 5194
4 5198 5197 5194 5195
4 5199 5190 5188 5197
4 5200 5199 5197 5198
4 5202 5198 5195 5201
4 5203 5202 5201 5196
4 5204 5200 5198 5202
4 5205 5204 5202 5203
5 5207 5206 5169 5185 5186
5 5208 5207 5186 5189 5190
4 5209 5171 5206 5207
4 5210 5209 5207 5208
5 5211 5208 5190 5199 5200
5 5212 5211 5200 5204 5205
4 5213 5210 5208 5211
4 5214 5213 5211 5212
4 5216 5145 5126 5215
4 5217 5216 5215 5131
6 5218 5225 5155 5153 5145 5216
5 5219 5230 5218 5216 5217
4 5221 5217 5131 5220
4 5222 5221 5220 5132
5 5223 5250 5219 5217 5221
5 5224 5263 5223 5221 5222
4 5226 5196 5155 5225
4 5227 5226 5225 5218
5 5228 5205 5203 5196 5226
4 5229 5228 5226 5227
4 5231 5227 5218 5230
5 5232 5234 5231 5230 5219
5 5235 5233 5229 5227 5231
4 5236 5235 5231 5234
4 5237 5236 5234 5232
4 5238 5233 5235 5236
4 5239 5238 5236 5237
7 5241 5240 5214 5212 5205 5228 5229
5 5243 5242 5241 5229 5233
4 5244 5243 5233 5238
4 5245 5244 5238 5239
4 5246 5242 5243 5244
4 5247 5246 5244 5245
4 5248 5240 5241 5242
5 5249 5248 5242 5246 5247
5 5251 5253 5232 5219 5250
5 5252 5258 5251 5250 5223
4 5254 5237 5232 5253
4 5255 5254 5253 5251
4 5256 5239 5237 5254
4 5257 5256 5254 5255
4 5259 5255 5251 5258
4 5260 5259 5258 5252
4 5261 5257 5255 5259
4 5262 5261 5259 5260
4 5264 5252 5223 5263
4 5265 5264 5263 5224
5 5266 5262 5260 5252 5264
4 5267 5266 5264 5265
4 5268 5245 5239 5256
4 5269 5268 5256 5257
4 5270 5247 5245 5268
4 5271 5270 5268 5269
4 5272 5269 5257 5261
4 5273 5272 5261 5262
4 5274 5271 5269 5272
4 5275 5274 5272 5273
5 5276 5249 5247 5270 5271
5 5277 5276 5271 5274 5275
5 5278 5275 5273 5262 5266
4 5279 5278 5266 5267
4 5280 5277 5275 5278
4 5281 5280 5278 5279
4 5283 5130 5129 5282
4 5285 5283 5282 5284
5 5286 5290 5132 5130 5283
4 5287 5286 5283 5285
6 5289 5355 5287 5285 5284 5288
4 5291 5222 5132 5290
4 5292 5291 5290 5286
5 5293 5296 5224 5222 5291
5 5294 5301 5293 5291 5292
6 5295 5337 5294 5292 5286 5287
4 5297 5265 5224 5296
4 5298 5297 5296 5293
4 5299 5267 5265 5297
5 5300 5307 5299 5297 5298
4 5302 5298 5293 5301
4 5303 5302 5301 5294
5 5304 5319 5300 5298 5302
5 5305 5324 5304 5302 5303
5 5308 5306 5279 5267 5299
4 5309 5308 5299 5307
4 5310 5309 5307 5300
4 5311 5306 5308 5309
4 5312 5311 5309 5310
5 5314 5313 5281 5279 5306
4 5315 5314 5306 5311
4 5316 5315 5311 5312
4 5317 5313 5314 5315
4 5318 5317 5315 5316
4 5320 5310 5300 5319
4 5321 5320 5319 5304
4 5322 5312 5310 5320
4 5323 5322 5320 5321
4 5325 5321 5304 5324
4 5326 5325 5324 5305
4 5327 5323 5321 5325
4 5328 5327 5325 5326
4 5329 5316 5312 5322
4 5330 5329 5322 5323
4 5331 5318 5316 5329
4 5332 5331 5329 5330
4 5333 5330 5323 5327
4 5334 5333 5327 5328
4 5335 5332 5330 5333
4 5336 5335 5333 5334
6 5338 5340 5305 5303 5294 5337
5 5339 5345 5338 5337 5295
5 5341 5328 5326 5305 5340
4 5342 5341 5340 5338
5 5343 5336 5334 5328 5341
4 5344 5343 5341 5342
4 5346 5342 5338 5345
5 5347 5349 5346 5345 5339
6 5350 5348 5415 5344 5342 5346
4 5351 5350 5346 5349
4 5352 5351 5349 5347
4 5353 5348 5350 5351
4 5354 5353 5351 5352
5 5356 5358 5295 5287 5355
5 5357 5375 5356 5355 5289
5 5359 5361 5339 5295 5358
5 5360 5370 5359 5358 5356
5 5362 5364 5347 5339 5361
4 5363 5362 5361 5359
4 5365 5352 5347 5364
4 5366 5365 5364 5362
4 5367 5354 5352 5365
4 5368 5367 5365 5366
5 5369 5368 5366 5362 5363
4 5371 5363 5359 5370
4 5372 5371 5370 5360
5 5373 5438 5369 5363 5371
5 5374 5444 5373 5371 5372
4 5376 5360 5356 5375
4 5377 5376 5375 5357
6 5378 5464 5374 5372 5360 5376
5 5379 5474 5378 5376 5377
6 5381 5380 5116 5100 5170 5171
5 5382 5381 5171 5209 5210
5 5383 5382 5210 5213 5214
4 5384 5380 5381 5382
4 5385 5384 5382 5383
4 5386 5118 5116 5380
5 5387 5386 5380 5384 5385
4 5388 5383 5214 5240
5 5389 5388 5240 5248 5249
4 5390 5385 5383 5388
4 5391 5390 5388 5389
5 5392 5389 5249 5276 5277
6 5400 5393 5392 5277 5280 5281
4 5394 5391 5389 5392
4 5395 5394 5392 5393
5 5396 5387 5385 5390 5391
5 5397 5396 5391 5394 5395
6 5398 5856 5120 5118 5386 5387
6 5399 5861 5398 5387 5396 5397
4 5401 5400 5281 5313
5 5402 5401 5313 5317 5318
4 5403 5393 5400 5401
4 5404 5403 5401 5402
5 5405 5402 5318 5331 5332
5 5406 5405 5332 5335 5336
4 5407 5404 5402 5405
4 5408 5407 5405 5406
5 5409 5395 5393 5403 5404
5 5410 5409 5404 5407 5408
4 5411 5406 5336 5343
5 5416 5412 5411 5343 5344
4 5413 5408 5406 5411
4 5414 5413 5411 5412
4 5417 5416 5344 5415
4 5418 5417 5415 5348
4 5419 5412 5416 5417
4 5420 5419 5417 5418
4 5421 5418 5348 5353
4 5422 5421 5353 5354
4 5423 5420 5418 5421
4 5424 5423 5421 5422
5 5425 5414 5412 5419 5420
5 5426 5425 5420 5423 5424
5 5427 5410 5408 5413 5414
5 5428 5427 5414 5425 5426
5 5429 5397 5395 5409 5410
6 5503 5430 5429 5410 5427 5428
4 5431 5422 5354 5367
4 5432 5431 5367 5368
4 5433 5424 5422 5431
4 5434 5433 5431 5432
6 5439 5435 5434 5432 5368 5369
5 5436 5426 5424 5433 5434
5 5449 5437 5436 5434 5435
4 5440 5439 5369 5438
4 5441 5440 5438 5373
4 5442 5435 5439 5440
4 5443 5442 5440 5441
4 5445 5441 5373 5444
4 5446 5445 5444 5374
4 5447 5443 5441 5445
4 5448 5447 5445 5446
4 5450 5449 5435 5442
4 5451 5450 5442 5443
4 5452 5437 5449 5450
4 5453 5452 5450 5451
4 5454 5451 5443 5447
4 5455 5454 5447 5448
4 5456 5453 5451 5454
4 5457 5456 5454 5455
6 5459 5458 5428 5426 5436 5437
5 5460 5459 5437 5452 5453
6 5480 5461 5460 5453 5456 5457
4 5462 5458 5459 5460
4 5463 5462 5460 5461
5 5465 5448 5446 5374 5464
5 5466 5468 5465 5464 5378
7 5469 5467 5479 5457 5455 5448 5465
4 5470 5469 5465 5468
4 5471 5470 5468 5466
4 5472 5467 5469 5470
4 5473 5472 5470 5471
4 5475 5466 5378 5474
4 5476 5475 5474 5379
6 5477 5491 5473 5471 5466 5475
4 5478 5477 5475 5476
4 5481 5480 5457 5479
4 5482 5481 5479 5467
4 5483 5461 5480 5481
4 5484 5483 5481 5482
4 5485 5482 5467 5472
4 5486 5485 5472 5473
4 5487 5484 5482 5485
4 5488 5487 5485 5486
5 5489 5463 5461 5483 5484
6 5497 5490 5489 5484 5487 5488
4 5492 5486 5473 5491
4 5493 5492 5491 5477
4 5494 5488 5486 5492
4 5495 5494 5492 5493
5 5496 5495 5493 5477 5478
4 5498 5497 5488 5494
4 5499 5498 5494 5495
4 5500 5490 5497 5498
4 5501 5500 5498 5499
7 6278 5502 5511 5501 5499 5495 5496
4 5504 5503 5428 5458
5 5505 5504 5458 5462 5463
4 5506 5430 5503 5504
4 5507 5506 5504 5505
6 5509 5508 5505 5463 5489 5490
6 5512 5510 5509 5490 5500 5501
4 5513 5512 5501 5511
4 5514 5513 5511 5502
4 5515 5510 5512 5513
4 5516 5515 5513 5514
4 5517 5508 5509 5510
5 5518 5517 5510 5515 5516
4 5519 5507 5505 5508
6 6317 5520 5519 5508 5517 5518
6 5522 5521 5399 5397 5429 5430
5 5523 5522 5430 5506 5507
6 6419 5524 5523 5507 5519 5520
4 5525 5521 5522 5523
4 5526 5525 5523 5524
4 5528 3197 2606 5527
4 5529 5528 5527 5109
5 5530 5537 3199 3197 5528
5 5531 5550 5530 5528 5529
4 5533 5529 5109 5532
4 5534 5533 5532 5110
5 5535 5615 5531 5529 5533
5 5536 5620 5535 5533 5534
5 5538 5540 3258 3199 5537
5 5539 5545 5538 5537 5530
4 5541 3267 3258 5540
4 5542 5541 5540 5538
5 5543 5563 3269 3267 5541
5 5544 5568 5543 5541 5542
4 5546 5542 5538 5545
4 5547 5546 5545 5539
5 5548 5575 5544 5542 5546
5 5549 5580 5548 5546 5547
5 5551 5553 5539 5530 5550
5 5552 5558 5551 5550 5531
4 5554 5547 5539 5553
4 5555 5554 5553 5551
5 5556 5589 5549 5547 5554
5 5557 5594 5556 5554 5555
4 5559 5555 5551 5558
4 5560 5559 5558 5552
5 5561 5601 5557 5555 5559
5 5562 5606 5561 5559 5560
4 5564 3302 3269 5563
4 5565 5564 5563 5543
4 5566 3304 3302 5564
4 5567 5566 5564 5565
4 5569 5565 5543 5568
4 5570 5569 5568 5544
4 5571 5567 5565 5569
4 5572 5571 5569 5570
5 5573 3306 3304 5566 5567
5 5574 5573 5567 5571 5572
4 5576 5570 5544 5575
4 5577 5576 5575 5548
4 5578 5572 5570 5576
4 5579 5578 5576 5577
4 5581 5577 5548 5580
4 5582 5581 5580 5549
4 5583 5579 5577 5581
4 5584 5583 5581 5582
5 5585 5574 5572 5578 5579
5 5586 5585 5579 5583 5584
5 5587 3308 3306 5573 5574
5 5588 5587 5574 5585 5586
4 5590 5582 5549 5589
4 5591 5590 5589 5556
4 5592 5584 5582 5590
4 5593 5592 5590 5591
4 5595 5591 5556 5594
4 5596 5595 5594 5557
4 5597 5593 5591 5595
4 5598 5597 5595 5596
5 5599 5586 5584 5592 5593
5 5600 5599 5593 5597 5598
4 5602 5596 5557 5601
4 5603 5602 5601 5561
4 5604 5598 5596 5602
4 5605 5604 5602 5603
4 5607 5603 5561 5606
4 5608 5607 5606 5562
4 5609 5605 5603 5607
4 5610 5609 5607 5608
5 5611 5600 5598 5604 5605
5 5612 5611 5605 5609 5610
5 5613 5588 5586 5599 5600
5 5614 5613 5600 5611 5612
4 5616 5552 5531 5615
4 5617 5616 5615 5535
6 5618 5625 5562 5560 5552 5616
5 5619 5630 5618 5616 5617
4 5621 5617 5535 5620
4 5622 5621 5620 5536
5 5623 5637 5619 5617 5621
5 5624 5642 5623 5621 5622
5 5626 5610 5608 5562 5625
4 5627 5626 5625 5618
4 5628 5612 5610 5626
4 5629 5628 5626 5627
4 5631 5627 5618 5630
4 5632 5631 5630 5619
4 5633 5629 5627 5631
4 5634 5633 5631 5632
5 5635 5614 5612 5628 5629
5 5636 5635 5629 5633 5634
4 5638 5632 5619 5637
4 5639 5638 5637 5623
4 5640 5634 5632 5638
4 5641 5640 5638 5639
4 5643 5639 5623 5642
4 5644 5643 5642 5624
4 5645 5641 5639 5643
4 5646 5645 5643 5644
5 5647 5636 5634 5640 5641
5 5648 5647 5641 5645 5646
4 5650 5534 5110 5649
4 5651 5650 5649 5119
5 5652 5659 5536 5534 5650
5 5653 5669 5652 5650 5651
4 5655 5651 5119 5654
4 5656 5655 5654 5120
5 5657 5748 5653 5651 5655
5 5658 5757 5657 5655 5656
4 5660 5622 5536 5659
5 5661 5663 5660 5659 5652
6 5664 5662 5682 5624 5622 5660
4 5665 5664 5660 5663
4 5666 5665 5663 5661
5 5667 5687 5662 5664 5665
5 5668 5693 5667 5665 5666
5 5670 5672 5661 5652 5669
5 5671 5677 5670 5669 5653
4 5673 5666 5661 5672
4 5674 5673 5672 5670
5 5675 5702 5668 5666 5673
5 5676 5707 5675 5673 5674
4 5678 5674 5670 5677
4 5679 5678 5677 5671
5 5680 5721 5676 5674 5678
5 5681 5726 5680 5678 5679
4 5683 5644 5624 5682
5 5688 5684 5683 5682 5662
4 5685 5646 5644 5683
4 5686 5685 5683 5684
4 5689 5688 5662 5687
4 5690 5689 5687 5667
4 5691 5684 5688 5689
4 5692 5691 5689 5690
4 5694 5690 5667 5693
4 5695 5694 5693 5668
4 5696 5692 5690 5694
4 5697 5696 5694 5695
5 5698 5686 5684 5691 5692
6 5712 5699 5698 5692 5696 5697
5 5700 5648 5646 5685 5686
6 5739 5701 5700 5686 5698 5699
4 5703 5695 5668 5702
4 5704 5703 5702 5675
4 5705 5697 5695 5703
4 5706 5705 5703 5704
4 5708 5704 5675 5707
4 5709 5708 5707 5676
4 5710 5706 5704 5708
4 5711 5710 5708 5709
4 5713 5712 5697 5705
4 5714 5713 5705 5706
4 5715 5699 5712 5713
4 5716 5715 5713 5714
4 5717 5714 5706 5710
4 5718 5717 5710 5711
4 5719 5716 5714 5717
4 5720 5719 5717 5718
4 5722 5709 5676 5721
4 5723 5722 5721 5680
4 5724 5711 5709 5722
4 5725 5724 5722 5723
4 5727 5723 5680 5726
4 5728 5727 5726 5681
4 5729 5725 5723 5727
4 5730 5729 5727 5728
4 5731 5718 5711 5724
4 5732 5731 5724 5725
4 5733 5720 5718 5731
4 5734 5733 5731 5732
4 5735 5732 5725 5729
4 5736 5735 5729 5730
4 5737 5734 5732 5735
4 5738 5737 5735 5736
5 5740 5739 5699 5715 5716
5 5741 5740 5716 5719 5720
4 5742 5701 5739 5740
4 5743 5742 5740 5741
5 5744 5741 5720 5733 5734
5 5745 5744 5734 5737 5738
4 5746 5743 5741 5744
4 5747 5746 5744 5745
5 5749 5751 5671 5653 5748
4 5750 5749 5748 5657
4 5752 5679 5671 5751
4 5753 5752 5751 5749
5 5754 5762 5681 5679 5752
5 5755 5767 5754 5752 5753
6 5756 5780 5755 5753 5749 5750
4 5758 5750 5657 5757
4 5759 5758 5757 5658
5 5760 5797 5756 5750 5758
5 5761 5802 5760 5758 5759
4 5763 5728 5681 5762
4 5764 5763 5762 5754
4 5765 5730 5728 5763
4 5766 5765 5763 5764
4 5768 5764 5754 5767
4 5769 5768 5767 5755
4 5770 5766 5764 5768
4 5771 5770 5768 5769
4 5772 5736 5730 5765
4 5773 5772 5765 5766
4 5774 5738 5736 5772
4 5775 5774 5772 5773
4 5776 5773 5766 5770
4 5777 5776 5770 5771
4 5778 5775 5773 5776
4 5779 5778 5776 5777
6 5781 5783 5771 5769 5755 5780
4 5782 5781 5780 5756
4 5784 5777 5771 5783
4 5785 5784 5783 5781
4 5786 5779 5777 5784
4 5787 5786 5784 5785
5 5788 5787 5785 5781 5782
5 5789 5745 5738 5774 5775
5 5790 5789 5775 5778 5779
4 5791 5747 5745 5789
4 5792 5791 5789 5790
5 5793 5790 5779 5786 5787
4 5794 5793 5787 5788
4 5795 5792 5790 5793
4 5796 5795 5793 5794
4 5798 5782 5756 5797
4 5799 5798 5797 5760
4 5800 5788 5782 5798
5 5806 5801 5800 5798 5799
5 5803 5805 5799 5760 5802
5 5804 5811 5803 5802 5761
4 5807 5806 5799 5805
4 5808 5807 5805 5803
4 5809 5801 5806 5807
4 5810 5809 5807 5808
4 5812 5808 5803 5811
4 5813 5812 5811 5804
4 5814 5810 5808 5812
4 5815 5814 5812 5813
7 5817 5816 5796 5794 5788 5800 5801
6 5819 5818 5817 5801 5809 5810
4 5820 5819 5810 5814
4 5821 5820 5814 5815
4 5822 5818 5819 5820
4 5823 5822 5820 5821
4 5824 5816 5817 5818
5 5825 5824 5818 5822 5823
5 5826 3339 3308 5587 5588
5 5827 5826 5588 5613 5614
4 5828 3341 3339 5826
4 5829 5828 5826 5827
5 5830 5827 5614 5635 5636
5 5831 5830 5636 5647 5648
4 5832 5829 5827 5830
4 5833 5832 5830 5831
5 5834 3343 3341 5828 5829
5 5835 5834 5829 5832 5833
6 5837 5836 5831 5648 5700 5701
5 5838 5837 5701 5742 5743
5 5839 5838 5743 5746 5747
4 5840 5836 5837 5838
4 5841 5840 5838 5839
4 5842 5833 5831 5836
5 5843 5842 5836 5840 5841
5 5844 5839 5747 5791 5792
5 5845 5844 5792 5795 5796
4 5846 5841 5839 5844
4 5847 5846 5844 5845
4 5848 5845 5796 5816
5 5849 5848 5816 5824 5825
4 5850 5847 5845 5848
4 5851 5850 5848 5849
5 5852 5843 5841 5846 5847
5 5853 5852 5847 5850 5851
5 5854 5835 5833 5842 5843
5 5855 5854 5843 5852 5853
4 5857 5656 5120 5856
4 5858 5857 5856 5398
5 5859 5866 5658 5656 5857
5 5860 5871 5859 5857 5858
4 5862 5858 5398 5861
4 5863 5862 5861 5399
5 5864 5940 5860 5858 5862
4 5865 5864 5862 5863
4 5867 5759 5658 5866
4 5868 5867 5866 5859
5 5869 5876 5761 5759 5867
5 5870 5889 5869 5867 5868
4 5872 5868 5859 5871
4 5873 5872 5871 5860
4 5874 5870 5868 5872
5 5875 5920 5874 5872 5873
5 5877 5879 5804 5761 5876
5 5878 5884 5877 5876 5869
4 5880 5813 5804 5879
4 5881 5880 5879 5877
4 5882 5815 5813 5880
4 5883 5882 5880 5881
4 5885 5881 5877 5884
4 5886 5885 5884 5878
4 5887 5883 5881 5885
4 5888 5887 5885 5886
5 5890 5892 5878 5869 5889
4 5891 5890 5889 5870
4 5893 5886 5878 5892
4 5894 5893 5892 5890
4 5895 5888 5886 5893
4 5896 5895 5893 5894
6 5897 5912 5896 5894 5890 5891
4 5898 5821 5815 5882
4 5899 5898 5882 5883
4 5900 5823 5821 5898
4 5901 5900 5898 5899
4 5902 5899 5883 5887
4 5903 5902 5887 5888
4 5904 5901 5899 5902
4 5905 5904 5902 5903
5 5906 5825 5823 5900 5901
5 5907 5906 5901 5904 5905
4 5908 5903 5888 5895
4 5909 5908 5895 5896
4 5910 5905 5903 5908
4 5911 5910 5908 5909
4 5913 5909 5896 5912
4 5914 5913 5912 5897
4 5915 5911 5909 5913
4 5916 5915 5913 5914
5 5917 5907 5905 5910 5911
5 5918 5917 5911 5915 5916
7 5921 5919 5926 5897 5891 5870 5874
4 5922 5921 5874 5920
4 5923 5922 5920 5875
4 5924 5919 5921 5922
5 5925 5932 5924 5922 5923
5 5927 5916 5914 5897 5926
4 5928 5927 5926 5919
4 5929 5918 5916 5927
4 5930 5929 5927 5928
5 5933 5931 5928 5919 5924
4 5934 5933 5924 5932
4 5935 5934 5932 5925
4 5936 5931 5933 5934
4 5937 5936 5934 5935
4 5938 5930 5928 5931
6 5966 5939 5938 5931 5936 5937
4 5941 5873 5860 5940
4 5942 5941 5940 5864
5 5943 5946 5875 5873 5941
5 5944 5951 5943 5941 5942
6 5945 5990 5944 5942 5864 5865
4 5947 5923 5875 5946
4 5948 5947 5946 5943
5 5949 5956 5925 5923 5947
5 5950 5961 5949 5947 5948
4 5952 5948 5943 5951
4 5953 5952 5951 5944
5 5954 5975 5950 5948 5952
4 5955 5954 5952 5953
4 5957 5935 5925 5956
4 5958 5957 5956 5949
4 5959 5937 5935 5957
4 5960 5959 5957 5958
4 5962 5958 5949 5961
4 5963 5962 5961 5950
4 5964 5960 5958 5962
4 5965 5964 5962 5963
4 5967 5966 5937 5959
4 5968 5967 5959 5960
4 5969 5939 5966 5967
4 5970 5969 5967 5968
4 5971 5968 5960 5964
4 5972 5971 5964 5965
4 5973 5970 5968 5971
4 5974 5973 5971 5972
4 5976 5963 5950 5975
4 5977 5976 5975 5954
4 5978 5965 5963 5976
4 5979 5978 5976 5977
6 5980 5985 5979 5977 5954 5955
4 5981 5972 5965 5978
4 5982 5981 5978 5979
4 5983 5974 5972 5981
4 5984 5983 5981 5982
4 5986 5982 5979 5985
4 5987 5986 5985 5980
4 5988 5984 5982 5986
4 5989 5988 5986 5987
6 5991 5993 5955 5953 5944 5990
5 5992 5998 5991 5990 5945
4 5994 5980 5955 5993
4 5995 5994 5993 5991
5 5996 5989 5987 5980 5994
5 6002 5997 5996 5994 5995
5 5999 6001 5995 5991 5998
5 6000 6007 5999 5998 5992
4 6003 6002 5995 6001
4 6004 6003 6001 5999
4 6005 5997 6002 6003
4 6006 6005 6003 6004
4 6008 6004 5999 6007
4 6009 6008 6007 6000
4 6010 6006 6004 6008
4 6011 6010 6008 6009
6 6012 6014 5865 5863 5399 5521
7 6680 6013 6044 6012 5521 5525 5526
5 6015 6017 5945 5865 6014
5 6016 6030 6015 6014 6012
5 6018 6020 5992 5945 6017
4 6019 6018 6017 6015
5 6021 6023 6000 5992 6020
4 6022 6021 6020 6018
4 6024 6009 6000 6023
4 6025 6024 6023 6021
4 6026 6011 6009 6024
4 6027 6026 6024 6025
6 6028 6098 6027 6025 6021 6022
7 6034 6029 6105 6028 6022 6018 6019
5 6031 6033 6019 6015 6030
5 6032 6039 6031 6030 6016
4 6035 6034 6019 6033
4 6036 6035 6033 6031
5 6037 6112 6029 6034 6035
5 6038 6118 6037 6035 6036
4 6040 6036 6031 6039
4 6041 6040 6039 6032
5 6042 6132 6038 6036 6040
4 6043 6042 6040 6041
5 6045 6047 6016 6012 6044
5 6046 6052 6045 6044 6013
4 6048 6032 6016 6047
4 6049 6048 6047 6045
6 6050 6158 6043 6041 6032 6048
5 6051 6168 6050 6048 6049
4 6053 6049 6045 6052
4 6054 6053 6052 6046
5 6055 6196 6051 6049 6053
5 6056 6201 6055 6053 6054
5 6057 5849 5825 5906 5907
5 6058 6057 5907 5917 5918
4 6059 5851 5849 6057
4 6060 6059 6057 6058
5 6061 6058 5918 5929 5930
6 6067 6062 6061 5930 5938 5939
4 6063 6060 6058 6061
4 6064 6063 6061 6062
5 6065 5853 5851 6059 6060
5 6066 6065 6060 6063 6064
5 6068 6067 5939 5969 5970
5 6069 6068 5970 5973 5974
4 6070 6062 6067 6068
4 6071 6070 6068 6069
5 6072 6069 5974 5983 5984
5 6073 6072 5984 5988 5989
4 6074 6071 6069 6072
4 6075 6074 6072 6073
5 6076 6064 6062 6070 6071
5 6077 6076 6071 6074 6075
7 6079 6078 6075 6073 5989 5996 5997
6 6081 6080 6079 5997 6005 6006
4 6082 6081 6006 6010
4 6083 6082 6010 6011
4 6084 6080 6081 6082
4 6085 6084 6082 6083
4 6086 6078 6079 6080
5 6087 6086 6080 6084 6085
4 6088 6077 6075 6078
5 6089 6088 6078 6086 6087
5 6090 6066 6064 6076 6077
5 6091 6090 6077 6088 6089
5 6092 5855 5853 6065 6066
6 6242 6093 6092 6066 6090 6091
4 6094 6083 6011 6026
4 6095 6094 6026 6027
4 6096 6085 6083 6094
4 6097 6096 6094 6095
4 6099 6095 6027 6098
4 6100 6099 6098 6028
4 6101 6097 6095 6099
4 6102 6101 6099 6100
5 6103 6087 6085 6096 6097
5 6104 6103 6097 6101 6102
5 6106 6102 6100 6028 6105
5 6113 6107 6106 6105 6029
4 6108 6104 6102 6106
5 6123 6109 6108 6106 6107
5 6110 6089 6087 6103 6104
6 6143 6111 6110 6104 6108 6109
4 6114 6113 6029 6112
4 6115 6114 6112 6037
4 6116 6107 6113 6114
4 6117 6116 6114 6115
4 6119 6115 6037 6118
4 6120 6119 6118 6038
4 6121 6117 6115 6119
4 6122 6121 6119 6120
4 6124 6123 6107 6116
4 6125 6124 6116 6117
4 6126 6109 6123 6124
4 6127 6126 6124 6125
4 6128 6125 6117 6121
4 6129 6128 6121 6122
4 6130 6127 6125 6128
4 6131 6130 6128 6129
4 6133 6120 6038 6132
4 6134 6133 6132 6042
4 6135 6122 6120 6133
4 6136 6135 6133 6134
5 6137 6136 6134 6042 6043
4 6138 6129 6122 6135
4 6139 6138 6135 6136
4 6140 6131 6129 6138
4 6141 6140 6138 6139
5 6142 6141 6139 6136 6137
5 6144 6143 6109 6126 6127
5 6145 6144 6127 6130 6131
4 6146 6111 6143 6144
4 6147 6146 6144 6145
5 6148 6145 6131 6140 6141
4 6149 6148 6141 6142
4 6150 6147 6145 6148
4 6151 6150 6148 6149
6 6153 6152 6091 6089 6110 6111
5 6154 6153 6111 6146 6147
5 6155 6154 6147 6150 6151
4 6156 6152 6153 6154
4 6157 6156 6154 6155
4 6159 6137 6043 6158
5 6160 6162 6159 6158 6050
5 6163 6161 6142 6137 6159
4 6164 6163 6159 6162
4 6165 6164 6162 6160
4 6166 6161 6163 6164
4 6167 6166 6164 6165
5 6169 6171 6160 6050 6168
5 6170 6176 6169 6168 6051
4 6172 6165 6160 6171
4 6173 6172 6171 6169
4 6174 6167 6165 6172
4 6175 6174 6172 6173
4 6177 6173 6169 6176
4 6178 6177 6176 6170
4 6179 6175 6173 6177
4 6180 6179 6177 6178
4 6181 6149 6142 6161
6 6185 6182 6181 6161 6166 6167
4 6183 6151 6149 6181
4 6184 6183 6181 6182
4 6186 6185 6167 6174
4 6187 6186 6174 6175
4 6188 6182 6185 6186
4 6189 6188 6186 6187
4 6190 6187 6175 6179
4 6191 6190 6179 6180
4 6192 6189 6187 6190
4 6193 6192 6190 6191
5 6194 6184 6182 6188 6189
5 6195 6194 6189 6192 6193
4 6197 6170 6051 6196
4 6198 6197 6196 6055
5 6199 6180 6178 6170 6197
4 6200 6199 6197 6198
4 6202 6198 6055 6201
4 6203 6202 6201 6056
5 6204 6210 6200 6198 6202
5 6205 6216 6204 6202 6203
5 6206 6193 6191 6180 6199
5 6211 6207 6206 6199 6200
4 6208 6195 6193 6206
5 6221 6209 6208 6206 6207
4 6212 6211 6200 6210
4 6213 6212 6210 6204
4 6214 6207 6211 6212
4 6215 6214 6212 6213
4 6217 6213 6204 6216
4 6218 6217 6216 6205
4 6219 6215 6213 6217
4 6220 6219 6217 6218
4 6222 6221 6207 6214
4 6223 6222 6214 6215
4 6224 6209 6221 6222
4 6225 6224 6222 6223
4 6226 6223 6215 6219
4 6227 6226 6219 6220
4 6228 6225 6223 6226
4 6229 6228 6226 6227
5 6230 6155 6151 6183 6184
5 6231 6230 6184 6194 6195
4 6232 6157 6155 6230
4 6233 6232 6230 6231
6 6235 6234 6231 6195 6208 6209
5 6236 6235 6209 6224 6225
5 6237 6236 6225 6228 6229
4 6238 6234 6235 6236
4 6239 6238 6236 6237
4 6240 6233 6231 6234
5 6241 6240 6234 6238 6239
4 6243 6242 6091 6152
5 6244 6243 6152 6156 6157
4 6245 6093 6242 6243
4 6246 6245 6243 6244
5 6247 6244 6157 6232 6233
5 6248 6247 6233 6240 6241
4 6249 6246 6244 6247
4 6250 6249 6247 6248
5 6252 6255 5289 5288 6251
5 6254 6260 6252 6251 6253
4 6256 5357 5289 6255
4 6257 6256 6255 6252
6 6258 6271 5379 5377 5357 6256
5 6259 6285 6258 6256 6257
4 6261 6257 6252 6260
4 6262 6261 6260 6254
5 6263 6353 6259 6257 6261
4 6264 6263 6261 6262
4 6266 6254 6253 6265
4 6268 6266 6265 6267
6 6269 6603 6264 6262 6254 6266
4 6270 6269 6266 6268
6 6272 6274 5478 5476 5379 6271
4 6273 6272 6271 6258
5 6275 6277 5496 5478 6274
4 6276 6275 6274 6272
4 6279 6278 5496 6277
4 6280 6279 6277 6275
4 6281 5502 6278 6279
4 6282 6281 6279 6280
6 6283 6296 6282 6280 6275 6276
6 6284 6308 6283 6276 6272 6273
4 6286 6273 6258 6285
5 6287 6289 6286 6285 6259
5 6290 6288 6284 6273 6286
4 6291 6290 6286 6289
4 6292 6291 6289 6287
4 6293 6288 6290 6291
5 6360 6294 6293 6291 6292
7 6297 6295 5516 5514 5502 6281 6282
4 6298 6297 6282 6296
4 6299 6298 6296 6283
4 6300 6295 6297 6298
4 6301 6300 6298 6299
5 6303 6302 5518 5516 6295
4 6304 6303 6295 6300
4 6305 6304 6300 6301
4 6306 6302 6303 6304
4 6307 6306 6304 6305
6 6309 6311 6301 6299 6283 6308
4 6310 6309 6308 6284
4 6312 6305 6301 6311
4 6313 6312 6311 6309
4 6314 6307 6305 6312
4 6315 6314 6312 6313
6 6316 6327 6315 6313 6309 6310
4 6318 6317 5518 6302
6 6322 6319 6318 6302 6306 6307
4 6320 5520 6317 6318
4 6321 6320 6318 6319
4 6323 6322 6307 6314
4 6324 6323 6314 6315
4 6325 6319 6322 6323
4 6326 6325 6323 6324
4 6328 6324 6315 6327
4 6329 6328 6327 6316
4 6330 6326 6324 6328
4 6331 6330 6328 6329
6 6333 6332 6321 6319 6325 6326
4 6334 6333 6326 6330
4 6335 6334 6330 6331
4 6336 6332 6333 6334
4 6337 6336 6334 6335
7 6339 6338 6344 6316 6310 6284 6288
4 6340 6339 6288 6293
5 6368 6341 6340 6293 6294
4 6342 6338 6339 6340
4 6343 6342 6340 6341
5 6345 6331 6329 6316 6344
4 6346 6345 6344 6338
6 6347 6428 6337 6335 6331 6345
4 6348 6347 6345 6346
4 6349 6346 6338 6342
4 6350 6349 6342 6343
5 6351 6442 6348 6346 6349
4 6352 6351 6349 6350
5 6354 6356 6287 6259 6353
4 6355 6354 6353 6263
5 6357 6359 6292 6287 6356
4 6358 6357 6356 6354
4 6361 6360 6292 6359
4 6362 6361 6359 6357
4 6363 6294 6360 6361
4 6364 6363 6361 6362
6 6365 6373 6364 6362 6357 6358
6 6366 6384 6365 6358 6354 6355
6 6367 6410 6366 6355 6263 6264
4 6369 6368 6294 6363
4 6370 6369 6363 6364
4 6371 6341 6368 6369
4 6372 6371 6369 6370
4 6374 6370 6364 6373
4 6375 6374 6373 6365
4 6376 6372 6370 6374
4 6377 6376 6374 6375
6 6379 6378 6343 6341 6371 6372
4 6380 6379 6372 6376
4 6381 6380 6376 6377
4 6382 6378 6379 6380
4 6383 6382 6380 6381
6 6385 6387 6377 6375 6365 6384
4 6386 6385 6384 6366
4 6388 6381 6377 6387
4 6389 6388 6387 6385
4 6390 6383 6381 6388
4 6391 6390 6388 6389
5 6392 6391 6389 6385 6386
4 6393 6350 6343 6378
6 6397 6394 6393 6378 6382 6383
4 6395 6352 6350 6393
4 6396 6395 6393 6394
4 6398 6397 6383 6390
4 6399 6398 6390 6391
4 6400 6394 6397 6398
4 6401 6400 6398 6399
6 6402 6404 6401 6399 6391 6392
6 6405 6403 6396 6394 6400 6401
4 6406 6405 6401 6404
4 6407 6406 6404 6402
4 6408 6403 6405 6406
4 6409 6408 6406 6407
6 6411 6413 6392 6386 6366 6410
4 6412 6411 6410 6367
4 6414 6402 6392 6413
4 6415 6414 6413 6411
6 6416 6503 6409 6407 6402 6414
4 6417 6416 6414 6415
6 6418 6517 6417 6415 6411 6412
6 6421 6420 6419 5520 6320 6321
4 6422 6421 6321 6332
6 6429 6423 6422 6332 6336 6337
4 6424 6420 6421 6422
4 6425 6424 6422 6423
4 6426 5524 6419 6420
6 6456 6427 6426 6420 6424 6425
4 6430 6429 6337 6428
4 6431 6430 6428 6347
4 6432 6423 6429 6430
4 6433 6432 6430 6431
7 6443 6434 6436 6433 6431 6347 6348
6 6437 6435 6425 6423 6432 6433
4 6438 6437 6433 6436
4 6439 6438 6436 6434
4 6440 6435 6437 6438
4 6441 6440 6438 6439
4 6444 6443 6348 6442
4 6445 6444 6442 6351
4 6446 6434 6443 6444
4 6447 6446 6444 6445
6 6448 6450 6447 6445 6351 6352
7 6451 6449 6441 6439 6434 6446 6447
4 6452 6451 6447 6450
4 6453 6452 6450 6448
4 6454 6449 6451 6452
4 6455 6454 6452 6453
4 6457 6456 6425 6435
5 6458 6457 6435 6440 6441
4 6459 6427 6456 6457
4 6460 6459 6457 6458
5 6462 6461 6458 6441 6449
4 6463 6462 6449 6454
4 6464 6463 6454 6455
4 6465 6461 6462 6463
4 6466 6465 6463 6464
4 6467 6460 6458 6461
6 6489 6468 6467 6461 6465 6466
6 6470 6469 5526 5524 6426 6427
5 6471 6470 6427 6459 6460
6 6540 6472 6471 6460 6467 6468
4 6473 6469 6470 6471
4 6474 6473 6471 6472
4 6475 6448 6352 6395
4 6476 6475 6395 6396
6 6477 6483 6455 6453 6448 6475
4 6478 6477 6475 6476
4 6479 6476 6396 6403
6 6504 6480 6479 6403 6408 6409
4 6481 6478 6476 6479
4 6482 6481 6479 6480
4 6484 6464 6455 6483
4 6485 6484 6483 6477
4 6486 6466 6464 6484
4 6487 6486 6484 6485
6 6488 6494 6487 6485 6477 6478
4 6490 6489 6466 6486
4 6491 6490 6486 6487
4 6492 6468 6489 6490
4 6493 6492 6490 6491
4 6495 6491 6487 6494
4 6496 6495 6494 6488
4 6497 6493 6491 6495
4 6498 6497 6495 6496
4 6499 6488 6478 6481
4 6500 6499 6481 6482
6 6501 6549 6498 6496 6488 6499
4 6502 6501 6499 6500
4 6505 6504 6409 6503
4 6506 6505 6503 6416
4 6507 6480 6504 6505
4 6508 6507 6505 6506
6 6509 6511 6508 6506 6416 6417
6 6512 6510 6482 6480 6507 6508
4 6513 6512 6508 6511
4 6514 6513 6511 6509
4 6515 6510 6512 6513
4 6516 6515 6513 6514
4 6518 6509 6417 6517
4 6519 6518 6517 6418
6 6520 6526 6516 6514 6509 6518
4 6521 6520 6518 6519
4 6522 6500 6482 6510
6 6527 6523 6522 6510 6515 6516
4 6524 6502 6500 6522
4 6525 6524 6522 6523
4 6528 6527 6516 6526
4 6529 6528 6526 6520
4 6530 6523 6527 6528
4 6531 6530 6528 6529
6 6532 6534 6531 6529 6520 6521
6 6535 6533 6525 6523 6530 6531
4 6536 6535 6531 6534
4 6537 6536 6534 6532
4 6538 6533 6535 6536
4 6539 6538 6536 6537
6 6542 6541 6540 6468 6492 6493
4 6543 6542 6493 6497
4 6544 6543 6497 6498
4 6545 6541 6542 6543
4 6546 6545 6543 6544
4 6547 6472 6540 6541
6 6555 6548 6547 6541 6545 6546
4 6550 6544 6498 6549
4 6551 6550 6549 6501
4 6552 6546 6544 6550
4 6553 6552 6550 6551
6 6554 6560 6553 6551 6501 6502
4 6556 6555 6546 6552
4 6557 6556 6552 6553
4 6558 6548 6555 6556
4 6559 6558 6556 6557
4 6561 6557 6553 6560
4 6562 6561 6560 6554
4 6563 6559 6557 6561
4 6564 6563 6561 6562
6 6566 6565 6474 6472 6547 6548
6 6568 6567 6566 6548 6558 6559
4 6569 6568 6559 6563
4 6570 6569 6563 6564
4 6571 6567 6568 6569
4 6572 6571 6569 6570
4 6573 6565 6566 6567
6 6589 6574 6573 6567 6571 6572
4 6575 6554 6502 6524
4 6576 6575 6524 6525
6 6577 6583 6564 6562 6554 6575
4 6578 6577 6575 6576
4 6579 6576 6525 6533
6 6620 6580 6579 6533 6538 6539
4 6581 6578 6576 6579
4 6582 6581 6579 6580
4 6584 6570 6564 6583
4 6585 6584 6583 6577
4 6586 6572 6570 6584
4 6587 6586 6584 6585
6 6588 6594 6587 6585 6577 6578
4 6590 6589 6572 6586
4 6591 6590 6586 6587
4 6592 6574 6589 6590
4 6593 6592 6590 6591
4 6595 6591 6587 6594
4 6596 6595 6594 6588
4 6597 6593 6591 6595
4 6598 6597 6595 6596
4 6599 6588 6578 6581
4 6600 6599 6581 6582
6 6601 6695 6598 6596 6588 6599
4 6602 6601 6599 6600
4 6604 6367 6264 6603
4 6605 6604 6603 6269
6 6606 6609 6418 6412 6367 6604
4 6607 6606 6604 6605
6 6608 6665 6607 6605 6269 6270
6 6610 6612 6521 6519 6418 6609
4 6611 6610 6609 6606
4 6613 6532 6521 6612
4 6614 6613 6612 6610
6 6615 6619 6539 6537 6532 6613
4 6616 6615 6613 6614
6 6617 6633 6616 6614 6610 6611
6 6618 6656 6617 6611 6606 6607
4 6621 6620 6539 6619
4 6622 6621 6619 6615
4 6623 6580 6620 6621
4 6624 6623 6621 6622
6 6625 6627 6624 6622 6615 6616
6 6628 6626 6582 6580 6623 6624
4 6629 6628 6624 6627
4 6630 6629 6627 6625
4 6631 6626 6628 6629
4 6632 6631 6629 6630
4 6634 6625 6616 6633
4 6635 6634 6633 6617
6 6636 6642 6632 6630 6625 6634
4 6637 6636 6634 6635
4 6638 6600 6582 6626
6 6643 6639 6638 6626 6631 6632
4 6640 6602 6600 6638
4 6641 6640 6638 6639
4 6644 6643 6632 6642
4 6645 6644 6642 6636
4 6646 6639 6643 6644
4 6647 6646 6644 6645
6 6648 6650 6647 6645 6636 6637
6 6651 6649 6641 6639 6646 6647
4 6652 6651 6647 6650
4 6653 6652 6650 6648
4 6654 6649 6651 6652
4 6655 6654 6652 6653
6 6657 6659 6637 6635 6617 6656
4 6658 6657 6656 6618
4 6660 6648 6637 6659
4 6661 6660 6659 6657
6 6662 6757 6655 6653 6648 6660
4 6663 6662 6660 6661
6 6664 6771 6663 6661 6657 6658
4 6666 6618 6607 6665
4 6667 6666 6665 6608
6 6668 6857 6664 6658 6618 6666
4 6669 6668 6666 6667
6 6671 6674 6270 6268 6267 6670
4 6673 6671 6670 6672
4 6675 6608 6270 6674
4 6676 6675 6674 6671
6 6677 7501 6669 6667 6608 6675
4 6678 6677 6675 6676
6 6679 7624 6678 6676 6671 6673
4 6681 6680 5526 6469
6 6685 6682 6681 6469 6473 6474
4 6683 6013 6680 6681
4 6684 6683 6681 6682
4 6686 6685 6474 6565
6 6690 6687 6686 6565 6573 6574
4 6688 6682 6685 6686
4 6689 6688 6686 6687
5 6691 6690 6574 6592 6593
6 6696 6692 6691 6593 6597 6598
4 6693 6687 6690 6691
4 6694 6693 6691 6692
4 6697 6696 6598 6695
4 6698 6697 6695 6601
4 6699 6692 6696 6697
4 6700 6699 6697 6698
5 6701 6700 6698 6601 6602
5 6702 6694 6692 6699 6700
4 6703 6702 6700 6701
6 6705 6704 6689 6687 6693 6694
4 6706 6705 6694 6702
5 6733 6707 6706 6702 6703
4 6708 6704 6705 6706
4 6709 6708 6706 6707
6 6711 6710 6684 6682 6688 6689
4 6712 6711 6689 6704
6 6794 6713 6712 6704 6708 6709
4 6714 6710 6711 6712
4 6715 6714 6712 6713
4 6716 6046 6013 6683
4 6717 6716 6683 6684
6 6718 7081 6056 6054 6046 6716
5 6719 7107 6718 6716 6717
4 6720 6717 6684 6710
6 6913 6721 6720 6710 6714 6715
5 6722 7168 6719 6717 6720
5 6723 7177 6722 6720 6721
4 6724 6701 6602 6640
4 6725 6724 6640 6641
5 6726 6732 6703 6701 6724
5 6727 6738 6726 6724 6725
4 6728 6725 6641 6649
6 6758 6729 6728 6649 6654 6655
4 6730 6727 6725 6728
4 6731 6730 6728 6729
4 6734 6733 6703 6732
4 6735 6734 6732 6726
4 6736 6707 6733 6734
4 6737 6736 6734 6735
4 6739 6735 6726 6738
4 6740 6739 6738 6727
4 6741 6737 6735 6739
4 6742 6741 6739 6740
6 6744 6743 6709 6707 6736 6737
4 6745 6744 6737 6741
4 6746 6745 6741 6742
4 6747 6743 6744 6745
4 6748 6747 6745 6746
6 6749 6751 6742 6740 6727 6730
4 6750 6749 6730 6731
4 6752 6746 6742 6751
4 6753 6752 6751 6749
4 6754 6748 6746 6752
4 6755 6754 6752 6753
6 6756 6804 6755 6753 6749 6750
4 6759 6758 6655 6757
4 6760 6759 6757 6662
4 6761 6729 6758 6759
4 6762 6761 6759 6760
6 6763 6765 6762 6760 6662 6663
6 6766 6764 6731 6729 6761 6762
4 6767 6766 6762 6765
4 6768 6767 6765 6763
4 6769 6764 6766 6767
4 6770 6769 6767 6768
4 6772 6763 6663 6771
4 6773 6772 6771 6664
6 6774 6780 6770 6768 6763 6772
4 6775 6774 6772 6773
4 6776 6750 6731 6764
6 6781 6777 6776 6764 6769 6770
4 6778 6756 6750 6776
4 6779 6778 6776 6777
4 6782 6781 6770 6780
4 6783 6782 6780 6774
4 6784 6777 6781 6782
4 6785 6784 6782 6783
6 6786 6788 6785 6783 6774 6775
6 6789 6787 6779 6777 6784 6785
4 6790 6789 6785 6788
4 6791 6790 6788 6786
4 6792 6787 6789 6790
4 6793 6792 6790 6791
4 6795 6794 6709 6743
6 6799 6796 6795 6743 6747 6748
4 6797 6713 6794 6795
4 6798 6797 6795 6796
4 6800 6799 6748 6754
4 6801 6800 6754 6755
4 6802 6796 6799 6800
4 6803 6802 6800 6801
4 6805 6801 6755 6804
4 6806 6805 6804 6756
4 6807 6803 6801 6805
4 6808 6807 6805 6806
6 6810 6809 6798 6796 6802 6803
4 6811 6810 6803 6807
4 6812 6811 6807 6808
4 6813 6809 6810 6811
4 6814 6813 6811 6812
6 6816 6815 6715 6713 6797 6798
4 6817 6816 6798 6809
6 6833 6818 6817 6809 6813 6814
4 6819 6815 6816 6817
4 6820 6819 6817 6818
6 6821 6823 6808 6806 6756 6778
4 6822 6821 6778 6779
4 6824 6812 6808 6823
4 6825 6824 6823 6821
4 6826 6814 6812 6824
4 6827 6826 6824 6825
6 6828 6838 6827 6825 6821 6822
4 6829 6822 6779 6787
6 6868 6830 6829 6787 6792 6793
4 6831 6828 6822 6829
4 6832 6831 6829 6830
4 6834 6833 6814 6826
4 6835 6834 6826 6827
4 6836 6818 6833 6834
4 6837 6836 6834 6835
4 6839 6835 6827 6838
4 6840 6839 6838 6828
4 6841 6837 6835 6839
4 6842 6841 6839 6840
6 6844 6843 6820 6818 6836 6837
4 6845 6844 6837 6841
4 6846 6845 6841 6842
4 6847 6843 6844 6845
4 6848 6847 6845 6846
6 6849 6851 6842 6840 6828 6831
4 6850 6849 6831 6832
4 6852 6846 6842 6851
4 6853 6852 6851 6849
4 6854 6848 6846 6852
4 6855 6854 6852 6853
6 6856 6928 6855 6853 6849 6850
6 6858 6860 6775 6773 6664 6857
4 6859 6858 6857 6668
4 6861 6786 6775 6860
4 6862 6861 6860 6858
6 6863 6867 6793 6791 6786 6861
4 6864 6863 6861 6862
6 6865 6881 6864 6862 6858 6859
6 6866 6904 6865 6859 6668 6669
4 6869 6868 6793 6867
4 6870 6869 6867 6863
4 6871 6830 6868 6869
4 6872 6871 6869 6870
6 6873 6875 6872 6870 6863 6864
6 6876 6874 6832 6830 6871 6872
4 6877 6876 6872 6875
4 6878 6877 6875 6873
4 6879 6874 6876 6877
4 6880 6879 6877 6878
4 6882 6873 6864 6881
4 6883 6882 6881 6865
6 6884 6890 6880 6878 6873 6882
4 6885 6884 6882 6883
4 6886 6850 6832 6874
6 6891 6887 6886 6874 6879 6880
4 6888 6856 6850 6886
4 6889 6888 6886 6887
4 6892 6891 6880 6890
4 6893 6892 6890 6884
4 6894 6887 6891 6892
4 6895 6894 6892 6893
6 6896 6898 6895 6893 6884 6885
6 6899 6897 6889 6887 6894 6895
4 6900 6899 6895 6898
4 6901 6900 6898 6896
4 6902 6897 6899 6900
4 6903 6902 6900 6901
6 6905 6907 6885 6883 6865 6904
4 6906 6905 6904 6866
4 6908 6896 6885 6907
4 6909 6908 6907 6905
6 6910 6981 6903 6901 6896 6908
4 6911 6910 6908 6909
6 6912 6995 6911 6909 6905 6906
4 6914 6913 6715 6815
6 6918 6915 6914 6815 6819 6820
4 6916 6721 6913 6914
4 6917 6916 6914 6915
4 6919 6918 6820 6843
6 6923 6920 6919 6843 6847 6848
4 6921 6915 6918 6919
4 6922 6921 6919 6920
4 6924 6923 6848 6854
4 6925 6924 6854 6855
4 6926 6920 6923 6924
4 6927 6926 6924 6925
4 6929 6925 6855 6928
4 6930 6929 6928 6856
4 6931 6927 6925 6929
4 6932 6931 6929 6930
6 6934 6933 6922 6920 6926 6927
4 6935 6934 6927 6931
4 6936 6935 6931 6932
4 6937 6933 6934 6935
4 6938 6937 6935 6936
6 6940 6939 6917 6915 6921 6922
4 6941 6940 6922 6933
5 6942 6941 6933 6937 6938
4 6943 6939 6940 6941
4 6944 6943 6941 6942
6 6946 6945 6723 6721 6916 6917
4 6947 6946 6917 6939
5 6948 6947 6939 6943 6944
4 6949 6945 6946 6947
4 6950 6949 6947 6948
6 6951 6953 6932 6930 6856 6888
4 6952 6951 6888 6889
4 6954 6936 6932 6953
4 6955 6954 6953 6951
4 6956 6938 6936 6954
4 6957 6956 6954 6955
6 6958 6964 6957 6955 6951 6952
4 6959 6952 6889 6897
6 6982 6960 6959 6897 6902 6903
4 6961 6958 6952 6959
4 6962 6961 6959 6960
6 6965 6963 6942 6938 6956 6957
4 6966 6965 6957 6964
4 6967 6966 6964 6958
4 6968 6963 6965 6966
4 6969 6968 6966 6967
4 6970 6944 6942 6963
6 6975 6971 6970 6963 6968 6969
6 6972 6974 6969 6967 6958 6961
4 6973 6972 6961 6962
4 6976 6975 6969 6974
4 6977 6976 6974 6972
4 6978 6971 6975 6976
4 6979 6978 6976 6977
6 6980 7026 6979 6977 6972 6973
4 6983 6982 6903 6981
4 6984 6983 6981 6910
4 6985 6960 6982 6983
4 6986 6985 6983 6984
6 6987 6989 6986 6984 6910 6911
6 6990 6988 6962 6960 6985 6986
4 6991 6990 6986 6989
4 6992 6991 6989 6987
4 6993 6988 6990 6991
4 6994 6993 6991 6992
4 6996 6987 6911 6995
5 6997 6999 6996 6995 6912
7 7000 6998 7009 6994 6992 6987 6996
4 7001 7000 6996 6999
4 7002 7001 6999 6997
4 7003 6998 7000 7001
4 7004 7003 7001 7002
4 7005 6973 6962 6988
6 7010 7006 7005 6988 6993 6994
5 7007 7036 6980 6973 7005
4 7008 7007 7005 7006
4 7011 7010 6994 7009
4 7012 7011 7009 6998
4 7013 7006 7010 7011
4 7014 7013 7011 7012
8 7518 7015 7017 7014 7012 6998 7003 7004
6 7018 7016 7008 7006 7013 7014
4 7019 7018 7014 7017
4 7020 7019 7017 7015
4 7021 7016 7018 7019
4 7022 7021 7019 7020
6 7024 7023 6948 6944 6970 6971
6 7027 7025 7024 6971 6978 6979
4 7028 7027 6979 7026
4 7029 7028 7026 6980
4 7030 7025 7027 7028
4 7031 7030 7028 7029
4 7032 7023 7024 7025
6 7042 7033 7032 7025 7030 7031
4 7034 6950 6948 7023
6 7056 7035 7034 7023 7032 7033
4 7037 7029 6980 7036
4 7038 7037 7036 7007
4 7039 7031 7029 7037
4 7040 7039 7037 7038
6 7041 7047 7040 7038 7007 7008
4 7043 7042 7031 7039
4 7044 7043 7039 7040
4 7045 7033 7042 7043
4 7046 7045 7043 7044
4 7048 7044 7040 7047
4 7049 7048 7047 7041
4 7050 7046 7044 7048
4 7051 7050 7048 7049
4 7052 7041 7008 7016
5 7053 7052 7016 7021 7022
6 7054 7065 7051 7049 7041 7052
4 7055 7054 7052 7053
6 7058 7057 7056 7033 7045 7046
4 7059 7058 7046 7050
4 7060 7059 7050 7051
4 7061 7057 7058 7059
4 7062 7061 7059 7060
4 7063 7035 7056 7057
6 7071 7064 7063 7057 7061 7062
4 7066 7060 7051 7065
4 7067 7066 7065 7054
4 7068 7062 7060 7066
4 7069 7068 7066 7067
6 7070 7076 7069 7067 7054 7055
4 7072 7071 7062 7068
4 7073 7072 7068 7069
4 7074 7064 7071 7072
4 7075 7074 7072 7073
4 7077 7073 7069 7076
4 7078 7077 7076 7070
4 7079 7075 7073 7077
4 7080 7079 7077 7078
6 7082 7084 6205 6203 6056 7081
5 7083 7093 7082 7081 6718
6 7085 7087 6220 6218 6205 7084
4 7086 7085 7084 7082
4 7088 6227 6220 7087
4 7089 7088 7087 7085
4 7090 6229 6227 7088
4 7091 7090 7088 7089
6 7097 7092 7091 7089 7085 7086
5 7094 7096 7086 7082 7093
5 7095 7102 7094 7093 7083
4 7098 7097 7086 7096
4 7099 7098 7096 7094
4 7100 7092 7097 7098
4 7101 7100 7098 7099
4 7103 7099 7094 7102
4 7104 7103 7102 7095
4 7105 7101 7099 7103
4 7106 7105 7103 7104
5 7108 7110 7083 6718 7107
5 7109 7119 7108 7107 6719
5 7111 7113 7095 7083 7110
4 7112 7111 7110 7108
4 7114 7104 7095 7113
4 7115 7114 7113 7111
4 7116 7106 7104 7114
4 7117 7116 7114 7115
5 7118 7117 7115 7111 7112
4 7120 7112 7108 7119
4 7121 7120 7119 7109
5 7122 7145 7118 7112 7120
5 7123 7151 7122 7120 7121
5 7124 6237 6229 7090 7091
4 7125 7124 7091 7092
4 7126 6239 6237 7124
4 7127 7126 7124 7125
6 7129 7128 7125 7092 7100 7101
4 7130 7129 7101 7105
4 7131 7130 7105 7106
4 7132 7128 7129 7130
4 7133 7132 7130 7131
4 7134 7127 7125 7128
5 7135 7134 7128 7132 7133
5 7136 6241 6239 7126 7127
5 7137 7136 7127 7134 7135
4 7138 7131 7106 7116
4 7139 7138 7116 7117
4 7140 7133 7131 7138
4 7141 7140 7138 7139
6 7146 7142 7141 7139 7117 7118
5 7143 7135 7133 7140 7141
4 7144 7143 7141 7142
4 7147 7146 7118 7145
4 7148 7147 7145 7122
4 7149 7142 7146 7147
4 7150 7149 7147 7148
4 7152 7148 7122 7151
4 7153 7152 7151 7123
4 7154 7150 7148 7152
4 7155 7154 7152 7153
6 7157 7156 7144 7142 7149 7150
4 7158 7157 7150 7154
4 7159 7158 7154 7155
4 7160 7156 7157 7158
4 7161 7160 7158 7159
6 7163 7162 7137 7135 7143 7144
4 7164 7163 7144 7156
5 7165 7164 7156 7160 7161
4 7166 7162 7163 7164
4 7167 7166 7164 7165
5 7169 7171 7109 6719 7168
4 7170 7169 7168 6722
4 7172 7121 7109 7171
4 7173 7172 7171 7169
5 7174 7182 7123 7121 7172
4 7175 7174 7172 7173
6 7176 7193 7175 7173 7169 7170
4 7178 7170 6722 7177
4 7179 7178 7177 6723
5 7180 7222 7176 7170 7178
5 7181 7227 7180 7178 7179
4 7183 7153 7123 7182
4 7184 7183 7182 7174
4 7185 7155 7153 7183
4 7186 7185 7183 7184
5 7187 7186 7184 7174 7175
4 7188 7159 7155 7185
4 7189 7188 7185 7186
4 7190 7161 7159 7188
4 7191 7190 7188 7189
6 7197 7192 7191 7189 7186 7187
5 7194 7196 7187 7175 7193
5 7195 7202 7194 7193 7176
4 7198 7197 7187 7196
4 7199 7198 7196 7194
4 7200 7192 7197 7198
4 7201 7200 7198 7199
4 7203 7199 7194 7202
4 7204 7203 7202 7195
4 7205 7201 7199 7203
4 7206 7205 7203 7204
5 7207 7165 7161 7190 7191
5 7211 7208 7207 7191 7192
4 7209 7167 7165 7207
4 7210 7209 7207 7208
4 7212 7211 7192 7200
4 7213 7212 7200 7201
4 7214 7208 7211 7212
4 7215 7214 7212 7213
4 7216 7213 7201 7205
4 7217 7216 7205 7206
4 7218 7215 7213 7216
4 7219 7218 7216 7217
5 7220 7210 7208 7214 7215
5 7221 7220 7215 7218 7219
4 7223 7195 7176 7222
4 7224 7223 7222 7180
6 7225 7232 7206 7204 7195 7223
4 7226 7225 7223 7224
4 7228 7224 7180 7227
4 7229 7228 7227 7181
5 7230 7240 7226 7224 7228
5 7231 7246 7230 7228 7229
4 7233 7217 7206 7232
4 7234 7233 7232 7225
4 7235 7219 7217 7233
4 7236 7235 7233 7234
6 7241 7237 7236 7234 7225 7226
5 7238 7221 7219 7235 7236
5 7251 7239 7238 7236 7237
4 7242 7241 7226 7240
4 7243 7242 7240 7230
4 7244 7237 7241 7242
4 7245 7244 7242 7243
4 7247 7243 7230 7246
4 7248 7247 7246 7231
4 7249 7245 7243 7247
4 7250 7249 7247 7248
4 7252 7251 7237 7244
4 7253 7252 7244 7245
4 7254 7239 7251 7252
4 7255 7254 7252 7253
4 7256 7253 7245 7249
4 7257 7256 7249 7250
4 7258 7255 7253 7256
4 7259 7258 7256 7257
6 7261 7260 6248 6241 7136 7137
4 7262 7261 7137 7162
5 7263 7262 7162 7166 7167
4 7264 7260 7261 7262
4 7265 7264 7262 7263
4 7266 6250 6248 7260
5 7267 7266 7260 7264 7265
5 7268 7263 7167 7209 7210
5 7269 7268 7210 7220 7221
4 7270 7265 7263 7268
4 7271 7270 7268 7269
6 7273 7272 7269 7221 7238 7239
5 7274 7273 7239 7254 7255
5 7275 7274 7255 7258 7259
4 7276 7272 7273 7274
4 7277 7276 7274 7275
4 7278 7271 7269 7272
5 7279 7278 7272 7276 7277
5 7280 7267 7265 7270 7271
5 7281 7280 7271 7278 7279
6 7282 7284 7181 7179 6723 6945
6 7283 7309 7282 6945 6949 6950
6 7285 7287 7231 7229 7181 7284
5 7286 7300 7285 7284 7282
6 7288 7290 7250 7248 7231 7287
5 7289 7295 7288 7287 7285
4 7291 7257 7250 7290
4 7292 7291 7290 7288
4 7293 7259 7257 7291
4 7294 7293 7291 7292
4 7296 7292 7288 7295
4 7297 7296 7295 7289
4 7298 7294 7292 7296
4 7299 7298 7296 7297
5 7301 7303 7289 7285 7300
4 7302 7301 7300 7286
4 7304 7297 7289 7303
4 7305 7304 7303 7301
4 7306 7299 7297 7304
4 7307 7306 7304 7305
6 7308 7354 7307 7305 7301 7302
5 7310 7312 7286 7282 7309
5 7311 7317 7310 7309 7283
4 7313 7302 7286 7312
4 7314 7313 7312 7310
4 7315 7308 7302 7313
5 7316 7364 7315 7313 7314
4 7318 7314 7310 7317
4 7319 7318 7317 7311
5 7320 7376 7316 7314 7318
4 7321 7320 7318 7319
7 7323 7322 7336 7283 6950 7034 7035
6 7325 7324 7323 7035 7063 7064
6 7327 7326 7325 7064 7074 7075
4 7328 7327 7075 7079
4 7329 7328 7079 7080
4 7330 7326 7327 7328
4 7331 7330 7328 7329
4 7332 7324 7325 7326
6 7635 7333 7332 7326 7330 7331
4 7334 7322 7323 7324
6 7649 7335 7334 7324 7332 7333
4 7337 7311 7283 7336
4 7338 7337 7336 7322
6 7339 7402 7321 7319 7311 7337
5 7340 7416 7339 7337 7338
4 7341 7338 7322 7334
4 7342 7341 7334 7335
5 7343 7445 7340 7338 7341
4 7344 7343 7341 7342
5 7345 7275 7259 7293 7294
6 7349 7346 7345 7294 7298 7299
4 7347 7277 7275 7345
4 7348 7347 7345 7346
4 7350 7349 7299 7306
4 7351 7350 7306 7307
4 7352 7346 7349 7350
4 7353 7352 7350 7351
4 7355 7351 7307 7354
4 7356 7355 7354 7308
4 7357 7353 7351 7355
4 7358 7357 7355 7356
5 7359 7348 7346 7352 7353
5 7360 7359 7353 7357 7358
5 7361 7279 7277 7347 7348
6 7387 7362 7361 7348 7359 7360
6 7365 7363 7358 7356 7308 7315
4 7366 7365 7315 7364
4 7367 7366 7364 7316
4 7368 7363 7365 7366
4 7369 7368 7366 7367
5 7371 7370 7360 7358 7363
4 7372 7371 7363 7368
4 7373 7372 7368 7369
4 7374 7370 7371 7372
4 7375 7374 7372 7373
4 7377 7367 7316 7376
4 7378 7377 7376 7320
4 7379 7369 7367 7377
4 7380 7379 7377 7378
5 7381 7380 7378 7320 7321
4 7382 7373 7369 7379
4 7383 7382 7379 7380
4 7384 7375 7373 7382
4 7385 7384 7382 7383
6 7406 7386 7385 7383 7380 7381
4 7388 7387 7360 7370
5 7389 7388 7370 7374 7375
4 7390 7362 7387 7388
4 7391 7390 7388 7389
5 7392 7389 7375 7384 7385
5 7421 7393 7392 7385 7386
4 7394 7391 7389 7392
4 7395 7394 7392 7393
6 7397 7396 7281 7279 7361 7362
5 7398 7397 7362 7390 7391
5 7399 7398 7391 7394 7395
4 7400 7396 7397 7398
4 7401 7400 7398 7399
5 7403 7405 7381 7321 7402
5 7404 7411 7403 7402 7339
4 7407 7406 7381 7405
4 7408 7407 7405 7403
4 7409 7386 7406 7407
4 7410 7409 7407 7408
4 7412 7408 7403 7411
4 7413 7412 7411 7404
4 7414 7410 7408 7412
4 7415 7414 7412 7413
4 7417 7404 7339 7416
4 7418 7417 7416 7340
5 7419 7415 7413 7404 7417
5 7420 7433 7419 7417 7418
4 7422 7421 7386 7409
4 7423 7422 7409 7410
4 7424 7393 7421 7422
4 7425 7424 7422 7423
4 7426 7423 7410 7414
4 7427 7426 7414 7415
4 7428 7425 7423 7426
4 7429 7428 7426 7427
5 7430 7395 7393 7424 7425
5 7431 7430 7425 7428 7429
6 7434 7432 7429 7427 7415 7419
4 7435 7434 7419 7433
4 7436 7435 7433 7420
4 7437 7432 7434 7435
4 7438 7437 7435 7436
5 7440 7439 7431 7429 7432
4 7441 7440 7432 7437
4 7442 7441 7437 7438
4 7443 7439 7440 7441
4 7444 7443 7441 7442
4 7446 7418 7340 7445
4 7447 7446 7445 7343
5 7448 7451 7420 7418 7446
4 7449 7448 7446 7447
6 7450 7462 7449 7447 7343 7344
4 7452 7436 7420 7451
4 7453 7452 7451 7448
4 7454 7438 7436 7452
4 7455 7454 7452 7453
5 7456 7455 7453 7448 7449
4 7457 7442 7438 7454
4 7458 7457 7454 7455
4 7459 7444 7442 7457
4 7460 7459 7457 7458
6 7466 7461 7460 7458 7455 7456
5 7463 7465 7456 7449 7462
5 7464 7471 7463 7462 7450
4 7467 7466 7456 7465
4 7468 7467 7465 7463
4 7469 7461 7466 7467
4 7470 7469 7467 7468
4 7472 7468 7463 7471
4 7473 7472 7471 7464
4 7474 7470 7468 7472
4 7475 7474 7472 7473
6 7477 7476 7399 7395 7430 7431
4 7478 7477 7431 7439
5 7479 7478 7439 7443 7444
4 7480 7476 7477 7478
4 7481 7480 7478 7479
4 7482 7401 7399 7476
5 7483 7482 7476 7480 7481
5 7484 7479 7444 7459 7460
5 7488 7485 7484 7460 7461
4 7486 7481 7479 7484
4 7487 7486 7484 7485
4 7489 7488 7461 7469
4 7490 7489 7469 7470
4 7491 7485 7488 7489
4 7492 7491 7489 7490
4 7493 7490 7470 7474
4 7494 7493 7474 7475
4 7495 7492 7490 7493
4 7496 7495 7493 7494
5 7497 7487 7485 7491 7492
5 7498 7497 7492 7495 7496
5 7499 7483 7481 7486 7487
6 7786 7500 7499 7487 7497 7498
5 7502 7504 6866 6669 7501
4 7503 7502 7501 6677
4 7505 6906 6866 7504
4 7506 7505 7504 7502
5 7507 7511 6912 6906 7505
4 7508 7507 7505 7506
6 7509 7536 7508 7506 7502 7503
6 7510 7615 7509 7503 6677 6678
4 7512 6997 6912 7511
4 7513 7512 7511 7507
6 7514 7517 7004 7002 6997 7512
4 7515 7514 7512 7513
6 7516 7531 7515 7513 7507 7508
4 7519 7518 7004 7517
4 7520 7519 7517 7514
4 7521 7015 7518 7519
4 7522 7521 7519 7520
6 7523 7525 7522 7520 7514 7515
7 7526 7524 7022 7020 7015 7521 7522
4 7527 7526 7522 7525
4 7528 7527 7525 7523
4 7529 7524 7526 7527
4 7530 7529 7527 7528
4 7532 7523 7515 7531
4 7533 7532 7531 7516
6 7534 7554 7530 7528 7523 7532
5 7535 7560 7534 7532 7533
5 7537 7539 7516 7508 7536
4 7538 7537 7536 7509
4 7540 7533 7516 7539
4 7541 7540 7539 7537
4 7542 7535 7533 7540
4 7543 7542 7540 7541
6 7544 7594 7543 7541 7537 7538
4 7545 7053 7022 7524
7 7555 7546 7548 7545 7524 7529 7530
5 7549 7547 7055 7053 7545
4 7550 7549 7545 7548
4 7551 7550 7548 7546
4 7552 7547 7549 7550
4 7553 7552 7550 7551
4 7556 7555 7530 7554
4 7557 7556 7554 7534
4 7558 7546 7555 7556
4 7559 7558 7556 7557
4 7561 7557 7534 7560
4 7562 7561 7560 7535
4 7563 7559 7557 7561
4 7564 7563 7561 7562
7 7565 7571 7553 7551 7546 7558 7559
5 7566 7565 7559 7563 7564
4 7567 7070 7055 7547
6 7572 7568 7567 7547 7552 7553
6 7569 7629 7080 7078 7070 7567
4 7570 7569 7567 7568
4 7573 7572 7553 7571
4 7574 7573 7571 7565
4 7575 7568 7572 7573
4 7576 7575 7573 7574
6 7577 7579 7576 7574 7565 7566
6 7580 7578 7570 7568 7575 7576
4 7581 7580 7576 7579
4 7582 7581 7579 7577
4 7583 7578 7580 7581
4 7584 7583 7581 7582
5 7585 7564 7562 7535 7542
5 7586 7588 7585 7542 7543
5 7589 7587 7566 7564 7585
4 7590 7589 7585 7588
4 7591 7590 7588 7586
4 7592 7587 7589 7590
4 7593 7592 7590 7591
4 7595 7586 7543 7594
4 7596 7595 7594 7544
5 7597 7593 7591 7586 7595
4 7598 7597 7595 7596
6 7600 7599 7605 7577 7566 7587
4 7601 7600 7587 7592
4 7602 7601 7592 7593
4 7603 7599 7600 7601
4 7604 7603 7601 7602
4 7606 7582 7577 7605
4 7607 7606 7605 7599
4 7608 7584 7582 7606
4 7609 7608 7606 7607
6 7610 7609 7607 7599 7603 7604
5 7611 7604 7602 7593 7597
4 7612 7611 7597 7598
4 7613 7610 7604 7611
4 7614 7613 7611 7612
6 7616 7618 7544 7538 7509 7615
4 7617 7616 7615 7510
5 7619 7598 7596 7544 7618
4 7620 7619 7618 7616
5 7621 7614 7612 7598 7619
4 7622 7621 7619 7620
5 7623 7622 7620 7616 7617
4 7625 7510 6678 7624
4 7626 7625 7624 6679
5 7627 7623 7617 7510 7625
4 7628 7627 7625 7626
4 7630 7329 7080 7629
4 7631 7630 7629 7569
4 7632 7331 7329 7630
4 7633 7632 7630 7631
6 7634 7640 7633 7631 7569 7570
4 7636 7635 7331 7632
4 7637 7636 7632 7633
4 7638 7333 7635 7636
4 7639 7638 7636 7637
4 7641 7637 7633 7640
4 7642 7641 7640 7634
4 7643 7639 7637 7641
4 7644 7643 7641 7642
4 7645 7634 7570 7578
5 7646 7645 7578 7583 7584
6 7647 7658 7644 7642 7634 7645
4 7648 7647 7645 7646
6 7651 7650 7649 7333 7638 7639
4 7652 7651 7639 7643
4 7653 7652 7643 7644
4 7654 7650 7651 7652
4 7655 7654 7652 7653
4 7656 7335 7649 7650
6 7664 7657 7656 7650 7654 7655
4 7659 7653 7644 7658
4 7660 7659 7658 7647
4 7661 7655 7653 7659
4 7662 7661 7659 7660
6 7663 7669 7662 7660 7647 7648
4 7665 7664 7655 7661
4 7666 7665 7661 7662
4 7667 7657 7664 7665
4 7668 7667 7665 7666
4 7670 7666 7662 7669
4 7671 7670 7669 7663
4 7672 7668 7666 7670
4 7673 7672 7670 7671
5 7674 7646 7584 7608 7609
4 7675 7674 7609 7610
4 7676 7648 7646 7674
4 7677 7676 7674 7675
6 7678 7677 7675 7610 7613 7614
4 7679 7663 7648 7676
4 7680 7679 7676 7677
5 7681 7673 7671 7663 7679
4 7682 7681 7679 7680
6 7683 7701 7682 7680 7677 7678
6 7685 7684 7342 7335 7656 7657
5 7686 7685 7657 7667 7668
5 7687 7686 7668 7672 7673
4 7688 7684 7685 7686
4 7689 7688 7686 7687
4 7690 7344 7342 7684
6 7706 7691 7690 7684 7688 7689
4 7692 7687 7673 7681
5 7693 7695 7692 7681 7682
5 7696 7694 7689 7687 7692
4 7697 7696 7692 7695
4 7698 7697 7695 7693
4 7699 7694 7696 7697
4 7700 7699 7697 7698
4 7702 7693 7682 7701
4 7703 7702 7701 7683
6 7704 7711 7700 7698 7693 7702
5 7705 7717 7704 7702 7703
4 7707 7706 7689 7694
6 7712 7708 7707 7694 7699 7700
4 7709 7691 7706 7707
4 7710 7709 7707 7708
4 7713 7712 7700 7711
4 7714 7713 7711 7704
4 7715 7708 7712 7713
4 7716 7715 7713 7714
4 7718 7714 7704 7717
4 7719 7718 7717 7705
4 7720 7716 7714 7718
4 7721 7720 7718 7719
6 7723 7722 7710 7708 7715 7716
4 7724 7723 7716 7720
4 7725 7724 7720 7721
4 7726 7722 7723 7724
4 7727 7726 7724 7725
7 7728 7730 7683 7678 7614 7621 7622
4 7729 7728 7622 7623
6 7731 7733 7705 7703 7683 7730
4 7732 7731 7730 7728
6 7734 7736 7721 7719 7705 7733
4 7735 7734 7733 7731
4 7737 7725 7721 7736
4 7738 7737 7736 7734
4 7739 7727 7725 7737
4 7740 7739 7737 7738
6 7741 7842 7740 7738 7734 7735
6 7742 7853 7741 7735 7731 7732
6 7743 7883 7742 7732 7728 7729
5 7744 7746 7450 7344 7690
4 7745 7744 7690 7691
4 7747 7464 7450 7746
4 7748 7747 7746 7744
5 7749 7475 7473 7464 7747
5 7750 7761 7749 7747 7748
6 7751 7773 7750 7748 7744 7745
6 7753 7752 7745 7691 7709 7710
4 7754 7753 7710 7722
6 7837 7755 7754 7722 7726 7727
4 7756 7752 7753 7754
4 7757 7756 7754 7755
5 7758 7795 7751 7745 7752
7 7862 7759 7804 7758 7752 7756 7757
6 7762 7760 7496 7494 7475 7749
4 7763 7762 7749 7761
4 7764 7763 7761 7750
4 7765 7760 7762 7763
4 7766 7765 7763 7764
5 7768 7767 7498 7496 7760
4 7769 7768 7760 7765
4 7770 7769 7765 7766
4 7771 7767 7768 7769
4 7772 7771 7769 7770
6 7774 7776 7766 7764 7750 7773
5 7775 7781 7774 7773 7751
4 7777 7770 7766 7776
4 7778 7777 7776 7774
4 7779 7772 7770 7777
4 7780 7779 7777 7778
4 7782 7778 7774 7781
4 7783 7782 7781 7775
4 7784 7780 7778 7782
4 7785 7784 7782 7783
4 7787 7786 7498 7767
5 7788 7787 7767 7771 7772
4 7789 7500 7786 7787
4 7790 7789 7787 7788
5 7791 7788 7772 7779 7780
6 7809 7792 7791 7780 7784 7785
4 7793 7790 7788 7791
4 7794 7793 7791 7792
5 7796 7798 7775 7751 7795
4 7797 7796 7795 7758
4 7799 7783 7775 7798
4 7800 7799 7798 7796
4 7801 7785 7783 7799
4 7802 7801 7799 7800
5 7803 7802 7800 7796 7797
4 7805 7797 7758 7804
4 7806 7805 7804 7759
5 7807 7817 7803 7797 7805
5 7808 7823 7807 7805 7806
4 7810 7809 7785 7801
4 7811 7810 7801 7802
4 7812 7792 7809 7810
4 7813 7812 7810 7811
6 7818 7814 7813 7811 7802 7803
5 7815 7794 7792 7812 7813
5 7828 7816 7815 7813 7814
4 7819 7818 7803 7817
4 7820 7819 7817 7807
4 7821 7814 7818 7819
4 7822 7821 7819 7820
4 7824 7820 7807 7823
4 7825 7824 7823 7808
4 7826 7822 7820 7824
4 7827 7826 7824 7825
4 7829 7828 7814 7821
4 7830 7829 7821 7822
4 7831 7816 7828 7829
4 7832 7831 7829 7830
4 7833 7830 7822 7826
4 7834 7833 7826 7827
4 7835 7832 7830 7833
4 7836 7835 7833 7834
4 7838 7837 7727 7739
4 7839 7838 7739 7740
4 7840 7755 7837 7838
4 7841 7840 7838 7839
4 7843 7839 7740 7842
4 7844 7843 7842 7741
4 7845 7841 7839 7843
4 7846 7845 7843 7844
6 7848 7847 7757 7755 7840 7841
4 7849 7848 7841 7845
4 7850 7849 7845 7846
4 7851 7847 7848 7849
4 7852 7851 7849 7850
6 7854 7856 7846 7844 7741 7853
4 7855 7854 7853 7742
4 7857 7850 7846 7856
4 7858 7857 7856 7854
4 7859 7852 7850 7857
4 7860 7859 7857 7858
6 7861 7872 7860 7858 7854 7855
4 7863 7862 7757 7847
6 7867 7864 7863 7847 7851 7852
4 7865 7759 7862 7863
4 7866 7865 7863 7864
4 7868 7867 7852 7859
4 7869 7868 7859 7860
4 7870 7864 7867 7868
4 7871 7870 7868 7869
4 7873 7869 7860 7872
4 7874 7873 7872 7861
4 7875 7871 7869 7873
4 7876 7875 7873 7874
6 7878 7877 7866 7864 7870 7871
4 7879 7878 7871 7875
4 7880 7879 7875 7876
4 7881 7877 7878 7879
4 7882 7881 7879 7880
6 7884 7886 7861 7855 7742 7883
4 7885 7884 7883 7743
6 7887 7889 7876 7874 7861 7886
4 7888 7887 7886 7884
4 7890 7880 7876 7889
4 7891 7890 7889 7887
4 7892 7882 7880 7890
4 7893 7892 7890 7891
6 7894 7921 7893 7891 7887 7888
6 7895 7932 7894 7888 7884 7885
8 7897 7896 7902 7808 7806 7759 7865 7866
4 7898 7897 7866 7877
6 7916 7899 7898 7877 7881 7882
4 7900 7896 7897 7898
4 7901 7900 7898 7899
5 7903 7827 7825 7808 7902
5 7904 7906 7903 7902 7896
6 7907 7905 7836 7834 7827 7903
4 7908 7907 7903 7906
4 7909 7908 7906 7904
4 7910 7905 7907 7908
4 7911 7910 7908 7909
4 7912 7904 7896 7900
4 7913 7912 7900 7901
5 7914 7911 7909 7904 7912
5 7915 8878 7914 7912 7913
4 7917 7916 7882 7892
4 7918 7917 7892 7893
4 7919 7899 7916 7917
4 7920 7919 7917 7918
4 7922 7918 7893 7921
4 7923 7922 7921 7894
4 7924 7920 7918 7922
4 7925 7924 7922 7923
6 7927 7926 7901 7899 7919 7920
4 7928 7927 7920 7924
4 7929 7928 7924 7925
4 7930 7926 7927 7928
4 7931 7930 7928 7929
6 7933 7935 7925 7923 7894 7932
4 7934 7933 7932 7895
4 7936 7929 7925 7935
4 7937 7936 7935 7933
4 7938 7931 7929 7936
4 7939 7938 7936 7937
6 7940 7950 7939 7937 7933 7934
4 7941 7913 7901 7926
6 7945 7942 7941 7926 7930 7931
5 7943 8896 7915 7913 7941
4 7944 7943 7941 7942
4 7946 7945 7931 7938
4 7947 7946 7938 7939
4 7948 7942 7945 7946
4 7949 7948 7946 7947
4 7951 7947 7939 7950
4 7952 7951 7950 7940
4 7953 7949 7947 7951
4 7954 7953 7951 7952
6 7956 7955 7944 7942 7948 7949
4 7957 7956 7949 7953
4 7958 7957 7953 7954
4 7959 7955 7956 7957
4 7960 7959 7957 7958
6 7961 7963 7743 7729 7623 7627
5 7962 7988 7961 7627 7628
6 7964 7966 7895 7885 7743 7963
5 7965 7983 7964 7963 7961
6 7967 7969 7940 7934 7895 7966
5 7968 7978 7967 7966 7964
6 7970 7972 7954 7952 7940 7969
4 7971 7970 7969 7967
4 7973 7958 7954 7972
4 7974 7973 7972 7970
4 7975 7960 7958 7973
4 7976 7975 7973 7974
5 7977 7976 7974 7970 7971
4 7979 7971 7967 7978
4 7980 7979 7978 7968
5 7981 8958 7977 7971 7979
4 7982 7981 7979 7980
4 7984 7968 7964 7983
4 7985 7984 7983 7965
5 7986 7982 7980 7968 7984
4 7987 7986 7984 7985
4 7989 7965 7961 7988
4 7990 7989 7988 7962
5 7991 7987 7985 7965 7989
4 7992 7991 7989 7990
5 7993 7995 4062 3343 5834
5 7994 8005 7993 5834 5835
4 7996 4075 4062 7995
5 7997 7999 7996 7995 7993
6 8000 7998 8022 4081 4075 7996
4 8001 8000 7996 7999
4 8002 8001 7999 7997
4 8003 7998 8000 8001
4 8004 8003 8001 8002
5 8006 8008 7997 7993 8005
4 8007 8006 8005 7994
4 8009 8002 7997 8008
4 8010 8009 8008 8006
4 8011 8004 8002 8009
4 8012 8011 8009 8010
5 8013 8012 8010 8006 8007
5 8014 8016 7994 5835 5854
4 8015 8014 5854 5855
4 8017 8007 7994 8016
4 8018 8017 8016 8014
4 8019 8013 8007 8017
4 8020 8019 8017 8018
5 8021 8020 8018 8014 8015
4 8023 4105 4081 8022
4 8024 8023 8022 7998
6 8025 8028 4112 4110 4105 8023
4 8026 8025 8023 8024
6 8027 8026 8024 7998 8003 8004
4 8030 8029 4112 8028
4 8031 8030 8028 8025
4 8032 4125 8029 8030
4 8033 8032 8030 8031
5 8034 8033 8031 8025 8026
4 8035 4133 4125 8032
4 8036 8035 8032 8033
5 8037 8045 4140 4133 8035
4 8038 8037 8035 8036
5 8039 8038 8036 8033 8034
5 8040 8039 8034 8026 8027
5 8041 8027 8004 8011 8012
4 8042 8041 8012 8013
5 8043 8076 8040 8027 8041
5 8044 8082 8043 8041 8042
4 8047 8046 4140 8045
4 8048 8047 8045 8037
4 8049 4172 8046 8047
4 8050 8049 8047 8048
5 8051 8050 8048 8037 8038
5 8052 4174 4172 8049 8050
4 8053 8052 8050 8051
5 8054 8053 8051 8038 8039
5 8055 4176 4174 8052 8053
4 8056 8055 8053 8054
7 8077 8057 8062 8056 8054 8039 8040
4 8058 4187 4176 8055
4 8059 8058 8055 8056
5 8060 8228 4189 4187 8058
5 8066 8061 8060 8058 8059
5 8063 8065 8059 8056 8062
5 8064 8071 8063 8062 8057
4 8067 8066 8059 8065
4 8068 8067 8065 8063
4 8069 8061 8066 8067
4 8070 8069 8067 8068
4 8072 8068 8063 8071
4 8073 8072 8071 8064
4 8074 8070 8068 8072
4 8075 8074 8072 8073
4 8078 8077 8040 8076
4 8079 8078 8076 8043
4 8080 8057 8077 8078
5 8081 8088 8080 8078 8079
4 8083 8079 8043 8082
4 8084 8083 8082 8044
5 8085 8108 8081 8079 8083
4 8086 8085 8083 8084
6 8089 8087 8099 8064 8057 8080
4 8090 8089 8080 8088
5 8091 8093 8090 8088 8081
5 8094 8092 8087 8089 8090
4 8095 8094 8090 8093
4 8096 8095 8093 8091
4 8097 8092 8094 8095
4 8098 8097 8095 8096
4 8100 8073 8064 8099
4 8101 8100 8099 8087
4 8102 8075 8073 8100
4 8103 8102 8100 8101
4 8104 8101 8087 8092
5 8105 8104 8092 8097 8098
4 8106 8103 8101 8104
4 8107 8106 8104 8105
5 8109 8111 8091 8081 8108
4 8110 8109 8108 8085
4 8112 8096 8091 8111
4 8113 8112 8111 8109
4 8114 8098 8096 8112
4 8115 8114 8112 8113
6 8116 8119 8115 8113 8109 8110
6 8117 8127 8116 8110 8085 8086
6 8120 8118 8105 8098 8114 8115
4 8121 8120 8115 8119
4 8122 8121 8119 8116
4 8123 8118 8120 8121
4 8124 8123 8121 8122
5 8125 8298 8107 8105 8118
5 8126 8125 8118 8123 8124
5 8128 8124 8122 8116 8127
4 8129 8128 8127 8117
4 8130 8126 8124 8128
4 8131 8130 8128 8129
7 8132 8134 8044 8042 8013 8019 8020
5 8158 8133 8132 8020 8021
6 8135 8137 8086 8084 8044 8134
4 8136 8135 8134 8132
4 8138 8117 8086 8137
4 8139 8138 8137 8135
5 8140 8131 8129 8117 8138
4 8141 8140 8138 8139
5 8142 8141 8139 8135 8136
7 8172 8143 8446 8142 8136 8132 8133
4 8144 8015 5855 6092
5 8145 8147 8144 6092 6093
6 8148 8146 8157 8021 8015 8144
4 8149 8148 8144 8147
4 8150 8149 8147 8145
5 8151 8163 8146 8148 8149
4 8152 8151 8149 8150
5 8153 8145 6093 6245 6246
5 8154 8153 6246 6249 6250
5 8155 8152 8150 8145 8153
4 8156 8155 8153 8154
4 8159 8158 8021 8157
5 8164 8160 8159 8157 8146
4 8161 8133 8158 8159
4 8162 8161 8159 8160
4 8165 8164 8146 8163
4 8166 8165 8163 8151
4 8167 8160 8164 8165
4 8168 8167 8165 8166
5 8169 8168 8166 8151 8152
5 8170 8162 8160 8167 8168
4 8171 8170 8168 8169
4 8173 8172 8133 8161
5 8174 8176 8173 8161 8162
5 8177 8175 8143 8172 8173
4 8178 8177 8173 8176
4 8179 8178 8176 8174
4 8180 8175 8177 8178
5 8188 8181 8180 8178 8179
5 8182 8184 8174 8162 8170
5 8183 8198 8182 8170 8171
5 8185 8187 8179 8174 8184
5 8186 8193 8185 8184 8182
4 8189 8188 8179 8187
4 8190 8189 8187 8185
4 8191 8181 8188 8189
4 8192 8191 8189 8190
4 8194 8190 8185 8193
4 8195 8194 8193 8186
4 8196 8192 8190 8194
4 8197 8196 8194 8195
5 8199 8201 8186 8182 8198
5 8200 8211 8199 8198 8183
4 8202 8195 8186 8201
5 8203 8205 8202 8201 8199
5 8206 8204 8197 8195 8202
4 8207 8206 8202 8205
4 8208 8207 8205 8203
4 8209 8204 8206 8207
4 8210 8209 8207 8208
4 8212 8203 8199 8211
4 8213 8212 8211 8200
5 8214 8210 8208 8203 8212
4 8215 8214 8212 8213
6 8216 8218 8171 8169 8152 8155
4 8217 8216 8155 8156
5 8219 8221 8183 8171 8218
4 8220 8219 8218 8216
4 8222 8200 8183 8221
4 8223 8222 8221 8219
5 8224 8215 8213 8200 8222
4 8225 8224 8222 8223
5 8226 8225 8223 8219 8220
6 8227 8776 8226 8220 8216 8217
4 8229 4362 4189 8228
4 8230 8229 8228 8060
5 8231 8234 4364 4362 8229
4 8232 8231 8229 8230
5 8233 8232 8230 8060 8061
4 8236 8235 4364 8234
4 8237 8236 8234 8231
4 8238 4379 8235 8236
4 8239 8238 8236 8237
5 8240 8239 8237 8231 8232
5 8241 4381 4379 8238 8239
4 8242 8241 8239 8240
6 8243 8249 8242 8240 8232 8233
5 8244 8233 8061 8069 8070
5 8245 8244 8070 8074 8075
5 8246 8261 8243 8233 8244
5 8284 8247 8246 8244 8245
6 8250 8248 4400 4381 8241 8242
4 8251 8250 8242 8249
4 8252 8251 8249 8243
4 8253 8248 8250 8251
4 8254 8253 8251 8252
5 8256 8255 4402 4400 8248
4 8257 8256 8248 8253
5 8268 8258 8257 8253 8254
4 8259 8255 8256 8257
4 8260 8259 8257 8258
4 8262 8252 8243 8261
4 8263 8262 8261 8246
5 8264 8267 8254 8252 8262
4 8265 8264 8262 8263
5 8266 8265 8263 8246 8247
4 8269 8268 8254 8267
4 8270 8269 8267 8264
4 8271 8258 8268 8269
4 8272 8271 8269 8270
5 8273 8272 8270 8264 8265
5 8274 8260 8258 8271 8272
4 8275 8274 8272 8273
7 8317 8276 8354 8275 8273 8265 8266
7 8278 8277 8283 8245 8075 8102 8103
4 8279 8278 8103 8106
5 8299 8280 8279 8106 8107
4 8281 8277 8278 8279
4 8282 8281 8279 8280
4 8285 8284 8245 8283
4 8286 8285 8283 8277
4 8287 8247 8284 8285
5 8292 8288 8287 8285 8286
5 8289 8291 8286 8277 8281
4 8290 8289 8281 8282
4 8293 8292 8286 8291
4 8294 8293 8291 8289
4 8295 8288 8292 8293
4 8296 8295 8293 8294
5 8297 8296 8294 8289 8290
4 8300 8299 8107 8298
4 8301 8300 8298 8125
4 8302 8280 8299 8300
4 8303 8302 8300 8301
5 8304 8303 8301 8125 8126
5 8305 8282 8280 8302 8303
4 8306 8305 8303 8304
6 8307 8306 8304 8126 8130 8131
6 8308 8297 8290 8282 8305 8306
4 8309 8308 8306 8307
7 8311 8310 8316 8266 8247 8287 8288
5 8312 8311 8288 8295 8296
4 8313 8312 8296 8297
4 8314 8310 8311 8312
4 8315 8314 8312 8313
4 8318 8317 8266 8316
5 8319 8321 8318 8316 8310
5 8322 8320 8276 8317 8318
4 8323 8322 8318 8321
4 8324 8323 8321 8319
4 8325 8320 8322 8323
4 8326 8325 8323 8324
4 8327 8319 8310 8314
4 8328 8327 8314 8315
5 8329 8326 8324 8319 8327
4 8330 8329 8327 8328
5 8331 8315 8313 8297 8308
4 8332 8331 8308 8309
5 8333 8330 8328 8315 8331
4 8334 8333 8331 8332
4 8335 4490 4402 8255
7 8349 8336 8338 8335 8255 8259 8260
5 8339 8337 4492 4490 8335
4 8340 8339 8335 8338
5 8341 8343 8340 8338 8336
5 8344 8342 8337 8339 8340
4 8345 8344 8340 8343
4 8346 8345 8343 8341
4 8347 8342 8344 8345
4 8348 8347 8345 8346
4 8350 8349 8260 8274
4 8351 8350 8274 8275
4 8352 8336 8349 8350
5 8358 8353 8352 8350 8351
5 8355 8357 8351 8275 8354
4 8356 8355 8354 8276
4 8359 8358 8351 8357
4 8360 8359 8357 8355
4 8361 8353 8358 8359
4 8362 8361 8359 8360
5 8363 8362 8360 8355 8356
5 8364 8366 8341 8336 8352
4 8365 8364 8352 8353
4 8367 8346 8341 8366
4 8368 8367 8366 8364
4 8369 8348 8346 8367
4 8370 8369 8367 8368
5 8371 8370 8368 8364 8365
5 8372 8365 8353 8361 8362
4 8373 8372 8362 8363
4 8374 8371 8365 8372
4 8375 8374 8372 8373
5 8377 8376 4502 4492 8337
4 8378 8377 8337 8342
5 8379 8378 8342 8347 8348
4 8380 8376 8377 8378
4 8381 8380 8378 8379
4 8382 4504 4502 8376
5 8383 8382 8376 8380 8381
5 8384 8379 8348 8369 8370
4 8385 8384 8370 8371
4 8386 8381 8379 8384
4 8387 8386 8384 8385
7 8412 8388 8387 8385 8371 8374 8375
5 8389 8383 8381 8386 8387
4 8390 8389 8387 8388
5 8392 8391 8356 8276 8320
4 8393 8392 8320 8325
4 8394 8393 8325 8326
4 8395 8391 8392 8393
4 8396 8395 8393 8394
4 8397 8363 8356 8391
5 8398 8397 8391 8395 8396
5 8399 8396 8394 8326 8329
4 8400 8399 8329 8330
4 8401 8398 8396 8399
4 8402 8401 8399 8400
4 8403 8373 8363 8397
4 8404 8403 8397 8398
4 8405 8375 8373 8403
5 8406 8414 8405 8403 8404
7 8407 8422 8406 8404 8398 8401 8402
5 8408 8402 8400 8330 8333
4 8409 8408 8333 8334
4 8410 8407 8402 8408
4 8411 8410 8408 8409
5 8415 8413 8412 8375 8405
4 8416 8415 8405 8414
4 8417 8416 8414 8406
4 8418 8413 8415 8416
4 8419 8418 8416 8417
4 8420 8388 8412 8413
6 8426 8421 8420 8413 8418 8419
6 8423 8425 8419 8417 8406 8422
4 8424 8423 8422 8407
4 8427 8426 8419 8425
4 8428 8427 8425 8423
4 8429 8421 8426 8427
4 8430 8429 8427 8428
5 8431 8430 8428 8423 8424
6 8433 8432 8390 8388 8420 8421
5 8434 8433 8421 8429 8430
4 8435 8434 8430 8431
4 8436 8432 8433 8434
4 8437 8436 8434 8435
5 8438 8431 8424 8407 8410
4 8439 8438 8410 8411
5 8440 8437 8435 8431 8438
4 8441 8440 8438 8439
6 8442 8309 8307 8131 8140 8141
4 8443 8442 8141 8142
5 8444 8334 8332 8309 8442
4 8445 8444 8442 8443
4 8447 8443 8142 8446
4 8448 8447 8446 8143
4 8449 8445 8443 8447
4 8450 8449 8447 8448
5 8451 8411 8409 8334 8444
5 8452 8454 8451 8444 8445
6 8455 8453 8441 8439 8411 8451
4 8456 8455 8451 8454
4 8457 8456 8454 8452
4 8458 8453 8455 8456
4 8459 8458 8456 8457
4 8460 8452 8445 8449
4 8461 8460 8449 8450
5 8462 8459 8457 8452 8460
4 8463 8462 8460 8461
5 8464 4574 4504 8382 8383
6 8468 8465 8464 8383 8389 8390
4 8466 4576 4574 8464
6 8474 8467 8490 8466 8464 8465
4 8469 8468 8390 8432
5 8470 8469 8432 8436 8437
4 8471 8465 8468 8469
4 8472 8471 8469 8470
7 8473 8484 8472 8470 8437 8440 8441
4 8475 8474 8465 8471
5 8476 8478 8475 8471 8472
5 8479 8477 8467 8474 8475
4 8480 8479 8475 8478
4 8481 8480 8478 8476
4 8482 8477 8479 8480
5 8483 8534 8482 8480 8481
4 8485 8476 8472 8484
4 8486 8485 8484 8473
6 8487 8551 8483 8481 8476 8485
4 8488 8487 8485 8486
6 8491 8489 8501 4641 4576 8466
4 8492 8491 8466 8490
5 8493 8495 8492 8490 8467
5 8496 8494 8489 8491 8492
4 8497 8496 8492 8495
4 8498 8497 8495 8493
4 8499 8494 8496 8497
5 8500 8517 8499 8497 8498
5 8502 8504 4665 4641 8501
5 8503 8509 8502 8501 8489
4 8505 4673 4665 8504
4 8506 8505 8504 8502
4 8507 4680 4673 8505
4 8508 8507 8505 8506
4 8510 8506 8502 8509
4 8511 8510 8509 8503
4 8512 8508 8506 8510
4 8513 8512 8510 8511
6 8515 8514 8525 8503 8489 8494
5 8518 8516 8515 8494 8499
4 8519 8518 8499 8517
4 8520 8519 8517 8500
4 8521 8516 8518 8519
4 8522 8521 8519 8520
4 8523 8514 8515 8516
5 8524 8523 8516 8521 8522
4 8526 8511 8503 8525
4 8527 8526 8525 8514
4 8528 8513 8511 8526
4 8529 8528 8526 8527
6 8530 8529 8527 8514 8523 8524
6 8532 8531 8542 8493 8467 8477
5 8535 8533 8532 8477 8482
4 8536 8535 8482 8534
4 8537 8536 8534 8483
4 8538 8533 8535 8536
4 8539 8538 8536 8537
4 8540 8531 8532 8533
5 8541 8540 8533 8538 8539
4 8543 8498 8493 8542
4 8544 8543 8542 8531
4 8545 8500 8498 8543
4 8546 8545 8543 8544
4 8547 8544 8531 8540
4 8548 8547 8540 8541
4 8549 8546 8544 8547
4 8550 8549 8547 8548
5 8552 8539 8537 8483 8551
4 8553 8552 8551 8487
4 8554 8541 8539 8552
4 8555 8554 8552 8553
5 8556 8555 8553 8487 8488
6 8557 8550 8548 8541 8554 8555
4 8558 8557 8555 8556
5 8559 8522 8520 8500 8545
4 8560 8559 8545 8546
4 8561 8524 8522 8559
4 8562 8561 8559 8560
6 8563 8562 8560 8546 8549 8550
5 8564 8530 8524 8561 8562
4 8565 8564 8562 8563
7 8593 8566 8565 8563 8550 8557 8558
4 8567 8473 8441 8453
5 8568 8567 8453 8458 8459
5 8569 8488 8486 8473 8567
6 8574 8570 8581 8569 8567 8568
5 8571 8573 8568 8459 8462
4 8572 8571 8462 8463
4 8575 8574 8568 8573
4 8576 8575 8573 8571
5 8577 8631 8570 8574 8575
5 8578 8637 8577 8575 8576
6 8579 8660 8578 8576 8571 8572
7 8582 8580 8592 8558 8556 8488 8569
4 8583 8582 8569 8581
6 8632 8584 8586 8583 8581 8570
6 8587 8585 8598 8580 8582 8583
4 8588 8587 8583 8586
5 8643 8589 8588 8586 8584
4 8590 8585 8587 8588
4 8591 8590 8588 8589
4 8594 8593 8558 8592
5 8599 8595 8594 8592 8580
4 8596 8566 8593 8594
5 8613 8597 8596 8594 8595
4 8600 8599 8580 8598
5 8601 8603 8600 8598 8585
5 8604 8602 8595 8599 8600
4 8605 8604 8600 8603
4 8606 8605 8603 8601
4 8607 8602 8604 8605
4 8608 8607 8605 8606
4 8609 8601 8585 8590
4 8610 8609 8590 8591
5 8611 8608 8606 8601 8609
4 8612 8611 8609 8610
5 8615 8614 8613 8595 8602
4 8616 8615 8602 8607
4 8617 8616 8607 8608
4 8618 8614 8615 8616
4 8619 8618 8616 8617
4 8620 8597 8613 8614
5 8621 8620 8614 8618 8619
5 8622 8619 8617 8608 8611
5 8623 8625 8622 8611 8612
5 8626 8624 8621 8619 8622
4 8627 8626 8622 8625
4 8628 8627 8625 8623
4 8629 8624 8626 8627
4 8630 8629 8627 8628
4 8633 8632 8570 8631
4 8634 8633 8631 8577
5 8635 8642 8584 8632 8633
4 8636 8635 8633 8634
4 8638 8634 8577 8637
4 8639 8638 8637 8578
4 8640 8636 8634 8638
5 8641 8652 8640 8638 8639
4 8644 8643 8584 8642
4 8645 8644 8642 8635
4 8646 8589 8643 8644
4 8647 8646 8644 8645
5 8648 8647 8645 8635 8636
5 8649 8591 8589 8646 8647
4 8650 8649 8647 8648
5 8653 8651 8648 8636 8640
4 8654 8653 8640 8652
4 8655 8654 8652 8641
4 8656 8651 8653 8654
4 8657 8656 8654 8655
4 8658 8650 8648 8651
6 8659 8674 8658 8651 8656 8657
6 8661 8663 8641 8639 8578 8660
4 8662 8661 8660 8579
5 8664 8657 8655 8641 8663
4 8665 8664 8663 8661
4 8666 8659 8657 8664
4 8667 8666 8664 8665
5 8668 8667 8665 8661 8662
4 8669 8610 8591 8649
4 8670 8669 8649 8650
4 8671 8612 8610 8669
5 8672 8683 8671 8669 8670
5 8675 8673 8670 8650 8658
4 8676 8675 8658 8674
4 8677 8676 8674 8659
4 8678 8673 8675 8676
4 8679 8678 8676 8677
4 8680 8672 8670 8673
5 8681 8680 8673 8678 8679
5 8684 8682 8623 8612 8671
4 8685 8684 8671 8683
4 8686 8685 8683 8672
4 8687 8682 8684 8685
4 8688 8687 8685 8686
5 8689 8630 8628 8623 8682
5 8690 8689 8682 8687 8688
5 8691 8688 8686 8672 8680
4 8692 8691 8680 8681
4 8693 8690 8688 8691
4 8694 8693 8691 8692
5 8695 8679 8677 8659 8666
4 8696 8695 8666 8667
4 8697 8681 8679 8695
4 8698 8697 8695 8696
5 8699 8698 8696 8667 8668
6 8700 8694 8692 8681 8697 8698
4 8701 8700 8698 8699
5 8703 8702 8448 8143 8175
4 8704 8703 8175 8180
5 8710 8705 8704 8180 8181
4 8706 8702 8703 8704
5 8724 8707 8706 8704 8705
4 8708 8450 8448 8702
6 8754 8709 8708 8702 8706 8707
4 8711 8710 8181 8191
5 8712 8714 8711 8191 8192
5 8715 8713 8705 8710 8711
4 8716 8715 8711 8714
4 8717 8716 8714 8712
4 8718 8713 8715 8716
4 8719 8718 8716 8717
4 8720 8712 8192 8196
4 8721 8720 8196 8197
5 8722 8719 8717 8712 8720
4 8723 8722 8720 8721
4 8725 8724 8705 8713
5 8726 8725 8713 8718 8719
4 8727 8707 8724 8725
4 8728 8727 8725 8726
4 8729 8726 8719 8722
4 8730 8729 8722 8723
4 8731 8728 8726 8729
4 8732 8731 8729 8730
4 8733 8721 8197 8204
5 8734 8733 8204 8209 8210
4 8735 8723 8721 8733
5 8740 8736 8735 8733 8734
5 8737 8739 8734 8210 8214
4 8738 8737 8214 8215
4 8741 8740 8734 8739
4 8742 8741 8739 8737
4 8743 8736 8740 8741
4 8744 8743 8741 8742
5 8745 8744 8742 8737 8738
4 8746 8730 8723 8735
4 8747 8746 8735 8736
4 8748 8732 8730 8746
4 8749 8748 8746 8747
5 8750 8747 8736 8743 8744
4 8751 8750 8744 8745
4 8752 8749 8747 8750
4 8753 8752 8750 8751
5 8755 8754 8707 8727 8728
5 8756 8755 8728 8731 8732
4 8757 8709 8754 8755
4 8758 8757 8755 8756
5 8759 8756 8732 8748 8749
5 8760 8759 8749 8752 8753
4 8761 8758 8756 8759
4 8762 8761 8759 8760
7 8764 8763 8463 8461 8450 8708 8709
5 8765 8764 8709 8757 8758
5 8766 8765 8758 8761 8762
4 8767 8763 8764 8765
4 8768 8767 8765 8766
5 8769 8745 8738 8215 8224
4 8770 8769 8224 8225
5 8771 8753 8751 8745 8769
4 8772 8771 8769 8770
5 8773 8772 8770 8225 8226
6 8774 8762 8760 8753 8771 8772
4 8775 8774 8772 8773
4 8777 8773 8226 8776
5 8778 8780 8777 8776 8227
5 8781 8779 8775 8773 8777
4 8782 8781 8777 8780
5 8783 8785 8782 8780 8778
5 8786 8784 8779 8781 8782
4 8787 8786 8782 8785
4 8788 8787 8785 8783
4 8789 8784 8786 8787
5 8790 8798 8789 8787 8788
7 8792 8791 8768 8766 8762 8774 8775
5 8794 8793 8792 8775 8779
5 8796 8795 8794 8779 8784
5 8799 8797 8796 8784 8789
4 8800 8799 8789 8798
4 8801 8800 8798 8790
4 8802 8797 8799 8800
4 8803 8802 8800 8801
4 8804 8795 8796 8797
5 8805 8804 8797 8802 8803
5 8807 8806 8793 8794 8795
4 8808 8807 8795 8804
5 9079 8809 8808 8804 8805
4 8810 8806 8807 8808
4 8811 8810 8808 8809
5 8813 8812 8791 8792 8793
4 8814 8813 8793 8806
6 9111 8815 8814 8806 8810 8811
4 8816 8812 8813 8814
4 8817 8816 8814 8815
6 8818 8820 8579 8572 8463 8763
5 8819 8818 8763 8767 8768
5 8821 8668 8662 8579 8820
4 8822 8821 8820 8818
5 8823 8701 8699 8668 8821
4 8824 8823 8821 8822
5 8825 8824 8822 8818 8819
5 8827 8826 8819 8768 8791
4 8828 8827 8791 8812
6 9157 8829 8828 8812 8816 8817
4 8830 8826 8827 8828
4 8831 8830 8828 8829
4 8832 8825 8819 8826
5 8833 8832 8826 8830 8831
5 8834 8154 6250 7266 7267
6 8838 8835 8834 7267 7280 7281
4 8836 8156 8154 8834
4 8837 8836 8834 8835
4 8839 8838 7281 7396
5 8840 8839 7396 7400 7401
4 8841 8835 8838 8839
4 8842 8841 8839 8840
5 8843 8840 7401 7482 7483
6 8854 8844 8843 7483 7499 7500
4 8845 8842 8840 8843
4 8846 8845 8843 8844
5 8847 8837 8835 8841 8842
5 8848 8847 8842 8845 8846
4 8849 8217 8156 8836
4 8850 8849 8836 8837
5 8851 9034 8227 8217 8849
5 8852 9060 8851 8849 8850
8 9025 8853 9152 8852 8850 8837 8847 8848
5 8855 8854 7500 7789 7790
5 8856 8855 7790 7793 7794
4 8857 8844 8854 8855
4 8858 8857 8855 8856
6 8860 8859 8856 7794 7815 7816
5 8861 8860 7816 7831 7832
5 8862 8861 7832 7835 7836
4 8863 8859 8860 8861
4 8864 8863 8861 8862
4 8865 8858 8856 8859
5 8866 8865 8859 8863 8864
5 8867 8846 8844 8857 8858
6 8932 8868 8867 8858 8865 8866
5 8870 8869 8862 7836 7905
4 8871 8870 7905 7910
4 8872 8871 7910 7911
4 8873 8869 8870 8871
4 8874 8873 8871 8872
4 8875 8864 8862 8869
5 8876 8875 8869 8873 8874
6 8879 8877 8874 8872 7911 7914
4 8880 8879 7914 8878
4 8881 8880 8878 7915
4 8882 8877 8879 8880
4 8883 8882 8880 8881
5 8885 8884 8876 8874 8877
4 8886 8885 8877 8882
4 8887 8886 8882 8883
4 8888 8884 8885 8886
4 8889 8888 8886 8887
6 8891 8890 8866 8864 8875 8876
4 8892 8891 8876 8884
5 8893 8892 8884 8888 8889
4 8894 8890 8891 8892
4 8895 8894 8892 8893
4 8897 8881 7915 8896
4 8898 8897 8896 7943
4 8899 8883 8881 8897
4 8900 8899 8897 8898
5 8901 8900 8898 7943 7944
4 8902 8887 8883 8899
4 8903 8902 8899 8900
4 8904 8889 8887 8902
4 8905 8904 8902 8903
6 8910 8906 8905 8903 8900 8901
5 8907 8909 8901 7944 7955
7 8947 8908 8915 8907 7955 7959 7960
4 8911 8910 8901 8909
4 8912 8911 8909 8907
4 8913 8906 8910 8911
4 8914 8913 8911 8912
4 8916 8912 8907 8915
4 8917 8916 8915 8908
4 8918 8914 8912 8916
4 8919 8918 8916 8917
5 8920 8893 8889 8904 8905
5 8924 8921 8920 8905 8906
4 8922 8895 8893 8920
4 8923 8922 8920 8921
4 8925 8924 8906 8913
4 8926 8925 8913 8914
4 8927 8921 8924 8925
4 8928 8927 8925 8926
6 8929 8928 8926 8914 8918 8919
5 8930 8923 8921 8927 8928
5 8970 8931 8930 8928 8929
4 8933 8932 8866 8890
5 8934 8933 8890 8894 8895
4 8935 8868 8932 8933
4 8936 8935 8933 8934
5 8937 8934 8895 8922 8923
6 9001 8938 8937 8923 8930 8931
4 8939 8936 8934 8937
4 8940 8939 8937 8938
6 8942 8941 8848 8846 8867 8868
5 8943 8942 8868 8935 8936
5 8944 8943 8936 8939 8940
4 8945 8941 8942 8943
4 8946 8945 8943 8944
4 8948 8947 7960 7975
4 8949 8948 7975 7976
4 8950 8908 8947 8948
4 8951 8950 8948 8949
6 8959 8952 8951 8949 7976 7977
4 8953 8917 8908 8950
4 8954 8953 8950 8951
4 8955 8919 8917 8953
4 8956 8955 8953 8954
5 8957 8956 8954 8951 8952
4 8960 8959 7977 8958
4 8961 8960 8958 7981
4 8962 8952 8959 8960
4 8963 8962 8960 8961
5 8964 8963 8961 7981 7982
5 8965 8957 8952 8962 8963
5 8966 8981 8965 8963 8964
6 8967 8969 8929 8919 8955 8956
5 8968 8975 8967 8956 8957
4 8971 8970 8929 8969
4 8972 8971 8969 8967
4 8973 8931 8970 8971
4 8974 8973 8971 8972
4 8976 8972 8967 8975
4 8977 8976 8975 8968
4 8978 8974 8972 8976
4 8979 8978 8976 8977
5 8982 8980 8968 8957 8965
4 8983 8982 8965 8981
4 8984 8983 8981 8966
4 8985 8980 8982 8983
4 8986 8985 8983 8984
6 8988 8987 8979 8977 8968 8980
4 8989 8988 8980 8985
4 8990 8989 8985 8986
4 8991 8987 8988 8989
4 8992 8991 8989 8990
6 8993 8995 8966 8964 7982 7986
4 8994 8993 7986 7987
5 8996 8986 8984 8966 8995
4 8997 8996 8995 8993
5 8998 8992 8990 8986 8996
4 8999 8998 8996 8997
5 9000 8999 8997 8993 8994
5 9002 9001 8931 8973 8974
5 9003 9002 8974 8978 8979
4 9004 8938 9001 9002
4 9005 9004 9002 9003
4 9006 9003 8979 8987
5 9007 9006 8987 8991 8992
4 9008 9005 9003 9006
4 9009 9008 9006 9007
5 9010 8940 8938 9004 9005
5 9011 9010 9005 9008 9009
6 9012 9009 9007 8992 8998 8999
4 9013 9012 8999 9000
4 9014 9011 9009 9012
4 9015 9014 9012 9013
5 9016 9000 8994 7987 7991
4 9017 9016 7991 7992
5 9018 9015 9013 9000 9016
4 9019 9018 9016 9017
5 9020 8944 8940 9010 9011
5 9021 9020 9011 9014 9015
4 9022 8946 8944 9020
4 9023 9022 9020 9021
6 9024 9023 9021 9015 9018 9019
4 9026 9025 8848 8941
5 9027 9026 8941 8945 8946
4 9028 8853 9025 9026
4 9029 9028 9026 9027
5 9030 9027 8946 9022 9023
4 9031 9030 9023 9024
4 9032 9029 9027 9030
4 9033 9032 9030 9031
5 9035 9037 8778 8227 9034
5 9036 9055 9035 9034 8851
5 9038 9040 8783 8778 9037
5 9039 9045 9038 9037 9035
4 9041 8788 8783 9040
4 9042 9041 9040 9038
4 9043 8790 8788 9041
5 9049 9044 9043 9041 9042
5 9046 9048 9042 9038 9045
4 9047 9046 9045 9039
4 9050 9049 9042 9048
4 9051 9050 9048 9046
4 9052 9044 9049 9050
4 9053 9052 9050 9051
6 9054 9070 9053 9051 9046 9047
4 9056 9039 9035 9055
4 9057 9056 9055 9036
6 9058 9091 9054 9047 9039 9056
4 9059 9058 9056 9057
4 9061 9036 8851 9060
4 9062 9061 9060 8852
5 9063 9059 9057 9036 9061
4 9064 9063 9061 9062
5 9065 8803 8801 8790 9043
4 9066 9065 9043 9044
5 9067 9078 8805 8803 9065
4 9068 9067 9065 9066
6 9071 9069 9066 9044 9052 9053
4 9072 9071 9053 9070
4 9073 9072 9070 9054
4 9074 9069 9071 9072
4 9075 9074 9072 9073
4 9076 9068 9066 9069
5 9077 9076 9069 9074 9075
4 9080 9079 8805 9078
4 9081 9080 9078 9067
4 9082 8809 9079 9080
4 9083 9082 9080 9081
5 9084 9083 9081 9067 9068
5 9085 8811 8809 9082 9083
4 9086 9085 9083 9084
4 9087 9084 9068 9076
5 9098 9088 9087 9076 9077
4 9089 9086 9084 9087
5 9104 9090 9089 9087 9088
5 9092 9075 9073 9054 9091
4 9093 9092 9091 9058
5 9094 9097 9077 9075 9092
4 9095 9094 9092 9093
5 9096 9095 9093 9058 9059
4 9099 9098 9077 9097
4 9100 9099 9097 9094
4 9101 9088 9098 9099
4 9102 9101 9099 9100
5 9103 9102 9100 9094 9095
4 9105 9104 9088 9101
4 9106 9105 9101 9102
4 9107 9090 9104 9105
4 9108 9107 9105 9106
5 9109 9108 9106 9102 9103
5 9110 9109 9103 9095 9096
4 9112 9111 8811 9085
4 9113 9112 9085 9086
4 9114 8815 9111 9112
4 9115 9114 9112 9113
4 9116 9113 9086 9089
5 9126 9117 9116 9089 9090
4 9118 9115 9113 9116
5 9132 9119 9118 9116 9117
6 9121 9120 8817 8815 9114 9115
4 9122 9121 9115 9118
5 9139 9123 9122 9118 9119
4 9124 9120 9121 9122
4 9125 9124 9122 9123
4 9127 9126 9090 9107
4 9128 9127 9107 9108
4 9129 9117 9126 9127
4 9130 9129 9127 9128
5 9131 9130 9128 9108 9109
4 9133 9132 9117 9129
4 9134 9133 9129 9130
4 9135 9119 9132 9133
4 9136 9135 9133 9134
5 9137 9136 9134 9130 9131
5 9138 9137 9131 9109 9110
4 9140 9139 9119 9135
4 9141 9140 9135 9136
4 9142 9123 9139 9140
4 9143 9142 9140 9141
5 9144 9143 9141 9136 9137
5 9145 9125 9123 9142 9143
4 9146 9145 9143 9144
5 9147 9146 9144 9137 9138
5 9148 9110 9096 9059 9063
4 9149 9148 9063 9064
5 9150 9147 9138 9110 9148
4 9151 9150 9148 9149
5 9153 9064 9062 8852 9152
4 9154 9153 9152 8853
5 9155 9151 9149 9064 9153
4 9156 9155 9153 9154
4 9158 9157 8817 9120
5 9159 9158 9120 9124 9125
4 9160 8829 9157 9158
4 9161 9160 9158 9159
5 9162 9159 9125 9145 9146
4 9163 9162 9146 9147
4 9164 9161 9159 9162
4 9165 9164 9162 9163
5 9166 8831 8829 9160 9161
5 9167 9166 9161 9164 9165
5 9168 9165 9163 9147 9150
4 9169 9168 9150 9151
4 9170 9167 9165 9168
4 9171 9170 9168 9169
5 9172 8833 8831 9166 9167
7 9177 9173 9761 9172 9167 9170 9171
6 9174 9176 9171 9169 9151 9155
4 9175 9174 9155 9156
4 9178 9177 9171 9176
4 9179 9178 9176 9174
5 9180 9769 9173 9177 9178
4 9181 9180 9178 9179
5 9182 9181 9179 9174 9175
6 9183 9156 9154 8853 9028 9029
5 9184 9183 9029 9032 9033
5 9185 9182 9175 9156 9183
4 9186 9185 9183 9184
5 9190 9188 9187 3679 3680
4 9191 9190 3680 9189
4 9192 9191 9189 3681
4 9193 9188 9190 9191
5 9209 9194 9193 9191 9192
5 9197 9196 9195 9187 9188
4 9198 9197 9188 9193
5 9244 9199 9198 9193 9194
4 9200 9196 9197 9198
4 9201 9200 9198 9199
6 9203 9202 9208 9192 3681 3861
4 9204 9203 3861 3865
4 9205 9204 3865 3866
5 9206 9214 9202 9203 9204
4 9207 9206 9204 9205
4 9210 9209 9192 9208
5 9215 9211 9210 9208 9202
4 9212 9194 9209 9210
5 9221 9213 9212 9210 9211
4 9216 9215 9202 9214
4 9217 9216 9214 9206
4 9218 9211 9215 9216
4 9219 9218 9216 9217
5 9220 9219 9217 9206 9207
4 9222 9221 9211 9218
4 9223 9222 9218 9219
4 9224 9213 9221 9222
4 9225 9224 9222 9223
5 9226 9225 9223 9219 9220
7 9227 9229 9207 9205 3866 3884 3885
5 9228 9234 9227 3885 3886
4 9230 9220 9207 9229
4 9231 9230 9229 9227
5 9232 9269 9226 9220 9230
4 9233 9232 9230 9231
4 9235 9231 9227 9234
5 9236 9238 9235 9234 9228
5 9239 9237 9233 9231 9235
4 9240 9239 9235 9238
4 9241 9240 9238 9236
4 9242 9237 9239 9240
4 9243 9242 9240 9241
4 9245 9244 9194 9212
4 9246 9245 9212 9213
4 9247 9199 9244 9245
5 9252 9248 9247 9245 9246
6 9249 9251 9246 9213 9224 9225
5 9270 9250 9249 9225 9226
4 9253 9252 9246 9251
4 9254 9253 9251 9249
4 9255 9248 9252 9253
4 9256 9255 9253 9254
5 9257 9256 9254 9249 9250
6 9259 9258 9201 9199 9247 9248
5 9260 9259 9248 9255 9256
5 9261 9263 9260 9256 9257
5 9264 9262 9258 9259 9260
4 9265 9264 9260 9263
4 9266 9265 9263 9261
4 9267 9262 9264 9265
4 9268 9267 9265 9266
4 9271 9270 9226 9269
4 9272 9271 9269 9232
4 9273 9250 9270 9271
4 9274 9273 9271 9272
5 9275 9274 9272 9232 9233
5 9276 9257 9250 9273 9274
4 9277 9276 9274 9275
4 9278 9275 9233 9237
5 9279 9278 9237 9242 9243
4 9280 9277 9275 9278
4 9281 9280 9278 9279
4 9282 9261 9257 9276
4 9283 9282 9276 9277
5 9284 9268 9266 9261 9282
4 9285 9284 9282 9283
7 9286 9306 9285 9283 9277 9280 9281
4 9288 9287 9195 9196
6 9293 9289 9288 9196 9200 9201
4 9291 9290 9287 9288
4 9292 9291 9288 9289
5 9295 9294 9293 9201 9258
4 9296 9295 9258 9262
5 9297 9296 9262 9267 9268
4 9298 9294 9295 9296
4 9299 9298 9296 9297
4 9300 9289 9293 9294
5 9301 9300 9294 9298 9299
4 9302 9297 9268 9284
4 9303 9302 9284 9285
4 9304 9299 9297 9302
4 9305 9304 9302 9303
4 9307 9303 9285 9306
4 9308 9307 9306 9286
4 9309 9305 9303 9307
4 9310 9309 9307 9308
5 9311 9301 9299 9304 9305
5 9312 9311 9305 9309 9310
5 9313 9292 9289 9300 9301
6 9448 9314 9313 9301 9311 9312
5 9315 9317 9228 3886 4250
4 9316 9315 4250 4251
4 9318 9236 9228 9317
4 9319 9318 9317 9315
5 9320 9243 9241 9236 9318
4 9321 9320 9318 9319
7 9331 9322 9338 9321 9319 9315 9316
6 9325 9323 9330 9316 4251 4254
4 9326 9325 4254 9324
4 9327 9326 9324 4255
4 9328 9323 9325 9326
5 9373 9329 9328 9326 9327
4 9332 9331 9316 9330
4 9333 9332 9330 9323
4 9334 9322 9331 9332
4 9335 9334 9332 9333
8 9380 9336 9350 9335 9333 9323 9328 9329
7 9339 9337 9281 9279 9243 9320 9321
4 9340 9339 9321 9338
4 9341 9340 9338 9322
4 9342 9337 9339 9340
4 9343 9342 9340 9341
4 9344 9286 9281 9337
6 9355 9345 9344 9337 9342 9343
4 9346 9341 9322 9334
4 9347 9346 9334 9335
4 9348 9343 9341 9346
4 9349 9348 9346 9347
4 9351 9347 9335 9350
4 9352 9351 9350 9336
4 9353 9349 9347 9351
4 9354 9353 9351 9352
4 9356 9355 9343 9348
4 9357 9356 9348 9349
4 9358 9345 9355 9356
5 9363 9359 9358 9356 9357
5 9360 9362 9357 9349 9353
4 9361 9360 9353 9354
4 9364 9363 9357 9362
4 9365 9364 9362 9360
4 9366 9359 9363 9364
4 9367 9366 9364 9365
5 9368 9367 9365 9360 9361
5 9370 9372 9327 4255 9369
4 9371 9370 9369 4524
4 9374 9373 9327 9372
4 9375 9374 9372 9370
4 9376 9329 9373 9374
4 9377 9376 9374 9375
5 9378 9377 9375 9370 9371
7 9386 9379 9378 9371 4524 4528 4529
5 9381 9380 9329 9376 9377
4 9382 9381 9377 9378
4 9383 9336 9380 9381
4 9384 9383 9381 9382
6 9406 9385 9384 9382 9378 9379
5 9387 9386 4529 4623 4624
6 9391 9388 9387 4624 4634 4635
4 9389 9379 9386 9387
4 9390 9389 9387 9388
5 9392 9391 4635 4656 4657
5 9393 9392 4657 4661 4662
4 9394 9388 9391 9392
4 9395 9394 9392 9393
6 9397 9396 9393 4662 4669 4670
5 9398 9397 4670 4678 4679
4 9399 9398 4679 4680
4 9400 9396 9397 9398
4 9401 9400 9398 9399
4 9402 9395 9393 9396
5 9403 9402 9396 9400 9401
6 9404 9411 9390 9388 9394 9395
6 9568 9405 9404 9395 9402 9403
4 9407 9406 9379 9389
5 9412 9408 9407 9389 9390
4 9409 9385 9406 9407
4 9410 9409 9407 9408
4 9413 9412 9390 9411
4 9414 9413 9411 9404
4 9415 9408 9412 9413
4 9416 9415 9413 9414
5 9417 9416 9414 9404 9405
5 9418 9410 9408 9415 9416
4 9419 9418 9416 9417
6 9420 9354 9352 9336 9383 9384
4 9421 9420 9384 9385
5 9422 9368 9361 9354 9420
4 9423 9422 9420 9421
6 9425 9424 9421 9385 9409 9410
4 9426 9425 9410 9418
4 9427 9426 9418 9419
4 9428 9424 9425 9426
4 9429 9428 9426 9427
4 9430 9423 9421 9424
5 9431 9430 9424 9428 9429
5 9432 9310 9308 9286 9344
4 9433 9432 9344 9345
4 9434 9312 9310 9432
5 9435 9450 9434 9432 9433
6 9437 9436 9433 9345 9358 9359
5 9438 9437 9359 9366 9367
4 9439 9438 9367 9368
4 9440 9436 9437 9438
4 9441 9440 9438 9439
6 9443 9442 9467 9435 9433 9436
4 9444 9443 9436 9440
4 9445 9444 9440 9441
4 9446 9442 9443 9444
4 9447 9446 9444 9445
5 9451 9449 9448 9312 9434
4 9452 9451 9434 9450
5 9453 9455 9452 9450 9435
5 9456 9454 9449 9451 9452
4 9457 9456 9452 9455
4 9458 9457 9455 9453
4 9459 9454 9456 9457
4 9460 9459 9457 9458
5 9462 9461 9314 9448 9449
4 9463 9462 9449 9454
6 9482 9464 9463 9454 9459 9460
4 9465 9461 9462 9463
4 9466 9465 9463 9464
4 9468 9453 9435 9467
5 9469 9471 9468 9467 9442
7 9472 9470 9481 9460 9458 9453 9468
4 9473 9472 9468 9471
4 9474 9473 9471 9469
5 9475 9487 9470 9472 9473
4 9476 9475 9473 9474
4 9477 9469 9442 9446
4 9478 9477 9446 9447
5 9479 9476 9474 9469 9477
4 9480 9479 9477 9478
4 9483 9482 9460 9481
5 9488 9484 9483 9481 9470
4 9485 9464 9482 9483
4 9486 9485 9483 9484
4 9489 9488 9470 9487
4 9490 9489 9487 9475
4 9491 9484 9488 9489
4 9492 9491 9489 9490
5 9493 9492 9490 9475 9476
5 9494 9486 9484 9491 9492
4 9495 9494 9492 9493
5 9496 9466 9464 9485 9486
5 9497 9496 9486 9494 9495
5 9498 9495 9493 9476 9479
4 9499 9498 9479 9480
4 9500 9497 9495 9498
4 9501 9500 9498 9499
5 9502 9441 9439 9368 9422
4 9503 9502 9422 9423
6 9504 9510 9447 9445 9441 9502
4 9505 9504 9502 9503
4 9506 9503 9423 9430
5 9631 9507 9506 9430 9431
4 9508 9505 9503 9506
5 9655 9509 9508 9506 9507
4 9511 9478 9447 9510
4 9512 9511 9510 9504
4 9513 9480 9478 9511
4 9514 9513 9511 9512
5 9515 9514 9512 9504 9505
4 9516 9499 9480 9513
4 9517 9516 9513 9514
4 9518 9501 9499 9516
4 9519 9518 9516 9517
5 9520 9519 9517 9514 9515
4 9521 9515 9505 9508
4 9522 9521 9508 9509
4 9523 9520 9515 9521
5 9686 9524 9523 9521 9522
6 9527 9526 9525 9290 9291 9292
4 9528 9527 9292 9313
5 9535 9529 9528 9313 9314
4 9530 9526 9527 9528
4 9531 9530 9528 9529
4 9533 9532 9525 9526
5 9534 9533 9526 9530 9531
4 9536 9535 9314 9461
5 9537 9536 9461 9465 9466
4 9538 9529 9535 9536
4 9539 9538 9536 9537
5 9540 9537 9466 9496 9497
5 9541 9540 9497 9500 9501
4 9542 9539 9537 9540
4 9543 9542 9540 9541
5 9544 9531 9529 9538 9539
5 9545 9544 9539 9542 9543
5 9546 9541 9501 9518 9519
4 9547 9546 9519 9520
4 9548 9543 9541 9546
4 9549 9548 9546 9547
7 9834 9550 9549 9547 9520 9523 9524
5 9551 9545 9543 9548 9549
4 9552 9551 9549 9550
5 9553 9534 9531 9544 9545
5 9554 9553 9545 9551 9552
6 9555 9401 9399 4680 8507 8508
6 9556 9558 9555 8508 8512 8513
5 9559 9557 9403 9401 9555
4 9560 9559 9555 9558
4 9561 9560 9558 9556
4 9562 9557 9559 9560
4 9563 9562 9560 9561
5 9564 9556 8513 8528 8529
4 9565 9564 8529 8530
5 9566 9563 9561 9556 9564
4 9567 9566 9564 9565
4 9569 9568 9403 9557
5 9570 9569 9557 9562 9563
4 9571 9405 9568 9569
4 9572 9571 9569 9570
6 9573 9572 9570 9563 9566 9567
6 9574 9567 9565 8530 8564 8565
4 9575 9574 8565 8566
4 9576 9573 9567 9574
4 9577 9576 9574 9575
5 9578 9417 9405 9571 9572
4 9579 9578 9572 9573
4 9580 9419 9417 9578
4 9581 9580 9578 9579
8 9602 9582 9612 9581 9579 9573 9576 9577
6 9584 9583 9575 8566 8596 8597
6 9586 9585 9584 8597 8620 8621
4 9587 9586 8621 8624
5 9588 9587 8624 8629 8630
4 9589 9585 9586 9587
4 9590 9589 9587 9588
4 9591 9583 9584 9585
5 9592 9591 9585 9589 9590
4 9593 9577 9575 9583
5 9594 9593 9583 9591 9592
6 9595 9590 9588 8630 8689 8690
5 9596 9595 8690 8693 8694
4 9597 9592 9590 9595
4 9598 9597 9595 9596
6 9599 9598 9596 8694 8700 8701
5 9600 9594 9592 9597 9598
4 9601 9600 9598 9599
4 9603 9602 9577 9593
4 9604 9603 9593 9594
4 9605 9582 9602 9603
4 9606 9605 9603 9604
6 9607 9606 9604 9594 9600 9601
4 9608 9427 9419 9580
4 9609 9608 9580 9581
4 9610 9429 9427 9608
4 9611 9610 9608 9609
4 9613 9609 9581 9612
4 9614 9613 9612 9582
4 9615 9611 9609 9613
4 9616 9615 9613 9614
6 9617 9630 9431 9429 9610 9611
6 9618 9636 9617 9611 9615 9616
6 9619 9616 9614 9582 9605 9606
4 9620 9619 9606 9607
5 9621 9668 9618 9616 9619
4 9622 9621 9619 9620
6 9623 9601 9599 8701 8823 8824
4 9624 9623 8824 8825
4 9625 9607 9601 9623
4 9626 9625 9623 9624
7 9759 9627 9626 9624 8825 8832 8833
7 9628 9723 9622 9620 9607 9625 9626
6 9781 9629 9733 9628 9626 9627
4 9632 9631 9431 9630
4 9633 9632 9630 9617
4 9634 9507 9631 9632
5 9640 9635 9634 9632 9633
5 9637 9639 9633 9617 9636
5 9638 9650 9637 9636 9618
4 9641 9640 9633 9639
5 9642 9644 9641 9639 9637
5 9645 9643 9635 9640 9641
4 9646 9645 9641 9644
4 9647 9646 9644 9642
4 9648 9643 9645 9646
4 9649 9648 9646 9647
4 9651 9642 9637 9650
4 9652 9651 9650 9638
5 9653 9649 9647 9642 9651
4 9654 9653 9651 9652
4 9656 9655 9507 9634
5 9660 9657 9656 9634 9635
4 9658 9509 9655 9656
4 9659 9658 9656 9657
4 9661 9660 9635 9643
5 9662 9661 9643 9648 9649
4 9663 9657 9660 9661
4 9664 9663 9661 9662
6 9665 9664 9662 9649 9653 9654
5 9666 9659 9657 9663 9664
4 9667 9666 9664 9665
4 9669 9638 9618 9668
4 9670 9669 9668 9621
5 9671 9654 9652 9638 9669
4 9672 9671 9669 9670
5 9673 9672 9670 9621 9622
4 9674 9665 9654 9671
4 9675 9674 9671 9672
4 9676 9667 9665 9674
4 9677 9676 9674 9675
5 9678 9677 9675 9672 9673
7 9680 9679 9685 9522 9509 9658 9659
4 9681 9680 9659 9666
4 9682 9681 9666 9667
5 9683 9691 9679 9680 9681
5 9684 9697 9683 9681 9682
4 9687 9686 9522 9685
5 9692 9688 9687 9685 9679
4 9689 9524 9686 9687
4 9690 9689 9687 9688
4 9693 9692 9679 9691
4 9694 9693 9691 9683
4 9695 9688 9692 9693
4 9696 9695 9693 9694
4 9698 9694 9683 9697
4 9699 9698 9697 9684
4 9700 9696 9694 9698
4 9701 9700 9698 9699
5 9702 9690 9688 9695 9696
5 9703 9702 9696 9700 9701
4 9704 9682 9667 9676
4 9705 9704 9676 9677
4 9706 9684 9682 9704
4 9707 9706 9704 9705
6 9708 9713 9707 9705 9677 9678
5 9709 9701 9699 9684 9706
4 9710 9709 9706 9707
4 9711 9703 9701 9709
5 9717 9712 9711 9709 9710
5 9714 9716 9710 9707 9713
4 9715 9714 9713 9708
4 9718 9717 9710 9716
4 9719 9718 9716 9714
4 9720 9712 9717 9718
4 9721 9720 9718 9719
5 9722 9721 9719 9714 9715
4 9724 9673 9622 9723
5 9725 9727 9724 9723 9628
5 9728 9726 9678 9673 9724
4 9729 9728 9724 9727
4 9730 9729 9727 9725
4 9731 9726 9728 9729
5 9740 9732 9731 9729 9730
5 9734 9736 9725 9628 9733
5 9800 9735 9734 9733 9629
5 9737 9739 9730 9725 9736
4 9738 9737 9736 9734
4 9741 9740 9730 9739
4 9742 9741 9739 9737
4 9743 9732 9740 9741
4 9744 9743 9741 9742
5 9745 9744 9742 9737 9738
6 9806 9746 9745 9738 9734 9735
4 9747 9708 9678 9726
6 9751 9748 9747 9726 9731 9732
5 9749 9722 9715 9708 9747
4 9750 9749 9747 9748
5 9752 9751 9732 9743 9744
4 9753 9752 9744 9745
4 9754 9748 9751 9752
4 9755 9754 9752 9753
5 9756 9755 9753 9745 9746
5 9757 9750 9748 9754 9755
4 9758 9757 9755 9756
5 9762 9760 9759 8833 9172
4 9763 9762 9172 9761
5 9770 9764 9763 9761 9173
4 9765 9760 9762 9763
4 9766 9765 9763 9764
4 9767 9627 9759 9760
5 9768 9767 9760 9765 9766
4 9771 9770 9173 9769
4 9772 9771 9769 9180
4 9773 9764 9770 9771
4 9774 9773 9771 9772
5 9775 9774 9772 9180 9181
5 9776 9766 9764 9773 9774
4 9777 9776 9774 9775
5 9778 9777 9775 9181 9182
5 9779 9768 9766 9776 9777
4 9780 9779 9777 9778
4 9782 9781 9627 9767
5 9783 9785 9782 9767 9768
6 9786 9784 9799 9629 9781 9782
4 9787 9786 9782 9785
4 9788 9787 9785 9783
4 9789 9784 9786 9787
4 9790 9789 9787 9788
4 9791 9783 9768 9779
4 9792 9791 9779 9780
5 9793 9790 9788 9783 9791
4 9794 9793 9791 9792
5 9795 9780 9778 9182 9185
4 9796 9795 9185 9186
5 9797 9794 9792 9780 9795
4 9798 9797 9795 9796
4 9801 9800 9629 9799
4 9802 9801 9799 9784
4 9803 9735 9800 9801
5 9804 9808 9803 9801 9802
7 9805 9816 9804 9802 9784 9789 9790
5 9809 9807 9806 9735 9803
4 9810 9809 9803 9808
4 9811 9810 9808 9804
4 9812 9807 9809 9810
4 9813 9812 9810 9811
4 9814 9746 9806 9807
5 9815 9814 9807 9812 9813
5 9817 9813 9811 9804 9816
4 9818 9817 9816 9805
4 9819 9815 9813 9817
4 9820 9819 9817 9818
4 9821 9805 9790 9793
4 9822 9821 9793 9794
5 9823 9820 9818 9805 9821
4 9824 9823 9821 9822
5 9825 9756 9746 9814 9815
5 9826 9825 9815 9819 9820
4 9827 9758 9756 9825
4 9828 9827 9825 9826
6 9829 9828 9826 9820 9823 9824
5 9830 9824 9822 9794 9797
4 9831 9830 9797 9798
4 9832 9829 9824 9830
4 9833 9832 9830 9831
5 9835 9834 9524 9689 9690
5 9836 9835 9690 9702 9703
4 9837 9550 9834 9835
4 9838 9837 9835 9836
6 9840 9839 9836 9703 9711 9712
5 9841 9840 9712 9720 9721
4 9842 9841 9721 9722
4 9843 9839 9840 9841
4 9844 9843 9841 9842
4 9845 9838 9836 9839
5 9846 9845 9839 9843 9844
5 9847 9552 9550 9837 9838
5 9848 9847 9838 9845 9846
5 9849 9844 9842 9722 9749
4 9850 9849 9749 9750
4 9851 9846 9844 9849
4 9852 9851 9849 9850
6 9853 9852 9850 9750 9757 9758
5 9854 9848 9846 9851 9852
4 9855 9854 9852 9853
5 9856 9554 9552 9847 9848
5 9857 9856 9848 9854 9855
5 9858 9853 9758 9827 9828
4 9859 9858 9828 9829
4 9860 9855 9853 9858
4 9861 9860 9858 9859
6 9862 9861 9859 9829 9832 9833
5 9863 9857 9855 9860 9861
4 9864 9863 9861 9862
CELL_TYPES 8002
7
7
7
7
7
7
7
7
7
7
7
7
7
7
7
7
7
7
7
7
7
7
7
7
7
7
7
7
7
7
7
7
7
7
7
7
7
7
7
7
7
7
7
7
7
7
7
7
7
7
7
7
7
7
7
7
7
7
7
7
7
7
7
7
7
7
7
7
7
7
7
7
7
7
7
7
7
7
7
7
7
7
7
7
7
7
7
7
7
7
7
7
7
7
7
7
7
7
7
7
7
7
7
7
7
7
7
7
7
7
7
7
7
7
7
7
7
7
7
7
7
7
7
7
7
7
7
7
7
7
7
7
7
7
7
7
7
7
7
7
7
7
7
7
7
7
7
7
7
7
7
7
7
7
7
7
7
7
7
7
7
7
7
7
7
7
7
7
7
7
7
7
7
7
7
7
7
7
7
7
7
7
7
7
7
7
7
7
7
7
7
7
7
7
7
7
7
7
7
7
7
7
7
7
7
7
7
7
7
7
7
7
7
7
7
7
7
7
7
7
7
7
7
7
7
7
7
7
7
7
7
7
7
7
7
7
7
7
7
7
7
7
7
7
7
7
7
7
7
7
7
7
7
7
7
7
7
7
7
7
7
7
7
7
7
7
7
7
7
7
7
7
7
7
7
7
7
7
7
7
7
7
7
7
7
7
7
7
7
7
7
7
7
7
7
7
7
7
7
7
7
7
7
7
7
7
7
7
7
7
7
7
7
7
7
7
7
7
7
7
7
7
7
7
7
7
7
7
7
7
7
7
7
7
7
7
7
7
7
7
7
7
7
7
7
7
7
7
7
7
7
7
7
7
7
7
7
7
7
7
7
7
7
7
7
7
7
7
7
7
7
7
7
7
7
7
7
7
7
7
7
7
7
7
7
7
7
7
7
7
7
7
7
7
7
7
7
7
7
7
7
7
7
7
7
7
7
7
7
7
7
7
7
7
7
7
7
7
7
7
7
7
7
7
7
7
7
7
7
7
7
7
7
7
7
7
7
7
7
7
7
7
7
7
7
7
7
7
7
7
7
7
7
7
7
7
7
7
7
7
7
7
7
7
7
7
7
7
7
7
7
7
7
7
7
7
7
7
7
7
7
7
7
7
7
7
7
7
7
7
7
7
7
7
7
7
7
7
7
7
7
7
7
7
7
7
7
7
7
7
7
7
7
7
7
7
7
7
7
7
7
7
7
7
7
7
7
7
7
7
7
7
7
7
7
7
7
7
7
7
7
7
7
7
7
7
7
7
7
7
7
7
7
7
7
7
7
7
7
7
7
7
7
7
7
7
7
7
7
7
7
7
7
7
7
7
7
7
7
7
7
7
7
7
7
7
7
7
7
7
7
7
7
7
7
7
7
7
7
7
7
7
7
7
7
7
7
7
7
7
7
7
7
7
7
7
7
7
7
7
7
7
7
7
7
7
7
7
7
7
7
7
7
7
7
7
7
7
7
7
7
7
7
7
7
7
7
7
7
7
7
7
7
7
7
7
7
7
7
7
7
7
7
7
7
7
7
7
7
7
7
7
7
7
7
7
7
7
7
7
7
7
7
7
7
7
7
7
7
7
7
7
7
7
7
7
7
7
7
7
7
7
7
7
7
7
7
7
7
7
7
7
7
7
7
7
7
7
7
7
7
7
7
7
7
7
7
7
7
7
7
7
7
7
7
7
7
7
7
7
7
7
7
7
7
7
7
7
7
7
7
7
7
7
7
7
7
7
7
7
7
7
7
7
7
7
7
7
7
7
7
7
7
7
7
7
7
7
7
7
7
7
7
7
7
7
7
7
7
7
7
7
7
7
7
7
7
7
7
7
7
7
7
7
7
7
7
7
7
7
7
7
7
7
7
7
7
7
7
7
7
7
7
7
7
7
7
7
7
7
7
7
7
7
7
7
7
7
7
7
7
7
7
7
7
7
7
7
7
7
7
7
7
7
7
7
7
7
7
7
7
7
7
7
7
7
7
7
7
7
7
7
7
7
7
7
7
7
7
7
7
7
7
7
7
7
7
7
7
7
7
7
7
7
7
7
7
7
7
7
7
7
7
7
7
7
7
7
7
7
7
7
7
7
7
7
7
7
7
7
7
7
7
7
7
7
7
7
7
7
7
7
7
7
7
7
7
7
7
7
7
7
7
7
7
7
7
7
7
7
7
7
7
7
7
7
7
7
7
7
7
7
7
7
7
7
7
7
7
7
7
7
7
7
7
7
7
7
7
7
7
7
7
7
7
7
7
7
7
7
7
7
7
7
7
7
7
7
7
7
7
7
7
7
7
7
7
7
7
7
7
7
7
7
7
7
7
7
7
7
7
7
7
7
7
7
7
7
7
7
7
7
7
7
7
7
7
7
7
7
7
7
7
7
7
7
7
7
7
7
7
7
7
7
7
7
7
7
7
7
7
7
7
7
7
7
7
7
7
7
7
7
7
7
7
7
7
7
7
7
7
7
7
7
7
7
7
7
7
7
7
7
7
7
7
7
7
7
7
7
7
7
7
7
7
7
7
7
7
7
7
7
7
7
7
7
7
7
7
7
7
7
7
7
7
7
7
7
7
7
7
7
7
7
7
7
7
7
7
7
7
7
7
7
7
7
7
7
7
7
7
7
7
7
7
7
7
7
7
7
7
7
7
7
7
7
7
7
7
7
7
7
7
7
7
7
7
7
7
7
7
7
7
7
7
7
7
7
7
7
7
7
7
7
7
7
7
7
7
7
7
7
7
7
7
7
7
7
7
7
7
7
7
7
7
7
7
7
7
7
7
7
7
7
7
7
7
7
7
7
7
7
7
7
7
7
7
7
7
7
7
7
7
7
7
7
7
7
7
7
7
7
7
7
7
7
7
7
7
7
7
7
7
7
7
7
7
7
7
7
7
7
7
7
7
7
7
7
7
7
7
7
7
7
7
7
7
7
7
7
7
7
7
7
7
7
7
7
7
7
7
7
7
7
7
7
7
7
7
7
7
7
7
7
7
7
7
7
7
7
7
7
7
7
7
7
7
7
7
7
7
7
7
7
7
7
7
7
7
7
7
7
7
7
7
7
7
7
7
7
7
7
7
7
7
7
7
7
7
7
7
7
7
7
7
7
7
7
7
7
7
7
7
7
7
7
7
7
7
7
7
7
7
7
7
7
7
7
7
7
7
7
7
7
7
7
7
7
7
7
7
7
7
7
7
7
7
7
7
7
7
7
7
7
7
7
7
7
7
7
7
7
7
7
7
7
7
7
7
7
7
7
7
7
7
7
7
7
7
7
7
7
7
7
7
7
7
7
7
7
7
7
7
7
7
7
7
7
7
7
7
7
7
7
7
7
7
7
7
7
7
7
7
7
7
7
7
7
7
7
7
7
7
7
7
7
7
7
7
7
7
7
7
7
7
7
7
7
7
7
7
7
7
7
7
7
7
7
7
7
7
7
7
7
7
7
7
7
7
7
7
7
7
7
7
7
7
7
7
7
7
7
7
7
7
7
7
7
7
7
7
7
7
7
7
7
7
7
7
7
7
7
7
7
7
7
7
7
7
7
7
7
7
7
7
7
7
7
7
7
7
7
7
7
7
7
7
7
7
7
7
7
7
7
7
7
7
7
7
7
7
7
7
7
7
7
7
7
7
7
7
7
7
7
7
7
7
7
7
7
7
7
7
7
7
7
7
7
7
7
7
7
7
7
7
7
7
7
7
7
7
7
7
7
7
7
7
7
7
7
7
7
7
7
7
7
7
7
7
7
7
7
7
7
7
7
7
7
7
7
7
7
7
7
7
7
7
7
7
7
7
7
7
7
7
7
7
7
7
7
7
7
7
7
7
7
7
7
7
7
7
7
7
7
7
7
7
7
7
7
7
7
7
7
7
7
7
7
7
7
7
7
7
7
7
7
7
7
7
7
7
7
7
7
7
7
7
7
7
7
7
7
7
7
7
7
7
7
7
7
7
7
7
7
7
7
7
7
7
7
7
7
7
7
7
7
7
7
7
7
7
7
7
7
7
7
7
7
7
7
7
7
7
7
7
7
7
7
7
7
7
7
7
7
7
7
7
7
7
7
7
7
7
7
7
7
7
7
7
7
7
7
7
7
7
7
7
7
7
7
7
7
7
7
7
7
7
7
7
7
7
7
7
7
7
7
7
7
7
7
7
7
7
7
7
7
7
7
7
7
7
7
7
7
7
7
7
7
7
7
7
7
7
7
7
7
7
7
7
7
7
7
7
7
7
7
7
7
7
7
7
7
7
7
7
7
7
7
7
7
7
7
7
7
7
7
7
7
7
7
7
7
7
7
7
7
7
7
7
7
7
7
7
7
7
7
7
7
7
7
7
7
7
7
7
7
7
7
7
7
7
7
7
7
7
7
7
7
7
7
7
7
7
7
7
7
7
7
7
7
7
7
7
7
7
7
7
7
7
7
7
7
7
7
7
7
7
7
7
7
7
7
7
7
7
7
7
7
7
7
7
7
7
7
7
7
7
7
7
7
7
7
7
7
7
7
7
7
7
7
7
7
7
7
7
7
7
7
7
7
7
7
7
7
7
7
7
7
7
7
7
7
7
7
7
7
7
7
7
7
7
7
7
7
7
7
7
7
7
7
7
7
7
7
7
7
7
7
7
7
7
7
7
7
7
7
7
7
7
7
7
7
7
7
7
7
7
7
7
7
7
7
7
7
7
7
7
7
7
7
7
7
7
7
7
7
7
7
7
7
7
7
7
7
7
7
7
7
7
7
7
7
7
7
7
7
7
7
7
7
7
7
7
7
7
7
7
7
7
7
7
7
7
7
7
7
7
7
7
7
7
7
7
7
7
7
7
7
7
7
7
7
7
7
7
7
7
7
7
7
7
7
7
7
7
7
7
7
7
7
7
7
7
7
7
7
7
7
7
7
7
7
7
7
7
7
7
7
7
7
7
7
7
7
7
7
7
7
7
7
7
7
7
7
7
7
7
7
7
7
7
7
7
7
7
7
7
7
7
7
7
7
7
7
7
7
7
7
7
7
7
7
7
7
7
7
7
7
7
7
7
7
7
7
7
7
7
7
7
7
7
7
7
7
7
7
7
7
7
7
7
7
7
7
7
7
7
7
7
7
7
7
7
7
7
7
7
7
7
7
7
7
7
7
7
7
7
7
7
7
7
7
7
7
7
7
7
7
7
7
7
7
7
7
7
7
7
7
7
7
7
7
7
7
7
7
7
7
7
7
7
7
7
7
7
7
7
7
7
7
7
7
7
7
7
7
7
7
7
7
7
7
7
7
7
7
7
7
7
7
7
7
7
7
7
7
7
7
7
7
7
7
7
7
7
7
7
7
7
7
7
7
7
7
7
7
7
7
7
7
7
7
7
7
7
7
7
7
7
7
7
7
7
7
7
7
7
7
7
7
7
7
7
7
7
7
7
7
7
7
7
7
7
7
7
7
7
7
7
7
7
7
7
7
7
7
7
7
7
7
7
7
7
7
7
7
7
7
7
7
7
7
7
7
7
7
7
7
7
7
7
7
7
7
7
7
7
7
7
7
7
7
7
7
7
7
7
7
7
7
7
7
7
7
7
7
7
7
7
7
7
7
7
7
7
7
7
7
7
7
7
7
7
7
7
7
7
7
7
7
7
7
7
7
7
7
7
7
7
7
7
7
7
7
7
7
7
7
7
7
7
7
7
7
7
7
7
7
7
7
7
7
7
7
7
7
7
7
7
7
7
7
7
7
7
7
7
7
7
7
7
7
7
7
7
7
7
7
7
7
7
7
7
7
7
7
7
7
7
7
7
7
7
7
7
7
7
7
7
7
7
7
7
7
7
7
7
7
7
7
7
7
7
7
7
7
7
7
7
7
7
7
7
7
7
7
7
7
7
7
7
7
7
7
7
7
7
7
7
7
7
7
7
7
7
7
7
7
7
7
7
7
7
7
7
7
7
7
7
7
7
7
7
7
7
7
7
7
7
7
7
7
7
7
7
7
7
7
7
7
7
7
7
7
7
7
7
7
7
7
7
7
7
7
7
7
7
7
7
7
7
7
7
7
7
7
7
7
7
7
7
7
7
7
7
7
7
7
7
7
7
7
7
7
7
7
7
7
7
7
7
7
7
7
7
7
7
7
7
7
7
7
7
7
7
7
7
7
7
7
7
7
7
7
7
7
7
7
7
7
7
7
7
7
7
7
7
7
7
7
7
7
7
7
7
7
7
7
7
7
7
7
7
7
7
7
7
7
7
7
7
7
7
7
7
7
7
7
7
7
7
7
7
7
7
7
7
7
7
7
7
7
7
7
7
7
7
7
7
7
7
7
7
7
7
7
7
7
7
7
7
7
7
7
7
7
7
7
7
7
7
7
7
7
7
7
7
7
7
7
7
7
7
7
7
7
7
7
7
7
7
7
7
7
7
7
7
7
7
7
7
7
7
7
7
7
7
7
7
7
7
7
7
7
7
7
7
7
7
7
7
7
7
7
7
7
7
7
7
7
7
7
7
7
7
7
7
7
7
7
7
7
7
7
7
7
7
7
7
7
7
7
7
7
7
7
7
7
7
7
7
7
7
7
7
7
7
7
7
7
7
7
7
7
7
7
7
7
7
7
7
7
7
7
7
7
7
7
7
7
7
7
7
7
7
7
7
7
7
7
7
7
7
7
7
7
7
7
7
7
7
7
7
7
7
7
7
7
7
7
7
7
7
7
7
7
7
7
7
7
7
7
7
7
7
7
7
7
7
7
7
7
7
7
7
7
7
7
7
7
7
7
7
7
7
7
7
7
7
7
7
7
7
7
7
7
7
7
7
7
7
7
7
7
7
7
7
7
7
7
7
7
7
7
7
7
7
7
7
7
7
7
7
7
7
7
7
7
7
7
7
7
7
7
7
7
7
7
7
7
7
7
7
7
7
7
7
7
7
7
7
7
7
7
7
7
7
7
7
7
7
7
7
7
7
7
7
7
7
7
7
7
7
7
7
7
7
7
7
7
7
7
7
7
7
7
7
7
7
7
7
7
7
7
7
7
7
7
7
7
7
7
7
7
7
7
7
7
7
7
7
7
7
7
7
7
7
7
7
7
7
7
7
7
7
7
7
7
7
7
7
7
7
7
7
7
7
7
7
7
7
7
7
7
7
7
7
7
7
7
7
7
7
7
7
7
7
7
7
7
7
7
7
7
7
7
7
7
7
7
7
7
7
7
7
7
7
7
7
7
7
7
7
7
7
7
7
7
7
7
7
7
7
7
7
7
7
7
7
7
7
7
7
7
7
7
7
7
7
7
7
7
7
7
7
7
7
7
7
7
7
7
7
7
7
7
7
7
7
7
7
7
7
7
7
7
7
7
7
7
7
7
7
7
7
7
7
7
7
7
7
7
7
7
7
7
7
7
7
7
7
7
7
7
7
7
7
7
7
7
7
7
7
7
7
7
7
7
7
7
7
7
7
7
7
7
7
7
7
7
7
7
7
7
7
7
7
7
7
7
7
7
7
7
7
7
7
7
7
7
7
7
7
7
7
7
7
7
7
7
7
7
7
7
7
7
7
7
7
7
7
7
7
7
7
7
7
7
7
7
7
7
7
7
7
7
7
7
7
7
7
7
7
7
7
7
7
7
7
7
7
7
7
7
7
7
7
7
7
7
7
7
7
7
7
7
7
7
7
7
7
7
7
7
7
7
7
7
7
7
7
7
7
7
7
7
7
7
7
7
7
7
7
7
7
7
7
7
7
7
7
7
7
7
7
7
7
7
7
7
7
7
7
7
7
7
7
7
7
7
7
7
7
7
7
7
7
7
7
7
7
7
7
7
7
7
7
7
7
7
7
7
7
7
7
7
7
7
7
7
7
7
7
7
7
7
7
7
7
7
7
7
7
7
7
7
7
7
7
7
7
7
7
7
7
7
7
7
7
7
7
7
7
7
7
7
7
7
7
7
7
7
7
7
7
7
7
7
7
7
7
7
7
7
7
7
7
7
7
7
7
7
7
7
7
7
7
7
7
7
7
7
7
7
7
7
7
7
7
7
7
7
7
7
7
7
7
7
7
7
7
7
7
7
7
7
7
7
7
7
7
7
7
7
7
7
7
7
7
7
7
7
7
7
7
7
7
7
7
7
7
7
7
7
7
7
7
7
7
7
7
7
7
7
7
7
7
7
7
7
7
7
7
7
7
7
7
7
7
7
7
7
7
7
7
7
7
7
7
7
7
7
7
7
7
7
7
7
7
7
7
7
7
7
7
7
7
7
7
7
7
7
7
7
7
7
7
7
7
7
7
7
7
7
7
7
7
7
7
7
7
7
7
7
7
7
7
7
7
7
7
7
7
7
7
7
7
7
7
7
7
7
7
7
7
7
7
7
7
7
7
7
7
7
7
7
7
7
7
7
7
7
7
7
7
7
7
7
7
7
7
7
7
7
7
7
7
7
7
7
7
7
7
7
7
7
7
7
7
7
7
7
7
7
7
7
7
7
7
7
7
7
7
7
7
7
7
7
7
7
7
7
7
7
7
7
7
7
7
7
7
7
7
7
7
7
7
7
7
7
7
7
7
7
7
7
7
7
7
7
7
7
7
7
7
7
7
7
7
7
7
7
7
7
7
7
7
7
7
7
7
7
7
7
7
7
7
7
7
7
7
7
7
7
7
7
7
7
7
7
7
7
7
7
7
7
7
7
7
7
7
7
7
7
7
7
7
7
7
7
7
7
7
7
7
7
7
7
7
7
7
7
7
7
7
7
7
7
7
7
7
7
7
7
7
7
7
7
7
7
7
7
7
7
7
7
7
7
7
7
7
7
7
7
7
7
7
7
7
7
7
7
7
7
7
7
7
7
7
7
7
7
7
7
7
7
7
7
7
7
7
7
7
7
7
7
7
7
7
7
7
7
7
7
7
7
7
7
7
7
7
7
7
7
7
7
7
7
7
7
7
7
7
7
7
7
7
7
7
7
7
7
7
7
7
7
7
7
7
7
7
7
7
7
7
7
7
7
7
7
7
7
7
7
7
7
7
7
7
7
7
7
7
7
7
7
7
7
7
7
7
7
7
7
7
7
7
7
7
7
7
7
7
7
7
7
7
7
7
7
7
7
7
7
7
7
7
7
7
7
7
7
7
7
7
7
7
7
7
7
7
7
7
7
7
7
7
7
7
7
7
7
7
7
7
7
7
7
7
7
7
7
7
7
7
7
7
7
7
7
7
7
7
7
7
7
7
7
7
7
7
7
7
7
7
7
7
7
7
7
7
7
7
7
7
7
7
7
7
7
7
7
7
7
7
7
7
7
7
7
7
7
7
7
7
7
7
7
7
7
7
7
7
7
7
7
7
7
7
7
7
7
7
7
7
7
7
7
7
7
7
7
7
7
7
7
7
7
7
7
7
7
7
7
7
7
7
7
7
7
7
7
7
7
7
7
7
7
7
7
7
7
7
7
7
7
7
7
7
7
7
7
7
7
7
7
7
7
7
7
7
7
7
7
7
7
7
7
7
7
7
7
7
7
7
7
7
7
7
7
7
7
7
7
7
7
7
7
7
7
7
7
7
7
7
7
7
7
7
7
7
7
7
7
7
7
7
7
7
7
7
7
7
7
7
7
7
7
7
7
7
7
7
7
7
7
7
7
7
7
7
7
7
7
7
7
7
7
7
7
7
7
7
7
7
7
7
7
7
7
7
7
7
7
7
7
7
7
7
7
7
7
7
7
7
7
7
7
7
7
7
7
7
7
7
7
7
7
7
7
7
7
7
7
7
7
7
7
7
7
7
7
7
7
7
7
7
7
7
7
7
7
7
7
7
7
7
7
7
7
7
7
7
7
7
7
7
7
7
7
7
7
7
7
7
7
7
7
7
7
7
7
7
7
7
7
7
7
7
7
7
7
7
7
7
7
7
7
7
7
7
7
7
7
7
7
7
7
7
7
7
7
7
7
7
7
7
7
7
7
7
7
7
7
7
7
7
7
7
7
7
7
7
7
7
7
7
7
7
7
7
7
7
7
7
7
7
7
7
7
7
7
7
7
7
7
7
7
7
7
7
7
7
7
7
7
7
7
7
7
7
7
7
7
7
7
7
7
7
7
7
7
7
7
7
7
7
7
7
7
7
7
7
7
7
7
7
7
7
7
7
7
7
7
7
7
7
7
7
7
7
7
7
7
7
7
7
7
7
7
7
7
7
7
7
7
7
7
7
7
7
7
7
7
7
7
7
7
7
7
7
7
7
7
7
7
7
7
7
7
7
7
7
7
7
7
7
7
7
7
7
7
7
7
7
7
7
7
7
7
7
7
7
7
7
7
7
7
7
7
7
7
7
7
7
7
7
7
7
7
7
7
7
7
7
7
7
7
7
7
7
7
7
7
7
7
7
7
7
7
7
7
7
7
7
7
7
7
7
7
7
7
7
7
7
7
7
7
7
7
7
7
7
7
7
7
7
7
7
7
7
7
7
7
7
7
7
7
7
7
7
7
7
7
7
7
7
7
7
7
7
7
7
7
7
7
7
7
7
7
7
7
7
7
7
7
7
7
7
7
7
7
7
7
7
7
7
7
7
7
7
7
7
7
7
7
7
7
7
7
7
7
7
7
7
7
7
7
7
7
7
7
7
7
7
7
7
7
7
7
7
7
7
7
7
7
7
7
7
7
7
7
7
7
7
7
7
7
7
7
7
7
7
7
7
7
7
7
7
7
7
7
7
7
7
7
7
7
7
7
7
7
7
7
7
7
7
7
7
7
7
7
7
7
7
7
7
7
7
7
7
7
7
7
7
7
7
7
7
7
7
7
7
7
7
7
7
7
7
7
7
7
7
7
7
7
7
7
7
7
7
7
7
7
7
7
7
7
7
7
7
7
7
7
7
7
7
7
7
7
7
7
7
7
7
7
7
7
7
7
7
7
7
7
7
7
7
7
7
7
7
7
7
7
7
7
7
7
7
7
7
7
7
7
7
7
7
7
7
7
7
7
7
7
7
7
7
7
7
7
7
7
7
7
7
7
7
7
7
7
7
7
7
7
7
7
7
7
7
7
7
7
7
7
7
7
7
7
7
7
7
7
7
7
7
7
7
7
7
7
7
7
7
7
7
7
7
7
7
7
7
7
7
7
7
7
7
7
7
7
7
7
7
7
7
7
7
7
7
7
7
7
7
7
7
7
7
7
7
7
7
7
7
7
7
7
7
7
7
7
7
7
7
7
7
7
7
7
7
7
7
7
7
7
7
7
7
7
7
7
7
7
7
7
7
7
7
7
7
7
7
7
7
7
7
7
7
7
7
7
7
7
7
7
7
7
7
7
7
7
7
7
7
7
7
7
7
7
7
7
7
7
7
7
7
7
7
7
7
7
7
7
7
7
7
7
7
7
7
7
7
7
7
7
7
7
7
7
7
7
7
7
7
7
7
7
7
7
7
7
7
7
7
7
7
7
7
7
7
7
7
7
7
7
7
7
7
7
7
7
7
7
7
7
7
7
7
7
7
7
7
7
7
7
7
7
7
7
7
7
7
7
7
7
7
7
7
7
7
7
7
7
7
7
7
7
7
7
7
7
7
7
7
7
7
7
7
7
7
7
7
7
7
7
7
7
7
7
7
7
7
7
7
7
7
7
7
7
7
7
7
7
7
7
7
7
7
7
7
7
7
7
7
7
7
7
7
7
7
7
7
7
7
7
7
7
7
7
7
7
7
7
7
7
7
7
7
7
7
7
7
7
7
7
7
7
7
7
7
7
7
7
7
7
7
7
7
7
7
7
7
7
7
7
7
7
7
7
7
7
7
7
7
7
7
7
7
7
7
7
7
7
7
7
7
7
7
7
7
7
7
7
7
7
7
7
7
7
7
7
7
7
7
7
7
7
7
7
7
7
7
7
7
7
7
7
7
7
7
7
7
7
7
7
7
7
7
7
7
7
7
7
7
7
7
7
7
7
7
7
7
7
7
7
7
7
7
7
7
7
7
7
7
7
7
7
7
7
7
7
7
7
7
7
7
7
7
7
7
7
7
7
7
7
7
7
7
7
7
7
7
7
7
7
7
7
7
7
7
7
7
7
7
7
7
7
7
7
7
7
7
7
7
7
7
7
7
7
7
7
7
7
7
7
7
7
7
7
7
7
7
7
7
7
7
7
7
7
7
7
7
7
7
7
7
7
7
7
7
7
7
7
7
7
7
7
7
7
7
7
7
7
7
7
7
7
7
7
7
7
7
7
7
7
7
7
7
7
7
7
7
7
7
7
7
7
7
7
7
7
7
7
7
7
7
7
7
7
7
7
7
7
7
7
7
7
7
7
7
7
7
7
7
7
7
7
7
7
7
7
7
7
7
7
7
7
7
7
7
7
7
7
7
7
7
7
7
7
7
7
7
7
7
7
7
7
7
7
7
7
7
7
7
7
7
7
7
7
7
7
7
7
7
7
7
7
7
7
7
7
7
7
7
7
7
7
7
7
7
7
7
7
7
7
7
7
7
7
7
7
7
7
7
7
7
7
7
7
7
7
7
7
7
7
7
7
7
7
7
7
7
7
7
7
7
7
7
7
7
7
7
7
7
7
7
7
7
7
7
7
7
7
7
7
7
7
7
7
7
7
7
7
7
7
7
7
7
7
7
7
7
7
7
7
7
7
7
7
7
7
7
7
7
7
7
7
7
7
7
7
7
7
7
7
7
7
7
7
7
7
7
7
7
7
7
7
7
7
7
7
7
7
7
7
7
7
7
7
7
7
7
7
7
7
7
7
7
7
7
7
7
7
7
7
7
7
7
7
7
7
7
7
7
7
7
7
7
7
7
7
7
7
7
7
7
7
7
7
7
7
7
7
7
7
7
7
7
7
7
7
7
7
7
7
7
7
7
7
7
7
7
7
7
7
7
7
7
7
7
7
7
7
7
7
7
7
7
7
7
7
7
7
7
7
7
7
7
7
7
7
7
7
7
7
7
7
7
7
7
7
7
7
7
7
7
7
7
7
7
7
7
7
7
7
7
7
7
7
7
7
7
7
7
7
7
7
7
7
7
7
7
7
7
7
7
7
7
7
7
7
7
7
7
7
7
7
7
7
7
7
7
7
7
7
7
7
7
7
7
7
7
7
7
7
7
7
7
7
7
7
7
7
7
7
7
7
7
7
7
7
7
7
7
7
7
7
7
7
7
7
7
7
7
7
7
7
7
7
7
7
7
7
7
7
7
7
7
7
7
7
7
7
7
7
7
7
7
7
7
7
7
7
7
7
7
7
7
7
7
7
7
7
7
7
7
7
7
7
7
7
7
7
7
7
7
7
7
7
7
7
7
7
7
7
7
7
7
7
7
7
7
7
7
7
7
7
7
7
7
7
7
7
7
7
7
7
7
7
7
7
7
7
7
7
7
7
7
7
7
7
7
7
7
7
7
7
7
7
7
7
7
7
7
7
7
7
7
7
7
7
7
7
7
7
7
7
7
7
7
7
7
7
7
7
7
7
7
7
7
7
7
7
7
7
7
7
7
7
7
7
7
7
7
7
7
7
7
7
7
7
7
7
7
7
7
7
7
7
7
7
7
7
7
7
7
7
7
7
7
7
7
7
7
7
7
7
7
7
7
7
7
7
7
7
7
7
7
7
7
7
7
7
7
7
7
7
7
7
7
7
7
7
7
7
7
7
7
7
7
7
7
7
7
7
7
7
7
7
7
7
7
7
7
7
7
7
7
7
7
7
7
7
7
7
7
7
7
7
7
7
7
7
7
7
7
7
7
7
7
7
7
7
7
7
7
7
7
7
7
7
7
7
7
7
7
7
7
7
7
7
7
7
7
7
7
7
7
7
7
7
7
7
7
7
7
7
7
7
7
7
7
7
7
7
7
7
7
7
7
7
7
7
7
7
7
7
7
7
7
7
7
7
7
7
7
7
7
7
7
7
7
7
7
7
7
7
7
7
7
7
7
7
7
7
7
7
7
7
7
7
7
7
7
7
7
7
7
7
7
7
7
7
7
7
7
7
7
7
7
7
7
7
7
7
7
7
7
7
7
7
7
7
7
7
7
7
7
7
7
7
7
7
7
7
7
7
7
7
7
7
7
7
7
7
7
7
7
7
7
7
7
7
7
7
7
7
7
7
7
7
7
7
7
7
7
7
7
7
7
7
7
7
7
7
7
7
7
7
7
7
7
7
7
7
7
7
7
7
7
7
7
7
7
7
7
7
7
7
7
7
7
7
7
7
7
7
7
7
7
7
7
7
7
7
7
7
7
7
7
7
7
7
7
7
7
7
7
7
7
7
7
7
7
7
7
7
7
7
7
7
7
7
7
7
7
7
7
7
7
7
7
7
7
7
7
7
7
7
7
7
7
7
7
7
7
7
7
7
7
7
7
7
7
7
7
7
7
7
7
7
7
7
7
7
7
7
7
7
7
7
7
7
7
7
7
7
7
7
7
7
7
7
7
7
7
7
7
7
7
7
7
7
7
7
7
7
7
7
7
7
7
7
7
7
7
7
7
7
7
7
7
7
7
7
7
7
7
7
7
7
7
7
7
7
7
7
7
7
7
7
7
7
7
7
7
7
7
7
7
7
7
7
7
7
7
7
7
7
7
7
7
7
7
7
7
7
7
7
7
7
7
7
7
7
7
7
7
7
7
7
7
7
7
7
7
7
7
7
7
7
7
7
7
7
7
7
7
7
7
7
7
7
7
7
7
7
7
7
7
7
7
7
7
7
7
7
7
7
7
7
7
7
7
7
7
7
7
7
7
7
7
7
7
7
7
7
7
7
7
7
7
7
7
7
7
7
7
7
7
7
7
7
7
7
7
7
7
7
7
7
7
7
7
7
7
7
7
7
7
7
7
7
7
7
7
7
7
7
7
7
7
7
7
7
7
7
7
7
7
7
7
7
7
7
7
7
7
7
7
7
7
7
7
7
7
7
7
7
7
7
7
7
7
7
7
7
7
7
7
7
7
7
7
7
7
7
7
7
7
7
7
7
7
7
7
7
7
7
7
7
7
7
7
7
7
7
7
7
7
7
7
7
7
7
7
7
7
7
7
7
7
7
7
7
7
7
7
7
7
7
7
7
7
7
7
7
7
7
7
7
7
7
7
7
7
7
7
7
7
7
7
7
7
7
7
7
7
7
7
7
7
7
7
7
7
7
7
7
7
7
7
7
7
7
7
7
7
7
7
7
7
7
7
7
7
7
7
7
7
7
7
7
7
7
7
7
7
7
7
7
7
7
7
7
7
7
7
7
7
7
7
7
7
7
7
7
7
7
7
7
7
7
7
7
7
7
7
7
7
7
7
7
7
7
7
7
7
7
7
7
7
7
7
7
7
7
7
7
7
7
7
7
7
7
7
7
7
7
7
7
7
7
7
7
7
7
7
7
7
7
7
7
7
7
7
7
7
7
7
7
7
7
7
7
7
7
7
7
7
7
7
7
7
7
7
7
7
7
7
7
7
7
7
7
7
7
7
7
7
7
7
7
7
7
7
7
7
7
7
7
7
7
7
7
7
7
7
7
7
7
7
7
7
7
7
7
7
7
7
7
7
7
7
7
7
7
7
7
7
7
7
7
7
7
7
7
7
7
7
7
7
7
7
7
7
7
7
7
7
7
7
7
7
7
7
7
7
7
7
7
7
7
7
7
7
7
7
7
7
7
7
7
7
7
7
7
7
7
7
7
7
7
7
7
7
7
7
7
7
7
7
7
7
7
7
7
7
7
7
7
7
7
7
7
7
7
7
7
7
7
7
7
7
7
7
7
7
7
7
7
7
7
7
7
7
7
7
7
7
7
7
7
7
7
7
7
7
7
7
7
7
7
7
7
7
7
7
7
7
7
7
7
7
7
7
7
7
7
7
7
7
7
7
7
7
7
7
7
7
7
7
7
7
7
7
7
7
7
7
7
7
7
7
7
7
7
7
7
7
7
7
7
7
7
7
7
7
7
7
7
7
7
7
7
7
7
7
7
7
7
7
7
7
7
7
7
7
7
7
7
7
7
7
7
7
7
7
7
7
7
7
7
7
7
7
7
7
7
7
7
7
7
7
7
7
7
7
7
7
7
7
7
7
7
7
7
7
7
7
7
7
7
7
7
7
7
7
7
7
7
7
7
7
7
7
7
7
7
7
7
7
7
7
7
7
7
7
7
7
7
7
7
7
7
7
7
7
7
7
7
7
7
7
7
7
7
7
7
7
7
7
7
7
7
7
7
7
7
7
7
7
7
7
7
7
7
7
7
7
7
7
7
7
7
7
7
7
7
7
7
7
7
7
7
7
7
7
7
7
7
7
7
7
7
7
7
7
7
7
7
7
7
7
7
7
7
7
7
7
7
7
7
7
7
7
7
7
7
7
7
7
7
7
7
7
7
7
7
7
7
7
7
7
7
7
7
7
7
7
7
7
7
7
7
7
7
7
7
7
7
7
7
7
7
7
7
7
7
7
7
7
7
7
7
7
7
7
7
7
7
7
7
7
7
7
7
7
7
7
7
7
7
7
7
7
7
7
7
7
7
7
7
7
7
7
7
7
7
7
7
7
7
7
7
7
7
7
7
7
7
7
7
7
7
7
7
7
7
7
7
7
7
7
7
7
7
7
7
7
7
7
7
7
7
7
7
7
7
7
7
7
7
7
7
7
7
7
7
7
7
7
7
7
7
7
7
7
7
7
7
7
7
7
7
7
7
7
7
7
7
7
7
7
7
7
7
7
7
7
7
7
7
7
7
7
7
7
7
7
7
7
7
7
7
7
7
7
7
7
7
7
7
7
7
7
7
7
7
7
7
7
7
7
7
7
7
7
7
7
7
7
7
7
7
7
7
7
7
7
7
7
7
7
7
7
7
7
7
7
7
7
7
7
7
7
7
7
7
7
7
7
7
7
7
7
7
7
7
7
7
7
7
7
7
7
7
7
7
7
7
7
7
7
7
7
7
7
7
7
7
7
7
7
7
7
7
7
7
7
7
7
7
7
7
7
7
7
7
7
7
7
7
7
7
7
7
7
7
7
7
7
7
7
7
7
7
7
7
7
7
7
7
7
7
7
7
7
7
7
7
7
7
7
7
7
7
7
7
7
7
7
7
7
7
7
7
7
7
7
7
7
7
7
7
7
7
7
7
7
7
7
7
7
7
7
7
7
7
7
7
7
7
7
7
7
7
7
7
7
7
7
7
7
7
7
7
7
7
7
7
7
7
7
7
7
7
7
7
7
7
7
7
7
7
7
7
7
7
7
7
7
7
7
7
7
7
7
7
7
7
7
7
7
7
7
7
7
7
7
7
7
7
7
7
7
7
7
7
7
7
7
7
7
7
7
7
7
7
7
7
7
7
7
7
7
7
7
7
7
7
7
7
7
7
7
7
7
7
7
7
7
7
7
7
7
7
7
7
7
7
7
7
7
7
7
7
7
7
7
7
7
7
7
7
7
7
7
7
7
7
7
7
7
7
7
7
7
7
7
7
7
7
7
7
7
7
7
7
7
7
7
7
7
7
7
7
7
7
7
7
7
7
7
7
7
7
7
7
7
7
7
7
7
7
7
7
7
7
7
7
7
7
7
7
7
7
7
7
7
7
7
7
7
7
7
7
7
7
7
7
7
7
7
7
7
7
7
7
7
7
7
7
7
7
7
7
7
7
7
7
7
7
7
7
7
7
7
7
7
7
7
7
7
7
7
7
7
7
7
7
7
7
7
7
7
7
7
7
7
7
7
7
7
7
7
7
7
7
7
7
7
7
7
7
7
7
7
7
7
7
7
7
7
7
7
7
7
7
7
7
7
7
7
7
7
7
7
7
7
7
7
7
7
7
7
7
7
7
7
7
7
7
7
7
7
7
7
7
7
7
7
7
7
7
7
7
7
7
7
7
7
7
7
7
7
7
7
7
7
7
7
7
7
7
7
7
7
7
7
7
7
7
7
7
7
7
7
7
7
7
7
7
7
7
7
7
7
7
7
7
7
7
7
7
7
7
7
7
7
7
7
7
7
7
7
7
7
7
7
7
7
7
7
7
7
7
7
7
7
7
7
7
7
7
7
7
7
7
7
7
7
7
7
7
7
7
7
7
7
7
7
7
7
7
7
7
7
7
7
7
7
7
7
7
7
7
7
7
7
7
7
7
CELL_DATA 8002
SCALARS Average-Intensity float 1 
LOOKUP_TABLE default 
0.0
0.0
0.0
0.0
0.0
0.0
0.0
0.0
0.0
0.0
0.0
0.0
0.0
0.0
0.0
0.0
0.0
0.0
0.0
0.0
0.0
0.0
0.0
0.0
0.0
0.0
0.0
0.0
0.0
0.0625
0.0
0.25
0.0
0.25
1.0
21.0
24.0
163.0
0.0
0.0
0.0
0.25
0.0
0.25
0.0
0.0
0.0
167.0
0.0
0.0
0.0
0.0
12.0
6.0
173.0
0.0
23.0
19.0
181.0
192.5
193.5
168.0
0.0
9.0
0.0
0.0
0.0
0.0
165.0
190.25
188.25
158.0
0.0
0.0
0.0
157.0
0.0
0.0
0.0
0.0
0.0
0.0
0.0
0.0
0.125
0.0
0.0
0.0
0.0
0.0
16.25
0.0
0.0625
0.0
33.25
5.0
143.0
189.0
178.0
147.0
0.0
40.0
0.0
0.0
0.0
0.0
0.0
0.0
0.0
0.0
0.0
0.0625
0.0
0.0625
0.0
0.25
0.0
0.0
0.0
15.0
170.0
0.0
0.0
0.25
0.25
0.0
0.0
0.0
0.0
0.0
0.0
0.0
0.0
0.0
127.0
0.0
0.0
0.0
136.0
199.0
0.0
0.0
21.5
29.0
171.0
194.0
228.0
1.0
84.0
118.0
226.0
175.75
226.0
185.0
175.0
16.0
14.75
193.0
217.0
153.0
151.0
0.0
222.0
156.0
139.0
0.0
0.0
2.0
0.0
0.0
0.0
0.0
0.0
0.0
0.0
0.0
0.0
151.0
29.75
170.0
184.0
174.0
63.0
56.0
0.0
0.0
14.0
17.0
167.0
188.0
191.75
164.0
15.0
8.0
0.0
175.0
42.0
30.0
0.0
0.25
0.0
0.0
192.0
71.0
75.0
0.0
0.0
0.0
0.0
0.25
0.0
0.25
0.0
0.0
0.0
0.0
0.0
0.0
0.0
0.0
0.0
169.0
0.0
0.0
2.0
164.0
173.0
175.0
139.0
0.0
149.0
2.0
0.0
0.0
0.0
0.0
0.0
0.0
0.0
0.0
0.0
0.0
0.0
0.25
0.25
0.0
0.0
47.0
54.0
158.0
0.0
53.0
78.0
157.0
165.0
57.0
43.0
0.0
0.0
0.0
12.0
21.0
157.0
0.0
20.0
46.0
156.0
165.0
106.0
78.0
0.0
155.0
116.0
104.0
0.0
0.0
0.0
0.0
166.0
76.0
63.0
0.0
0.25
0.0
0.0
0.0625
0.0
0.0
0.0
0.0
143.0
0.0
0.0
0.0
162.0
207.5
199.0
213.0
138.0
120.0
0.0
208.0
124.0
103.0
0.0
0.25
182.25
198.0
96.0
37.0
1.0
13.75
0.0
0.0
0.0
0.0
0.0
0.0
0.0
0.0
0.0
0.0
0.0
0.0
0.0
0.0
0.0
0.0
0.0
0.0
0.0
0.0
0.0
0.0
0.0
0.0
0.0
0.0
0.0
0.0
0.0
0.125
17.9375
0.0625
0.0
112.5
0.25
171.75
0.0
0.0
0.125
0.0625
0.25
0.0
0.0
0.0
0.0
5.0
161.0
27.125
1.875
0.0
0.25
1.0
0.0
158.0
22.0
0.0
0.0
0.0
0.0
0.0
129.0
121.0
194.0
0.0
0.0
17.0
0.0
84.0
137.0
175.0
0.0
28.0
67.0
184.0
189.25
181.0
150.0
0.0
0.0
0.0
71.0
170.0
155.0
205.0
173.0
176.75
29.75
30.75
0.25
0.0
0.0
0.0
0.0
0.0
0.0
0.0
0.0
0.0
0.0
0.0
0.0
0.0
0.0
0.0
0.0
0.0
0.0
100.0
222.0
89.0
213.0
0.0
72.0
213.0
35.0
200.0
0.0
0.0
0.0
175.0
0.0
114.0
0.0
0.0
0.0
0.0
0.0
0.0
0.0
205.75
148.0
194.75
187.0
150.25
166.5
201.5
145.0
0.0
52.0
0.0
193.75
186.0
107.0
138.0
0.0
0.0
19.25
173.0
63.0
1.0
0.0
0.0
0.0
0.0
24.75
0.0
0.0
0.0
0.0
0.0
0.25
0.0
83.0
100.0
174.0
0.25
0.0
0.25
0.0
123.0
131.0
148.0
0.0
110.0
101.0
169.0
171.0
21.0
8.0
0.0
160.0
0.0
0.0
0.0
0.25
0.0
0.0
0.0
0.0
0.0
0.0
1.0
0.0
157.0
164.0
139.0
0.0
5.5
14.75
33.0
168.0
172.0
92.0
14.0
175.0
167.0
113.0
133.0
0.0
0.0
0.0
28.0
0.0
0.0
135.0
149.0
147.0
150.0
0.0
0.0
0.0
150.0
0.0
0.0
0.0
0.0
0.25
0.0
0.25
0.0
0.0
0.0
0.0
0.0
0.0625
0.0
0.0
0.0
0.0
0.0625
0.0
18.0
24.5
113.5
0.0
28.0
28.0
100.0
155.0
155.0
6.0
94.0
167.0
161.0
17.0
11.75
5.0
0.0
0.0
0.0
8.0
13.5
65.0
0.0
15.25
27.25
94.0
128.0
151.0
0.0
72.5
0.25
0.0
0.0
63.0
155.0
138.0
2.0
2.5
0.0
0.0
0.125
0.0625
0.0
0.0
0.0
0.25
121.0
23.75
13.5
0.0
0.0
0.0625
0.0625
0.0
0.0
0.0
0.0
0.0
0.0
0.25
0.0
0.0
22.75
0.0
0.0
0.0
6.0
181.0
233.0
214.75
0.0
0.25
0.0
0.0
0.0
0.0
0.75
0.0
0.0
106.0
188.0
0.0
0.0
49.0
157.0
0.0
78.0
222.0
243.0
255.0
255.0
207.0
111.0
219.0
138.0
0.0
0.0
201.75
233.0
196.0
100.0
14.0
9.75
0.0
0.0
0.0
0.0
0.0
0.25
0.0
0.25
0.0
0.0
0.0
167.0
0.0
0.0
0.0
0.0
0.25
0.25
0.0
0.0
0.0
154.0
0.0
0.0
0.0
0.0
0.0
0.0
169.0
0.0
0.0
0.0
165.0
197.5
181.75
142.0
0.0
0.0
0.0
0.0
0.0
0.0
159.0
188.0
188.5
155.0
0.0
0.0
0.0
152.0
0.0
0.0
0.0
0.0
0.0
0.0
0.0
0.25
0.0
0.0
0.0
0.0
170.0
0.0
0.0
0.0
163.0
189.75
190.75
161.0
0.0
0.0
0.0
0.0
0.0
0.0
168.0
191.25
193.25
153.0
0.0
0.0
0.0
166.0
0.0
0.0
0.0
0.0
0.0
0.0
160.0
1.0
0.0
0.0
0.25
0.0
0.0
0.0
0.0
0.0
0.0
0.0
0.0
0.0
0.0
0.0
0.0
129.0
137.0
153.0
0.0
155.0
153.0
153.0
157.0
0.0
0.0
0.0
153.0
0.0
0.0
0.0
0.0
0.0
0.25
0.25
0.0
0.25
5.0
0.0
0.0
0.0
16.25
11.75
26.0
173.0
173.0
86.0
51.0
185.0
180.0
70.0
21.0
0.0
0.0
153.0
164.0
133.0
17.0
169.0
175.0
118.0
29.5
132.0
0.0
0.0
0.0
0.0
0.25
0.5
23.0
0.0
0.0
0.0
0.0
0.25
0.0
0.0
0.0
0.0
0.0
151.0
0.0
0.0
0.0
151.0
188.75
186.25
167.0
6.0
12.0
0.0
0.0
0.0
0.0
152.0
187.25
191.5
170.0
13.0
13.0
0.0
171.0
15.0
18.0
0.0
0.0
0.0
0.0
157.0
0.0
0.0
0.0
0.0
0.0
0.0
0.0
0.0
0.0
26.75
0.25
0.0
0.0
0.0
0.0
0.0
141.0
0.0
0.0
0.0
131.0
125.0
170.0
171.0
1.0
136.0
154.0
140.0
0.0
0.0
167.0
9.0
4.0
0.0
0.0
0.0
0.0
0.0
0.25
0.0
0.0
0.0
22.0
179.0
0.0
0.25
0.25
0.0
45.0
56.0
175.0
0.0
19.0
27.0
171.0
171.0
123.0
94.0
0.0
167.0
82.0
72.0
0.0
0.0
0.0
0.0
0.0
159.0
148.0
141.0
133.0
0.0
156.0
136.0
112.0
0.0
0.0
0.0
0.0
0.0
0.0
0.0
0.0
0.0
0.0
0.0
4.0
40.0
173.0
165.0
47.0
85.0
154.0
171.0
13.0
6.75
12.75
0.0
0.5
0.0
0.25
0.0
0.0
0.0
0.0
0.0
0.0
0.0
0.0
0.0
0.0
0.0
0.0
0.0
0.25
0.0
80.0
98.0
155.0
0.0
115.0
103.0
163.0
175.0
11.0
14.0
0.0
172.0
35.0
26.0
0.0
0.25
0.5
0.25
155.0
0.0
0.0
0.0
0.0
0.0
0.0
0.0625
0.0
0.0
0.0
0.0
0.0
0.0
0.0
0.0
0.0
0.0
0.0
0.0
0.0
0.0
0.0
0.0
0.0
0.0
0.0
0.0
0.0
0.0
65.0
68.0
172.0
170.0
59.0
51.0
0.0
167.0
32.0
27.0
0.0
0.0
0.0
0.0
0.0
0.0
0.25
0.0
0.0
0.0
0.0625
0.0
0.0
0.0
0.0
0.0
0.0
0.0
0.0
0.0
0.0
0.0
0.0
0.0
0.0
0.0
0.0
0.0
0.0
0.0
0.0
0.0
0.0
0.0
0.0
0.0
0.0
0.0
0.0
0.0
0.0625
0.0
0.0
0.0
27.0
0.0
20.0
168.0
182.0
0.0
30.25
140.75
177.0
163.0
73.0
17.0
0.0
22.25
42.0
137.0
216.0
196.0
167.25
0.0
0.0
165.0
183.0
139.0
175.0
118.0
18.0
0.0
11.5
40.75
0.0
0.0
0.25
0.0
0.0
0.0
0.0
177.0
159.0
102.0
30.0
49.5
0.25
0.0
4.0
0.25
0.0
0.0
0.0625
0.0
0.0
0.0
0.25
0.0
0.0
0.0
32.5
0.0
10.0
160.0
178.0
0.0
17.0
168.0
177.0
137.0
131.0
82.0
0.0
0.0
4.5
182.0
177.0
78.0
29.0
150.0
99.0
0.0
0.0
0.0
0.5
0.0
20.75
159.5
189.0
194.0
127.0
66.0
0.0
0.0
163.0
207.0
79.0
155.0
231.0
220.0
186.0
156.0
0.0
0.0
26.0
9.75
0.0
0.0
0.25
0.0
0.0
0.0
0.0
0.0
0.0
0.0
0.0
0.0
0.0
0.0
0.0
0.0
0.0
0.0
0.0
0.0
0.0
0.0
0.0
0.125
0.0
0.0
0.0
17.75
0.0
0.0
150.0
213.0
0.25
0.0
39.0
125.0
255.0
252.0
219.25
0.0
0.0
0.0
0.0
0.0
0.0
0.0
20.5
0.0
0.0
92.0
173.0
0.0
45.0
217.0
249.0
254.0
253.0
157.0
88.0
237.0
213.0
5.0
0.0
211.25
243.5
170.0
125.0
0.0
0.0
5.5
0.0
0.0
0.0
0.0
0.0625
0.0625
0.0
0.0
0.25
0.0
0.0
0.0
0.0
41.75
0.0
0.25
0.0
0.0
161.0
208.0
18.0
112.0
255.0
255.0
0.0
35.75
227.5
255.0
253.0
212.0
103.0
255.0
255.0
174.0
90.0
250.0
215.0
0.0
0.0
0.0
0.25
145.0
37.0
0.0
0.0
0.0
0.0
0.0
0.0
0.0
166.0
220.0
48.0
116.0
247.0
249.0
228.0
193.0
0.0
0.0
143.0
69.0
0.0
0.0
213.25
252.0
255.0
151.0
77.0
0.0
0.0
0.0
0.0
0.0
0.25
0.0
210.0
254.0
168.0
108.0
249.0
194.0
29.0
0.0
0.0
0.0
145.0
104.0
0.0
0.0
9.5
0.0
0.0
0.0
0.0625
0.0
0.0
0.0
0.0
0.0
0.0
0.0
0.0
0.0
0.0
0.0
0.0
0.0
0.0
0.0
0.0
0.0
0.0
0.0
0.0
0.0
0.0
0.0
0.0
0.0
0.0
0.0
0.0
0.0
0.0
0.0
0.0
0.0
0.0
0.0
0.0
0.0
0.0
0.0
0.0
0.0
0.0
0.0
0.0
0.0
0.0
0.0
0.0
0.0
0.0625
0.0
0.0
0.0
14.0
0.0
0.25
0.0
0.0
112.0
166.0
0.0
0.0
214.0
243.0
0.0625
0.0
0.25
0.0
0.0
0.0
0.0
32.0
102.0
255.0
255.0
216.5
1.5
0.0
0.0
67.0
127.0
244.5
214.75
0.0
0.0
0.0
0.0
0.0
0.0
0.0
0.0
0.0
0.0
0.0
0.0
0.0
0.0
0.0
0.0
0.0
0.0
0.0
0.0
0.0
0.0
0.0
0.0
0.0
0.0
185.0
217.0
0.0
27.0
235.0
255.0
255.0
255.0
101.0
52.0
236.0
212.0
0.0
0.0
78.0
131.0
255.0
255.0
228.25
177.0
126.0
0.0
0.0
28.25
0.0
0.0
4.75
0.0
0.0
73.0
128.0
0.0
0.0
0.0
1.0
163.0
204.0
0.0
0.0
235.0
249.0
229.0
203.25
0.0
0.0
254.0
249.0
82.0
31.0
234.0
206.0
0.0
0.0
0.0
0.0
0.0
0.0
0.0
0.0
0.0
0.0
0.0
0.0
0.0
0.0
0.0
0.0
0.0
0.0
0.0
0.0
41.0
93.0
255.0
255.0
208.0
0.0
13.5
232.5
218.75
182.0
141.0
0.0
1.0
37.25
0.0
0.0
0.1875
0.0
0.0
93.0
137.0
0.0
0.0
177.0
202.0
255.0
255.0
141.0
98.0
254.0
241.0
59.0
21.0
0.0
0.0
233.0
242.0
11.0
61.0
250.0
253.0
229.0
207.0
0.0
0.0
184.0
145.0
0.0
0.0
0.0
0.0
0.0
0.0
0.0
0.0
0.25
0.0
0.0
0.0
0.0
0.0
0.0
0.0
18.75
0.0
16.0
169.0
237.0
8.5
0.0
76.0
157.0
208.0
177.0
210.0
175.0
95.0
0.0
209.75
245.0
224.0
123.0
8.0
22.75
0.0
0.0
0.0
0.0
35.0
130.0
217.0
232.75
0.0
0.0
194.0
225.0
33.0
101.0
253.0
255.0
255.0
255.0
128.0
51.0
226.0
192.0
0.0
0.0
175.0
101.0
0.0
0.0
0.0
0.25
0.25
0.0
0.0
0.0
0.0
143.0
4.0
0.0
0.0
0.0
0.0
0.0
0.0625
0.0
0.0625
0.0
0.0
0.0
0.0
216.75
248.0
141.0
80.0
0.0
0.0
5.75
210.25
255.0
253.0
88.0
20.0
0.0
0.0
0.25
0.0
0.0
0.0
0.0
227.0
192.0
0.0
0.0
148.0
93.0
0.0
0.0
0.25
0.0
10.75
0.25
0.0
0.0
0.0625
0.0625
0.0
0.0
0.0
0.0
0.0
0.0
0.0
0.0
0.0
0.0
0.0
0.0
0.0
0.0
0.0
0.0
0.0
0.0
0.0
0.0
0.0
0.0
0.0
0.0
0.0
0.0
0.0
0.0
0.0
0.0
0.0
0.0
0.0
0.0
0.0
0.0
0.0
0.0
0.0
0.0
0.0
0.0
0.0
0.0
0.0
0.0
0.0
0.0
0.0
0.0
0.0625
0.25
0.0
0.0
0.0
2.3125
0.0
0.0
0.0
0.0
46.0
0.0
0.0
138.0
158.0
0.0
0.0
0.0
0.0
188.0
206.0
0.0
0.0
213.0
225.0
101.0
140.0
254.0
253.0
218.0
51.0
19.0
216.0
219.0
0.0
0.25
0.0625
0.0
255.0
255.0
145.0
122.0
255.0
243.0
98.0
64.0
0.0
0.5
244.0
235.0
42.0
7.0
215.0
196.0
0.0
0.0
0.0
0.25
0.0625
0.0
0.125
0.0
0.0
0.0
0.0
24.0
237.0
252.0
60.0
91.0
255.0
255.0
0.0
0.0
110.0
133.0
255.0
254.0
202.75
0.0
0.0
0.0
0.0
212.5
215.25
0.0
11.75
211.5
203.75
183.0
171.0
0.0
0.0
159.0
144.0
0.0
0.0
0.0
0.0
55.25
37.0
0.0
0.0
0.0
0.0
1.875
0.0
0.0
0.0625
0.0
0.0
0.0
0.0
0.0
0.0
0.0
0.0
0.0
0.0
0.0
0.0
0.0
0.0
0.0
0.0
0.0
0.0
0.0
0.0
0.0
0.0
0.0
0.0
0.0
36.75
49.25
197.0
247.0
250.0
117.0
108.0
0.0
0.0
132.0
143.0
0.0
0.0
147.0
170.0
255.0
249.0
98.0
77.0
234.0
237.0
52.0
46.0
0.25
0.0
0.25
0.25
0.0
0.25
0.0
0.25
0.0
0.0
182.0
196.0
0.0
0.0
203.0
209.0
235.0
231.0
35.0
20.0
229.0
223.0
6.0
0.0
0.0
0.0
215.0
228.0
0.0
0.0
226.0
229.0
218.0
219.0
0.0
0.0
208.0
198.0
0.0
0.0
0.0
0.0
0.0
0.0
0.0
0.0
0.0
0.0
0.0
0.0
0.0
0.0
0.0
0.0
0.0
0.0
0.0
0.0
0.0
0.0
0.0
0.0
0.0
0.0
0.0
0.25
0.25
0.0
0.0
0.0
233.0
236.0
0.0
0.0
238.0
244.0
197.0
197.0
0.0
0.0
190.0
182.0
0.0
0.0
5.0
11.0
249.0
249.0
28.0
37.0
251.0
255.0
179.0
171.0
0.0
0.0
162.0
160.0
0.0
0.0
0.0
0.0
0.0
0.0
0.25
0.0
0.0
0.0
47.0
51.0
255.0
253.0
60.0
75.0
253.0
255.0
157.0
150.0
0.0
0.0
143.0
141.0
0.0
0.0
72.0
72.0
255.0
252.0
75.0
88.0
251.0
255.0
144.0
136.0
1.0
0.0
125.0
131.0
1.0
0.0
0.0
0.0
0.0
0.0
0.0
0.0
0.0
0.0
0.0
0.0
0.0
0.0
0.0
0.0
0.0
0.0
0.0
0.0
0.0
0.0
0.0
0.0
0.0
0.0
0.0
0.0
0.0
0.0
0.0
0.0
0.0
0.0
0.0
0.0
0.0
0.0
0.0
0.0
0.0
0.0
0.0
0.0
0.0
0.0
0.0
0.0
0.0
0.0
0.0
0.0
0.0
0.0
0.0
0.0
0.0
0.0
0.0
0.0
0.0
0.0
0.0
0.0
0.0
0.0
0.0
0.0
0.0
0.0
0.0
0.0
0.0
0.0
0.0
0.0625
0.0
0.0
0.0
32.0
0.0
0.0
137.0
195.0
0.0625
0.0
0.0
0.0
0.0
0.0
219.0
239.0
54.0
100.0
255.0
255.0
0.0
0.0
208.5
231.75
0.0
0.0
0.0
0.0
0.0
0.0
0.0
0.0
0.0
0.0
0.0
0.0
0.0
0.0
0.0
0.0
20.75
0.0
0.0
116.0
152.0
218.0
255.0
255.0
111.0
71.0
0.0
0.0
189.0
211.0
0.0
15.0
231.0
237.0
255.0
236.0
11.0
0.0
215.0
175.0
0.0
0.0
0.0
0.0
0.25
0.0
1.6875
65.0
97.0
255.0
255.0
202.75
155.0
118.0
0.0
1.0
26.5
217.5
227.25
0.0
0.0
0.125
0.0
0.0
0.0
0.0
0.0
179.0
221.0
19.0
108.0
245.0
250.0
0.0
18.5
213.25
206.0
0.0
0.0
0.0
0.0
0.0
0.0
0.25
1.25
1.0
0.0
143.0
194.0
0.0
31.0
231.0
249.0
255.0
245.0
57.0
0.0
211.0
162.0
0.0
0.0
114.0
160.0
254.0
250.0
222.75
25.75
0.0
252.0
220.0
0.0
0.0
165.0
95.0
0.0
0.0
0.0
0.0
2.0
0.0
0.0
0.0
0.0
0.0
0.0
0.0
0.0
0.0
0.0
0.0
0.0
0.0
0.25
0.0
0.0
83.0
136.0
0.0
0.0
190.0
238.0
0.0
0.0
12.0
86.0
255.0
255.0
212.25
255.0
255.0
146.0
74.0
246.0
230.0
0.0
0.0
0.0
0.0
192.0
137.0
1.0
0.0
15.25
0.25
0.0
6.25
0.0
0.0
86.0
141.0
225.75
255.0
255.0
133.0
61.0
0.0
0.0
199.0
241.0
0.0
70.0
253.0
255.0
255.0
238.0
0.0
1.0
194.0
143.0
0.0
0.0
0.0
0.0
0.0
0.0
0.0
0.0
0.0
0.0
0.0
0.0
0.0
0.0
0.0
0.0
0.0
0.0
0.0
0.0
0.0
0.0
0.0
0.0
0.0
0.0
207.5
233.5
25.5
0.0
255.0
255.0
176.0
128.0
255.0
255.0
62.0
4.0
0.0
0.0
0.0
0.1875
251.0
218.0
0.0
0.0
184.0
130.0
0.0
0.0
0.0
0.25
29.75
0.0
0.0
0.0
0.125
0.0625
0.0
0.0
0.0
0.0
0.0
0.0
0.0
0.0
0.0
0.0
0.0
0.0
0.0
0.0
0.0
0.0
0.0
0.0
0.0
0.0
0.0
0.0
0.0
0.0
0.0
0.0
0.0
0.0
0.0
0.0
0.0
0.0
0.0
0.0
0.0
0.0
0.0
0.0
0.0
0.0
0.0
42.0
0.0
0.0
139.0
175.0
0.0
0.0
0.0
0.0
192.0
208.0
0.0
0.0
229.0
235.0
255.0
255.0
147.0
124.0
255.0
255.0
79.0
29.0
0.0
0.0
248.0
227.0
0.0
0.0
216.0
189.0
0.0
0.0
0.0
0.0
0.0
0.25
34.0
63.0
249.0
249.0
98.0
137.0
247.0
252.0
0.25
0.0
211.25
218.25
166.0
130.0
0.0
1.0
39.0
0.0
0.0
1.375
0.0
0.0
0.0
0.0
0.0
0.0
0.0
0.0
0.0
0.0
0.0
0.0
0.0
0.0
0.0
0.0
0.0
4.0
27.0
216.5
205.5
0.0
0.0
86.0
133.0
0.0
0.0
153.0
167.0
255.0
255.0
118.0
98.0
255.0
255.0
64.0
27.0
0.0
0.0
0.25
0.0
0.25
1.0
0.0
184.0
199.0
0.0
0.0
223.0
231.0
255.0
244.0
4.0
0.0
239.0
228.0
0.0
0.0
0.0
0.0
244.0
255.0
29.0
39.0
255.0
255.0
212.0
201.0
1.0
0.0
192.0
176.0
0.0
0.0
0.0
0.0
0.0
0.0
0.0
0.0
0.0
0.0
0.0
0.0
0.0
0.0
0.0
0.0
0.0
0.0
0.0
0.0
0.0
0.0
0.0
0.0
0.0
0.0
0.0
0.0
0.0
69.0
98.0
255.0
254.0
110.0
126.0
255.0
255.0
144.0
124.0
0.0
0.0
53.75
196.75
207.25
28.0
12.25
0.0
0.0
0.0
0.0
0.0
211.0
211.25
0.0
0.0
209.25
211.5
0.0
0.0
0.0
0.0
0.0
0.0625
1.375
12.3125
0.0625
0.0
0.0
0.0
40.5
44.0
0.0
0.0
53.25
57.0
211.25
193.5
0.0
0.0
198.0
193.25
0.0
0.0
0.0
0.0
255.0
253.0
130.0
114.0
254.0
255.0
110.0
112.0
0.0
0.0
255.0
255.0
108.0
102.0
255.0
255.0
95.0
91.0
0.0
0.0
0.0
0.0625
0.0
0.0
0.0
0.0
0.0
0.0
0.0
0.0
0.0
0.0
0.0
0.0
0.0
0.0
0.0
0.0
0.0
0.0
0.0
0.0
0.0
0.0
0.0
0.0
0.0
0.0
0.0
0.0
0.0
0.0
0.0
0.0
0.0
0.0
0.0
0.0
0.0
0.0
0.0
0.0
0.0
0.0
0.0
0.0
0.0
0.0
0.25
0.0
0.0
0.0
0.25
0.0
1.0
0.0
141.0
0.0
28.0
69.0
231.0
186.0
182.0
220.0
67.0
0.0
0.0
63.0
65.0
213.0
0.0
64.0
74.0
217.0
220.0
192.25
22.25
159.0
0.0
142.0
0.0
0.0
0.0
0.0
0.0
78.0
0.0
199.0
0.0
0.0
169.0
0.0
80.0
0.0625
0.0
0.0
0.25
0.0
248.25
248.25
251.25
255.0
232.0
233.25
255.0
255.0
255.0
120.0
255.0
157.0
0.0
0.0
189.0
248.0
0.0
0.0
180.0
36.0
0.0
0.0
0.0
0.0
0.0
0.0
0.0
0.0
0.0
0.0
0.0
0.0
0.0
0.0
0.0
0.0
0.0
0.0
0.0
0.0
0.0
0.0
117.0
140.0
166.0
0.0
0.0
5.0
0.0
0.0
0.0
0.25
0.0
0.0
0.0
0.0
0.0
129.0
219.0
57.0
165.0
255.0
255.0
0.0
0.0
3.0
129.0
0.0
112.0
218.0
255.0
231.0
255.0
210.0
62.0
0.0
0.0
0.0
13.75
0.0
17.0
173.0
248.0
0.0
0.0
0.0
87.0
195.0
220.25
255.0
255.0
231.0
118.0
242.5
255.0
255.0
158.0
15.0
24.5
0.0
191.0
53.0
0.0
1.0
0.0
0.0
0.0
233.0
254.0
164.0
7.0
0.0
0.0
0.0
7.25
0.0
0.0
0.25
0.0
0.0
0.0
0.0
0.0
0.0
16.0
141.0
255.0
255.0
242.25
248.0
156.0
0.0
0.0
9.5
255.0
234.0
101.0
0.0
145.0
20.0
0.0
0.0
0.0
0.25
0.0
0.0
0.0
0.0
0.0
0.0
0.0
0.0
0.0
0.0
0.0
0.0
0.0
0.0
0.0
0.0
0.0
0.0
0.0
0.0
0.0
0.0
0.0
0.0
0.0
0.0
0.0
0.0
0.0
0.0
0.0
0.0
0.0
0.0
0.0
0.0
0.0
0.0
0.0
0.0
0.0
0.0
0.0
0.0
0.0
0.0
0.0
0.0
0.0
0.0
0.0
0.0
7.59375
13.6640625
37.390625
12.65625
12.265625
13.4375
20.5
17.4375
15.75
69.5
84.25
124.25
0.0
0.0
0.0
0.0
0.0
8.96875
0.0
14.0
26.5
12.03125
7.671875
18.9375
7.1875
6.0
21.125
18.4375
14.6875
5.1875
25.0
50.9375
105.1875
96.3125
96.9375
22.4375
35.75
95.0
63.25
72.5
26.5
40.5
48.0
62.75
67.25
63.0
101.0
129.0
198.0
96.0
195.0
247.0
255.0
254.25
71.9375
70.1875
167.25
93.75
220.25
68.0
64.0
10.265625
12.625
20.75
50.0
33.0
42.75
27.125
51.75
83.0
35.5
46.0
200.0
64.0
255.0
46.359375
106.125
55.5
99.0
255.0
126.0
255.0
63.5
206.0
104.8125
61.5
135.0
255.0
108.0
174.0
57.25
103.0
71.75
229.25
67.0
255.0
135.0
255.0
255.0
255.0
255.0
238.0
231.75
253.0
244.25
255.0
255.0
248.5
123.5
255.0
143.0
213.0
128.0
70.5
255.0
96.0
226.0
78.0
48.25
78.25
11.75
6.4375
8.9375
3.1875
254.75
235.5
255.0
244.0
124.0
145.0
104.0
107.5
31.0
62.25
0.75
210.75
105.25
123.5
74.25
14.5
1.6875
2.5625
6.125
16.5625
4.58984375
21.765625
30.046875
6.625
29.3125
112.625
44.5
112.125
8.921875
11.71875
105.546875
27.59375
112.484375
113.78125
103.1875
103.8125
108.8125
83.5625
115.609375
56.015625
47.75
3.9375
6.125
3.0
16.515625
6.375
19.78125
110.765625
16.5
90.640625
2.0
11.13671875
0.0
0.0
0.0
15.76953125
0.0
0.0
24.45703125
44.875
23.9140625
15.40625
16.21875
26.625
23.875
58.375
88.25
108.8125
21.3125
66.03125
72.5625
106.9375
109.3125
113.0625
95.609375
102.59375
113.6875
106.0
112.4375
105.75
43.5
69.25
25.0
99.1875
101.875
76.8125
82.1875
113.5
83.25
47.25
62.0
73.0
108.0
240.0
17.0
18.0
27.0
97.0
200.0
218.5
255.0
106.25
255.0
115.75
123.5
255.0
255.0
127.0
133.5
32.75
74.109375
105.390625
111.296875
109.91796875
92.3125
117.375
18.0
82.5
15.25
73.75
119.0
116.75
118.75
116.75
113.75
115.9375
116.375
114.9375
55.0
69.0
255.0
255.0
78.0
102.0
255.0
255.0
255.0
255.0
120.0
121.0
255.0
223.0
149.75
255.0
255.0
255.0
255.0
222.0
255.0
93.0
80.0
255.0
255.0
46.0
44.0
255.0
213.5
172.0
89.0
47.0
37.0
36.75
118.0
118.0
203.0
118.0
255.0
125.0
96.5
101.3125
86.25
75.25
36.25
43.75
74.875
115.734375
100.46875
96.53125
99.96875
5.5859375
3.1796875
35.515625
32.9375
81.640625
96.3125
36.28125
43.59375
108.109375
108.875
0.0
0.0
38.5
29.84375
112.78125
75.625
42.9375
119.25
114.625
7.984375
0.0
47.125
71.625
81.6875
52.625
38.1875
112.94921875
115.08203125
108.75
109.75
110.875
99.140625
109.75
73.3125
65.5
54.375
114.703125
118.640625
113.890625
115.75
116.671875
84.875
59.8125
125.0
123.75
133.0
183.5
205.5
116.75
125.0
112.0625
107.625
140.0
198.75
127.0
194.5
255.0
103.5
116.0
76.25
80.75
250.25
255.0
188.0
255.0
128.0
255.0
255.0
106.859375
118.234375
69.25
108.1875
92.0
209.0
104.25
236.25
244.125
120.1875
122.625
149.75
145.75
255.0
253.5
180.0
133.25
254.75
230.0
116.65625
97.4375
162.0
255.0
120.5
191.5
108.125
121.8125
113.5
124.0
130.25
115.0
193.5
174.25
135.6875
95.625
113.25
96.25
131.3125
78.875
53.828125
21.578125
10.3125
29.28125
20.75
13.25
11.75
6.0625
11.765625
14.953125
9.5
8.75
7.078125
57.890625
82.55078125
22.25
2.5
15.0
4.75
13.75
16.0
11.0
7.0
10.4375
12.375
8.6875
6.4375
7.1875
6.0625
15.90625
14.5
16.640625
60.9375
93.4375
13.5625
82.1875
10.875
5.625
16.25
92.75
13.75
19.75
15.6875
5.6875
91.09375
35.609375
9.90625
97.46875
42.0
58.28125
98.99609375
35.10546875
97.76953125
84.140625
85.828125
64.70703125
44.9140625
103.734375
96.140625
112.3125
113.9375
21.5625
79.6875
111.078125
99.78125
58.375
97.75
90.6875
65.625
112.390625
97.625
6.421875
23.28125
7.9375
11.859375
92.6875
89.75
110.171875
120.3125
110.8125
121.6875
118.375
96.0
151.75
102.25
97.25
240.1875
73.5625
118.75
215.75
99.25
149.25
255.0
255.0
255.0
255.0
63.5
85.0
96.25
71.0
63.25
82.75
70.25
46.5
78.0
58.25
240.25
255.0
150.0
255.0
101.0
255.0
255.0
255.0
120.0
255.0
147.0
255.0
254.75
122.0
255.0
255.0
255.0
255.0
255.0
254.9375
255.0
255.0
255.0
255.0
240.0
227.0
255.0
204.0
254.75
255.0
123.0
255.0
90.0
99.0
75.75
26.75
25.0
255.0
206.0
79.0
129.0
69.0
255.0
149.0
132.0
107.0
82.75
6.75
10.0
54.5
50.5
240.8125
131.25
243.75
116.0
255.0
137.0
255.0
100.0
104.0
94.3125
110.5
99.5
97.25
102.0
98.6875
98.5625
91.0
86.25
68.5625
43.25
59.125
90.25
192.0
255.0
104.0
200.0
50.75
84.0
239.25
212.5
141.25
116.5
53.5
91.75
62.25
96.0
155.0
114.0
239.0
144.5
141.75
221.75
227.5
89.5
98.75
66.25
88.75
141.5
129.0
110.25
119.5
112.75
76.75
238.0
92.0
204.0
119.0
255.0
255.0
100.0
169.0
165.0
255.0
255.0
255.0
255.0
254.9375
253.3125
246.6875
116.25
106.25
106.0
97.5
88.4375
112.75
105.75
221.75
214.0
90.0
91.0
123.0
105.0
255.0
233.0
143.0
75.375
84.25
100.8125
88.9375
254.9375
255.0
255.0
255.0
255.0
250.6875
250.0
250.6875
233.3125
239.125
220.625
15.5
11.625
51.75
18.578125
51.5
116.625
12.0625
95.4375
115.5
19.875
106.5
111.5625
67.125
114.9375
45.99609375
12.125
42.625
17.75
26.75
102.8125
218.0
255.0
237.25
255.0
111.4375
250.25
225.0
211.9375
212.375
204.5625
104.8125
248.5
246.0
212.0
245.75
117.5
81.5
117.25
98.0
96.0
255.0
78.0
255.0
255.0
77.0
223.0
74.0
169.0
255.0
223.5625
199.1875
219.25
199.5625
219.03125
217.875
200.5625
205.921875
92.9375
84.0
240.0
59.0
143.0
255.0
93.0
184.0
25.75
29.75
51.75
23.25
26.25
231.75
194.5
254.75
238.25
205.9375
175.0
241.0
98.0
165.0
254.0
42.0
135.0
245.0
80.0
129.0
228.5
206.75
248.25
242.75
33.875
11.4375
90.6875
34.375
44.25
102.5
21.5
117.25
146.0
229.25
128.25
136.5
39.5625
101.625
195.9375
205.25
209.6875
192.1875
194.796875
252.0
233.5
211.0
255.0
120.0
142.0
229.25
232.9375
111.25
105.75
80.75
76.0
130.0
186.5
76.75
42.5
220.5
203.625
211.0
252.5
66.0
85.0
248.25
238.0
143.0
173.0
39.0
85.0
172.25
0.0
0.0
0.0
0.0
0.0
0.0
0.0
0.0
0.0
0.0
0.0
0.0
0.0
0.0
0.0
0.0
0.0
0.0
0.0
0.0
0.0
0.0
0.0
0.0
0.0
0.0
0.0
0.0
88.0
84.0
255.0
255.0
86.0
90.0
253.0
254.0
133.0
124.0
0.0
0.0
59.5
92.0
86.0
255.0
253.0
84.0
87.0
253.0
255.0
60.75
59.75
0.0
0.0
0.0
0.0
0.0
0.0
0.0
0.0
75.0
77.0
246.0
251.0
78.0
71.0
255.0
253.0
120.0
128.0
0.0
1.0
137.0
137.0
0.0
0.0
65.0
65.0
243.0
249.0
59.0
47.0
251.0
249.0
128.0
133.0
0.0
0.0
138.0
146.0
0.0
0.0
0.0
0.0
0.0
0.0
0.0
0.0
0.0
0.0
0.0
0.0
0.0
0.0
0.0
0.0
0.0
0.0
0.0
0.0
0.0
0.0
0.0
0.25
0.25
0.0
0.0
41.0
33.0
251.0
250.0
24.0
20.0
247.0
245.0
153.0
159.0
0.0
0.0
164.0
164.0
0.0
0.0
4.0
0.0
242.0
242.0
0.0
1.0
239.0
243.0
168.0
181.0
0.0
0.0
182.0
192.0
0.0
0.0
0.0
0.0
0.0
0.0
0.0
0.0
0.0
0.0
0.0
0.0
230.0
220.0
0.0
0.0
225.0
222.0
188.0
191.0
0.0
0.0
206.0
210.0
0.0
0.0
0.0
0.0
211.0
202.0
0.0
1.0
200.0
201.0
212.0
216.0
0.0
0.0
230.0
239.0
5.0
20.0
0.0
0.0
0.0
0.0
0.0
0.0
0.0
0.0
0.0
0.0
0.0
0.0
0.0
0.0
0.0
0.0
0.0
0.0
0.0
0.0
0.0
0.0
0.0
0.0
0.0
0.0
0.0
0.0
0.0
0.0
0.0
0.0
0.0
0.25
0.0
0.25
0.0
0.25
0.0
0.0
0.0
182.0
163.0
0.0
0.0
144.0
140.0
242.0
239.0
33.0
39.0
237.0
249.0
49.0
82.0
0.0
0.0
126.0
106.0
39.25
253.0
253.0
98.0
107.0
254.0
255.0
114.0
133.0
0.0625
0.0
13.75
0.25
207.75
213.0
0.0
0.0
215.25
216.5
0.0
0.0
0.0
0.0
0.0
0.0
0.0
0.0
0.0
0.0
0.0625
0.875
0.125
0.1875
0.0625
0.0
0.0
0.0
204.75
127.0
101.0
251.0
255.0
0.0
0.0
66.0
43.0
249.0
252.0
8.0
0.0
249.0
246.0
0.0
0.0625
0.0
0.0
0.0
0.0
224.0
205.0
0.0
0.0
196.0
180.0
0.0
0.0
0.0
0.0
156.0
129.0
37.5
23.5
45.75
0.0
0.0
118.0
143.0
0.0
0.0
163.0
187.0
0.0
0.0
0.0
0.25
0.125
0.0
197.0
208.0
0.0
0.0
233.0
245.0
0.0
28.0
0.0
0.0
253.0
255.0
58.0
84.0
255.0
255.0
112.0
140.0
0.0
0.25
0.0
0.0
0.0
0.0
0.0
0.0
0.0
0.0
0.0
0.0
0.0
0.0
0.0
0.0
0.0
0.0
0.0
0.0
0.0
0.0
0.0
0.0
0.0
0.0
0.0
0.0
0.0
0.0
0.0
0.0
0.0
0.0
1.1875
0.0
0.0
0.0
0.0
0.0
0.0
0.0
0.0
0.0
0.0
0.0
0.0
0.0
0.0
215.5
220.75
0.0
0.0
206.5
120.0
84.0
255.0
255.0
18.25
54.75
0.0
0.0625
38.0
0.0
255.0
255.0
0.0
0.0
242.0
221.0
154.0
188.0
0.0
0.0
212.0
234.0
0.0
0.0
0.0
0.0
196.0
161.0
47.5
250.0
255.0
18.0
63.0
255.0
255.0
98.0
140.0
0.0
0.0
0.0
0.25
0.0
0.0
0.0
0.25
0.0
0.0
0.0
0.0
0.0
0.0
0.0
0.0
8.0
0.0
223.0
227.25
0.0
0.0
204.5
79.0
31.0
255.0
255.0
0.8125
39.75
134.0
177.0
0.0
0.0
0.0
0.25
0.0
0.0
0.0
0.0
250.0
229.0
0.0
0.0
202.0
163.0
0.25
0.0
46.5
1.75
214.0
236.0
0.0
0.0
255.0
255.0
41.0
82.0
0.0
0.25
202.75
235.5
0.25
0.0
0.0
0.0
0.0
0.0
0.0
0.0
0.0
0.0
0.0
0.0
0.0
0.0
0.0
0.0
0.0
0.0
0.0
0.0
224.5
131.0
82.0
255.0
254.0
35.0
142.0
187.0
0.0
0.0
22.0
0.0
255.0
237.0
0.0
1.0
202.0
163.0
215.0
237.0
0.0
3.0
251.0
255.0
55.0
102.0
0.0625
0.0
44.5
0.5
210.75
239.0
0.0
0.0
216.0
82.0
17.0
255.0
253.0
0.0
0.0
0.0
0.0
0.25
0.0
0.0
0.0
235.0
194.0
29.0
0.0
0.0
0.0
0.0
0.0
0.0
0.0
0.0
0.0
0.0
0.0
0.0
0.0
0.0
0.0
0.0
0.0
0.0
0.0
0.0
0.0
0.0
0.0
0.0
0.0
0.0
0.0
0.0
0.0
0.0
0.0
0.0
0.0
0.0
0.0
0.0
0.0
0.25
9.0
0.25
0.0
92.0
133.0
0.0
0.0
167.0
213.0
0.0
0.0
0.0
0.0
0.0625
0.0
0.0
0.0
252.0
255.0
47.0
120.0
230.75
0.0
5.0
198.0
110.0
255.0
255.0
0.0
0.0
215.0
140.0
129.0
196.0
0.0
0.0
238.0
241.0
71.0
167.0
0.0
0.0
0.0
0.0
0.0
6.25
0.0
200.75
30.0
0.0
218.0
129.0
0.0
0.0
0.0
0.0
22.0
131.0
1.0
0.0
213.0
228.0
37.0
159.0
0.0
0.0
189.0
52.0
224.0
213.0
27.75
88.0
198.0
0.0
33.0
200.5
0.0
0.0
0.0
0.0
0.0
0.0
0.0
149.0
1.0
0.0
0.25
0.0
0.0
0.0
0.0
0.0
0.0
0.0
0.0
0.0
0.0
0.0
0.0
0.0
0.0
0.0
0.0
0.0
0.0
0.0
0.25
57.25
54.75
0.0
0.0
59.0
60.5
0.0
0.0
0.0
0.0
55.25
51.0
0.0
0.0
42.75
35.25
255.0
255.0
91.0
92.0
255.0
250.0
86.0
80.0
0.25
0.25
255.0
253.0
88.0
86.0
255.0
254.0
97.0
105.0
0.0
0.0
0.0625
0.0625
255.0
255.0
100.0
98.0
255.0
255.0
100.0
120.0
0.0
0.25
255.0
249.0
114.0
110.0
253.0
251.0
127.0
126.0
0.0
0.0
0.0
0.0
0.0
0.0625
11.625
2.5
0.0
0.0
0.0
0.0
190.25
195.75
0.0
0.0
207.5
220.75
0.5
0.0
0.0
0.0
219.0
211.0
0.0
0.0
211.5
190.75
0.0
0.0
0.0625
0.0
0.0
0.0
0.0
0.0
0.0
0.0
0.0
0.0
0.0
0.0
0.0
0.0
0.0
0.0
0.0
0.0
0.0
0.0
0.0
0.0
0.0
0.0
0.0
0.0
0.0
198.25
189.0
3.5
16.75
118.0
106.0
253.0
255.0
99.0
78.0
255.0
255.0
41.0
56.75
0.125
0.0
54.0
25.0
255.0
255.0
0.0
0.0
239.0
233.0
144.0
169.0
0.0
0.0
183.0
195.0
0.0
0.0
0.0
0.0
233.0
223.0
0.0
0.0
210.0
180.0
202.0
222.0
0.0
0.0
238.0
237.0
0.0
0.0
0.0
0.0
0.0
0.0
0.0
0.0
0.0
0.0
0.0
0.0
0.0
0.0
0.0
0.0
0.0
0.0
0.0
0.0
0.0
0.0
0.0
149.0
140.0
0.0
0.0
130.0
105.0
233.0
239.0
8.0
27.0
249.0
253.0
59.0
94.0
31.75
2.75
253.0
252.0
121.0
143.0
203.75
0.0
0.0
0.0
0.0
0.0
0.0
0.0
0.0
0.0
0.25
206.25
218.75
0.0
0.0
154.0
127.0
255.0
255.0
96.0
45.0
255.0
255.0
0.0625
24.25
108.0
132.0
0.0
0.0
0.0
0.0
0.0
0.0
0.0
0.0
0.0
0.0
0.0
0.0
0.0
0.0
0.0
0.0
0.0
0.0
0.0
0.0
0.0
0.0
0.0
0.0
0.0
0.0
0.0
0.0
0.0
0.0
0.0
0.0
0.0
0.0
0.0
0.0
0.0
0.0
0.0
0.0
0.0
0.0
0.0
0.0
0.0
0.0
0.0
0.0
0.0
0.0
0.0
5.0
0.0
245.0
231.0
0.0
0.0
222.0
204.0
0.25
0.0
0.0
0.0
186.0
151.0
43.5
162.0
189.0
0.0
0.0
212.0
222.0
0.0
0.0
0.0
0.0
248.0
251.0
0.0
26.0
238.0
242.0
56.0
106.0
0.0
0.0
2.375
0.0
0.0
0.0
0.25
203.5
217.0
0.0
0.0
204.5
122.0
78.0
255.0
244.0
3.25
42.25
0.0
0.0
0.0
0.0
0.0
0.0
0.0
0.0
0.5
0.0
0.0
0.25
0.0
30.0
0.0
241.0
241.0
0.0
0.0
224.0
196.0
145.0
186.0
0.0
1.0
209.0
227.0
0.0
0.0
0.0
0.0
170.0
135.0
29.0
254.0
255.0
10.0
57.0
255.0
242.0
94.0
129.0
0.0
0.125
0.0
0.25
206.75
205.0
0.0
0.0
116.0
58.0
244.0
243.0
0.0
0.0
242.0
224.0
0.0
0.0
0.0
0.0
0.0
0.0625
0.0
0.0
0.0
0.0
185.0
151.0
38.25
0.0
0.0
0.0
0.0
0.0
0.0
0.0
0.0
0.0
0.0
0.0
0.0
0.0
0.0
0.0
0.0
0.0
0.0
0.0
0.0
0.0
0.0
0.0
0.0
0.0
0.0
0.0
0.0
0.0
0.0
0.0
0.0
0.0
0.0
0.0
0.0
0.0
0.0
0.0
0.0
0.0
1.1875
45.5
170.0
200.0
0.0
0.0
0.0
0.0
0.0
0.0
0.0
0.0
0.0
0.0
221.0
245.0
0.0
18.0
255.0
246.0
80.0
126.0
0.0
0.0
209.25
195.0
0.0
9.0
0.0
0.0
77.0
5.0
248.0
239.0
0.0
0.0
230.0
197.0
103.0
149.0
0.0
0.0
192.0
212.0
0.0
0.0
0.0
0.0
153.0
97.0
6.25
234.0
243.0
14.0
78.0
178.25
0.0
0.0
0.0
0.0
0.0
0.0
0.0
0.0
0.0
0.0
0.0
0.0
0.0
0.0
0.0
191.0
95.0
29.0
231.0
226.0
0.0
0.0
0.0
0.0
217.0
192.0
0.0
0.0
141.0
88.0
0.0
43.0
0.25
0.0
166.0
198.0
0.0
0.0
216.0
226.0
2.0
60.0
0.0
0.0
0.0
0.0
7.5
0.0
0.0
0.0
0.0
0.0
183.75
187.5
0.0
1.75
67.0
0.0
229.0
228.0
0.0
0.0
208.0
165.0
77.0
144.0
0.0
0.0
187.0
217.0
0.0
0.0
0.0
0.0
0.0
0.0
0.0
0.0
0.0
0.0
0.0
0.0
0.0
0.0
0.0
0.0
0.0
0.0
0.0
0.0
0.0
0.0
0.0
0.0
0.0
0.0
0.0
0.0
0.0
0.0
0.0
0.0
0.0
0.0
0.0
0.0625
0.0
0.0
0.0
0.0
0.0
187.0
10.0
0.0
0.0
0.125
0.125
0.0
0.0
0.0
0.0
31.25
196.25
85.0
0.0
226.0
155.0
27.25
218.0
247.0
89.0
218.0
0.75
0.0
185.0
23.0
248.0
193.0
11.0
0.0
18.25
0.0
0.0
211.0
241.0
63.0
195.0
207.0
75.0
245.0
219.0
9.25
185.0
237.0
13.0
171.0
0.0
0.0
0.0
0.0
0.0
22.75
0.0
202.0
30.25
0.0
0.0
0.0
0.0
0.0
0.0
0.0
0.0
20.0
0.0
162.0
87.0
0.0
0.0
0.0
107.0
194.0
0.0
124.0
131.0
0.0
195.0
161.0
0.0
125.0
206.0
0.0
125.0
5.5
0.0
187.0
52.0
204.0
190.0
19.0
0.0
0.0
0.0
0.0
103.0
195.0
0.0
96.0
172.75
0.0
69.0
182.0
0.0
69.0
0.0
0.0
27.5
0.0
180.25
29.0
0.0
0.0
0.0
0.0
0.0
0.0
0.0
0.0
163.0
229.0
0.0
138.0
205.0
0.0
90.0
192.0
0.0
26.0
0.0
0.0
145.0
0.0
0.0
193.5
0.0
0.0
169.0
0.0
0.0
0.0
0.0
0.0
16.0
178.0
174.0
0.0
144.0
0.0
0.0
0.0
0.0
0.0
0.0
0.0
0.0
0.25
0.25
0.0
0.0
0.0
0.0
0.25
14.0
0.0
176.0
29.0
0.0
120.0
169.0
0.0
102.0
47.0
0.0
176.0
69.0
0.0
0.25
0.0
0.0
70.0
186.0
0.0
62.0
179.75
0.0
69.0
192.0
0.0
65.0
30.0
0.25
173.75
29.0
0.0
0.0
0.0
0.0
71.0
188.0
0.0
63.0
177.25
0.0
58.0
192.0
0.0
60.0
0.0
84.0
176.0
0.0
60.0
0.0
0.0
86.0
0.0
175.0
101.0
0.0
45.0
171.0
0.0
21.0
116.0
0.0
164.0
124.0
0.0
0.0
0.0
161.0
0.0
0.0
0.0
0.0
0.25
0.0
0.0
0.25
0.0
0.0
0.0
0.0
142.0
0.0
150.0
149.0
0.0
0.0
138.0
0.0
0.0
159.0
0.0
125.0
169.0
0.0
0.0
5.0
0.0
0.0
0.0
0.0
0.0
0.0
0.0
0.0625
28.5
0.0
175.25
27.0
0.0
0.0
50.0
190.0
0.0
57.0
174.5
0.0
56.0
183.0
0.0
49.0
25.0
0.0
172.25
25.0
0.0
0.0
0.0
0.0
51.0
185.0
0.0
53.0
175.25
0.25
45.0
186.0
0.0
35.0
0.125
0.0
23.0
0.25
172.0
24.75
0.0
0.0
0.0
0.0
0.0
0.0
0.0
0.0
0.0
0.0
0.0
0.0
0.0
0.0
0.0
0.0
0.0
0.0
0.0
0.0
0.25
29.0
0.0
0.25
171.0
36.0
97.0
177.0
17.0
20.5
124.25
0.125
0.0
8.75
0.0
0.0
0.0
0.0
0.0
0.0
0.0
0.0
0.0
0.0
0.0
0.0
0.0
0.0
0.0
0.0
0.0
24.25
0.25
0.0
0.25
0.0
0.0
173.0
112.0
11.0
177.0
0.0
0.0
137.0
0.0
0.0
166.0
147.0
0.0
151.0
0.25
0.0
0.0
0.0
159.0
0.0
0.0
24.0
187.0
0.0
34.0
176.5
0.0
29.0
186.0
0.0
31.0
23.0
0.25
167.5
22.0
0.0
0.0
0.25
0.0
32.0
179.0
1.0
33.0
169.75
0.0
32.0
183.0
0.0
39.0
0.0
0.0
0.25
0.0
145.0
165.0
0.0
124.0
0.0
0.0
180.0
19.0
0.0
116.0
186.0
0.0
100.0
0.0
0.0
0.25
0.25
0.0
0.0
0.0
48.0
0.0
184.0
62.0
0.0
0.0
0.0
0.0
0.0
71.0
186.0
0.0
57.0
82.0
0.0
180.0
85.0
0.0
27.0
175.0
0.0
1.0
0.0
0.0
67.0
0.0
153.0
88.0
0.0
0.0
0.125
21.0
0.25
168.5
21.0
0.0
0.0
47.0
180.0
0.0
52.0
165.0
0.0
64.0
184.0
0.0
68.0
19.75
0.25
160.0
19.0
0.0
0.25
0.0
0.0
67.0
193.0
0.0
72.0
165.25
0.0
71.0
185.0
0.0
58.0
0.0
0.0
19.75
0.25
163.0
23.5
0.0
0.0
0.0
0.0
0.0
0.0
0.0
0.0
0.0
0.0
154.0
0.0
0.0
139.0
0.0
156.0
158.0
0.0
0.0
137.0
0.0
0.0
0.0
0.0
0.5
0.0
0.0
0.0
0.0
0.0
0.0
0.0
0.25
0.0
173.0
12.0
116.0
179.0
9.25
0.0
0.0
0.0
0.0
28.75
187.0
53.0
85.0
183.0
0.0
13.75
17.25
0.0
187.0
96.0
47.0
184.0
26.5
57.0
177.0
0.0
44.0
166.75
0.25
38.0
164.0
0.0
18.0
31.0
0.0
176.25
13.0
0.0
167.0
83.0
0.0
0.0
0.0
0.25
11.0
156.0
0.0
1.0
181.5
0.0
0.0
136.0
0.0
0.0
0.0
3.5
171.0
121.0
0.0
162.0
0.0
0.0
0.0
0.0625
0.0
0.0
130.0
0.0
0.0
153.0
149.0
0.0
145.0
0.0
0.0
161.0
0.0
0.0
0.0
0.0
0.0
0.0
132.0
163.0
0.0
100.0
0.0
0.0
0.0
0.0
170.0
33.0
0.0
99.0
185.0
0.0
85.0
51.0
0.0
186.0
78.0
0.0
0.0
36.25
0.0
226.0
220.0
38.0
106.0
189.75
0.25
0.0
126.0
52.0
229.0
241.0
0.0
0.0
221.0
177.0
0.0
0.0625
0.25
0.0
0.0
0.0
129.0
57.0
0.0
0.0
0.0
0.0
0.0
0.0
0.25
0.0
0.25
31.75
150.0
192.0
0.0
0.0
0.0
0.0
0.1875
0.0
226.0
236.0
18.0
91.0
195.5
0.0
0.0
132.0
57.0
225.0
242.0
0.0
0.0
231.0
192.0
31.75
169.0
216.0
0.0
0.0
0.0625
0.0
0.0
0.0
0.0
0.0
0.0
0.0
0.0
0.0
0.0
0.0
0.0
0.0
0.0
0.0
0.0
0.0
143.0
56.0
0.25
251.0
249.0
43.0
124.0
202.0
0.0
0.0
121.0
31.0
241.0
239.0
0.0
0.0
216.0
159.0
0.0
0.0
0.0
0.0
57.0
140.0
0.0
0.0
186.0
206.0
0.0
0.0
0.0
0.25
0.25
0.0
19.0
0.0
0.0
0.0
0.0
0.0
223.0
222.0
63.0
140.0
181.25
0.0
0.0
58.0
0.0
229.0
209.0
0.0
0.0
173.0
103.0
69.0
144.0
0.0
0.0
203.0
229.0
1.0
10.0
0.0
0.0
0.0
0.0
0.0
0.0
0.0
0.0
0.0
0.0
0.0
0.0
0.0
0.0
0.0
0.0
0.0
0.0
0.0
0.0
0.0
0.0
0.0
0.0
1.25
0.0
222.0
195.0
93.0
169.0
140.0
50.0
210.0
213.0
0.0
0.25
0.0
1.0
202.0
159.0
21.5
0.0
0.0
0.0
0.0
0.0
0.0
0.0
0.0
0.0
0.0
0.0
0.0
0.25
67.0
183.0
0.0
39.0
0.0
0.0
0.125
0.0
0.0
0.0
0.0
0.0
0.0
0.0
0.0
0.0
0.0
12.75
0.0
0.25
135.0
200.0
1.0
0.0
225.0
215.0
18.0
102.0
0.25
0.0
0.0625
0.0
165.0
21.0
0.0
216.0
190.0
0.25
76.0
150.0
0.0
0.0
0.0
0.0
134.0
51.0
0.0
200.0
219.0
0.0
59.0
172.5
0.0
0.0
0.0
0.0
0.25
0.0
0.0
0.0
0.0
0.0
0.0
0.0
0.0
0.0
0.0
78.0
0.0
220.0
205.0
0.0
0.0
155.0
71.0
0.0
0.0
0.25
0.0
51.0
137.0
0.0
0.0
190.0
204.0
0.0
36.0
0.0
0.0
168.0
90.0
0.0
221.0
206.0
0.0
43.0
126.0
0.0
0.0
0.25
0.25
0.0
0.0
0.0625
0.0
0.0
164.0
84.0
0.0
201.0
228.0
0.0
58.0
185.25
0.0
0.0
78.0
0.0
239.0
213.0
0.0
0.0
155.0
67.0
0.0
0.0
0.0
0.0
0.0
0.0
0.0
0.0
0.25
0.0
0.25
74.0
163.0
0.0
0.0
229.0
246.0
0.0
103.0
0.0
0.0
0.0625
0.0
0.0
0.0
0.0
0.0
0.0
0.0
0.0
0.0
0.0
0.25
0.0
0.0
2.875
139.0
22.0
189.0
136.0
0.0
168.75
88.0
0.0
183.0
75.0
0.0
0.0
0.0
0.0
23.25
0.0625
0.0
114.5
8.75
140.0
0.0
24.5
175.0
0.0
0.0
153.0
0.0
54.0
113.0
41.0
205.0
179.0
6.0
35.0
158.0
162.0
202.5
188.75
0.0
0.0
0.0
0.0
97.0
189.0
0.0
90.0
196.0
0.0
22.0
137.0
0.0
0.0
156.5
143.5
188.25
185.0
65.0
181.0
50.0
0.0
0.0
0.0
0.0
185.25
173.0
24.0
137.0
0.0
178.0
135.0
0.0
0.0
5.5
0.0
0.0
0.0
0.0
0.0
0.0
0.0
0.0
0.0
0.0
0.0
0.0
0.0
0.0
0.0
90.0
0.0
177.0
106.0
0.0
17.0
167.0
1.0
0.0
116.0
0.0
163.0
141.0
0.0
0.0
0.0
0.0
0.0
0.0
155.0
0.0
0.0
0.5
0.0
149.0
0.0
142.0
162.0
0.0
0.0
132.0
0.0
0.0
170.0
8.0
107.0
168.0
0.25
0.0
0.25
0.0
0.0
0.0
0.0
8.75
0.0
0.0625
0.0
0.0
22.0
0.25
0.0
0.0
0.0
126.25
20.75
14.0
182.0
103.0
36.0
176.0
0.0
0.0
29.75
0.0
0.0
2.0
0.0
0.0
167.0
131.0
0.0
161.0
0.0
0.0
136.0
0.0
0.25
141.0
155.0
0.0
131.0
0.0
0.0
0.0625
0.125
0.0
0.0
0.0
0.0
157.0
0.0
0.0
0.125
0.0
0.0
0.0
0.0
0.0
0.0
0.0
0.0
0.0
0.0
0.0
0.0
0.0
0.0
0.0
190.5
33.0
0.0
243.0
200.0
5.5
121.0
197.0
0.0
0.0
34.25
0.0
239.0
247.0
62.0
159.0
196.0
102.0
223.0
247.0
0.0
0.0
0.0
0.0
0.0
21.25
0.25
0.0
0.25
0.0
1.0
0.0
222.0
151.0
12.25
0.0
0.0
0.0
0.0
179.0
231.0
0.0
16.0
192.5
0.0
0.0
128.0
14.0
237.0
228.0
0.0
0.0
177.0
80.0
57.0
156.0
0.0
0.0
217.0
228.0
0.0
115.0
113.0
165.0
0.0
98.0
28.0
0.0
174.0
47.0
0.0
84.0
167.0
0.0
59.0
0.0
0.25
55.0
0.0
163.0
71.0
0.0
0.0
0.25
0.0
0.25
51.0
165.0
0.0
30.0
54.0
0.0
146.0
16.0
0.0
23.0
140.0
0.0
13.0
0.0625
0.0
0.5
0.0
39.0
0.0
144.0
62.0
0.0
0.1875
0.0
0.0
0.0
0.5
0.0
0.0
0.0
189.75
14.0
0.0
226.0
175.0
0.0
0.0
18.25
0.0
0.0
141.0
0.0
0.0
86.0
0.0
137.0
114.0
0.25
0.0
146.0
0.0
0.0
0.0
0.0
133.0
0.0
141.0
149.0
0.0
0.0
0.0
0.0
0.0
0.0
141.0
0.0
0.0
177.0
24.0
134.0
184.0
0.25
0.0
126.0
0.0
0.0
0.0
0.0
0.0
0.0
0.0625
0.125
13.0
0.25
200.0
84.0
140.0
222.0
30.0
0.0
0.0
0.0
0.0
0.0
0.0
0.0
0.0
0.0
0.0
0.0
0.0
0.0
0.0
0.0
10.1875
41.734375
71.375
42.8125
46.25
88.5625
38.0625
40.875
35.625
69.5625
116.125
119.75
107.3125
0.0
0.0
43.375
48.234375
86.0
85.546875
48.62890625
52.75
77.25
132.25
124.75
114.21875
249.5
159.5
255.0
150.25
122.75
255.0
125.25
234.75
93.0
106.625
117.1875
118.015625
117.265625
115.546875
112.390625
255.0
169.0
255.0
124.0
101.75
128.75
109.25
103.125
115.4375
114.8125
117.6875
109.0
89.25
108.0625
75.75
123.125
120.0
76.75
123.0
85.25
131.5
153.5
165.25
255.0
255.0
113.5625
116.625
117.1875
102.625
114.875
112.625
109.0625
116.875
116.5
120.5
95.75
140.5
137.0
112.0
245.0
255.0
124.0
185.5
255.0
255.0
255.0
254.5
255.0
247.5
98.5
98.75
106.0
79.0
245.0
151.0
59.0
95.25
255.0
127.0
44.0
203.0
75.0
255.0
138.5
27.75
67.5
19.75
7.25
113.65625
113.11328125
111.796875
113.015625
116.6875
112.125
86.6875
91.5625
112.921875
112.1640625
0.0
0.0
29.91015625
13.828125
0.0
34.0625
41.546875
0.0
0.0
10.03515625
0.0
99.046875
64.609375
111.5
109.84375
18.4375
20.625
72.1875
26.75
19.765625
105.90625
65.890625
112.78125
114.78125
107.75
114.625
114.1875
93.75
111.4375
113.375
113.453125
114.5625
117.6875
117.5
127.0
112.75
159.25
129.0
122.75
211.25
247.5
84.0
95.0
109.0
35.25
211.75
82.0
43.0
255.0
204.0
12.5
24.25
58.0
15.25
23.640625
24.8359375
91.1875
49.78125
114.5625
106.75
64.625
103.625
104.765625
39.53125
186.75
238.75
215.25
255.0
244.5
135.0
255.0
75.0
255.0
254.75
92.25
229.75
255.0
251.8125
255.0
255.0
255.0
108.1875
171.0
201.0
116.5
145.0
92.5625
102.25
120.0
89.75
98.5
255.0
255.0
247.75
255.0
255.0
179.0
255.0
122.0
182.0
255.0
112.0
233.25
254.9375
254.9375
252.0
255.0
255.0
222.0
254.75
255.0
255.0
255.0
246.5
93.5
255.0
115.0
228.0
107.0
87.5
255.0
169.0
206.0
111.0
107.25
112.5
97.0
77.1875
78.5625
101.1875
254.9375
106.5
79.75
76.25
86.25
255.0
251.0
255.0
255.0
186.0
255.0
129.0
86.0
87.25
76.0
73.0
65.5
92.3125
74.25
69.625
86.3125
94.5625
89.875
89.25
82.5
107.75
86.0
106.0
167.0
215.0
99.5
124.75
95.0
105.5
249.5
255.0
132.0
255.0
122.0
190.0
254.75
93.25
128.0
119.0
137.0
255.0
255.0
215.5
135.5
198.5
203.25
181.25
240.625
255.0
254.75
255.0
254.75
226.3125
249.5625
255.0
255.0
255.0
254.75
247.625
248.375
251.6875
255.0
221.0
93.0
178.0
82.0
245.0
89.25
67.75
73.75
66.0
84.0
204.5
68.75
173.0
97.5
53.3125
54.8125
60.5
108.9375
115.5625
255.0
149.0
98.0
255.0
168.0
255.0
255.0
100.25
98.0
195.0
124.0
255.0
146.0
118.25
255.0
244.75
133.0
255.0
194.75
111.8125
113.125
122.25
112.25
75.96875
106.109375
101.015625
108.25
104.046875
102.28125
106.90625
63.609375
104.265625
72.609375
115.421875
110.625
29.75
114.75
21.3125
16.34375
9.234375
15.140625
51.625
221.875
216.65625
204.546875
197.59375
231.625
247.625
221.0
242.1875
119.0
212.8125
238.5
211.6875
229.5
254.0
228.5
220.25
116.5
113.125
103.125
108.3125
199.546875
192.4375
205.375
196.875
199.5
228.5
228.75
248.75
203.875
209.625
244.0
249.25
177.25
179.25
250.0
218.5
143.75
125.75
234.6875
255.0
255.0
204.0
171.0
125.0
151.75
117.75
188.75
128.5
128.0
125.75
104.125
218.3125
229.75
252.0
137.0
145.0
108.0
182.0
87.0
232.25
224.75
204.25
112.5
106.5
67.5
49.5
112.75
109.0
84.0
94.75
110.75
99.625
111.0
58.25
70.5
41.25
59.75
13.0
52.125
17.6875
55.0
26.640625
118.875
47.28125
101.953125
32.90625
59.125
97.625
24.375
73.9375
43.8125
88.4375
88.859375
41.609375
26.5625
48.3125
35.75
67.0
124.5
102.5
235.25
44.0625
76.625
38.25
89.5
39.75
86.5
60.75
85.0
194.0
120.0
255.0
235.5
255.0
255.0
255.0
90.0
112.0
255.0
100.0
191.0
100.25
127.5
255.0
255.0
203.0
255.0
215.0
146.0
123.0
47.75
55.25
88.5
100.5
52.5
68.75
115.5
102.75
122.0
166.0
255.0
255.0
244.75
255.0
255.0
255.0
190.0
126.0
255.0
217.0
255.0
240.5
69.3125
81.5625
94.0
94.5
110.75
80.75
87.8125
255.0
255.0
255.0
254.5
255.0
255.0
199.0
240.0
129.0
218.25
96.5
255.0
255.0
238.0
184.0
117.0
145.25
105.75
105.75
89.75
87.25
81.5
92.0
82.25
82.5
81.75
69.125
78.3125
38.0
79.6875
88.5
85.9375
27.8125
23.875
6.28125
6.125
103.5
255.0
82.25
159.0
255.0
109.0
152.0
255.0
255.0
251.0
255.0
59.25
77.0
6.25
8.0
106.5
137.0
17.75
36.25
255.0
255.0
255.0
229.25
244.75
83.25
253.0
173.0
137.0
124.0
110.5
138.75
133.5
56.5
72.5
116.75
118.25
71.5
80.25
5.8125
14.6875
11.125
8.125
18.25
17.5625
5.9375
9.4375
64.03515625
36.78125
15.90625
98.25
87.484375
79.5
98.0
79.5
75.25
90.265625
12.140625
9.53125
88.046875
94.609375
36.90625
72.3125
82.25
95.6875
115.0
134.0
117.75
252.5
25.7421875
5.40625
50.625
103.0
194.0
255.0
126.0
255.0
109.25
138.0
9.125
90.0
120.5
47.25
108.25
9.75
8.1875
22.875
14.375
6.625
93.04296875
96.8984375
72.734375
72.984375
60.8125
97.625
98.33984375
70.95703125
7.03125
15.796875
9.0
7.515625
67.09375
6.80859375
0.0
0.0
0.0
0.0
0.0
0.0
0.0
0.0
0.0
0.0
0.0
0.0
0.0
0.0
3.1171875
0.0
23.44140625
5.48046875
0.0
0.0
0.0
0.0
0.0
0.0
0.0
0.0
0.0
0.0
0.0
0.0
0.0
0.0
11.0
146.0
199.0
0.0
0.0
0.0
0.0
173.75
110.0
0.0
218.0
212.0
0.0
52.0
157.0
0.0
0.0
0.0625
0.0
0.0
0.0
0.0
0.0
0.0
156.0
61.0
0.0
212.0
221.0
6.0
116.0
201.75
0.25
0.0
47.0
0.0
245.0
206.0
0.0
0.0
153.0
140.0
0.25
24.75
0.0
0.0
196.0
255.0
0.0
65.0
244.0
0.0
8.0
0.0
0.0
0.0
0.0
0.0
0.0
0.0
0.0
0.0
0.0
0.0
0.0
0.0
31.0
224.0
0.0
184.0
221.5
71.0
213.0
204.0
255.0
253.25
0.0
0.0
143.0
0.0
0.0
220.0
31.0
255.0
253.75
188.0
255.0
0.0
0.0
255.0
255.0
121.0
249.0
239.75
219.0
57.0
226.0
143.0
255.0
247.0
157.0
241.0
82.0
0.0
0.0
0.0
0.0
0.0
0.0
0.0
0.0
0.0
0.0
0.0
24.0
24.5
0.0
0.25
0.0
0.0625
0.0
0.0
0.0
0.0
0.0
0.0
0.0
0.0
0.0
0.0
0.0
0.0
0.0
0.0
0.0
0.0
0.0
0.0
0.0
0.0
0.0
19.671875
17.375
37.6875
13.6875
121.25
75.25
250.25
215.5
28.0
12.5
73.0
58.0
191.0
100.0
43.75
12.5
22.9375
12.1875
12.1875
27.546875
9.53125
11.609375
31.03125
255.0
254.75
255.0
252.25
246.75
101.0
57.0
220.0
74.0
249.5
236.75
154.0
255.0
125.0
233.0
255.0
129.5
233.0
211.5
255.0
206.25
232.75
41.25
7.75
61.75
24.75
11.3125
204.0
49.0
255.0
63.0
36.0
255.0
98.0
255.0
108.0
59.25
27.0
124.0
145.75
73.25
106.75
255.0
241.5
211.75
255.0
38.375
150.75
246.5
108.0
129.75
255.0
101.0
255.0
109.0
47.5
255.0
110.0
255.0
109.0
48.5
75.4375
255.0
104.0
198.0
102.0
92.25
115.5
91.75
108.625
11.921875
18.25
33.734375
9.03125
0.0
0.0
9.53125
0.0
4.75
78.5625
3.6875
11.5
99.9375
108.4375
94.9375
105.1875
4.140625
66.984375
102.34375
21.6875
113.140625
63.390625
9.203125
106.43359375
13.375
0.0
7.625
20.46875
18.140625
19.890625
0.0
0.0
0.0
0.0
0.0
0.0
0.0
0.0
0.0
0.0
0.0
0.0
0.0
0.0
0.0
8.98046875
36.046875
110.703125
36.703125
109.859375
0.0
18.640625
0.0
16.53125
11.1875
85.375
20.1875
102.3125
92.890625
22.3125
110.8125
17.125
110.25
93.40625
32.66796875
8.66015625
40.734375
10.203125
40.15625
42.34375
9.75
32.9375
65.84375
97.125
94.3125
105.375
80.6875
0.0
14.359375
0.0
13.6875
60.984375
89.640625
9.1875
96.5
2.25
73.625
85.8125
4.13671875
19.296875
94.25
14.265625
60.4375
112.0
21.3125
99.375
109.75
32.0625
114.8125
79.8125
14.46875
105.90625
50.734375
96.71875
99.359375
63.078125
45.53125
61.109375
84.84375
64.484375
84.375
23.921875
0.0
0.0
0.0
0.0
0.0
11.640625
18.328125
0.0
14.03125
0.0
0.0
90.453125
85.484375
19.859375
76.78125
113.40625
71.21875
104.0
92.859375
12.05078125
39.56640625
0.0
2.4443359375
8.578125
57.515625
17.796875
7.375
61.484375
8.96875
51.95703125
98.05859375
95.28125
100.59375
86.375
21.28125
52.296875
30.1875
106.296875
102.625
63.5078125
39.8125
89.921875
68.484375
110.75
43.90625
35.91015625
75.11328125
75.0625
70.875
21.5
22.390625
94.15625
97.25
30.828125
32.859375
17.5625
11.25
8.6875
13.625
26.828125
20.21875
27.375
107.0
21.1875
98.0
108.890625
103.5625
27.828125
76.3125
94.5
6.0625
13.6875
36.078125
17.96875
8.796875
54.1875
67.65625
6.75
15.26953125
19.046875
100.125
22.34375
104.5
113.8125
107.3125
110.75
110.9375
51.375
35.75
104.75
38.25
98.5
103.6875
68.4375
109.15625
68.90625
10.03125
36.203125
9.296875
31.359375
107.1875
97.0
22.5
20.0625
46.125
25.484375
21.34375
44.71484375
17.09765625
57.7421875
36.55078125
24.10546875
96.125
100.734375
56.15625
102.46875
22.54296875
50.91796875
55.5625
70.5625
50.8515625
19.765625
36.7421875
72.09375
110.125
109.5
110.65625
23.0703125
100.140625
106.28125
7.359375
11.90625
13.1796875
17.625
76.5
6.25
28.375
89.4375
7.3125
17.75
5.25
16.984375
5.890625
9.0625
20.125
71.25
40.390625
102.765625
119.0
113.625
120.375
117.5625
13.546875
7.703125
98.109375
82.03125
8.625
27.6875
7.0
6.5
96.75
115.0
20.75
63.25
108.8125
3.6875
22.25
10.015625
5.921875
89.125
110.3125
6.0
10.46875
71.8828125
52.890625
19.99609375
23.37890625
61.46875
68.26171875
45.921875
32.9765625
7.28125
5.28125
57.484375
30.78125
8.1015625
103.359375
103.734375
18.859375
26.828125
66.9140625
6.4296875
3.6796875
29.4609375
8.9140625
0.0
0.0
0.0
0.0
0.0
0.0
0.0
0.0
0.0
0.0
0.0
8.3515625
9.90625
0.0
0.0
0.0
0.0
7.1640625
3.19140625
4.984375
7.51953125
5.5791015625
0.0
0.0
0.0
0.0
120.5625
125.6875
52.5625
111.75
101.5
23.0
22.0
113.75
63.5
38.4375
43.875
16.1875
17.875
54.0
43.5625
53.03125
32.25
44.734375
68.484375
47.390625
59.515625
40.515625
22.703125
41.640625
87.7734375
42.46875
95.3125
118.5
116.5
106.0
100.75
95.875
96.3125
29.75
37.015625
101.625
81.625
86.625
48.25
58.78125
56.734375
99.796875
75.90625
59.640625
93.515625
98.109375
50.4921875
80.0
100.203125
46.125
25.75
100.828125
59.984375
14.515625
13.0625
26.01953125
1.51953125
23.5078125
6.02734375
4.5078125
7.2421875
71.91796875
98.9765625
60.75
30.42578125
28.412109375
11.1640625
44.1142578125
31.75
12.375
77.390625
51.5
0.0
0.0
26.3125
0.0625
64.6875
34.75
0.0
101.75
89.25
0.0
6.9375
28.4375
60.375
46.890625
59.359375
50.5
50.25
43.625
99.0
29.375
45.875
82.34375
46.796875
92.21875
2.71875
4.03125
25.515625
35.234375
7.6796875
96.65625
72.296875
89.515625
71.484375
29.8125
8.02734375
25.0
45.140625
2.9375
16.25
3.03125
8.640625
15.390625
34.75
4.9375
22.6875
70.5
110.0
43.4375
77.0625
116.1875
117.1875
82.359375
102.40625
90.015625
75.21875
21.21875
50.140625
37.93359375
111.390625
117.734375
103.90625
97.34375
102.03125
111.03125
113.8125
101.8125
37.0
12.75
31.65625
38.2109375
72.95703125
35.62890625
80.890625
53.5
12.234375
35.1875
20.125
49.828125
19.203125
68.125
49.4375
107.1875
112.4375
75.0
57.734375
88.78515625
40.5546875
46.83203125
32.39453125
8.7890625
29.515625
28.703125
9.515625
8.265625
14.90625
13.19921875
4.53125
3.77734375
74.015625
100.40625
66.640625
100.640625
3.65234375
84.94140625
44.6875
3.1875
77.375
5.0625
19.515625
49.734375
19.65625
0.0
33.90625
0.0
11.296875
86.73046875
49.9765625
99.90625
97.015625
89.96875
79.65625
31.0234375
0.0
12.26171875
0.0
0.0
0.0
0.0
0.0
91.890625
75.40625
96.0
93.59375
43.5625
103.90625
103.0
33.6875
37.375
10.0
30.40625
13.421875
9.03125
10.203125
9.65625
0.0
5.4375
0.0
0.0
0.0
7.6875
0.0
0.0
0.0
0.0
0.0
0.0
0.0
0.0
2.71875
3.546875
7.1796875
8.6015625
5.4375
4.28125
9.421875
8.90625
18.546875
8.03125
2.671875
0.0
0.0
12.69140625
6.79296875
0.0
0.0
0.0
0.0
0.0
0.0
0.0
0.0
0.0
0.0
0.0
0.0
0.0
0.0
