0 3 0 0 1 2
1 3 0 0 2 3
2 3 0 0 3 8
3 3 0 8 5 15
4 3 0 15 4 0
5 3 0 0 8 15
6 3 0 6 7 9
7 3 0 6 9 2
8 3 0 2 9 3
9 3 0 8 3 9
10 3 0 8 9 10
11 3 0 5 8 10
12 3 0 5 10 11
13 3 0 10 9 7
14 3 0 10 7 12
15 3 0 12 13 40
16 3 0 12 40 10
17 3 0 10 40 11
18 3 0 14 4 15
19 3 0 14 15 16
20 3 0 17 14 16
21 3 0 17 16 18
22 3 0 16 15 5
23 3 0 16 5 19
24 3 0 16 19 33
25 3 0 16 33 18
26 3 0 18 33 20
27 3 0 21 17 18
28 3 0 21 18 22
29 3 0 21 22 26
30 3 0 21 26 23
31 3 0 23 26 24
32 3 0 18 20 120
33 3 0 120 25 27
34 3 0 27 22 18
35 3 0 18 120 27
36 3 0 26 22 27
37 3 0 26 27 28
38 3 0 24 26 28
39 3 0 24 28 29
40 3 0 27 25 148
41 3 0 27 148 28
42 3 0 28 148 30
43 3 0 28 30 154
44 3 0 28 154 29
45 3 0 29 154 31
46 3 0 5 11 39
47 3 0 39 32 34
48 3 0 34 19 5
49 3 0 5 39 34
50 3 0 33 19 34
51 3 0 33 34 35
52 3 0 20 33 35
53 3 0 20 35 36
54 3 0 35 34 32
55 3 0 35 32 37
56 3 0 35 37 46
57 3 0 46 38 124
58 3 0 124 36 35
59 3 0 35 46 124
60 3 0 39 11 40
61 3 0 39 40 41
62 3 0 32 39 41
63 3 0 32 41 42
64 3 0 41 40 13
65 3 0 41 13 43
66 3 0 41 43 625
67 3 0 625 44 58
68 3 0 58 42 41
69 3 0 41 625 58
70 3 0 32 42 57
71 3 0 57 45 47
72 3 0 47 37 32
73 3 0 32 57 47
74 3 0 46 37 47
75 3 0 46 47 48
76 3 0 46 48 51
77 3 0 46 51 38
78 3 0 38 51 49
79 3 0 47 45 73
80 3 0 73 50 52
81 3 0 52 48 47
82 3 0 47 73 52
83 3 0 51 48 52
84 3 0 51 52 53
85 3 0 49 51 53
86 3 0 49 53 54
87 3 0 53 52 50
88 3 0 53 50 55
89 3 0 53 55 80
90 3 0 53 80 54
91 3 0 54 80 56
92 3 0 57 42 58
93 3 0 57 58 59
94 3 0 57 59 62
95 3 0 62 60 74
96 3 0 74 45 57
97 3 0 57 62 74
98 3 0 58 44 655
99 3 0 655 61 63
100 3 0 63 59 58
101 3 0 58 655 63
102 3 0 62 59 63
103 3 0 62 63 64
104 3 0 62 64 67
105 3 0 62 67 60
106 3 0 60 67 65
107 3 0 63 61 661
108 3 0 661 66 68
109 3 0 68 64 63
110 3 0 63 661 68
111 3 0 67 64 68
112 3 0 67 68 69
113 3 0 65 67 69
114 3 0 65 69 70
115 3 0 69 68 66
116 3 0 69 66 71
117 3 0 70 69 71
118 3 0 70 71 72
119 3 0 73 45 74
120 3 0 73 74 75
121 3 0 50 73 75
122 3 0 50 75 76
123 3 0 75 74 60
124 3 0 75 60 77
125 3 0 77 78 87
126 3 0 77 87 75
127 3 0 75 87 76
128 3 0 50 76 86
129 3 0 86 79 81
130 3 0 81 55 50
131 3 0 50 86 81
132 3 0 80 55 81
133 3 0 80 81 82
134 3 0 56 80 82
135 3 0 56 82 83
136 3 0 82 81 79
137 3 0 82 79 84
138 3 0 83 82 84
139 3 0 83 84 85
140 3 0 86 76 87
141 3 0 86 87 88
142 3 0 79 86 88
143 3 0 79 88 89
144 3 0 88 87 78
145 3 0 88 78 90
146 3 0 89 88 90
147 3 0 89 90 91
148 3 0 84 79 89
149 3 0 84 89 92
150 3 0 85 84 92
151 3 0 85 92 93
152 3 0 92 89 91
153 3 0 92 91 94
154 3 0 93 92 94
155 3 0 93 94 95
156 3 0 77 60 65
157 3 0 77 65 96
158 3 0 96 97 100
159 3 0 96 100 77
160 3 0 77 100 78
161 3 0 96 65 70
162 3 0 96 70 98
163 3 0 98 70 72
164 3 0 97 96 98
165 3 0 97 98 99
166 3 0 90 78 100
167 3 0 90 100 101
168 3 0 91 90 101
169 3 0 91 101 102
170 3 0 101 100 97
171 3 0 101 97 103
172 3 0 103 104 108
173 3 0 103 108 101
174 3 0 101 108 102
175 3 0 91 102 107
176 3 0 91 107 94
177 3 0 94 107 105
178 3 0 95 94 105
179 3 0 95 105 106
180 3 0 107 102 108
181 3 0 107 108 109
182 3 0 105 107 109
183 3 0 105 109 110
184 3 0 109 108 104
185 3 0 109 104 111
186 3 0 110 109 111
187 3 0 110 111 112
188 3 0 106 105 110
189 3 0 106 110 113
190 3 0 113 110 112
191 3 0 103 115 104
192 3 0 115 103 701
193 3 0 701 114 115
194 3 0 97 99 701
195 3 0 97 701 103
196 3 0 116 112 111
197 3 0 116 111 115
198 3 0 115 111 104
199 3 0 113 112 116
200 3 0 113 116 117
201 3 0 116 115 114
202 3 0 116 114 118
203 3 0 117 116 118
204 3 0 117 118 119
205 3 0 20 36 123
206 3 0 20 123 120
207 3 0 120 123 121
208 3 0 120 121 129
209 3 0 129 122 149
210 3 0 149 25 120
211 3 0 120 129 149
212 3 0 123 36 124
213 3 0 123 124 125
214 3 0 121 123 125
215 3 0 121 125 126
216 3 0 125 124 38
217 3 0 125 38 127
218 3 0 125 127 258
219 3 0 258 128 133
220 3 0 133 126 125
221 3 0 125 258 133
222 3 0 121 126 132
223 3 0 121 132 129
224 3 0 129 132 130
225 3 0 129 130 138
226 3 0 138 131 169
227 3 0 169 122 129
228 3 0 129 138 169
229 3 0 132 126 133
230 3 0 132 133 134
231 3 0 130 132 134
232 3 0 130 134 135
233 3 0 134 133 128
234 3 0 134 128 136
235 3 0 134 136 279
236 3 0 134 279 135
237 3 0 135 279 137
238 3 0 138 130 135
239 3 0 138 135 139
240 3 0 138 139 142
241 3 0 142 140 189
242 3 0 189 131 138
243 3 0 138 142 189
244 3 0 137 141 143
245 3 0 137 143 135
246 3 0 135 143 139
247 3 0 142 139 143
248 3 0 142 143 144
249 3 0 140 142 144
250 3 0 140 144 145
251 3 0 144 143 141
252 3 0 144 141 146
253 3 0 145 144 146
254 3 0 145 146 147
255 3 0 148 25 149
256 3 0 148 149 150
257 3 0 30 148 150
258 3 0 30 150 151
259 3 0 149 122 168
260 3 0 149 168 150
261 3 0 150 168 152
262 3 0 150 152 174
263 3 0 174 153 158
264 3 0 158 151 150
265 3 0 150 174 158
266 3 0 30 151 157
267 3 0 30 157 154
268 3 0 154 157 155
269 3 0 154 155 163
270 3 0 154 163 31
271 3 0 31 163 156
272 3 0 157 151 158
273 3 0 157 158 159
274 3 0 155 157 159
275 3 0 155 159 160
276 3 0 159 158 153
277 3 0 159 153 161
278 3 0 159 161 216
279 3 0 159 216 160
280 3 0 160 216 162
281 3 0 163 155 160
282 3 0 163 160 164
283 3 0 156 163 164
284 3 0 156 164 165
285 3 0 160 162 224
286 3 0 160 224 164
287 3 0 164 224 166
288 3 0 165 164 166
289 3 0 165 166 167
290 3 0 168 122 169
291 3 0 168 169 170
292 3 0 152 168 170
293 3 0 152 170 171
294 3 0 169 131 188
295 3 0 169 188 170
296 3 0 170 188 172
297 3 0 172 173 178
298 3 0 172 178 170
299 3 0 170 178 171
300 3 0 152 171 177
301 3 0 152 177 174
302 3 0 174 177 175
303 3 0 174 175 183
304 3 0 174 183 153
305 3 0 153 183 176
306 3 0 177 171 178
307 3 0 177 178 179
308 3 0 175 177 179
309 3 0 175 179 180
310 3 0 179 178 173
311 3 0 179 173 181
312 3 0 180 179 181
313 3 0 180 181 182
314 3 0 183 175 180
315 3 0 183 180 184
316 3 0 176 183 184
317 3 0 176 184 185
318 3 0 184 180 182
319 3 0 184 182 186
320 3 0 185 184 186
321 3 0 185 186 187
322 3 0 188 131 189
323 3 0 188 189 190
324 3 0 172 188 190
325 3 0 172 190 191
326 3 0 190 189 140
327 3 0 190 140 192
328 3 0 191 190 192
329 3 0 191 192 193
330 3 0 173 172 191
331 3 0 173 191 194
332 3 0 194 191 193
333 3 0 195 193 192
334 3 0 192 140 145
335 3 0 145 147 195
336 3 0 195 192 145
337 3 0 193 195 458
338 3 0 458 196 200
339 3 0 200 194 193
340 3 0 193 458 200
341 3 0 197 182 181
342 3 0 181 173 194
343 3 0 199 181 194
344 3 0 197 181 199
345 3 0 198 187 186
346 3 0 186 182 197
347 3 0 205 186 197
348 3 0 198 186 205
349 3 0 199 194 200
350 3 0 199 200 201
351 3 0 197 199 201
352 3 0 197 201 202
353 3 0 201 200 196
354 3 0 201 196 203
355 3 0 201 203 493
356 3 0 201 493 202
357 3 0 202 493 204
358 3 0 205 197 202
359 3 0 205 202 206
360 3 0 205 206 209
361 3 0 205 209 198
362 3 0 198 209 207
363 3 0 204 208 210
364 3 0 204 210 202
365 3 0 202 210 206
366 3 0 209 206 210
367 3 0 209 210 211
368 3 0 207 209 211
369 3 0 207 211 212
370 3 0 211 210 208
371 3 0 211 208 213
372 3 0 212 211 213
373 3 0 212 213 214
374 3 0 176 215 217
375 3 0 176 217 153
376 3 0 153 217 161
377 3 0 216 161 217
378 3 0 216 217 218
379 3 0 162 216 218
380 3 0 162 218 219
381 3 0 218 217 215
382 3 0 218 215 220
383 3 0 219 218 220
384 3 0 219 220 221
385 3 0 215 176 185
386 3 0 215 185 222
387 3 0 222 185 187
388 3 0 223 221 220
389 3 0 220 215 222
390 3 0 233 220 222
391 3 0 223 220 233
392 3 0 224 162 219
393 3 0 224 219 225
394 3 0 166 224 225
395 3 0 166 225 226
396 3 0 225 219 221
397 3 0 225 221 227
398 3 0 226 225 227
399 3 0 226 227 228
400 3 0 167 166 226
401 3 0 167 226 229
402 3 0 229 226 228
403 3 0 230 228 227
404 3 0 227 221 223
405 3 0 245 227 223
406 3 0 230 227 245
407 3 0 228 230 250
408 3 0 250 231 1916
409 3 0 1916 229 228
410 3 0 228 250 1916
411 3 0 187 198 239
412 3 0 239 232 234
413 3 0 234 222 187
414 3 0 187 239 234
415 3 0 233 222 234
416 3 0 233 234 235
417 3 0 223 233 235
418 3 0 223 235 236
419 3 0 235 234 232
420 3 0 235 232 237
421 3 0 236 235 237
422 3 0 236 237 238
423 3 0 239 198 207
424 3 0 239 207 240
425 3 0 232 239 240
426 3 0 232 240 241
427 3 0 240 207 212
428 3 0 240 212 242
429 3 0 242 212 214
430 3 0 241 240 242
431 3 0 241 242 243
432 3 0 244 238 237
433 3 0 237 232 241
434 3 0 241 243 244
435 3 0 244 237 241
436 3 0 245 223 236
437 3 0 245 236 246
438 3 0 230 245 246
439 3 0 230 246 247
440 3 0 246 236 238
441 3 0 246 238 248
442 3 0 247 246 248
443 3 0 247 248 249
444 3 0 250 230 247
445 3 0 250 247 251
446 3 0 231 250 251
447 3 0 231 251 252
448 3 0 251 247 249
449 3 0 251 249 253
450 3 0 252 251 253
451 3 0 252 253 254
452 3 0 255 249 248
453 3 0 255 248 244
454 3 0 244 248 238
455 3 0 256 254 253
456 3 0 256 253 255
457 3 0 255 253 249
458 3 0 38 49 264
459 3 0 264 257 259
460 3 0 259 127 38
461 3 0 38 264 259
462 3 0 258 127 259
463 3 0 258 259 260
464 3 0 128 258 260
465 3 0 128 260 261
466 3 0 259 257 269
467 3 0 259 269 260
468 3 0 260 269 262
469 3 0 262 263 286
470 3 0 262 286 260
471 3 0 260 286 261
472 3 0 264 49 54
473 3 0 264 54 265
474 3 0 265 266 270
475 3 0 265 270 264
476 3 0 264 270 257
477 3 0 54 56 348
478 3 0 54 348 265
479 3 0 265 348 267
480 3 0 266 265 267
481 3 0 266 267 268
482 3 0 269 257 270
483 3 0 269 270 271
484 3 0 262 269 271
485 3 0 262 271 272
486 3 0 271 270 266
487 3 0 271 266 273
488 3 0 272 271 273
489 3 0 272 273 274
490 3 0 263 262 272
491 3 0 263 272 275
492 3 0 275 272 274
493 3 0 276 274 273
494 3 0 276 273 268
495 3 0 268 273 266
496 3 0 275 274 276
497 3 0 275 276 277
498 3 0 128 261 285
499 3 0 285 278 280
500 3 0 280 136 128
501 3 0 128 285 280
502 3 0 279 136 280
503 3 0 279 280 281
504 3 0 137 279 281
505 3 0 137 281 282
506 3 0 281 280 278
507 3 0 281 278 283
508 3 0 282 281 283
509 3 0 282 283 284
510 3 0 285 261 286
511 3 0 285 286 287
512 3 0 278 285 287
513 3 0 278 287 288
514 3 0 287 286 263
515 3 0 287 263 289
516 3 0 288 287 289
517 3 0 288 289 290
518 3 0 291 284 283
519 3 0 283 278 288
520 3 0 288 290 291
521 3 0 291 283 288
522 3 0 141 137 282
523 3 0 141 282 292
524 3 0 292 282 284
525 3 0 293 147 146
526 3 0 146 141 292
527 3 0 295 146 292
528 3 0 293 146 295
529 3 0 284 291 315
530 3 0 315 294 296
531 3 0 296 292 284
532 3 0 284 315 296
533 3 0 295 292 296
534 3 0 295 296 297
535 3 0 293 295 297
536 3 0 293 297 298
537 3 0 297 296 294
538 3 0 297 294 299
539 3 0 297 299 322
540 3 0 322 300 473
541 3 0 473 298 297
542 3 0 297 322 473
543 3 0 301 290 289
544 3 0 301 289 275
545 3 0 275 289 263
546 3 0 290 301 304
547 3 0 304 302 316
548 3 0 316 291 290
549 3 0 290 304 316
550 3 0 275 277 415
551 3 0 415 303 305
552 3 0 305 301 275
553 3 0 275 415 305
554 3 0 304 301 305
555 3 0 304 305 306
556 3 0 304 306 309
557 3 0 304 309 302
558 3 0 302 309 307
559 3 0 305 303 426
560 3 0 426 308 310
561 3 0 310 306 305
562 3 0 305 426 310
563 3 0 309 306 310
564 3 0 309 310 311
565 3 0 307 309 311
566 3 0 307 311 312
567 3 0 311 310 308
568 3 0 311 308 313
569 3 0 312 311 313
570 3 0 312 313 314
571 3 0 315 291 316
572 3 0 315 316 317
573 3 0 294 315 317
574 3 0 294 317 318
575 3 0 317 316 302
576 3 0 317 302 319
577 3 0 317 319 336
578 3 0 336 320 329
579 3 0 329 318 317
580 3 0 317 336 329
581 3 0 294 318 328
582 3 0 328 321 323
583 3 0 323 299 294
584 3 0 294 328 323
585 3 0 322 299 323
586 3 0 322 323 324
587 3 0 300 322 324
588 3 0 300 324 325
589 3 0 324 323 321
590 3 0 324 321 326
591 3 0 325 324 326
592 3 0 325 326 327
593 3 0 328 318 329
594 3 0 328 329 330
595 3 0 321 328 330
596 3 0 321 330 331
597 3 0 330 329 320
598 3 0 330 320 332
599 3 0 331 330 332
600 3 0 331 332 333
601 3 0 334 327 326
602 3 0 326 321 331
603 3 0 331 333 334
604 3 0 334 326 331
605 3 0 307 335 337
606 3 0 307 337 302
607 3 0 302 337 319
608 3 0 336 319 337
609 3 0 336 337 338
610 3 0 320 336 338
611 3 0 320 338 339
612 3 0 338 337 335
613 3 0 338 335 340
614 3 0 339 338 340
615 3 0 339 340 341
616 3 0 335 307 312
617 3 0 335 312 342
618 3 0 342 312 314
619 3 0 343 341 340
620 3 0 343 340 342
621 3 0 342 340 335
622 3 0 344 333 332
623 3 0 332 320 339
624 3 0 339 341 344
625 3 0 344 332 339
626 3 0 334 333 344
627 3 0 334 344 345
628 3 0 344 341 343
629 3 0 344 343 346
630 3 0 345 344 346
631 3 0 345 346 347
632 3 0 348 56 83
633 3 0 348 83 349
634 3 0 267 348 349
635 3 0 267 349 350
636 3 0 349 83 85
637 3 0 349 85 351
638 3 0 350 349 351
639 3 0 350 351 352
640 3 0 268 267 350
641 3 0 268 350 353
642 3 0 353 350 352
643 3 0 354 352 351
644 3 0 351 85 93
645 3 0 93 95 354
646 3 0 354 351 93
647 3 0 352 354 375
648 3 0 375 355 359
649 3 0 359 353 352
650 3 0 352 375 359
651 3 0 268 353 358
652 3 0 268 358 276
653 3 0 276 358 356
654 3 0 276 356 364
655 3 0 364 357 416
656 3 0 416 277 276
657 3 0 276 364 416
658 3 0 358 353 359
659 3 0 358 359 360
660 3 0 356 358 360
661 3 0 356 360 361
662 3 0 359 355 400
663 3 0 359 400 360
664 3 0 360 400 362
665 3 0 362 363 368
666 3 0 362 368 360
667 3 0 360 368 361
668 3 0 356 361 367
669 3 0 356 367 364
670 3 0 364 367 365
671 3 0 357 364 365
672 3 0 357 365 366
673 3 0 367 361 368
674 3 0 367 368 369
675 3 0 365 367 369
676 3 0 365 369 370
677 3 0 369 368 363
678 3 0 369 363 371
679 3 0 370 369 371
680 3 0 370 371 372
681 3 0 366 365 370
682 3 0 366 370 373
683 3 0 373 370 372
684 3 0 376 386 374
685 3 0 386 376 106
686 3 0 106 113 386
687 3 0 354 95 106
688 3 0 354 106 376
689 3 0 375 354 376
690 3 0 375 376 377
691 3 0 375 377 380
692 3 0 380 378 401
693 3 0 401 355 375
694 3 0 375 380 401
695 3 0 376 374 391
696 3 0 391 379 381
697 3 0 381 377 376
698 3 0 376 391 381
699 3 0 380 377 381
700 3 0 380 381 382
701 3 0 378 380 382
702 3 0 378 382 383
703 3 0 382 381 379
704 3 0 382 379 384
705 3 0 383 382 384
706 3 0 383 384 385
707 3 0 386 113 117
708 3 0 386 117 387
709 3 0 387 388 392
710 3 0 387 392 386
711 3 0 386 392 374
712 3 0 387 117 119
713 3 0 387 119 389
714 3 0 388 387 389
715 3 0 388 389 390
716 3 0 391 374 392
717 3 0 391 392 393
718 3 0 379 391 393
719 3 0 379 393 394
720 3 0 393 392 388
721 3 0 393 388 395
722 3 0 394 393 395
723 3 0 394 395 396
724 3 0 397 385 384
725 3 0 384 379 394
726 3 0 394 396 397
727 3 0 397 384 394
728 3 0 398 396 395
729 3 0 398 395 390
730 3 0 390 395 388
731 3 0 397 396 398
732 3 0 397 398 399
733 3 0 400 355 401
734 3 0 400 401 402
735 3 0 362 400 402
736 3 0 362 402 403
737 3 0 402 401 378
738 3 0 402 378 404
739 3 0 403 402 404
740 3 0 403 404 405
741 3 0 363 362 403
742 3 0 363 403 406
743 3 0 406 403 405
744 3 0 407 405 404
745 3 0 404 378 383
746 3 0 383 385 407
747 3 0 407 404 383
748 3 0 406 405 407
749 3 0 406 407 408
750 3 0 409 372 371
751 3 0 409 371 406
752 3 0 406 371 363
753 3 0 373 372 409
754 3 0 373 409 410
755 3 0 409 406 408
756 3 0 409 408 411
757 3 0 410 409 411
758 3 0 410 411 412
759 3 0 413 408 407
760 3 0 407 385 397
761 3 0 397 399 413
762 3 0 413 407 397
763 3 0 414 412 411
764 3 0 414 411 413
765 3 0 413 411 408
766 3 0 415 277 416
767 3 0 415 416 417
768 3 0 415 417 420
769 3 0 420 418 427
770 3 0 427 303 415
771 3 0 415 420 427
772 3 0 357 419 421
773 3 0 357 421 416
774 3 0 416 421 417
775 3 0 420 417 421
776 3 0 420 421 422
777 3 0 418 420 422
778 3 0 418 422 423
779 3 0 422 421 419
780 3 0 422 419 424
781 3 0 423 422 424
782 3 0 423 424 425
783 3 0 426 303 427
784 3 0 426 427 428
785 3 0 308 426 428
786 3 0 308 428 429
787 3 0 428 427 418
788 3 0 428 418 430
789 3 0 429 428 430
790 3 0 429 430 431
791 3 0 432 314 313
792 3 0 313 308 429
793 3 0 429 431 432
794 3 0 432 313 429
795 3 0 433 431 430
796 3 0 430 418 423
797 3 0 423 425 433
798 3 0 433 430 423
799 3 0 432 431 433
800 3 0 432 433 434
801 3 0 419 357 366
802 3 0 419 366 435
803 3 0 436 425 424
804 3 0 436 424 435
805 3 0 435 424 419
806 3 0 435 366 373
807 3 0 435 373 437
808 3 0 436 435 437
809 3 0 436 437 438
810 3 0 439 434 433
811 3 0 433 425 436
812 3 0 436 438 439
813 3 0 439 433 436
814 3 0 440 343 342
815 3 0 342 314 432
816 3 0 432 434 440
817 3 0 440 342 432
818 3 0 441 347 346
819 3 0 441 346 440
820 3 0 440 346 343
821 3 0 440 434 439
822 3 0 440 439 442
823 3 0 441 440 442
824 3 0 441 442 443
825 3 0 444 438 437
826 3 0 437 373 410
827 3 0 410 412 444
828 3 0 444 437 410
829 3 0 439 438 444
830 3 0 439 444 445
831 3 0 444 412 414
832 3 0 444 414 446
833 3 0 445 444 446
834 3 0 445 446 447
835 3 0 442 439 445
836 3 0 442 445 448
837 3 0 442 448 451
838 3 0 451 449 545
839 3 0 545 443 442
840 3 0 442 451 545
841 3 0 445 447 1149
842 3 0 1149 450 452
843 3 0 452 448 445
844 3 0 445 1149 452
845 3 0 451 448 452
846 3 0 451 452 453
847 3 0 449 451 453
848 3 0 449 453 454
849 3 0 453 452 450
850 3 0 453 450 455
851 3 0 454 453 455
852 3 0 454 455 456
853 3 0 147 293 469
854 3 0 469 457 459
855 3 0 459 195 147
856 3 0 147 469 459
857 3 0 458 195 459
858 3 0 458 459 460
859 3 0 458 460 463
860 3 0 458 463 196
861 3 0 196 463 461
862 3 0 459 457 483
863 3 0 483 462 464
864 3 0 464 460 459
865 3 0 459 483 464
866 3 0 463 460 464
867 3 0 463 464 465
868 3 0 461 463 465
869 3 0 461 465 466
870 3 0 465 464 462
871 3 0 465 462 467
872 3 0 466 465 467
873 3 0 466 467 468
874 3 0 293 298 472
875 3 0 293 472 469
876 3 0 469 472 470
877 3 0 469 470 478
878 3 0 478 471 484
879 3 0 484 457 469
880 3 0 469 478 484
881 3 0 472 298 473
882 3 0 472 473 474
883 3 0 470 472 474
884 3 0 470 474 475
885 3 0 474 473 300
886 3 0 474 300 476
887 3 0 475 474 476
888 3 0 475 476 477
889 3 0 478 470 475
890 3 0 478 475 479
891 3 0 471 478 479
892 3 0 471 479 480
893 3 0 479 475 477
894 3 0 479 477 481
895 3 0 480 479 481
896 3 0 480 481 482
897 3 0 483 457 484
898 3 0 483 484 485
899 3 0 462 483 485
900 3 0 462 485 486
901 3 0 485 484 471
902 3 0 485 471 487
903 3 0 486 485 487
904 3 0 486 487 488
905 3 0 489 468 467
906 3 0 467 462 486
907 3 0 486 488 489
908 3 0 489 467 486
909 3 0 490 488 487
910 3 0 487 471 480
911 3 0 480 482 490
912 3 0 490 487 480
913 3 0 489 488 490
914 3 0 489 490 491
915 3 0 461 492 494
916 3 0 461 494 196
917 3 0 196 494 203
918 3 0 493 203 494
919 3 0 493 494 495
920 3 0 204 493 495
921 3 0 204 495 496
922 3 0 495 494 492
923 3 0 495 492 497
924 3 0 496 495 497
925 3 0 496 497 498
926 3 0 492 461 466
927 3 0 492 466 499
928 3 0 499 466 468
929 3 0 500 498 497
930 3 0 500 497 499
931 3 0 499 497 492
932 3 0 208 204 496
933 3 0 208 496 501
934 3 0 501 496 498
935 3 0 502 214 213
936 3 0 502 213 501
937 3 0 501 213 208
938 3 0 501 498 500
939 3 0 501 500 503
940 3 0 502 501 503
941 3 0 502 503 504
942 3 0 505 500 499
943 3 0 499 468 489
944 3 0 489 491 505
945 3 0 505 499 489
946 3 0 506 504 503
947 3 0 506 503 505
948 3 0 505 503 500
949 3 0 507 477 476
950 3 0 476 300 325
951 3 0 325 327 507
952 3 0 507 476 325
953 3 0 508 482 481
954 3 0 508 481 507
955 3 0 507 481 477
956 3 0 507 327 334
957 3 0 507 334 509
958 3 0 508 507 509
959 3 0 508 509 510
960 3 0 511 491 490
961 3 0 490 482 508
962 3 0 508 510 511
963 3 0 511 490 508
964 3 0 512 510 509
965 3 0 509 334 345
966 3 0 345 347 512
967 3 0 512 509 345
968 3 0 511 510 512
969 3 0 511 512 513
970 3 0 520 506 505
971 3 0 505 491 511
972 3 0 511 513 534
973 3 0 534 514 520
974 3 0 520 505 511
975 3 0 520 511 534
976 3 0 515 243 242
977 3 0 242 214 502
978 3 0 502 504 515
979 3 0 515 242 502
980 3 0 244 243 515
981 3 0 244 515 516
982 3 0 515 504 506
983 3 0 515 506 517
984 3 0 516 515 517
985 3 0 516 517 518
986 3 0 525 516 518
987 3 0 516 525 255
988 3 0 255 244 516
989 3 0 519 256 255
990 3 0 519 255 525
991 3 0 517 506 520
992 3 0 517 520 521
993 3 0 518 517 521
994 3 0 518 521 522
995 3 0 520 514 557
996 3 0 520 557 521
997 3 0 521 557 523
998 3 0 521 523 563
999 3 0 521 563 522
1000 3 0 522 563 524
1001 3 0 525 518 522
1002 3 0 525 522 526
1003 3 0 519 525 526
1004 3 0 519 526 527
1005 3 0 526 522 524
1006 3 0 526 524 528
1007 3 0 528 529 2089
1008 3 0 528 2089 526
1009 3 0 526 2089 527
1010 3 0 512 347 441
1011 3 0 512 441 530
1012 3 0 513 512 530
1013 3 0 513 530 531
1014 3 0 441 443 544
1015 3 0 441 544 530
1016 3 0 530 544 532
1017 3 0 532 533 538
1018 3 0 532 538 530
1019 3 0 530 538 531
1020 3 0 513 531 537
1021 3 0 513 537 534
1022 3 0 534 537 535
1023 3 0 535 536 558
1024 3 0 535 558 534
1025 3 0 534 558 514
1026 3 0 537 531 538
1027 3 0 537 538 539
1028 3 0 535 537 539
1029 3 0 535 539 540
1030 3 0 539 538 533
1031 3 0 539 533 541
1032 3 0 540 539 541
1033 3 0 540 541 542
1034 3 0 536 535 540
1035 3 0 536 540 543
1036 3 0 543 540 542
1037 3 0 544 443 545
1038 3 0 544 545 546
1039 3 0 532 544 546
1040 3 0 532 546 547
1041 3 0 546 545 449
1042 3 0 546 449 548
1043 3 0 547 546 548
1044 3 0 547 548 549
1045 3 0 533 532 547
1046 3 0 533 547 550
1047 3 0 550 547 549
1048 3 0 551 549 548
1049 3 0 548 449 454
1050 3 0 454 456 551
1051 3 0 551 548 454
1052 3 0 550 549 551
1053 3 0 550 551 552
1054 3 0 553 542 541
1055 3 0 553 541 550
1056 3 0 550 541 533
1057 3 0 543 542 553
1058 3 0 543 553 554
1059 3 0 553 550 552
1060 3 0 553 552 555
1061 3 0 554 553 555
1062 3 0 554 555 556
1063 3 0 557 514 558
1064 3 0 557 558 559
1065 3 0 523 557 559
1066 3 0 523 559 560
1067 3 0 559 558 536
1068 3 0 559 536 561
1069 3 0 560 559 561
1070 3 0 560 561 562
1071 3 0 563 523 560
1072 3 0 563 560 564
1073 3 0 524 563 564
1074 3 0 524 564 565
1075 3 0 564 560 562
1076 3 0 564 562 566
1077 3 0 565 564 566
1078 3 0 565 566 567
1079 3 0 543 568 569
1080 3 0 569 562 561
1081 3 0 561 536 543
1082 3 0 543 569 561
1083 3 0 566 562 569
1084 3 0 566 569 570
1085 3 0 567 566 570
1086 3 0 567 570 571
1087 3 0 570 569 568
1088 3 0 570 568 572
1089 3 0 571 570 572
1090 3 0 571 572 573
1091 3 0 528 524 565
1092 3 0 528 565 574
1093 3 0 574 565 567
1094 3 0 529 528 574
1095 3 0 529 574 575
1096 3 0 574 567 571
1097 3 0 574 571 576
1098 3 0 576 571 573
1099 3 0 575 574 576
1100 3 0 575 576 577
1101 3 0 568 543 554
1102 3 0 568 554 578
1103 3 0 579 573 572
1104 3 0 579 572 578
1105 3 0 578 572 568
1106 3 0 578 554 556
1107 3 0 578 556 580
1108 3 0 579 578 580
1109 3 0 579 580 581
1110 3 0 582 577 576
1111 3 0 576 573 579
1112 3 0 579 581 582
1113 3 0 582 576 579
1114 3 0 583 584 585
1115 3 0 583 585 6
1116 3 0 6 585 7
1117 3 0 12 7 585
1118 3 0 12 585 586
1119 3 0 12 586 589
1120 3 0 589 587 623
1121 3 0 623 13 12
1122 3 0 12 589 623
1123 3 0 584 588 590
1124 3 0 584 590 585
1125 3 0 585 590 586
1126 3 0 589 586 590
1127 3 0 589 590 591
1128 3 0 591 592 845
1129 3 0 591 845 589
1130 3 0 589 845 587
1131 3 0 591 590 588
1132 3 0 591 588 593
1133 3 0 593 594 878
1134 3 0 593 878 591
1135 3 0 591 878 592
1136 3 0 595 596 597
1137 3 0 595 597 583
1138 3 0 583 597 584
1139 3 0 597 598 599
1140 3 0 597 599 584
1141 3 0 584 599 588
1142 3 0 593 588 599
1143 3 0 593 599 600
1144 3 0 593 600 603
1145 3 0 603 601 1265
1146 3 0 1265 594 593
1147 3 0 593 603 1265
1148 3 0 598 602 604
1149 3 0 598 604 599
1150 3 0 599 604 600
1151 3 0 603 600 604
1152 3 0 603 604 605
1153 3 0 601 603 605
1154 3 0 601 605 606
1155 3 0 605 604 602
1156 3 0 605 602 607
1157 3 0 607 608 1384
1158 3 0 607 1384 605
1159 3 0 605 1384 606
1160 3 0 596 609 610
1161 3 0 596 610 597
1162 3 0 597 610 598
1163 3 0 610 611 612
1164 3 0 610 612 598
1165 3 0 598 612 602
1166 3 0 607 602 612
1167 3 0 607 612 613
1168 3 0 613 614 1558
1169 3 0 613 1558 607
1170 3 0 607 1558 608
1171 3 0 613 612 611
1172 3 0 613 611 615
1173 3 0 615 616 1581
1174 3 0 615 1581 613
1175 3 0 613 1581 614
1176 3 0 609 617 618
1177 3 0 609 618 610
1178 3 0 610 618 611
1179 3 0 615 611 618
1180 3 0 615 618 619
1181 3 0 619 620 1665
1182 3 0 619 1665 615
1183 3 0 615 1665 616
1184 3 0 619 618 617
1185 3 0 619 617 621
1186 3 0 621 622 1702
1187 3 0 621 1702 619
1188 3 0 619 1702 620
1189 3 0 623 624 626
1190 3 0 623 626 13
1191 3 0 13 626 43
1192 3 0 625 43 626
1193 3 0 625 626 627
1194 3 0 625 627 630
1195 3 0 630 628 656
1196 3 0 656 44 625
1197 3 0 625 630 656
1198 3 0 624 629 631
1199 3 0 624 631 626
1200 3 0 626 631 627
1201 3 0 630 627 631
1202 3 0 630 631 632
1203 3 0 628 630 632
1204 3 0 628 632 633
1205 3 0 632 631 629
1206 3 0 632 629 634
1207 3 0 634 635 677
1208 3 0 634 677 632
1209 3 0 632 677 633
1210 3 0 623 587 844
1211 3 0 844 636 637
1212 3 0 637 624 623
1213 3 0 623 844 637
1214 3 0 637 638 639
1215 3 0 637 639 624
1216 3 0 624 639 629
1217 3 0 634 629 639
1218 3 0 634 639 640
1219 3 0 634 640 643
1220 3 0 634 643 635
1221 3 0 635 643 641
1222 3 0 638 642 644
1223 3 0 638 644 639
1224 3 0 639 644 640
1225 3 0 643 640 644
1226 3 0 643 644 645
1227 3 0 641 643 645
1228 3 0 641 645 646
1229 3 0 645 644 642
1230 3 0 645 642 647
1231 3 0 646 645 647
1232 3 0 646 647 648
1233 3 0 637 636 850
1234 3 0 850 649 650
1235 3 0 650 638 637
1236 3 0 637 850 650
1237 3 0 642 638 650
1238 3 0 642 650 651
1239 3 0 652 648 647
1240 3 0 652 647 651
1241 3 0 651 647 642
1242 3 0 651 650 649
1243 3 0 651 649 653
1244 3 0 652 651 653
1245 3 0 652 653 654
1246 3 0 655 44 656
1247 3 0 655 656 657
1248 3 0 657 658 662
1249 3 0 657 662 655
1250 3 0 655 662 61
1251 3 0 657 656 628
1252 3 0 657 628 659
1253 3 0 659 660 668
1254 3 0 659 668 657
1255 3 0 657 668 658
1256 3 0 661 61 662
1257 3 0 661 662 663
1258 3 0 66 661 663
1259 3 0 66 663 664
1260 3 0 663 662 658
1261 3 0 663 658 665
1262 3 0 664 663 665
1263 3 0 664 665 666
1264 3 0 667 72 71
1265 3 0 71 66 664
1266 3 0 664 666 667
1267 3 0 667 71 664
1268 3 0 665 658 668
1269 3 0 665 668 669
1270 3 0 666 665 669
1271 3 0 666 669 670
1272 3 0 669 668 660
1273 3 0 669 660 671
1274 3 0 670 669 671
1275 3 0 670 671 672
1276 3 0 667 666 670
1277 3 0 667 670 673
1278 3 0 673 670 672
1279 3 0 628 633 676
1280 3 0 628 676 659
1281 3 0 659 676 674
1282 3 0 660 659 674
1283 3 0 660 674 675
1284 3 0 676 633 677
1285 3 0 676 677 678
1286 3 0 674 676 678
1287 3 0 674 678 679
1288 3 0 678 677 635
1289 3 0 678 635 680
1290 3 0 679 678 680
1291 3 0 679 680 681
1292 3 0 675 674 679
1293 3 0 675 679 682
1294 3 0 682 679 681
1295 3 0 683 672 671
1296 3 0 683 671 675
1297 3 0 675 671 660
1298 3 0 672 683 686
1299 3 0 686 684 717
1300 3 0 717 673 672
1301 3 0 672 686 717
1302 3 0 682 685 687
1303 3 0 682 687 675
1304 3 0 675 687 683
1305 3 0 686 683 687
1306 3 0 686 687 688
1307 3 0 684 686 688
1308 3 0 684 688 689
1309 3 0 688 687 685
1310 3 0 688 685 690
1311 3 0 688 690 747
1312 3 0 688 747 689
1313 3 0 689 747 691
1314 3 0 98 72 667
1315 3 0 98 667 692
1316 3 0 98 692 695
1317 3 0 695 693 702
1318 3 0 702 99 98
1319 3 0 98 695 702
1320 3 0 667 673 716
1321 3 0 716 694 696
1322 3 0 696 692 667
1323 3 0 667 716 696
1324 3 0 695 692 696
1325 3 0 695 696 697
1326 3 0 693 695 697
1327 3 0 693 697 698
1328 3 0 697 696 694
1329 3 0 697 694 699
1330 3 0 698 697 699
1331 3 0 698 699 700
1332 3 0 701 99 702
1333 3 0 701 702 703
1334 3 0 114 701 703
1335 3 0 114 703 704
1336 3 0 703 702 693
1337 3 0 703 693 705
1338 3 0 704 703 705
1339 3 0 704 705 706
1340 3 0 118 114 704
1341 3 0 118 704 707
1342 3 0 119 118 707
1343 3 0 119 707 708
1344 3 0 707 704 706
1345 3 0 707 706 709
1346 3 0 708 707 709
1347 3 0 708 709 710
1348 3 0 705 693 698
1349 3 0 705 698 711
1350 3 0 706 705 711
1351 3 0 706 711 712
1352 3 0 711 698 700
1353 3 0 711 700 713
1354 3 0 712 711 713
1355 3 0 712 713 714
1356 3 0 715 710 709
1357 3 0 709 706 712
1358 3 0 712 714 715
1359 3 0 715 709 712
1360 3 0 716 673 717
1361 3 0 716 717 718
1362 3 0 716 718 721
1363 3 0 716 721 694
1364 3 0 694 721 719
1365 3 0 684 720 722
1366 3 0 684 722 717
1367 3 0 717 722 718
1368 3 0 721 718 722
1369 3 0 721 722 723
1370 3 0 719 721 723
1371 3 0 719 723 724
1372 3 0 723 722 720
1373 3 0 723 720 725
1374 3 0 724 723 725
1375 3 0 724 725 726
1376 3 0 699 694 719
1377 3 0 699 719 727
1378 3 0 700 699 727
1379 3 0 700 727 728
1380 3 0 727 719 724
1381 3 0 727 724 729
1382 3 0 729 724 726
1383 3 0 728 727 729
1384 3 0 728 729 730
1385 3 0 720 684 689
1386 3 0 720 689 731
1387 3 0 732 726 725
1388 3 0 732 725 731
1389 3 0 731 725 720
1390 3 0 731 689 691
1391 3 0 731 691 733
1392 3 0 732 731 733
1393 3 0 732 733 734
1394 3 0 735 730 729
1395 3 0 729 726 732
1396 3 0 732 734 735
1397 3 0 735 729 732
1398 3 0 736 714 713
1399 3 0 713 700 728
1400 3 0 728 730 736
1401 3 0 736 713 728
1402 3 0 715 714 736
1403 3 0 715 736 737
1404 3 0 736 730 735
1405 3 0 736 735 738
1406 3 0 737 736 738
1407 3 0 737 738 739
1408 3 0 740 681 680
1409 3 0 740 680 641
1410 3 0 641 680 635
1411 3 0 682 681 740
1412 3 0 682 740 741
1413 3 0 740 641 646
1414 3 0 740 646 742
1415 3 0 742 646 648
1416 3 0 740 742 771
1417 3 0 771 743 756
1418 3 0 756 741 740
1419 3 0 740 771 756
1420 3 0 682 741 755
1421 3 0 755 744 745
1422 3 0 745 685 682
1423 3 0 682 755 745
1424 3 0 745 746 748
1425 3 0 745 748 685
1426 3 0 685 748 690
1427 3 0 747 690 748
1428 3 0 747 748 749
1429 3 0 691 747 749
1430 3 0 691 749 750
1431 3 0 749 748 746
1432 3 0 749 746 751
1433 3 0 750 749 751
1434 3 0 750 751 752
1435 3 0 745 744 761
1436 3 0 745 761 746
1437 3 0 746 761 753
1438 3 0 754 752 751
1439 3 0 754 751 753
1440 3 0 753 751 746
1441 3 0 755 741 756
1442 3 0 755 756 757
1443 3 0 757 758 762
1444 3 0 757 762 755
1445 3 0 755 762 744
1446 3 0 757 756 743
1447 3 0 757 743 759
1448 3 0 758 757 759
1449 3 0 758 759 760
1450 3 0 761 744 762
1451 3 0 761 762 763
1452 3 0 753 761 763
1453 3 0 753 763 764
1454 3 0 763 762 758
1455 3 0 763 758 765
1456 3 0 764 763 765
1457 3 0 764 765 766
1458 3 0 754 753 764
1459 3 0 754 764 767
1460 3 0 767 764 766
1461 3 0 768 766 765
1462 3 0 768 765 760
1463 3 0 760 765 758
1464 3 0 767 766 768
1465 3 0 767 768 769
1466 3 0 652 770 772
1467 3 0 652 772 648
1468 3 0 648 772 742
1469 3 0 771 742 772
1470 3 0 771 772 773
1471 3 0 743 771 773
1472 3 0 743 773 774
1473 3 0 773 772 770
1474 3 0 773 770 775
1475 3 0 775 776 791
1476 3 0 775 791 773
1477 3 0 773 791 774
1478 3 0 652 654 967
1479 3 0 967 777 778
1480 3 0 778 770 652
1481 3 0 652 967 778
1482 3 0 775 770 778
1483 3 0 775 778 779
1484 3 0 775 779 782
1485 3 0 782 780 798
1486 3 0 798 776 775
1487 3 0 775 782 798
1488 3 0 777 781 783
1489 3 0 777 783 778
1490 3 0 778 783 779
1491 3 0 782 779 783
1492 3 0 782 783 784
1493 3 0 780 782 784
1494 3 0 780 784 785
1495 3 0 784 783 781
1496 3 0 784 781 786
1497 3 0 785 784 786
1498 3 0 785 786 787
1499 3 0 743 774 790
1500 3 0 743 790 759
1501 3 0 759 790 788
1502 3 0 760 759 788
1503 3 0 760 788 789
1504 3 0 790 774 791
1505 3 0 790 791 792
1506 3 0 788 790 792
1507 3 0 788 792 793
1508 3 0 792 791 776
1509 3 0 792 776 794
1510 3 0 793 792 794
1511 3 0 793 794 795
1512 3 0 789 788 793
1513 3 0 789 793 796
1514 3 0 796 793 795
1515 3 0 797 769 768
1516 3 0 768 760 789
1517 3 0 789 796 797
1518 3 0 797 768 789
1519 3 0 794 776 798
1520 3 0 794 798 799
1521 3 0 795 794 799
1522 3 0 795 799 800
1523 3 0 799 798 780
1524 3 0 799 780 801
1525 3 0 800 799 801
1526 3 0 800 801 802
1527 3 0 796 795 800
1528 3 0 796 800 803
1529 3 0 803 800 802
1530 3 0 804 802 801
1531 3 0 801 780 785
1532 3 0 785 787 804
1533 3 0 804 801 785
1534 3 0 803 802 804
1535 3 0 803 804 805
1536 3 0 797 796 803
1537 3 0 797 803 806
1538 3 0 806 803 805
1539 3 0 733 691 750
1540 3 0 733 750 807
1541 3 0 807 750 752
1542 3 0 734 733 807
1543 3 0 734 807 808
1544 3 0 807 752 754
1545 3 0 807 754 809
1546 3 0 808 807 809
1547 3 0 808 809 810
1548 3 0 735 734 808
1549 3 0 735 808 811
1550 3 0 811 808 810
1551 3 0 812 810 809
1552 3 0 809 754 767
1553 3 0 767 769 812
1554 3 0 812 809 767
1555 3 0 811 810 812
1556 3 0 811 812 813
1557 3 0 738 735 811
1558 3 0 738 811 814
1559 3 0 739 738 814
1560 3 0 739 814 815
1561 3 0 814 811 813
1562 3 0 814 813 816
1563 3 0 814 816 823
1564 3 0 823 817 1188
1565 3 0 1188 815 814
1566 3 0 814 823 1188
1567 3 0 812 769 797
1568 3 0 812 797 818
1569 3 0 813 812 818
1570 3 0 813 818 819
1571 3 0 818 797 806
1572 3 0 818 806 820
1573 3 0 818 820 1019
1574 3 0 1019 821 830
1575 3 0 830 819 818
1576 3 0 818 1019 830
1577 3 0 813 819 829
1578 3 0 829 822 824
1579 3 0 824 816 813
1580 3 0 813 829 824
1581 3 0 823 816 824
1582 3 0 823 824 825
1583 3 0 817 823 825
1584 3 0 817 825 826
1585 3 0 825 824 822
1586 3 0 825 822 827
1587 3 0 826 825 827
1588 3 0 826 827 828
1589 3 0 829 819 830
1590 3 0 829 830 831
1591 3 0 829 831 834
1592 3 0 829 834 822
1593 3 0 822 834 832
1594 3 0 830 821 1031
1595 3 0 1031 833 835
1596 3 0 835 831 830
1597 3 0 830 1031 835
1598 3 0 834 831 835
1599 3 0 834 835 836
1600 3 0 832 834 836
1601 3 0 832 836 837
1602 3 0 836 835 833
1603 3 0 836 833 838
1604 3 0 837 836 838
1605 3 0 837 838 839
1606 3 0 827 822 832
1607 3 0 827 832 840
1608 3 0 828 827 840
1609 3 0 828 840 841
1610 3 0 840 832 837
1611 3 0 840 837 842
1612 3 0 842 837 839
1613 3 0 841 840 842
1614 3 0 841 842 843
1615 3 0 844 587 845
1616 3 0 844 845 846
1617 3 0 846 847 851
1618 3 0 846 851 844
1619 3 0 844 851 636
1620 3 0 846 845 592
1621 3 0 846 592 848
1622 3 0 848 849 860
1623 3 0 848 860 846
1624 3 0 846 860 847
1625 3 0 850 636 851
1626 3 0 850 851 852
1627 3 0 649 850 852
1628 3 0 649 852 853
1629 3 0 852 851 847
1630 3 0 852 847 854
1631 3 0 853 852 854
1632 3 0 853 854 855
1633 3 0 653 649 853
1634 3 0 653 853 856
1635 3 0 856 857 968
1636 3 0 856 968 653
1637 3 0 653 968 654
1638 3 0 856 853 855
1639 3 0 856 855 858
1640 3 0 856 858 866
1641 3 0 866 859 982
1642 3 0 982 857 856
1643 3 0 856 866 982
1644 3 0 854 847 860
1645 3 0 854 860 861
1646 3 0 855 854 861
1647 3 0 855 861 862
1648 3 0 861 860 849
1649 3 0 861 849 863
1650 3 0 862 861 863
1651 3 0 862 863 864
1652 3 0 862 865 867
1653 3 0 862 867 855
1654 3 0 855 867 858
1655 3 0 866 858 867
1656 3 0 866 867 868
1657 3 0 859 866 868
1658 3 0 859 868 869
1659 3 0 868 867 865
1660 3 0 868 865 870
1661 3 0 870 871 998
1662 3 0 870 998 868
1663 3 0 868 998 869
1664 3 0 864 872 873
1665 3 0 864 873 862
1666 3 0 862 873 865
1667 3 0 870 865 873
1668 3 0 870 873 874
1669 3 0 874 875 1005
1670 3 0 874 1005 870
1671 3 0 870 1005 871
1672 3 0 874 873 872
1673 3 0 874 872 876
1674 3 0 874 876 896
1675 3 0 874 896 875
1676 3 0 875 896 877
1677 3 0 848 592 878
1678 3 0 848 878 879
1679 3 0 848 879 882
1680 3 0 882 880 888
1681 3 0 888 849 848
1682 3 0 848 882 888
1683 3 0 594 881 883
1684 3 0 594 883 878
1685 3 0 878 883 879
1686 3 0 882 879 883
1687 3 0 882 883 884
1688 3 0 884 885 928
1689 3 0 884 928 882
1690 3 0 882 928 880
1691 3 0 884 883 881
1692 3 0 884 881 886
1693 3 0 886 887 934
1694 3 0 886 934 884
1695 3 0 884 934 885
1696 3 0 863 849 888
1697 3 0 863 888 889
1698 3 0 864 863 889
1699 3 0 864 889 890
1700 3 0 888 880 927
1701 3 0 888 927 889
1702 3 0 889 927 891
1703 3 0 891 892 909
1704 3 0 891 909 889
1705 3 0 889 909 890
1706 3 0 864 890 908
1707 3 0 908 893 894
1708 3 0 894 872 864
1709 3 0 864 908 894
1710 3 0 894 895 897
1711 3 0 894 897 872
1712 3 0 872 897 876
1713 3 0 896 876 897
1714 3 0 896 897 898
1715 3 0 877 896 898
1716 3 0 877 898 899
1717 3 0 898 897 895
1718 3 0 898 895 900
1719 3 0 899 898 900
1720 3 0 899 900 901
1721 3 0 894 893 914
1722 3 0 914 902 903
1723 3 0 903 895 894
1724 3 0 894 914 903
1725 3 0 900 895 903
1726 3 0 900 903 904
1727 3 0 901 900 904
1728 3 0 901 904 905
1729 3 0 904 903 902
1730 3 0 904 902 906
1731 3 0 905 904 906
1732 3 0 905 906 907
1733 3 0 908 890 909
1734 3 0 908 909 910
1735 3 0 910 911 915
1736 3 0 910 915 908
1737 3 0 908 915 893
1738 3 0 910 909 892
1739 3 0 910 892 912
1740 3 0 912 913 921
1741 3 0 912 921 910
1742 3 0 910 921 911
1743 3 0 914 893 915
1744 3 0 914 915 916
1745 3 0 902 914 916
1746 3 0 902 916 917
1747 3 0 916 915 911
1748 3 0 916 911 918
1749 3 0 917 916 918
1750 3 0 917 918 919
1751 3 0 920 907 906
1752 3 0 906 902 917
1753 3 0 917 919 920
1754 3 0 920 906 917
1755 3 0 918 911 921
1756 3 0 918 921 922
1757 3 0 919 918 922
1758 3 0 919 922 923
1759 3 0 922 921 913
1760 3 0 922 913 924
1761 3 0 923 922 924
1762 3 0 923 924 925
1763 3 0 920 919 923
1764 3 0 920 923 926
1765 3 0 926 923 925
1766 3 0 927 880 928
1767 3 0 927 928 929
1768 3 0 891 927 929
1769 3 0 891 929 930
1770 3 0 929 928 885
1771 3 0 929 885 931
1772 3 0 930 929 931
1773 3 0 930 931 932
1774 3 0 892 891 930
1775 3 0 930 932 933
1776 3 0 940 930 933
1777 3 0 892 930 940
1778 3 0 931 885 934
1779 3 0 931 934 935
1780 3 0 932 931 935
1781 3 0 932 935 936
1782 3 0 935 934 887
1783 3 0 935 887 937
1784 3 0 936 935 937
1785 3 0 936 937 938
1786 3 0 954 1292 939
1787 3 0 1292 954 936
1788 3 0 936 938 1292
1789 3 0 933 932 936
1790 3 0 933 936 954
1791 3 0 912 892 940
1792 3 0 912 940 941
1793 3 0 912 941 944
1794 3 0 912 944 913
1795 3 0 913 944 942
1796 3 0 933 943 945
1797 3 0 933 945 940
1798 3 0 940 945 941
1799 3 0 944 941 945
1800 3 0 944 945 946
1801 3 0 942 944 946
1802 3 0 942 946 947
1803 3 0 946 945 943
1804 3 0 946 943 948
1805 3 0 947 946 948
1806 3 0 947 948 949
1807 3 0 950 925 924
1808 3 0 950 924 942
1809 3 0 942 924 913
1810 3 0 926 925 950
1811 3 0 926 950 951
1812 3 0 950 942 947
1813 3 0 950 947 952
1814 3 0 952 947 949
1815 3 0 951 950 952
1816 3 0 951 952 953
1817 3 0 954 955 956
1818 3 0 954 956 933
1819 3 0 933 956 943
1820 3 0 948 943 956
1821 3 0 948 956 957
1822 3 0 949 948 957
1823 3 0 949 957 958
1824 3 0 957 956 955
1825 3 0 957 955 959
1826 3 0 958 957 959
1827 3 0 958 959 960
1828 3 0 954 939 1311
1829 3 0 954 1311 955
1830 3 0 955 1311 961
1831 3 0 962 960 959
1832 3 0 962 959 961
1833 3 0 961 959 955
1834 3 0 952 949 958
1835 3 0 952 958 963
1836 3 0 963 958 960
1837 3 0 953 952 963
1838 3 0 953 963 964
1839 3 0 963 960 962
1840 3 0 963 962 965
1841 3 0 964 963 965
1842 3 0 964 965 966
1843 3 0 967 654 968
1844 3 0 967 968 969
1845 3 0 777 967 969
1846 3 0 777 969 970
1847 3 0 969 968 857
1848 3 0 969 857 971
1849 3 0 971 972 976
1850 3 0 971 976 969
1851 3 0 969 976 970
1852 3 0 777 970 975
1853 3 0 777 975 781
1854 3 0 781 975 973
1855 3 0 974 787 786
1856 3 0 974 786 973
1857 3 0 973 786 781
1858 3 0 975 970 976
1859 3 0 975 976 977
1860 3 0 973 975 977
1861 3 0 973 977 978
1862 3 0 977 976 972
1863 3 0 977 972 979
1864 3 0 978 977 979
1865 3 0 978 979 980
1866 3 0 974 973 978
1867 3 0 974 978 981
1868 3 0 981 978 980
1869 3 0 971 857 982
1870 3 0 971 982 983
1871 3 0 972 971 983
1872 3 0 972 983 984
1873 3 0 983 982 859
1874 3 0 983 859 985
1875 3 0 984 983 985
1876 3 0 984 985 986
1877 3 0 987 980 979
1878 3 0 987 979 984
1879 3 0 984 979 972
1880 3 0 981 980 987
1881 3 0 981 987 988
1882 3 0 987 984 986
1883 3 0 987 986 989
1884 3 0 988 987 989
1885 3 0 988 989 990
1886 3 0 991 805 804
1887 3 0 804 787 974
1888 3 0 974 981 991
1889 3 0 991 804 974
1890 3 0 806 805 991
1891 3 0 806 991 992
1892 3 0 991 981 988
1893 3 0 991 988 993
1894 3 0 993 988 990
1895 3 0 992 991 993
1896 3 0 992 993 994
1897 3 0 859 869 997
1898 3 0 859 997 985
1899 3 0 985 997 995
1900 3 0 986 985 995
1901 3 0 986 995 996
1902 3 0 997 869 998
1903 3 0 997 998 999
1904 3 0 995 997 999
1905 3 0 995 999 1000
1906 3 0 999 998 871
1907 3 0 999 871 1001
1908 3 0 1000 999 1001
1909 3 0 1000 1001 1002
1910 3 0 996 995 1000
1911 3 0 996 1000 1003
1912 3 0 1003 1000 1002
1913 3 0 1004 990 989
1914 3 0 989 986 996
1915 3 0 996 1003 1004
1916 3 0 1004 989 996
1917 3 0 1001 871 1005
1918 3 0 1001 1005 1006
1919 3 0 1002 1001 1006
1920 3 0 1002 1006 1007
1921 3 0 1006 1005 875
1922 3 0 1006 875 1008
1923 3 0 1007 1006 1008
1924 3 0 1007 1008 1009
1925 3 0 1003 1002 1007
1926 3 0 1003 1007 1010
1927 3 0 1010 1007 1009
1928 3 0 1011 1009 1008
1929 3 0 1011 1008 877
1930 3 0 877 1008 875
1931 3 0 1010 1009 1011
1932 3 0 1010 1011 1012
1933 3 0 1004 1003 1010
1934 3 0 1004 1010 1013
1935 3 0 1013 1010 1012
1936 3 0 993 990 1004
1937 3 0 993 1004 1014
1938 3 0 994 993 1014
1939 3 0 994 1014 1015
1940 3 0 1014 1004 1013
1941 3 0 1014 1013 1016
1942 3 0 1014 1016 1056
1943 3 0 1014 1056 1015
1944 3 0 1015 1056 1017
1945 3 0 992 1018 1020
1946 3 0 992 1020 806
1947 3 0 806 1020 820
1948 3 0 1019 820 1020
1949 3 0 1019 1020 1021
1950 3 0 1021 1022 1032
1951 3 0 1021 1032 1019
1952 3 0 1019 1032 821
1953 3 0 1021 1020 1018
1954 3 0 1021 1018 1023
1955 3 0 1022 1021 1023
1956 3 0 1022 1023 1024
1957 3 0 994 1025 1026
1958 3 0 994 1026 992
1959 3 0 992 1026 1018
1960 3 0 1023 1018 1026
1961 3 0 1023 1026 1027
1962 3 0 1024 1023 1027
1963 3 0 1024 1027 1028
1964 3 0 1027 1026 1025
1965 3 0 1027 1025 1029
1966 3 0 1028 1027 1029
1967 3 0 1028 1029 1030
1968 3 0 1031 821 1032
1969 3 0 1031 1032 1033
1970 3 0 833 1031 1033
1971 3 0 833 1033 1034
1972 3 0 1033 1032 1022
1973 3 0 1033 1022 1035
1974 3 0 1034 1033 1035
1975 3 0 1034 1035 1036
1976 3 0 1037 839 838
1977 3 0 838 833 1034
1978 3 0 1034 1036 1037
1979 3 0 1037 838 1034
1980 3 0 1038 1036 1035
1981 3 0 1038 1035 1024
1982 3 0 1024 1035 1022
1983 3 0 1037 1036 1038
1984 3 0 1037 1038 1039
1985 3 0 1040 843 842
1986 3 0 842 839 1037
1987 3 0 1037 1039 1040
1988 3 0 1040 842 1037
1989 3 0 1041 1039 1038
1990 3 0 1038 1024 1028
1991 3 0 1028 1030 1041
1992 3 0 1041 1038 1028
1993 3 0 1040 1039 1041
1994 3 0 1040 1041 1042
1995 3 0 1025 994 1015
1996 3 0 1025 1015 1043
1997 3 0 1044 1030 1029
1998 3 0 1044 1029 1043
1999 3 0 1043 1029 1025
2000 3 0 1043 1015 1017
2001 3 0 1043 1017 1045
2002 3 0 1044 1043 1045
2003 3 0 1044 1045 1046
2004 3 0 1047 1042 1041
2005 3 0 1041 1030 1044
2006 3 0 1044 1046 1047
2007 3 0 1047 1041 1044
2008 3 0 1011 877 899
2009 3 0 1011 899 1048
2010 3 0 1048 899 901
2011 3 0 1012 1011 1048
2012 3 0 1012 1048 1049
2013 3 0 1048 901 905
2014 3 0 1048 905 1050
2015 3 0 1050 905 907
2016 3 0 1049 1048 1050
2017 3 0 1049 1050 1051
2018 3 0 1013 1012 1049
2019 3 0 1013 1049 1052
2020 3 0 1052 1049 1051
2021 3 0 1053 1051 1050
2022 3 0 1050 907 920
2023 3 0 920 926 1053
2024 3 0 1053 1050 920
2025 3 0 1052 1051 1053
2026 3 0 1052 1053 1054
2027 3 0 1052 1055 1057
2028 3 0 1052 1057 1013
2029 3 0 1013 1057 1016
2030 3 0 1056 1016 1057
2031 3 0 1056 1057 1058
2032 3 0 1017 1056 1058
2033 3 0 1017 1058 1059
2034 3 0 1058 1057 1055
2035 3 0 1058 1055 1060
2036 3 0 1059 1058 1060
2037 3 0 1059 1060 1061
2038 3 0 1052 1054 1072
2039 3 0 1072 1062 1063
2040 3 0 1063 1055 1052
2041 3 0 1052 1072 1063
2042 3 0 1060 1055 1063
2043 3 0 1060 1063 1064
2044 3 0 1061 1060 1064
2045 3 0 1061 1064 1065
2046 3 0 1064 1063 1062
2047 3 0 1064 1062 1066
2048 3 0 1065 1064 1066
2049 3 0 1065 1066 1067
2050 3 0 1053 926 951
2051 3 0 1053 951 1068
2052 3 0 1068 951 953
2053 3 0 1068 1069 1073
2054 3 0 1068 1073 1053
2055 3 0 1053 1073 1054
2056 3 0 1068 953 964
2057 3 0 1068 964 1070
2058 3 0 1070 964 966
2059 3 0 1068 1070 1472
2060 3 0 1472 1071 1079
2061 3 0 1079 1069 1068
2062 3 0 1068 1472 1079
2063 3 0 1072 1054 1073
2064 3 0 1072 1073 1074
2065 3 0 1062 1072 1074
2066 3 0 1062 1074 1075
2067 3 0 1074 1073 1069
2068 3 0 1074 1069 1076
2069 3 0 1075 1074 1076
2070 3 0 1075 1076 1077
2071 3 0 1078 1067 1066
2072 3 0 1066 1062 1075
2073 3 0 1075 1077 1078
2074 3 0 1078 1066 1075
2075 3 0 1076 1069 1079
2076 3 0 1076 1079 1080
2077 3 0 1077 1076 1080
2078 3 0 1077 1080 1081
2079 3 0 1080 1079 1071
2080 3 0 1080 1071 1082
2081 3 0 1081 1080 1082
2082 3 0 1081 1082 1083
2083 3 0 1078 1077 1081
2084 3 0 1078 1081 1084
2085 3 0 1084 1081 1083
2086 3 0 1045 1017 1059
2087 3 0 1045 1059 1085
2088 3 0 1085 1059 1061
2089 3 0 1046 1045 1085
2090 3 0 1046 1085 1086
2091 3 0 1085 1061 1065
2092 3 0 1085 1065 1087
2093 3 0 1087 1065 1067
2094 3 0 1086 1085 1087
2095 3 0 1086 1087 1088
2096 3 0 1047 1046 1086
2097 3 0 1047 1086 1089
2098 3 0 1089 1086 1088
2099 3 0 1090 1088 1087
2100 3 0 1087 1067 1078
2101 3 0 1078 1084 1090
2102 3 0 1090 1087 1078
2103 3 0 1089 1088 1090
2104 3 0 1089 1090 1091
2105 3 0 1092 390 389
2106 3 0 389 119 708
2107 3 0 708 710 1092
2108 3 0 1092 389 708
2109 3 0 1093 399 398
2110 3 0 1093 398 1092
2111 3 0 1092 398 390
2112 3 0 1092 710 715
2113 3 0 1092 715 1094
2114 3 0 1093 1092 1094
2115 3 0 1093 1094 1095
2116 3 0 413 399 1093
2117 3 0 413 1093 1096
2118 3 0 414 413 1096
2119 3 0 414 1096 1097
2120 3 0 1096 1093 1095
2121 3 0 1096 1095 1098
2122 3 0 1096 1098 1105
2123 3 0 1105 1099 1134
2124 3 0 1134 1097 1096
2125 3 0 1096 1105 1134
2126 3 0 1094 715 737
2127 3 0 1094 737 1100
2128 3 0 1095 1094 1100
2129 3 0 1095 1100 1101
2130 3 0 1100 737 739
2131 3 0 1100 739 1102
2132 3 0 1100 1102 1181
2133 3 0 1181 1103 1112
2134 3 0 1112 1101 1100
2135 3 0 1100 1181 1112
2136 3 0 1095 1101 1111
2137 3 0 1111 1104 1106
2138 3 0 1106 1098 1095
2139 3 0 1095 1111 1106
2140 3 0 1105 1098 1106
2141 3 0 1105 1106 1107
2142 3 0 1099 1105 1107
2143 3 0 1099 1107 1108
2144 3 0 1107 1106 1104
2145 3 0 1107 1104 1109
2146 3 0 1107 1109 1118
2147 3 0 1118 1110 1161
2148 3 0 1161 1108 1107
2149 3 0 1107 1118 1161
2150 3 0 1111 1101 1112
2151 3 0 1111 1112 1113
2152 3 0 1104 1111 1113
2153 3 0 1104 1113 1114
2154 3 0 1113 1112 1103
2155 3 0 1113 1103 1115
2156 3 0 1113 1115 1198
2157 3 0 1198 1116 1125
2158 3 0 1125 1114 1113
2159 3 0 1113 1198 1125
2160 3 0 1104 1114 1124
2161 3 0 1124 1117 1119
2162 3 0 1119 1109 1104
2163 3 0 1104 1124 1119
2164 3 0 1118 1109 1119
2165 3 0 1118 1119 1120
2166 3 0 1110 1118 1120
2167 3 0 1110 1120 1121
2168 3 0 1120 1119 1117
2169 3 0 1120 1117 1122
2170 3 0 1121 1120 1122
2171 3 0 1121 1122 1123
2172 3 0 1124 1114 1125
2173 3 0 1124 1125 1126
2174 3 0 1117 1124 1126
2175 3 0 1117 1126 1127
2176 3 0 1126 1125 1116
2177 3 0 1126 1116 1128
2178 3 0 1127 1126 1128
2179 3 0 1127 1128 1129
2180 3 0 1130 1123 1122
2181 3 0 1122 1117 1127
2182 3 0 1127 1129 1130
2183 3 0 1130 1122 1127
2184 3 0 414 1097 1133
2185 3 0 414 1133 446
2186 3 0 446 1133 1131
2187 3 0 446 1131 1139
2188 3 0 1139 1132 1150
2189 3 0 1150 447 446
2190 3 0 446 1139 1150
2191 3 0 1133 1097 1134
2192 3 0 1133 1134 1135
2193 3 0 1131 1133 1135
2194 3 0 1131 1135 1136
2195 3 0 1135 1134 1099
2196 3 0 1135 1099 1137
2197 3 0 1137 1138 1143
2198 3 0 1137 1143 1135
2199 3 0 1135 1143 1136
2200 3 0 1131 1136 1142
2201 3 0 1131 1142 1139
2202 3 0 1139 1142 1140
2203 3 0 1132 1139 1140
2204 3 0 1132 1140 1141
2205 3 0 1142 1136 1143
2206 3 0 1142 1143 1144
2207 3 0 1140 1142 1144
2208 3 0 1140 1144 1145
2209 3 0 1144 1143 1138
2210 3 0 1144 1138 1146
2211 3 0 1145 1144 1146
2212 3 0 1145 1146 1147
2213 3 0 1141 1140 1145
2214 3 0 1141 1145 1148
2215 3 0 1148 1145 1147
2216 3 0 1149 447 1150
2217 3 0 1149 1150 1151
2218 3 0 450 1149 1151
2219 3 0 450 1151 1152
2220 3 0 1151 1150 1132
2221 3 0 1151 1132 1153
2222 3 0 1152 1151 1153
2223 3 0 1152 1153 1154
2224 3 0 1155 456 455
2225 3 0 455 450 1152
2226 3 0 1152 1154 1155
2227 3 0 1155 455 1152
2228 3 0 1156 1154 1153
2229 3 0 1153 1132 1141
2230 3 0 1141 1148 1156
2231 3 0 1156 1153 1141
2232 3 0 1155 1154 1156
2233 3 0 1155 1156 1157
2234 3 0 1099 1108 1160
2235 3 0 1099 1160 1137
2236 3 0 1137 1160 1158
2237 3 0 1138 1137 1158
2238 3 0 1138 1158 1159
2239 3 0 1160 1108 1161
2240 3 0 1160 1161 1162
2241 3 0 1158 1160 1162
2242 3 0 1158 1162 1163
2243 3 0 1162 1161 1110
2244 3 0 1162 1110 1164
2245 3 0 1163 1162 1164
2246 3 0 1163 1164 1165
2247 3 0 1159 1158 1163
2248 3 0 1159 1163 1166
2249 3 0 1166 1163 1165
2250 3 0 1167 1147 1146
2251 3 0 1167 1146 1159
2252 3 0 1159 1146 1138
2253 3 0 1148 1147 1167
2254 3 0 1148 1167 1168
2255 3 0 1167 1159 1166
2256 3 0 1167 1166 1169
2257 3 0 1168 1167 1169
2258 3 0 1168 1169 1170
2259 3 0 1171 1165 1164
2260 3 0 1164 1110 1121
2261 3 0 1121 1123 1171
2262 3 0 1171 1164 1121
2263 3 0 1166 1165 1171
2264 3 0 1166 1171 1172
2265 3 0 1171 1123 1130
2266 3 0 1171 1130 1173
2267 3 0 1172 1171 1173
2268 3 0 1172 1173 1174
2269 3 0 1175 1170 1169
2270 3 0 1169 1166 1172
2271 3 0 1172 1174 1175
2272 3 0 1175 1169 1172
2273 3 0 1156 1148 1168
2274 3 0 1156 1168 1176
2275 3 0 1176 1168 1170
2276 3 0 1157 1156 1176
2277 3 0 1157 1176 1177
2278 3 0 1176 1170 1175
2279 3 0 1176 1175 1178
2280 3 0 1177 1176 1178
2281 3 0 1177 1178 1179
2282 3 0 739 815 1187
2283 3 0 1187 1180 1182
2284 3 0 1182 1102 739
2285 3 0 739 1187 1182
2286 3 0 1181 1102 1182
2287 3 0 1181 1182 1183
2288 3 0 1103 1181 1183
2289 3 0 1103 1183 1184
2290 3 0 1183 1182 1180
2291 3 0 1183 1180 1185
2292 3 0 1185 1186 1205
2293 3 0 1185 1205 1183
2294 3 0 1183 1205 1184
2295 3 0 1187 815 1188
2296 3 0 1187 1188 1189
2297 3 0 1180 1187 1189
2298 3 0 1180 1189 1190
2299 3 0 1189 1188 817
2300 3 0 1189 817 1191
2301 3 0 1190 1189 1191
2302 3 0 1190 1191 1192
2303 3 0 1185 1180 1190
2304 3 0 1185 1190 1193
2305 3 0 1186 1185 1193
2306 3 0 1186 1193 1194
2307 3 0 1193 1190 1192
2308 3 0 1193 1192 1195
2309 3 0 1194 1193 1195
2310 3 0 1194 1195 1196
2311 3 0 1103 1184 1204
2312 3 0 1204 1197 1199
2313 3 0 1199 1115 1103
2314 3 0 1103 1204 1199
2315 3 0 1198 1115 1199
2316 3 0 1198 1199 1200
2317 3 0 1116 1198 1200
2318 3 0 1116 1200 1201
2319 3 0 1200 1199 1197
2320 3 0 1200 1197 1202
2321 3 0 1201 1200 1202
2322 3 0 1201 1202 1203
2323 3 0 1204 1184 1205
2324 3 0 1204 1205 1206
2325 3 0 1197 1204 1206
2326 3 0 1197 1206 1207
2327 3 0 1206 1205 1186
2328 3 0 1206 1186 1208
2329 3 0 1207 1206 1208
2330 3 0 1207 1208 1209
2331 3 0 1202 1197 1207
2332 3 0 1202 1207 1210
2333 3 0 1203 1202 1210
2334 3 0 1203 1210 1211
2335 3 0 1210 1207 1209
2336 3 0 1210 1209 1212
2337 3 0 1211 1210 1212
2338 3 0 1211 1212 1213
2339 3 0 1128 1116 1201
2340 3 0 1128 1201 1214
2341 3 0 1129 1128 1214
2342 3 0 1129 1214 1215
2343 3 0 1214 1201 1203
2344 3 0 1214 1203 1216
2345 3 0 1215 1214 1216
2346 3 0 1215 1216 1217
2347 3 0 1130 1129 1215
2348 3 0 1130 1215 1218
2349 3 0 1218 1215 1217
2350 3 0 1219 1217 1216
2351 3 0 1216 1203 1211
2352 3 0 1211 1213 1219
2353 3 0 1219 1216 1211
2354 3 0 1218 1217 1219
2355 3 0 1218 1219 1220
2356 3 0 1221 1209 1208
2357 3 0 1221 1208 1194
2358 3 0 1194 1208 1186
2359 3 0 1222 1213 1212
2360 3 0 1222 1212 1221
2361 3 0 1221 1212 1209
2362 3 0 1221 1194 1196
2363 3 0 1221 1196 1223
2364 3 0 1222 1221 1223
2365 3 0 1222 1223 1224
2366 3 0 1225 1220 1219
2367 3 0 1219 1213 1222
2368 3 0 1222 1224 1225
2369 3 0 1225 1219 1222
2370 3 0 1226 1192 1191
2371 3 0 1191 817 826
2372 3 0 826 828 1226
2373 3 0 1226 1191 826
2374 3 0 1227 1196 1195
2375 3 0 1227 1195 1226
2376 3 0 1226 1195 1192
2377 3 0 1226 828 841
2378 3 0 1226 841 1228
2379 3 0 1228 841 843
2380 3 0 1227 1226 1228
2381 3 0 1227 1228 1229
2382 3 0 1230 1224 1223
2383 3 0 1230 1223 1227
2384 3 0 1227 1223 1196
2385 3 0 1225 1224 1230
2386 3 0 1225 1230 1231
2387 3 0 1230 1227 1229
2388 3 0 1230 1229 1232
2389 3 0 1231 1230 1232
2390 3 0 1231 1232 1233
2391 3 0 1234 1174 1173
2392 3 0 1173 1130 1218
2393 3 0 1218 1220 1234
2394 3 0 1234 1173 1218
2395 3 0 1175 1174 1234
2396 3 0 1175 1234 1235
2397 3 0 1234 1220 1225
2398 3 0 1234 1225 1236
2399 3 0 1235 1234 1236
2400 3 0 1235 1236 1237
2401 3 0 1238 1179 1178
2402 3 0 1178 1175 1235
2403 3 0 1235 1237 1238
2404 3 0 1238 1178 1235
2405 3 0 1239 1237 1236
2406 3 0 1236 1225 1231
2407 3 0 1231 1233 1239
2408 3 0 1239 1236 1231
2409 3 0 1238 1237 1239
2410 3 0 1238 1239 1240
2411 3 0 1241 552 551
2412 3 0 551 456 1155
2413 3 0 1155 1157 1241
2414 3 0 1241 551 1155
2415 3 0 1242 556 555
2416 3 0 1242 555 1241
2417 3 0 1241 555 552
2418 3 0 1241 1157 1177
2419 3 0 1241 1177 1243
2420 3 0 1243 1177 1179
2421 3 0 1242 1241 1243
2422 3 0 1242 1243 1244
2423 3 0 1245 581 580
2424 3 0 1245 580 1242
2425 3 0 1242 580 556
2426 3 0 582 581 1245
2427 3 0 582 1245 1246
2428 3 0 1245 1242 1244
2429 3 0 1245 1244 1247
2430 3 0 1246 1245 1247
2431 3 0 1246 1247 1248
2432 3 0 1243 1179 1238
2433 3 0 1243 1238 1249
2434 3 0 1244 1243 1249
2435 3 0 1244 1249 1250
2436 3 0 1249 1238 1240
2437 3 0 1249 1240 1251
2438 3 0 1250 1249 1251
2439 3 0 1250 1251 1252
2440 3 0 1253 1248 1247
2441 3 0 1247 1244 1250
2442 3 0 1250 1252 1253
2443 3 0 1253 1247 1250
2444 3 0 1254 1229 1228
2445 3 0 1228 843 1040
2446 3 0 1040 1042 1254
2447 3 0 1254 1228 1040
2448 3 0 1255 1233 1232
2449 3 0 1255 1232 1254
2450 3 0 1254 1232 1229
2451 3 0 1254 1042 1047
2452 3 0 1254 1047 1256
2453 3 0 1255 1254 1256
2454 3 0 1255 1256 1257
2455 3 0 1258 1240 1239
2456 3 0 1239 1233 1255
2457 3 0 1255 1257 1258
2458 3 0 1258 1239 1255
2459 3 0 1787 1089 1091
2460 3 0 1089 1787 1256
2461 3 0 1256 1047 1089
2462 3 0 1259 1257 1256
2463 3 0 1259 1256 1787
2464 3 0 1258 1257 1259
2465 3 0 1258 1259 1260
2466 3 0 1261 1252 1251
2467 3 0 1261 1251 1258
2468 3 0 1258 1251 1240
2469 3 0 1253 1252 1261
2470 3 0 1253 1261 1262
2471 3 0 1261 1258 1260
2472 3 0 1261 1260 1263
2473 3 0 1261 1263 1799
2474 3 0 1261 1799 1262
2475 3 0 1262 1799 1264
2476 3 0 1265 1266 1267
2477 3 0 1265 1267 594
2478 3 0 594 1267 881
2479 3 0 886 881 1267
2480 3 0 886 1267 1268
2481 3 0 1268 1269 1287
2482 3 0 1268 1287 886
2483 3 0 886 1287 887
2484 3 0 1268 1267 1266
2485 3 0 1268 1266 1270
2486 3 0 1268 1270 1275
2487 3 0 1275 1271 1297
2488 3 0 1297 1269 1268
2489 3 0 1268 1275 1297
2490 3 0 601 1272 1273
2491 3 0 601 1273 1265
2492 3 0 1265 1273 1266
2493 3 0 1273 1274 1276
2494 3 0 1273 1276 1266
2495 3 0 1266 1276 1270
2496 3 0 1275 1270 1276
2497 3 0 1275 1276 1277
2498 3 0 1271 1275 1277
2499 3 0 1271 1277 1278
2500 3 0 1277 1276 1274
2501 3 0 1277 1274 1279
2502 3 0 1278 1277 1279
2503 3 0 1278 1279 1280
2504 3 0 1272 1281 1282
2505 3 0 1272 1282 1273
2506 3 0 1273 1282 1274
2507 3 0 1279 1274 1282
2508 3 0 1279 1282 1283
2509 3 0 1280 1279 1283
2510 3 0 1280 1283 1284
2511 3 0 1283 1282 1281
2512 3 0 1283 1281 1285
2513 3 0 1284 1283 1285
2514 3 0 1284 1285 1286
2515 3 0 937 887 1287
2516 3 0 937 1287 1288
2517 3 0 938 937 1288
2518 3 0 938 1288 1289
2519 3 0 1288 1287 1269
2520 3 0 1288 1269 1290
2521 3 0 1289 1288 1290
2522 3 0 1289 1290 1291
2523 3 0 1292 938 1289
2524 3 0 1292 1289 1293
2525 3 0 1293 1294 1312
2526 3 0 1293 1312 1292
2527 3 0 1292 1312 939
2528 3 0 1293 1289 1291
2529 3 0 1293 1291 1295
2530 3 0 1293 1295 1303
2531 3 0 1303 1296 1318
2532 3 0 1318 1294 1293
2533 3 0 1293 1303 1318
2534 3 0 1290 1269 1297
2535 3 0 1290 1297 1298
2536 3 0 1291 1290 1298
2537 3 0 1291 1298 1299
2538 3 0 1298 1297 1271
2539 3 0 1298 1271 1300
2540 3 0 1299 1298 1300
2541 3 0 1299 1300 1301
2542 3 0 1299 1302 1304
2543 3 0 1299 1304 1291
2544 3 0 1291 1304 1295
2545 3 0 1303 1295 1304
2546 3 0 1303 1304 1305
2547 3 0 1296 1303 1305
2548 3 0 1296 1305 1306
2549 3 0 1305 1304 1302
2550 3 0 1305 1302 1307
2551 3 0 1306 1305 1307
2552 3 0 1306 1307 1308
2553 3 0 1299 1301 1334
2554 3 0 1299 1334 1302
2555 3 0 1302 1334 1309
2556 3 0 1310 1308 1307
2557 3 0 1310 1307 1309
2558 3 0 1309 1307 1302
2559 3 0 1311 939 1312
2560 3 0 1311 1312 1313
2561 3 0 961 1311 1313
2562 3 0 961 1313 1314
2563 3 0 1313 1312 1294
2564 3 0 1313 1294 1315
2565 3 0 1314 1313 1315
2566 3 0 1314 1315 1316
2567 3 0 962 961 1314
2568 3 0 962 1314 1317
2569 3 0 1317 1314 1316
2570 3 0 1315 1294 1318
2571 3 0 1315 1318 1319
2572 3 0 1316 1315 1319
2573 3 0 1316 1319 1320
2574 3 0 1319 1318 1296
2575 3 0 1319 1296 1321
2576 3 0 1320 1319 1321
2577 3 0 1320 1321 1322
2578 3 0 1317 1316 1320
2579 3 0 1317 1320 1323
2580 3 0 1323 1320 1322
2581 3 0 1324 966 965
2582 3 0 965 962 1317
2583 3 0 1317 1323 1324
2584 3 0 1324 965 1317
2585 3 0 1325 1322 1321
2586 3 0 1321 1296 1306
2587 3 0 1306 1308 1325
2588 3 0 1325 1321 1306
2589 3 0 1323 1322 1325
2590 3 0 1323 1325 1326
2591 3 0 1325 1308 1310
2592 3 0 1325 1310 1327
2593 3 0 1326 1325 1327
2594 3 0 1326 1327 1328
2595 3 0 1324 1323 1326
2596 3 0 1324 1326 1329
2597 3 0 1329 1326 1328
2598 3 0 1300 1271 1278
2599 3 0 1300 1278 1330
2600 3 0 1330 1331 1335
2601 3 0 1330 1335 1300
2602 3 0 1300 1335 1301
2603 3 0 1330 1278 1280
2604 3 0 1330 1280 1332
2605 3 0 1332 1333 1341
2606 3 0 1332 1341 1330
2607 3 0 1330 1341 1331
2608 3 0 1334 1301 1335
2609 3 0 1334 1335 1336
2610 3 0 1309 1334 1336
2611 3 0 1309 1336 1337
2612 3 0 1336 1335 1331
2613 3 0 1336 1331 1338
2614 3 0 1337 1336 1338
2615 3 0 1337 1338 1339
2616 3 0 1310 1309 1337
2617 3 0 1310 1337 1340
2618 3 0 1340 1337 1339
2619 3 0 1338 1331 1341
2620 3 0 1338 1341 1342
2621 3 0 1339 1338 1342
2622 3 0 1339 1342 1343
2623 3 0 1342 1341 1333
2624 3 0 1342 1333 1344
2625 3 0 1343 1342 1344
2626 3 0 1343 1344 1345
2627 3 0 1340 1339 1343
2628 3 0 1340 1343 1346
2629 3 0 1346 1343 1345
2630 3 0 1332 1280 1284
2631 3 0 1332 1284 1347
2632 3 0 1332 1347 1350
2633 3 0 1332 1350 1333
2634 3 0 1333 1350 1348
2635 3 0 1286 1349 1351
2636 3 0 1286 1351 1284
2637 3 0 1284 1351 1347
2638 3 0 1350 1347 1351
2639 3 0 1350 1351 1352
2640 3 0 1348 1350 1352
2641 3 0 1348 1352 1353
2642 3 0 1352 1351 1349
2643 3 0 1352 1349 1354
2644 3 0 1353 1352 1354
2645 3 0 1353 1354 1355
2646 3 0 1356 1345 1344
2647 3 0 1356 1344 1348
2648 3 0 1348 1344 1333
2649 3 0 1346 1345 1356
2650 3 0 1346 1356 1357
2651 3 0 1356 1348 1353
2652 3 0 1356 1353 1358
2653 3 0 1358 1353 1355
2654 3 0 1357 1356 1358
2655 3 0 1357 1358 1359
2656 3 0 1360 1328 1327
2657 3 0 1327 1310 1340
2658 3 0 1340 1346 1360
2659 3 0 1360 1327 1340
2660 3 0 1328 1360 1363
2661 3 0 1363 1361 1492
2662 3 0 1492 1329 1328
2663 3 0 1328 1363 1492
2664 3 0 1360 1346 1357
2665 3 0 1357 1359 1362
2666 3 0 1364 1357 1362
2667 3 0 1360 1357 1364
2668 3 0 1363 1360 1364
2669 3 0 1363 1364 1365
2670 3 0 1361 1363 1365
2671 3 0 1361 1365 1366
2672 3 0 1365 1364 1362
2673 3 0 1365 1362 1367
2674 3 0 1367 1368 1501
2675 3 0 1367 1501 1365
2676 3 0 1365 1501 1366
2677 3 0 601 606 1383
2678 3 0 1383 1369 1370
2679 3 0 1370 1272 601
2680 3 0 601 1383 1370
2681 3 0 1370 1371 1372
2682 3 0 1370 1372 1272
2683 3 0 1272 1372 1281
2684 3 0 1285 1281 1372
2685 3 0 1285 1372 1373
2686 3 0 1286 1285 1373
2687 3 0 1286 1373 1374
2688 3 0 1373 1372 1371
2689 3 0 1373 1371 1375
2690 3 0 1374 1373 1375
2691 3 0 1374 1375 1376
2692 3 0 1369 1377 1378
2693 3 0 1369 1378 1370
2694 3 0 1370 1378 1371
2695 3 0 1375 1371 1378
2696 3 0 1375 1378 1379
2697 3 0 1379 1380 1427
2698 3 0 1379 1427 1375
2699 3 0 1375 1427 1376
2700 3 0 1379 1378 1377
2701 3 0 1379 1377 1381
2702 3 0 1381 1382 1433
2703 3 0 1381 1433 1379
2704 3 0 1379 1433 1380
2705 3 0 1383 606 1384
2706 3 0 1383 1384 1385
2707 3 0 1369 1383 1385
2708 3 0 1369 1385 1386
2709 3 0 1385 1384 608
2710 3 0 1385 608 1387
2711 3 0 1387 1388 1396
2712 3 0 1387 1396 1385
2713 3 0 1385 1396 1386
2714 3 0 1369 1386 1395
2715 3 0 1395 1389 1390
2716 3 0 1390 1377 1369
2717 3 0 1369 1395 1390
2718 3 0 1381 1377 1390
2719 3 0 1381 1390 1391
2720 3 0 1382 1381 1391
2721 3 0 1382 1391 1392
2722 3 0 1391 1390 1389
2723 3 0 1391 1389 1393
2724 3 0 1391 1393 1402
2725 3 0 1391 1402 1392
2726 3 0 1392 1402 1394
2727 3 0 1395 1386 1396
2728 3 0 1395 1396 1397
2729 3 0 1389 1395 1397
2730 3 0 1389 1397 1398
2731 3 0 1397 1396 1388
2732 3 0 1397 1388 1399
2733 3 0 1398 1397 1399
2734 3 0 1398 1399 1400
2735 3 0 1398 1401 1403
2736 3 0 1398 1403 1389
2737 3 0 1389 1403 1393
2738 3 0 1402 1393 1403
2739 3 0 1402 1403 1404
2740 3 0 1394 1402 1404
2741 3 0 1394 1404 1405
2742 3 0 1404 1403 1401
2743 3 0 1404 1401 1406
2744 3 0 1405 1404 1406
2745 3 0 1405 1406 1407
2746 3 0 1400 1408 1409
2747 3 0 1400 1409 1398
2748 3 0 1398 1409 1401
2749 3 0 1406 1401 1409
2750 3 0 1406 1409 1410
2751 3 0 1407 1406 1410
2752 3 0 1407 1410 1411
2753 3 0 1410 1409 1408
2754 3 0 1410 1408 1412
2755 3 0 1411 1410 1412
2756 3 0 1411 1412 1413
2757 3 0 1374 1414 1415
2758 3 0 1374 1415 1286
2759 3 0 1286 1415 1349
2760 3 0 1354 1349 1415
2761 3 0 1354 1415 1416
2762 3 0 1355 1354 1416
2763 3 0 1355 1416 1417
2764 3 0 1416 1415 1414
2765 3 0 1416 1414 1418
2766 3 0 1417 1416 1418
2767 3 0 1417 1418 1419
2768 3 0 1374 1376 1426
2769 3 0 1374 1426 1414
2770 3 0 1414 1426 1420
2771 3 0 1421 1419 1418
2772 3 0 1421 1418 1420
2773 3 0 1420 1418 1414
2774 3 0 1358 1355 1417
2775 3 0 1358 1417 1422
2776 3 0 1422 1417 1419
2777 3 0 1359 1358 1422
2778 3 0 1359 1422 1423
2779 3 0 1422 1419 1421
2780 3 0 1422 1421 1424
2781 3 0 1423 1422 1424
2782 3 0 1423 1424 1425
2783 3 0 1426 1376 1427
2784 3 0 1426 1427 1428
2785 3 0 1420 1426 1428
2786 3 0 1420 1428 1429
2787 3 0 1428 1427 1380
2788 3 0 1428 1380 1430
2789 3 0 1429 1428 1430
2790 3 0 1429 1430 1431
2791 3 0 1421 1420 1429
2792 3 0 1421 1429 1432
2793 3 0 1432 1429 1431
2794 3 0 1430 1380 1433
2795 3 0 1430 1433 1434
2796 3 0 1431 1430 1434
2797 3 0 1431 1434 1435
2798 3 0 1434 1433 1382
2799 3 0 1434 1382 1436
2800 3 0 1435 1434 1436
2801 3 0 1435 1436 1437
2802 3 0 1432 1431 1435
2803 3 0 1432 1435 1438
2804 3 0 1438 1435 1437
2805 3 0 1439 1425 1424
2806 3 0 1424 1421 1432
2807 3 0 1432 1438 1439
2808 3 0 1439 1424 1432
2809 3 0 1362 1359 1423
2810 3 0 1362 1423 1440
2811 3 0 1440 1423 1425
2812 3 0 1367 1522 1368
2813 3 0 1522 1367 1443
2814 3 0 1443 1441 1522
2815 3 0 1362 1440 1443
2816 3 0 1362 1443 1367
2817 3 0 1439 1442 1444
2818 3 0 1439 1444 1425
2819 3 0 1425 1444 1440
2820 3 0 1443 1440 1444
2821 3 0 1443 1444 1445
2822 3 0 1441 1443 1445
2823 3 0 1441 1445 1446
2824 3 0 1445 1444 1442
2825 3 0 1445 1442 1447
2826 3 0 1446 1445 1447
2827 3 0 1446 1447 1448
2828 3 0 1449 1437 1436
2829 3 0 1449 1436 1392
2830 3 0 1392 1436 1382
2831 3 0 1438 1437 1449
2832 3 0 1438 1449 1450
2833 3 0 1449 1392 1394
2834 3 0 1449 1394 1451
2835 3 0 1450 1449 1451
2836 3 0 1450 1451 1452
2837 3 0 1439 1438 1450
2838 3 0 1439 1450 1453
2839 3 0 1453 1450 1452
2840 3 0 1451 1394 1405
2841 3 0 1451 1405 1454
2842 3 0 1454 1405 1407
2843 3 0 1452 1451 1454
2844 3 0 1452 1454 1455
2845 3 0 1454 1407 1411
2846 3 0 1454 1411 1456
2847 3 0 1456 1411 1413
2848 3 0 1455 1454 1456
2849 3 0 1455 1456 1457
2850 3 0 1453 1452 1455
2851 3 0 1453 1455 1458
2852 3 0 1458 1455 1457
2853 3 0 1453 1459 1460
2854 3 0 1453 1460 1439
2855 3 0 1439 1460 1442
2856 3 0 1447 1442 1460
2857 3 0 1447 1460 1461
2858 3 0 1448 1447 1461
2859 3 0 1448 1461 1462
2860 3 0 1461 1460 1459
2861 3 0 1461 1459 1463
2862 3 0 1462 1461 1463
2863 3 0 1462 1463 1464
2864 3 0 1453 1458 1610
2865 3 0 1610 1465 1466
2866 3 0 1466 1459 1453
2867 3 0 1453 1610 1466
2868 3 0 1463 1459 1466
2869 3 0 1463 1466 1467
2870 3 0 1464 1463 1467
2871 3 0 1464 1467 1468
2872 3 0 1467 1466 1465
2873 3 0 1467 1465 1469
2874 3 0 1468 1467 1469
2875 3 0 1468 1469 1470
2876 3 0 1324 1471 1473
2877 3 0 1324 1473 966
2878 3 0 966 1473 1070
2879 3 0 1472 1070 1473
2880 3 0 1472 1473 1474
2881 3 0 1071 1472 1474
2882 3 0 1071 1474 1475
2883 3 0 1474 1473 1471
2884 3 0 1474 1471 1476
2885 3 0 1475 1474 1476
2886 3 0 1475 1476 1477
2887 3 0 1324 1329 1491
2888 3 0 1491 1478 1479
2889 3 0 1479 1471 1324
2890 3 0 1324 1491 1479
2891 3 0 1476 1471 1479
2892 3 0 1476 1479 1480
2893 3 0 1477 1476 1480
2894 3 0 1477 1480 1481
2895 3 0 1480 1479 1478
2896 3 0 1480 1478 1482
2897 3 0 1481 1480 1482
2898 3 0 1481 1482 1483
2899 3 0 1082 1071 1475
2900 3 0 1082 1475 1484
2901 3 0 1083 1082 1484
2902 3 0 1083 1484 1485
2903 3 0 1484 1475 1477
2904 3 0 1484 1477 1486
2905 3 0 1485 1484 1486
2906 3 0 1485 1486 1487
2907 3 0 1084 1083 1485
2908 3 0 1084 1485 1488
2909 3 0 1488 1485 1487
2910 3 0 1489 1487 1486
2911 3 0 1486 1477 1481
2912 3 0 1481 1483 1489
2913 3 0 1489 1486 1481
2914 3 0 1488 1487 1489
2915 3 0 1488 1489 1490
2916 3 0 1491 1329 1492
2917 3 0 1491 1492 1493
2918 3 0 1478 1491 1493
2919 3 0 1478 1493 1494
2920 3 0 1493 1492 1361
2921 3 0 1493 1361 1495
2922 3 0 1494 1493 1495
2923 3 0 1494 1495 1496
2924 3 0 1497 1483 1482
2925 3 0 1482 1478 1494
2926 3 0 1494 1496 1497
2927 3 0 1497 1482 1494
2928 3 0 1361 1366 1500
2929 3 0 1361 1500 1495
2930 3 0 1495 1500 1498
2931 3 0 1496 1495 1498
2932 3 0 1496 1498 1499
2933 3 0 1500 1366 1501
2934 3 0 1500 1501 1502
2935 3 0 1498 1500 1502
2936 3 0 1498 1502 1503
2937 3 0 1502 1501 1368
2938 3 0 1502 1368 1504
2939 3 0 1503 1502 1504
2940 3 0 1503 1504 1505
2941 3 0 1499 1498 1503
2942 3 0 1499 1503 1506
2943 3 0 1506 1503 1505
2944 3 0 1497 1496 1499
2945 3 0 1497 1499 1507
2946 3 0 1507 1499 1506
2947 3 0 1497 1489 1483
2948 3 0 1489 1497 1512
2949 3 0 1512 1490 1489
2950 3 0 1507 1508 1512
2951 3 0 1507 1512 1497
2952 3 0 1090 1084 1488
2953 3 0 1488 1490 1511
2954 3 0 1511 1509 1090
2955 3 0 1090 1488 1511
2956 3 0 1090 1509 1517
2957 3 0 1090 1517 1091
2958 3 0 1091 1517 1510
2959 3 0 1511 1490 1512
2960 3 0 1511 1512 1513
2961 3 0 1509 1511 1513
2962 3 0 1509 1513 1514
2963 3 0 1513 1512 1508
2964 3 0 1513 1508 1515
2965 3 0 1514 1513 1515
2966 3 0 1514 1515 1516
2967 3 0 1517 1509 1514
2968 3 0 1517 1514 1518
2969 3 0 1510 1517 1518
2970 3 0 1510 1518 1519
2971 3 0 1514 1516 1547
2972 3 0 1514 1547 1518
2973 3 0 1518 1547 1520
2974 3 0 1519 1518 1520
2975 3 0 1519 1520 1521
2976 3 0 1523 1505 1504
2977 3 0 1523 1504 1522
2978 3 0 1522 1504 1368
2979 3 0 1506 1505 1523
2980 3 0 1506 1523 1524
2981 3 0 1523 1522 1441
2982 3 0 1523 1441 1525
2983 3 0 1524 1523 1525
2984 3 0 1524 1525 1526
2985 3 0 1507 1506 1524
2986 3 0 1507 1524 1527
2987 3 0 1527 1524 1526
2988 3 0 1525 1441 1446
2989 3 0 1525 1446 1528
2990 3 0 1526 1525 1528
2991 3 0 1526 1528 1529
2992 3 0 1528 1446 1448
2993 3 0 1528 1448 1530
2994 3 0 1529 1528 1530
2995 3 0 1529 1530 1531
2996 3 0 1527 1526 1529
2997 3 0 1527 1529 1532
2998 3 0 1532 1529 1531
2999 3 0 1508 1507 1527
3000 3 0 1527 1532 1533
3001 3 0 1542 1527 1533
3002 3 0 1508 1527 1542
3003 3 0 1530 1448 1462
3004 3 0 1530 1462 1534
3005 3 0 1531 1530 1534
3006 3 0 1531 1534 1535
3007 3 0 1534 1462 1464
3008 3 0 1534 1464 1536
3009 3 0 1535 1534 1536
3010 3 0 1535 1536 1537
3011 3 0 1532 1531 1535
3012 3 0 1532 1535 1538
3013 3 0 1538 1535 1537
3014 3 0 1539 1537 1536
3015 3 0 1536 1464 1468
3016 3 0 1468 1470 1539
3017 3 0 1539 1536 1468
3018 3 0 1538 1537 1539
3019 3 0 1538 1539 1540
3020 3 0 1533 1532 1538
3021 3 0 1533 1538 1541
3022 3 0 1541 1538 1540
3023 3 0 1515 1508 1542
3024 3 0 1515 1542 1543
3025 3 0 1543 1544 1548
3026 3 0 1543 1548 1515
3027 3 0 1515 1548 1516
3028 3 0 1543 1542 1533
3029 3 0 1543 1533 1545
3030 3 0 1544 1543 1545
3031 3 0 1544 1545 1546
3032 3 0 1547 1516 1548
3033 3 0 1547 1548 1549
3034 3 0 1520 1547 1549
3035 3 0 1520 1549 1550
3036 3 0 1549 1548 1544
3037 3 0 1549 1544 1551
3038 3 0 1550 1549 1551
3039 3 0 1550 1551 1552
3040 3 0 1521 1520 1550
3041 3 0 1521 1550 1553
3042 3 0 1553 1550 1552
3043 3 0 1554 1552 1551
3044 3 0 1554 1551 1546
3045 3 0 1546 1551 1544
3046 3 0 1553 1552 1554
3047 3 0 1553 1554 1555
3048 3 0 1556 1546 1545
3049 3 0 1556 1545 1541
3050 3 0 1541 1545 1533
3051 3 0 1557 1555 1554
3052 3 0 1557 1554 1556
3053 3 0 1556 1554 1546
3054 3 0 1387 608 1558
3055 3 0 1387 1558 1559
3056 3 0 1559 1560 1563
3057 3 0 1559 1563 1387
3058 3 0 1387 1563 1388
3059 3 0 1559 1558 614
3060 3 0 1559 614 1561
3061 3 0 1561 1562 1572
3062 3 0 1561 1572 1559
3063 3 0 1559 1572 1560
3064 3 0 1399 1388 1563
3065 3 0 1399 1563 1564
3066 3 0 1400 1399 1564
3067 3 0 1400 1564 1565
3068 3 0 1564 1563 1560
3069 3 0 1564 1560 1566
3070 3 0 1565 1564 1566
3071 3 0 1565 1566 1567
3072 3 0 1408 1400 1565
3073 3 0 1408 1565 1568
3074 3 0 1569 1413 1412
3075 3 0 1569 1412 1568
3076 3 0 1568 1412 1408
3077 3 0 1568 1565 1567
3078 3 0 1568 1567 1570
3079 3 0 1569 1568 1570
3080 3 0 1569 1570 1571
3081 3 0 1566 1560 1572
3082 3 0 1566 1572 1573
3083 3 0 1567 1566 1573
3084 3 0 1567 1573 1574
3085 3 0 1573 1572 1562
3086 3 0 1573 1562 1575
3087 3 0 1574 1573 1575
3088 3 0 1574 1575 1576
3089 3 0 1570 1567 1574
3090 3 0 1570 1574 1577
3091 3 0 1571 1570 1577
3092 3 0 1571 1577 1578
3093 3 0 1574 1576 1591
3094 3 0 1574 1591 1577
3095 3 0 1577 1591 1579
3096 3 0 1578 1577 1579
3097 3 0 1578 1579 1580
3098 3 0 1561 614 1581
3099 3 0 1561 1581 1582
3100 3 0 1582 1583 1586
3101 3 0 1582 1586 1561
3102 3 0 1561 1586 1562
3103 3 0 1582 1581 616
3104 3 0 1582 616 1584
3105 3 0 1582 1584 1667
3106 3 0 1667 1585 1600
3107 3 0 1600 1583 1582
3108 3 0 1582 1667 1600
3109 3 0 1575 1562 1586
3110 3 0 1575 1586 1587
3111 3 0 1587 1588 1592
3112 3 0 1587 1592 1575
3113 3 0 1575 1592 1576
3114 3 0 1587 1586 1583
3115 3 0 1587 1583 1589
3116 3 0 1588 1587 1589
3117 3 0 1588 1589 1590
3118 3 0 1591 1576 1592
3119 3 0 1591 1592 1593
3120 3 0 1579 1591 1593
3121 3 0 1579 1593 1594
3122 3 0 1593 1592 1588
3123 3 0 1593 1588 1595
3124 3 0 1594 1593 1595
3125 3 0 1594 1595 1596
3126 3 0 1580 1579 1594
3127 3 0 1580 1594 1597
3128 3 0 1597 1594 1596
3129 3 0 1598 1596 1595
3130 3 0 1598 1595 1590
3131 3 0 1590 1595 1588
3132 3 0 1597 1596 1598
3133 3 0 1597 1598 1599
3134 3 0 1589 1583 1600
3135 3 0 1589 1600 1601
3136 3 0 1590 1589 1601
3137 3 0 1590 1601 1602
3138 3 0 1601 1600 1585
3139 3 0 1601 1585 1603
3140 3 0 1601 1603 1680
3141 3 0 1601 1680 1602
3142 3 0 1602 1680 1604
3143 3 0 1692 1602 1604
3144 3 0 1602 1692 1598
3145 3 0 1598 1590 1602
3146 3 0 1605 1599 1598
3147 3 0 1605 1598 1692
3148 3 0 1606 1457 1456
3149 3 0 1456 1413 1569
3150 3 0 1569 1571 1606
3151 3 0 1606 1456 1569
3152 3 0 1606 1607 1611
3153 3 0 1606 1611 1457
3154 3 0 1457 1611 1458
3155 3 0 1606 1571 1578
3156 3 0 1606 1578 1608
3157 3 0 1608 1578 1580
3158 3 0 1608 1609 1625
3159 3 0 1608 1625 1606
3160 3 0 1606 1625 1607
3161 3 0 1610 1458 1611
3162 3 0 1610 1611 1612
3163 3 0 1465 1610 1612
3164 3 0 1465 1612 1613
3165 3 0 1612 1611 1607
3166 3 0 1612 1607 1614
3167 3 0 1614 1615 1619
3168 3 0 1614 1619 1612
3169 3 0 1612 1619 1613
3170 3 0 1465 1613 1618
3171 3 0 1465 1618 1469
3172 3 0 1469 1618 1616
3173 3 0 1470 1469 1616
3174 3 0 1470 1616 1617
3175 3 0 1618 1613 1619
3176 3 0 1618 1619 1620
3177 3 0 1616 1618 1620
3178 3 0 1616 1620 1621
3179 3 0 1620 1619 1615
3180 3 0 1620 1615 1622
3181 3 0 1621 1620 1622
3182 3 0 1621 1622 1623
3183 3 0 1617 1616 1621
3184 3 0 1617 1621 1624
3185 3 0 1624 1621 1623
3186 3 0 1614 1607 1625
3187 3 0 1614 1625 1626
3188 3 0 1626 1627 1630
3189 3 0 1626 1630 1614
3190 3 0 1614 1630 1615
3191 3 0 1626 1625 1609
3192 3 0 1626 1609 1628
3193 3 0 1628 1629 1636
3194 3 0 1628 1636 1626
3195 3 0 1626 1636 1627
3196 3 0 1622 1615 1630
3197 3 0 1622 1630 1631
3198 3 0 1623 1622 1631
3199 3 0 1623 1631 1632
3200 3 0 1631 1630 1627
3201 3 0 1631 1627 1633
3202 3 0 1632 1631 1633
3203 3 0 1632 1633 1634
3204 3 0 1624 1623 1632
3205 3 0 1624 1632 1635
3206 3 0 1635 1632 1634
3207 3 0 1633 1627 1636
3208 3 0 1633 1636 1637
3209 3 0 1634 1633 1637
3210 3 0 1634 1637 1638
3211 3 0 1637 1636 1629
3212 3 0 1637 1629 1639
3213 3 0 1638 1637 1639
3214 3 0 1638 1639 1640
3215 3 0 1635 1634 1638
3216 3 0 1635 1638 1641
3217 3 0 1641 1638 1640
3218 3 0 1608 1580 1597
3219 3 0 1608 1597 1642
3220 3 0 1642 1597 1599
3221 3 0 1642 1643 1646
3222 3 0 1642 1646 1608
3223 3 0 1608 1646 1609
3224 3 0 1642 1599 1605
3225 3 0 1642 1605 1644
3226 3 0 1643 1642 1644
3227 3 0 1643 1644 1645
3228 3 0 1628 1609 1646
3229 3 0 1628 1646 1647
3230 3 0 1647 1648 1651
3231 3 0 1647 1651 1628
3232 3 0 1628 1651 1629
3233 3 0 1647 1646 1643
3234 3 0 1647 1643 1649
3235 3 0 1648 1647 1649
3236 3 0 1648 1649 1650
3237 3 0 1639 1629 1651
3238 3 0 1639 1651 1652
3239 3 0 1640 1639 1652
3240 3 0 1640 1652 1653
3241 3 0 1652 1651 1648
3242 3 0 1652 1648 1654
3243 3 0 1653 1652 1654
3244 3 0 1653 1654 1655
3245 3 0 1641 1640 1653
3246 3 0 1641 1653 1656
3247 3 0 1656 1653 1655
3248 3 0 1657 1655 1654
3249 3 0 1657 1654 1650
3250 3 0 1650 1654 1648
3251 3 0 1656 1655 1657
3252 3 0 1656 1657 1658
3253 3 0 1649 1660 1650
3254 3 0 1660 1649 1729
3255 3 0 1729 1659 1660
3256 3 0 1643 1645 1729
3257 3 0 1643 1729 1649
3258 3 0 1657 1650 1660
3259 3 0 1657 1660 1661
3260 3 0 1658 1657 1661
3261 3 0 1658 1661 1662
3262 3 0 1661 1660 1659
3263 3 0 1661 1659 1663
3264 3 0 1662 1661 1663
3265 3 0 1662 1663 1664
3266 3 0 1665 1666 1668
3267 3 0 1665 1668 616
3268 3 0 616 1668 1584
3269 3 0 1667 1584 1668
3270 3 0 1667 1668 1669
3271 3 0 1585 1667 1669
3272 3 0 1585 1669 1670
3273 3 0 1669 1668 1666
3274 3 0 1669 1666 1671
3275 3 0 1670 1669 1671
3276 3 0 1670 1671 1672
3277 3 0 620 1673 1674
3278 3 0 620 1674 1665
3279 3 0 1665 1674 1666
3280 3 0 1671 1666 1674
3281 3 0 1671 1674 1675
3282 3 0 1672 1671 1675
3283 3 0 1672 1675 1676
3284 3 0 1675 1674 1673
3285 3 0 1675 1673 1677
3286 3 0 1676 1675 1677
3287 3 0 1676 1677 1678
3288 3 0 1670 1679 1681
3289 3 0 1670 1681 1585
3290 3 0 1585 1681 1603
3291 3 0 1680 1603 1681
3292 3 0 1680 1681 1682
3293 3 0 1604 1680 1682
3294 3 0 1604 1682 1683
3295 3 0 1682 1681 1679
3296 3 0 1682 1679 1684
3297 3 0 1683 1682 1684
3298 3 0 1683 1684 1685
3299 3 0 1672 1686 1687
3300 3 0 1672 1687 1670
3301 3 0 1670 1687 1679
3302 3 0 1684 1679 1687
3303 3 0 1684 1687 1688
3304 3 0 1685 1684 1688
3305 3 0 1685 1688 1689
3306 3 0 1688 1687 1686
3307 3 0 1688 1686 1690
3308 3 0 1689 1688 1690
3309 3 0 1689 1690 1691
3310 3 0 1692 1604 1683
3311 3 0 1692 1683 1693
3312 3 0 1693 1683 1685
3313 3 0 1605 1692 1693
3314 3 0 1605 1693 1694
3315 3 0 1693 1685 1689
3316 3 0 1693 1689 1695
3317 3 0 1695 1689 1691
3318 3 0 1694 1693 1695
3319 3 0 1694 1695 1696
3320 3 0 1686 1672 1676
3321 3 0 1686 1676 1697
3322 3 0 1698 1691 1690
3323 3 0 1698 1690 1697
3324 3 0 1697 1690 1686
3325 3 0 1697 1676 1678
3326 3 0 1697 1678 1699
3327 3 0 1698 1697 1699
3328 3 0 1698 1699 1700
3329 3 0 1701 1696 1695
3330 3 0 1695 1691 1698
3331 3 0 1698 1700 1701
3332 3 0 1701 1695 1698
3333 3 0 1702 1703 1704
3334 3 0 1702 1704 620
3335 3 0 620 1704 1673
3336 3 0 1677 1673 1704
3337 3 0 1677 1704 1705
3338 3 0 1678 1677 1705
3339 3 0 1678 1705 1706
3340 3 0 1705 1704 1703
3341 3 0 1705 1703 1707
3342 3 0 1706 1705 1707
3343 3 0 1706 1707 1708
3344 3 0 622 1709 1710
3345 3 0 622 1710 1702
3346 3 0 1702 1710 1703
3347 3 0 1707 1703 1710
3348 3 0 1707 1710 1711
3349 3 0 1708 1707 1711
3350 3 0 1708 1711 1712
3351 3 0 1711 1710 1709
3352 3 0 1711 1709 1713
3353 3 0 1712 1711 1713
3354 3 0 1712 1713 1714
3355 3 0 1699 1678 1706
3356 3 0 1699 1706 1715
3357 3 0 1700 1699 1715
3358 3 0 1700 1715 1716
3359 3 0 1715 1706 1708
3360 3 0 1715 1708 1717
3361 3 0 1716 1715 1717
3362 3 0 1716 1717 1718
3363 3 0 1701 1700 1716
3364 3 0 1701 1716 1719
3365 3 0 1719 1716 1718
3366 3 0 1717 1708 1712
3367 3 0 1717 1712 1720
3368 3 0 1718 1717 1720
3369 3 0 1718 1720 1721
3370 3 0 1720 1712 1714
3371 3 0 1720 1714 1722
3372 3 0 1721 1720 1722
3373 3 0 1721 1722 1723
3374 3 0 1719 1718 1721
3375 3 0 1719 1721 1724
3376 3 0 1724 1721 1723
3377 3 0 1644 1605 1694
3378 3 0 1644 1694 1725
3379 3 0 1725 1694 1696
3380 3 0 1725 1726 1730
3381 3 0 1725 1730 1644
3382 3 0 1644 1730 1645
3383 3 0 1725 1696 1701
3384 3 0 1725 1701 1727
3385 3 0 1727 1728 1736
3386 3 0 1727 1736 1725
3387 3 0 1725 1736 1726
3388 3 0 1729 1645 1730
3389 3 0 1729 1730 1731
3390 3 0 1659 1729 1731
3391 3 0 1659 1731 1732
3392 3 0 1731 1730 1726
3393 3 0 1731 1726 1733
3394 3 0 1732 1731 1733
3395 3 0 1732 1733 1734
3396 3 0 1735 1664 1663
3397 3 0 1663 1659 1732
3398 3 0 1732 1734 1735
3399 3 0 1735 1663 1732
3400 3 0 1733 1726 1736
3401 3 0 1733 1736 1737
3402 3 0 1734 1733 1737
3403 3 0 1734 1737 1738
3404 3 0 1737 1736 1728
3405 3 0 1737 1728 1739
3406 3 0 1738 1737 1739
3407 3 0 1738 1739 1740
3408 3 0 1735 1734 1738
3409 3 0 1735 1738 1741
3410 3 0 1741 1738 1740
3411 3 0 1743 1728 1727
3412 3 0 1727 1701 1719
3413 3 0 1719 1724 4976
3414 3 0 4976 1742 1743
3415 3 0 1743 1727 1719
3416 3 0 1743 1719 4976
3417 3 0 1744 1740 1739
3418 3 0 1744 1739 1743
3419 3 0 1743 1739 1728
3420 3 0 1741 1740 1744
3421 3 0 1741 1744 1745
3422 3 0 1743 1742 4986
3423 3 0 1743 4986 1744
3424 3 0 1744 4986 1746
3425 3 0 1745 1744 1746
3426 3 0 1745 1746 1747
3427 3 0 1539 1470 1617
3428 3 0 1539 1617 1748
3429 3 0 1748 1617 1624
3430 3 0 1540 1539 1748
3431 3 0 1540 1748 1749
3432 3 0 1748 1624 1635
3433 3 0 1748 1635 1750
3434 3 0 1750 1635 1641
3435 3 0 1749 1748 1750
3436 3 0 1749 1750 1751
3437 3 0 1541 1540 1749
3438 3 0 1749 1751 1757
3439 3 0 1757 1752 1541
3440 3 0 1541 1749 1757
3441 3 0 1750 1641 1656
3442 3 0 1750 1656 1753
3443 3 0 1753 1656 1658
3444 3 0 1751 1750 1753
3445 3 0 1751 1753 1754
3446 3 0 1753 1658 1662
3447 3 0 1753 1662 1755
3448 3 0 1755 1662 1664
3449 3 0 1754 1753 1755
3450 3 0 1754 1755 1756
3451 3 0 1757 1751 1754
3452 3 0 1757 1754 1758
3453 3 0 1752 1757 1758
3454 3 0 1752 1758 1759
3455 3 0 1758 1754 1756
3456 3 0 1758 1756 1760
3457 3 0 1758 1760 1769
3458 3 0 1758 1769 1759
3459 3 0 1759 1769 1761
3460 3 0 1556 1541 1752
3461 3 0 1556 1752 1762
3462 3 0 1557 1556 1762
3463 3 0 1557 1762 1763
3464 3 0 1762 1752 1759
3465 3 0 1759 1761 1779
3466 3 0 1779 1764 1762
3467 3 0 1762 1759 1779
3468 3 0 1763 1762 1764
3469 3 0 1763 1764 1765
3470 3 0 1735 1755 1664
3471 3 0 1755 1735 1767
3472 3 0 1767 1756 1755
3473 3 0 1741 1766 1767
3474 3 0 1741 1767 1735
3475 3 0 1767 1768 1770
3476 3 0 1767 1770 1756
3477 3 0 1756 1770 1760
3478 3 0 1769 1760 1770
3479 3 0 1769 1770 1771
3480 3 0 1761 1769 1771
3481 3 0 1761 1771 1772
3482 3 0 1771 1770 1768
3483 3 0 1771 1768 1773
3484 3 0 1772 1771 1773
3485 3 0 1772 1773 1774
3486 3 0 1768 1767 1766
3487 3 0 1768 1766 1775
3488 3 0 1776 1774 1773
3489 3 0 1776 1773 1775
3490 3 0 1775 1773 1768
3491 3 0 1766 1741 1745
3492 3 0 1766 1745 1777
3493 3 0 1777 1745 1747
3494 3 0 1778 1776 1775
3495 3 0 1778 1775 1777
3496 3 0 1777 1775 1766
3497 3 0 1779 1761 1772
3498 3 0 1779 1772 1780
3499 3 0 1780 1772 1774
3500 3 0 1764 1779 1780
3501 3 0 1764 1780 1781
3502 3 0 1780 1774 1776
3503 3 0 1780 1776 1782
3504 3 0 1781 1780 1782
3505 3 0 1781 1782 1783
3506 3 0 1765 1764 1781
3507 3 0 1765 1781 1784
3508 3 0 1784 1781 1783
3509 3 0 1785 1783 1782
3510 3 0 1785 1782 1778
3511 3 0 1778 1782 1776
3512 3 0 1784 1783 1785
3513 3 0 1784 1785 1786
3514 3 0 1787 1091 1510
3515 3 0 1787 1510 1788
3516 3 0 1259 1787 1788
3517 3 0 1259 1788 1789
3518 3 0 1788 1510 1519
3519 3 0 1788 1519 1790
3520 3 0 1790 1519 1521
3521 3 0 1789 1788 1790
3522 3 0 1789 1790 1791
3523 3 0 1260 1259 1789
3524 3 0 1260 1789 1792
3525 3 0 1792 1789 1791
3526 3 0 1790 1521 1553
3527 3 0 1790 1553 1793
3528 3 0 1793 1553 1555
3529 3 0 1791 1790 1793
3530 3 0 1791 1793 1794
3531 3 0 1793 1555 1557
3532 3 0 1793 1557 1795
3533 3 0 1794 1793 1795
3534 3 0 1794 1795 1796
3535 3 0 1792 1791 1794
3536 3 0 1792 1794 1797
3537 3 0 1797 1794 1796
3538 3 0 1792 1798 1800
3539 3 0 1792 1800 1260
3540 3 0 1260 1800 1263
3541 3 0 1799 1263 1800
3542 3 0 1799 1800 1801
3543 3 0 1264 1799 1801
3544 3 0 1264 1801 1802
3545 3 0 1801 1800 1798
3546 3 0 1801 1798 1803
3547 3 0 1801 1803 1808
3548 3 0 1801 1808 1802
3549 3 0 1802 1808 1804
3550 3 0 1797 1805 1806
3551 3 0 1797 1806 1792
3552 3 0 1792 1806 1798
3553 3 0 1806 1807 1809
3554 3 0 1806 1809 1798
3555 3 0 1798 1809 1803
3556 3 0 1808 1803 1809
3557 3 0 1808 1809 1810
3558 3 0 1804 1808 1810
3559 3 0 1804 1810 1811
3560 3 0 1810 1809 1807
3561 3 0 1810 1807 1812
3562 3 0 1812 1813 3202
3563 3 0 1812 3202 1810
3564 3 0 1810 3202 1811
3565 3 0 1805 1814 1815
3566 3 0 1805 1815 1806
3567 3 0 1806 1815 1807
3568 3 0 1812 1807 1815
3569 3 0 1812 1815 1816
3570 3 0 1813 1812 1816
3571 3 0 1813 1816 1817
3572 3 0 1816 1815 1814
3573 3 0 1816 1814 1818
3574 3 0 1817 1816 1818
3575 3 0 1817 1818 1819
3576 3 0 1820 1796 1795
3577 3 0 1795 1557 1763
3578 3 0 1763 1765 1820
3579 3 0 1820 1795 1763
3580 3 0 1797 1796 1820
3581 3 0 1797 1820 1821
3582 3 0 1820 1765 1784
3583 3 0 1784 1786 5352
3584 3 0 5352 1822 1820
3585 3 0 1820 1784 5352
3586 3 0 1820 1822 5365
3587 3 0 1820 5365 1821
3588 3 0 1821 5365 1823
3589 3 0 1821 1824 1825
3590 3 0 1821 1825 1797
3591 3 0 1797 1825 1805
3592 3 0 1825 1826 1827
3593 3 0 1825 1827 1805
3594 3 0 1805 1827 1814
3595 3 0 1818 1814 1827
3596 3 0 1818 1827 1828
3597 3 0 1819 1818 1828
3598 3 0 1819 1828 1829
3599 3 0 1828 1827 1826
3600 3 0 1828 1826 1830
3601 3 0 1829 1828 1830
3602 3 0 1829 1830 1831
3603 3 0 1826 1825 1824
3604 3 0 1826 1824 1832
3605 3 0 1833 1831 1830
3606 3 0 1833 1830 1832
3607 3 0 1832 1830 1826
3608 3 0 1821 1823 5437
3609 3 0 1821 5437 1824
3610 3 0 1824 5437 1834
3611 3 0 1835 1833 1832
3612 3 0 1832 1824 1834
3613 3 0 5447 1832 1834
3614 3 0 1835 1832 5447
3615 3 0 23 24 1840
3616 3 0 23 1840 1836
3617 3 0 1836 1840 1837
3618 3 0 1836 1837 1850
3619 3 0 1836 1850 1838
3620 3 0 1838 1850 1839
3621 3 0 1840 24 29
3622 3 0 1840 29 1841
3623 3 0 1840 1841 1844
3624 3 0 1840 1844 1837
3625 3 0 1837 1844 1842
3626 3 0 29 31 1874
3627 3 0 1874 1843 1845
3628 3 0 1845 1841 29
3629 3 0 29 1874 1845
3630 3 0 1844 1841 1845
3631 3 0 1844 1845 1846
3632 3 0 1842 1844 1846
3633 3 0 1842 1846 1847
3634 3 0 1846 1845 1843
3635 3 0 1846 1843 1848
3636 3 0 1846 1848 1893
3637 3 0 1846 1893 1847
3638 3 0 1847 1893 1849
3639 3 0 1850 1837 1842
3640 3 0 1850 1842 1851
3641 3 0 1839 1850 1851
3642 3 0 1839 1851 1852
3643 3 0 1851 1842 1847
3644 3 0 1847 1849 1993
3645 3 0 1993 1853 1851
3646 3 0 1851 1847 1993
3647 3 0 1851 1853 2006
3648 3 0 1851 2006 1852
3649 3 0 1852 2006 1854
3650 3 0 1838 1839 1859
3651 3 0 1838 1859 1855
3652 3 0 1855 1859 1856
3653 3 0 1855 1856 1869
3654 3 0 1855 1869 1857
3655 3 0 1857 1869 1858
3656 3 0 1859 1839 1852
3657 3 0 1859 1852 1860
3658 3 0 1859 1860 1863
3659 3 0 1859 1863 1856
3660 3 0 1856 1863 1861
3661 3 0 1852 1854 2163
3662 3 0 2163 1862 1864
3663 3 0 1864 1860 1852
3664 3 0 1852 2163 1864
3665 3 0 1863 1860 1864
3666 3 0 1863 1864 1865
3667 3 0 1861 1863 1865
3668 3 0 1861 1865 1866
3669 3 0 1864 1862 2176
3670 3 0 1864 2176 1865
3671 3 0 1865 2176 1867
3672 3 0 1866 1865 1867
3673 3 0 1866 1867 1868
3674 3 0 1869 1856 1861
3675 3 0 1869 1861 1870
3676 3 0 1858 1869 1870
3677 3 0 1858 1870 1871
3678 3 0 1870 1861 1866
3679 3 0 1866 1868 2252
3680 3 0 2252 1872 1870
3681 3 0 1870 1866 2252
3682 3 0 1870 1872 2265
3683 3 0 1870 2265 1871
3684 3 0 1871 2265 1873
3685 3 0 31 156 1877
3686 3 0 31 1877 1874
3687 3 0 1874 1877 1875
3688 3 0 1874 1875 1887
3689 3 0 1874 1887 1843
3690 3 0 1843 1887 1876
3691 3 0 1877 156 165
3692 3 0 1877 165 1878
3693 3 0 1877 1878 1881
3694 3 0 1877 1881 1875
3695 3 0 1875 1881 1879
3696 3 0 167 1880 1882
3697 3 0 167 1882 165
3698 3 0 165 1882 1878
3699 3 0 1881 1878 1882
3700 3 0 1881 1882 1883
3701 3 0 1879 1881 1883
3702 3 0 1879 1883 1884
3703 3 0 1883 1882 1880
3704 3 0 1883 1880 1885
3705 3 0 1884 1883 1885
3706 3 0 1884 1885 1886
3707 3 0 1887 1875 1879
3708 3 0 1887 1879 1888
3709 3 0 1876 1887 1888
3710 3 0 1876 1888 1889
3711 3 0 1888 1879 1884
3712 3 0 1888 1884 1890
3713 3 0 1890 1884 1886
3714 3 0 1889 1888 1890
3715 3 0 1889 1890 1891
3716 3 0 1843 1876 1899
3717 3 0 1899 1892 1894
3718 3 0 1894 1848 1843
3719 3 0 1843 1899 1894
3720 3 0 1893 1848 1894
3721 3 0 1893 1894 1895
3722 3 0 1849 1893 1895
3723 3 0 1849 1895 1896
3724 3 0 1894 1892 1904
3725 3 0 1894 1904 1895
3726 3 0 1895 1904 1897
3727 3 0 1896 1895 1897
3728 3 0 1896 1897 1898
3729 3 0 1899 1876 1889
3730 3 0 1899 1889 1900
3731 3 0 1900 1901 1905
3732 3 0 1900 1905 1899
3733 3 0 1899 1905 1892
3734 3 0 1900 1889 1891
3735 3 0 1900 1891 1902
3736 3 0 1901 1900 1902
3737 3 0 1901 1902 1903
3738 3 0 1904 1892 1905
3739 3 0 1904 1905 1906
3740 3 0 1897 1904 1906
3741 3 0 1897 1906 1907
3742 3 0 1906 1905 1901
3743 3 0 1906 1901 1908
3744 3 0 1907 1906 1908
3745 3 0 1907 1908 1909
3746 3 0 1898 1897 1907
3747 3 0 1898 1907 1910
3748 3 0 1910 1907 1909
3749 3 0 1911 1909 1908
3750 3 0 1911 1908 1903
3751 3 0 1903 1908 1901
3752 3 0 1910 1909 1911
3753 3 0 1910 1911 1912
3754 3 0 167 229 1915
3755 3 0 167 1915 1880
3756 3 0 1880 1915 1913
3757 3 0 1914 1886 1885
3758 3 0 1885 1880 1913
3759 3 0 1926 1885 1913
3760 3 0 1914 1885 1926
3761 3 0 1915 229 1916
3762 3 0 1915 1916 1917
3763 3 0 1915 1917 1920
3764 3 0 1915 1920 1913
3765 3 0 1913 1920 1918
3766 3 0 231 1919 1921
3767 3 0 231 1921 1916
3768 3 0 1916 1921 1917
3769 3 0 1920 1917 1921
3770 3 0 1920 1921 1922
3771 3 0 1918 1920 1922
3772 3 0 1918 1922 1923
3773 3 0 1922 1921 1919
3774 3 0 1922 1919 1924
3775 3 0 1923 1922 1924
3776 3 0 1923 1924 1925
3777 3 0 1913 1918 1929
3778 3 0 1913 1929 1926
3779 3 0 1926 1929 1927
3780 3 0 1914 1926 1927
3781 3 0 1914 1927 1928
3782 3 0 1929 1918 1923
3783 3 0 1929 1923 1930
3784 3 0 1927 1929 1930
3785 3 0 1927 1930 1931
3786 3 0 1930 1923 1925
3787 3 0 1930 1925 1932
3788 3 0 1931 1930 1932
3789 3 0 1931 1932 1933
3790 3 0 1928 1927 1931
3791 3 0 1928 1931 1934
3792 3 0 1934 1931 1933
3793 3 0 1886 1914 1937
3794 3 0 1886 1937 1890
3795 3 0 1890 1937 1935
3796 3 0 1890 1935 1942
3797 3 0 1890 1942 1891
3798 3 0 1891 1942 1936
3799 3 0 1937 1914 1928
3800 3 0 1937 1928 1938
3801 3 0 1935 1937 1938
3802 3 0 1935 1938 1939
3803 3 0 1938 1928 1934
3804 3 0 1938 1934 1940
3805 3 0 1939 1938 1940
3806 3 0 1939 1940 1941
3807 3 0 1942 1935 1939
3808 3 0 1942 1939 1943
3809 3 0 1936 1942 1943
3810 3 0 1936 1943 1944
3811 3 0 1943 1939 1941
3812 3 0 1943 1941 1945
3813 3 0 1944 1943 1945
3814 3 0 1944 1945 1946
3815 3 0 1919 231 252
3816 3 0 1919 252 1947
3817 3 0 1948 1925 1924
3818 3 0 1948 1924 1947
3819 3 0 1947 1924 1919
3820 3 0 1947 252 254
3821 3 0 1947 254 1949
3822 3 0 1948 1947 1949
3823 3 0 1948 1949 1950
3824 3 0 1951 1933 1932
3825 3 0 1951 1932 1948
3826 3 0 1948 1932 1925
3827 3 0 1934 1933 1951
3828 3 0 1934 1951 1952
3829 3 0 1951 1948 1950
3830 3 0 1951 1950 1953
3831 3 0 1952 1951 1953
3832 3 0 1952 1953 1954
3833 3 0 1955 1950 1949
3834 3 0 1955 1949 256
3835 3 0 256 1949 254
3836 3 0 1956 1954 1953
3837 3 0 1956 1953 1955
3838 3 0 1955 1953 1950
3839 3 0 1957 1941 1940
3840 3 0 1940 1934 1952
3841 3 0 1952 1954 1957
3842 3 0 1957 1940 1952
3843 3 0 1958 1946 1945
3844 3 0 1958 1945 1957
3845 3 0 1957 1945 1941
3846 3 0 1957 1954 1956
3847 3 0 1957 1956 1959
3848 3 0 1958 1957 1959
3849 3 0 1958 1959 1960
3850 3 0 1891 1936 1963
3851 3 0 1891 1963 1902
3852 3 0 1902 1963 1961
3853 3 0 1902 1961 1968
3854 3 0 1902 1968 1903
3855 3 0 1903 1968 1962
3856 3 0 1963 1936 1944
3857 3 0 1963 1944 1964
3858 3 0 1961 1963 1964
3859 3 0 1961 1964 1965
3860 3 0 1964 1944 1946
3861 3 0 1964 1946 1966
3862 3 0 1965 1964 1966
3863 3 0 1965 1966 1967
3864 3 0 1968 1961 1965
3865 3 0 1968 1965 1969
3866 3 0 1962 1968 1969
3867 3 0 1962 1969 1970
3868 3 0 1969 1965 1967
3869 3 0 1969 1967 1971
3870 3 0 1970 1969 1971
3871 3 0 1970 1971 1972
3872 3 0 1903 1962 1975
3873 3 0 1903 1975 1911
3874 3 0 1911 1975 1973
3875 3 0 1911 1973 1980
3876 3 0 1911 1980 1912
3877 3 0 1912 1980 1974
3878 3 0 1975 1962 1970
3879 3 0 1975 1970 1976
3880 3 0 1973 1975 1976
3881 3 0 1973 1976 1977
3882 3 0 1976 1970 1972
3883 3 0 1976 1972 1978
3884 3 0 1977 1976 1978
3885 3 0 1977 1978 1979
3886 3 0 1980 1973 1977
3887 3 0 1980 1977 1981
3888 3 0 1974 1980 1981
3889 3 0 1974 1981 1982
3890 3 0 1981 1977 1979
3891 3 0 1981 1979 1983
3892 3 0 1982 1981 1983
3893 3 0 1982 1983 1984
3894 3 0 1985 1967 1966
3895 3 0 1985 1966 1958
3896 3 0 1958 1966 1946
3897 3 0 1986 1972 1971
3898 3 0 1986 1971 1985
3899 3 0 1985 1971 1967
3900 3 0 1985 1958 1960
3901 3 0 1985 1960 1987
3902 3 0 1986 1985 1987
3903 3 0 1986 1987 1988
3904 3 0 1989 1979 1978
3905 3 0 1989 1978 1986
3906 3 0 1986 1978 1972
3907 3 0 1990 1984 1983
3908 3 0 1990 1983 1989
3909 3 0 1989 1983 1979
3910 3 0 1989 1986 1988
3911 3 0 1989 1988 1991
3912 3 0 1990 1989 1991
3913 3 0 1990 1991 1992
3914 3 0 1993 1849 1896
3915 3 0 1896 1898 1996
3916 3 0 1996 1994 1993
3917 3 0 1993 1896 1996
3918 3 0 1993 1994 2001
3919 3 0 1993 2001 1853
3920 3 0 1853 2001 1995
3921 3 0 1996 1898 1910
3922 3 0 1996 1910 1997
3923 3 0 1994 1996 1997
3924 3 0 1994 1997 1998
3925 3 0 1997 1910 1912
3926 3 0 1997 1912 1999
3927 3 0 1998 1997 1999
3928 3 0 1998 1999 2000
3929 3 0 2001 1994 1998
3930 3 0 2001 1998 2002
3931 3 0 1995 2001 2002
3932 3 0 1995 2002 2003
3933 3 0 2002 1998 2000
3934 3 0 2002 2000 2004
3935 3 0 2003 2002 2004
3936 3 0 2003 2004 2005
3937 3 0 1853 1995 2009
3938 3 0 1853 2009 2006
3939 3 0 2006 2009 2007
3940 3 0 2006 2007 2014
3941 3 0 2006 2014 1854
3942 3 0 1854 2014 2008
3943 3 0 2009 1995 2003
3944 3 0 2009 2003 2010
3945 3 0 2007 2009 2010
3946 3 0 2007 2010 2011
3947 3 0 2010 2003 2005
3948 3 0 2010 2005 2012
3949 3 0 2011 2010 2012
3950 3 0 2011 2012 2013
3951 3 0 2014 2007 2011
3952 3 0 2014 2011 2015
3953 3 0 2008 2014 2015
3954 3 0 2008 2015 2016
3955 3 0 2015 2011 2013
3956 3 0 2015 2013 2017
3957 3 0 2016 2015 2017
3958 3 0 2016 2017 2018
3959 3 0 1912 1974 2021
3960 3 0 1912 2021 1999
3961 3 0 1999 2021 2019
3962 3 0 1999 2019 2026
3963 3 0 1999 2026 2000
3964 3 0 2000 2026 2020
3965 3 0 2021 1974 1982
3966 3 0 2021 1982 2022
3967 3 0 2019 2021 2022
3968 3 0 2019 2022 2023
3969 3 0 2022 1982 1984
3970 3 0 2022 1984 2024
3971 3 0 2023 2022 2024
3972 3 0 2023 2024 2025
3973 3 0 2026 2019 2023
3974 3 0 2026 2023 2027
3975 3 0 2020 2026 2027
3976 3 0 2020 2027 2028
3977 3 0 2027 2023 2025
3978 3 0 2027 2025 2029
3979 3 0 2028 2027 2029
3980 3 0 2028 2029 2030
3981 3 0 2000 2020 2033
3982 3 0 2000 2033 2004
3983 3 0 2004 2033 2031
3984 3 0 2004 2031 2038
3985 3 0 2004 2038 2005
3986 3 0 2005 2038 2032
3987 3 0 2033 2020 2028
3988 3 0 2033 2028 2034
3989 3 0 2031 2033 2034
3990 3 0 2031 2034 2035
3991 3 0 2034 2028 2030
3992 3 0 2034 2030 2036
3993 3 0 2035 2034 2036
3994 3 0 2035 2036 2037
3995 3 0 2038 2031 2035
3996 3 0 2038 2035 2039
3997 3 0 2032 2038 2039
3998 3 0 2032 2039 2040
3999 3 0 2039 2035 2037
4000 3 0 2039 2037 2041
4001 3 0 2040 2039 2041
4002 3 0 2040 2041 2042
4003 3 0 2043 2025 2024
4004 3 0 2043 2024 1990
4005 3 0 1990 2024 1984
4006 3 0 2044 2030 2029
4007 3 0 2044 2029 2043
4008 3 0 2043 2029 2025
4009 3 0 2043 1990 1992
4010 3 0 2043 1992 2045
4011 3 0 2044 2043 2045
4012 3 0 2044 2045 2046
4013 3 0 2047 2037 2036
4014 3 0 2047 2036 2044
4015 3 0 2044 2036 2030
4016 3 0 2048 2042 2041
4017 3 0 2048 2041 2047
4018 3 0 2047 2041 2037
4019 3 0 2047 2044 2046
4020 3 0 2047 2046 2049
4021 3 0 2048 2047 2049
4022 3 0 2048 2049 2050
4023 3 0 2005 2032 2053
4024 3 0 2005 2053 2012
4025 3 0 2012 2053 2051
4026 3 0 2012 2051 2058
4027 3 0 2012 2058 2013
4028 3 0 2013 2058 2052
4029 3 0 2053 2032 2040
4030 3 0 2053 2040 2054
4031 3 0 2051 2053 2054
4032 3 0 2051 2054 2055
4033 3 0 2054 2040 2042
4034 3 0 2054 2042 2056
4035 3 0 2055 2054 2056
4036 3 0 2055 2056 2057
4037 3 0 2058 2051 2055
4038 3 0 2058 2055 2059
4039 3 0 2052 2058 2059
4040 3 0 2052 2059 2060
4041 3 0 2059 2055 2057
4042 3 0 2059 2057 2061
4043 3 0 2060 2059 2061
4044 3 0 2060 2061 2062
4045 3 0 2013 2052 2065
4046 3 0 2013 2065 2017
4047 3 0 2017 2065 2063
4048 3 0 2017 2063 2070
4049 3 0 2017 2070 2018
4050 3 0 2018 2070 2064
4051 3 0 2065 2052 2060
4052 3 0 2065 2060 2066
4053 3 0 2063 2065 2066
4054 3 0 2063 2066 2067
4055 3 0 2066 2060 2062
4056 3 0 2066 2062 2068
4057 3 0 2067 2066 2068
4058 3 0 2067 2068 2069
4059 3 0 2070 2063 2067
4060 3 0 2070 2067 2071
4061 3 0 2064 2070 2071
4062 3 0 2064 2071 2072
4063 3 0 2071 2067 2069
4064 3 0 2071 2069 2073
4065 3 0 2072 2071 2073
4066 3 0 2072 2073 2074
4067 3 0 2075 2057 2056
4068 3 0 2075 2056 2048
4069 3 0 2048 2056 2042
4070 3 0 2076 2062 2061
4071 3 0 2076 2061 2075
4072 3 0 2075 2061 2057
4073 3 0 2075 2048 2050
4074 3 0 2075 2050 2077
4075 3 0 2076 2075 2077
4076 3 0 2076 2077 2078
4077 3 0 2079 2069 2068
4078 3 0 2079 2068 2076
4079 3 0 2076 2068 2062
4080 3 0 2080 2074 2073
4081 3 0 2080 2073 2079
4082 3 0 2079 2073 2069
4083 3 0 2079 2076 2078
4084 3 0 2079 2078 2081
4085 3 0 2080 2079 2081
4086 3 0 2080 2081 2082
4087 3 0 2083 1956 1955
4088 3 0 1955 256 519
4089 3 0 2085 1955 519
4090 3 0 2083 1955 2085
4091 3 0 2083 2084 2096
4092 3 0 2096 1960 1959
4093 3 0 1959 1956 2083
4094 3 0 2083 2096 1959
4095 3 0 519 527 2088
4096 3 0 519 2088 2085
4097 3 0 2085 2088 2086
4098 3 0 2083 2085 2086
4099 3 0 2083 2086 2087
4100 3 0 2088 527 2089
4101 3 0 2088 2089 2090
4102 3 0 2086 2088 2090
4103 3 0 2086 2090 2091
4104 3 0 2090 2089 529
4105 3 0 2090 529 2092
4106 3 0 2091 2090 2092
4107 3 0 2091 2092 2093
4108 3 0 2087 2086 2091
4109 3 0 2087 2091 2094
4110 3 0 2094 2091 2093
4111 3 0 2084 2083 2087
4112 3 0 2087 2094 2095
4113 3 0 2102 2087 2095
4114 3 0 2084 2087 2102
4115 3 0 1987 1960 2096
4116 3 0 1987 2096 2097
4117 3 0 1988 1987 2097
4118 3 0 1988 2097 2098
4119 3 0 2097 2096 2084
4120 3 0 2097 2084 2099
4121 3 0 2098 2097 2099
4122 3 0 2098 2099 2100
4123 3 0 2098 1991 1988
4124 3 0 1991 2098 2119
4125 3 0 2119 1992 1991
4126 3 0 2100 2101 2119
4127 3 0 2100 2119 2098
4128 3 0 2099 2084 2102
4129 3 0 2099 2102 2103
4130 3 0 2100 2099 2103
4131 3 0 2100 2103 2104
4132 3 0 2103 2102 2095
4133 3 0 2103 2095 2105
4134 3 0 2104 2103 2105
4135 3 0 2104 2105 2106
4136 3 0 2101 2100 2104
4137 3 0 2101 2104 2107
4138 3 0 2107 2104 2106
4139 3 0 2108 2093 2092
4140 3 0 2108 2092 575
4141 3 0 575 2092 529
4142 3 0 2094 2093 2108
4143 3 0 2094 2108 2109
4144 3 0 2108 575 577
4145 3 0 2108 577 2110
4146 3 0 2109 2108 2110
4147 3 0 2109 2110 2111
4148 3 0 2095 2094 2109
4149 3 0 2095 2109 2112
4150 3 0 2112 2109 2111
4151 3 0 2113 2111 2110
4152 3 0 2113 2110 582
4153 3 0 582 2110 577
4154 3 0 2112 2111 2113
4155 3 0 2112 2113 2114
4156 3 0 2115 2106 2105
4157 3 0 2115 2105 2112
4158 3 0 2112 2105 2095
4159 3 0 2107 2106 2115
4160 3 0 2107 2115 2116
4161 3 0 2115 2112 2114
4162 3 0 2115 2114 2117
4163 3 0 2116 2115 2117
4164 3 0 2116 2117 2118
4165 3 0 2045 1992 2119
4166 3 0 2045 2119 2120
4167 3 0 2046 2045 2120
4168 3 0 2046 2120 2121
4169 3 0 2120 2119 2101
4170 3 0 2120 2101 2122
4171 3 0 2122 2123 2127
4172 3 0 2122 2127 2120
4173 3 0 2120 2127 2121
4174 3 0 2046 2121 2126
4175 3 0 2046 2126 2049
4176 3 0 2049 2126 2124
4177 3 0 2049 2124 2132
4178 3 0 2049 2132 2050
4179 3 0 2050 2132 2125
4180 3 0 2126 2121 2127
4181 3 0 2126 2127 2128
4182 3 0 2124 2126 2128
4183 3 0 2124 2128 2129
4184 3 0 2128 2127 2123
4185 3 0 2128 2123 2130
4186 3 0 2129 2128 2130
4187 3 0 2129 2130 2131
4188 3 0 2132 2124 2129
4189 3 0 2132 2129 2133
4190 3 0 2125 2132 2133
4191 3 0 2125 2133 2134
4192 3 0 2133 2129 2131
4193 3 0 2133 2131 2135
4194 3 0 2134 2133 2135
4195 3 0 2134 2135 2136
4196 3 0 2107 2137 2138
4197 3 0 2138 2123 2122
4198 3 0 2122 2101 2107
4199 3 0 2107 2138 2122
4200 3 0 2139 2131 2130
4201 3 0 2139 2130 2138
4202 3 0 2138 2130 2123
4203 3 0 2140 2136 2135
4204 3 0 2140 2135 2139
4205 3 0 2139 2135 2131
4206 3 0 2139 2138 2137
4207 3 0 2139 2137 2141
4208 3 0 2140 2139 2141
4209 3 0 2140 2141 2142
4210 3 0 2077 2050 2125
4211 3 0 2077 2125 2143
4212 3 0 2078 2077 2143
4213 3 0 2078 2143 2144
4214 3 0 2143 2125 2134
4215 3 0 2143 2134 2145
4216 3 0 2145 2134 2136
4217 3 0 2144 2143 2145
4218 3 0 2144 2145 2146
4219 3 0 2147 2082 2081
4220 3 0 2081 2078 2144
4221 3 0 2144 2146 2147
4222 3 0 2147 2081 2144
4223 3 0 2148 2146 2145
4224 3 0 2145 2136 2140
4225 3 0 2140 2142 2148
4226 3 0 2148 2145 2140
4227 3 0 2148 2149 2363
4228 3 0 2148 2363 2146
4229 3 0 2146 2363 2147
4230 3 0 2137 2107 2116
4231 3 0 2137 2116 2150
4232 3 0 2151 2142 2141
4233 3 0 2151 2141 2150
4234 3 0 2150 2141 2137
4235 3 0 2150 2116 2118
4236 3 0 2150 2118 2152
4237 3 0 2151 2150 2152
4238 3 0 2151 2152 2153
4239 3 0 2148 2142 2151
4240 3 0 2148 2151 2154
4241 3 0 2148 2154 2157
4242 3 0 2157 2155 2410
4243 3 0 2410 2149 2148
4244 3 0 2148 2157 2410
4245 3 0 2153 2156 2158
4246 3 0 2153 2158 2151
4247 3 0 2151 2158 2154
4248 3 0 2157 2154 2158
4249 3 0 2157 2158 2159
4250 3 0 2155 2157 2159
4251 3 0 2155 2159 2160
4252 3 0 2159 2158 2156
4253 3 0 2159 2156 2161
4254 3 0 2159 2161 2939
4255 3 0 2159 2939 2160
4256 3 0 2160 2939 2162
4257 3 0 1854 2008 2166
4258 3 0 1854 2166 2163
4259 3 0 2163 2166 2164
4260 3 0 2163 2164 2171
4261 3 0 2171 2165 2177
4262 3 0 2177 1862 2163
4263 3 0 2163 2171 2177
4264 3 0 2166 2008 2016
4265 3 0 2166 2016 2167
4266 3 0 2164 2166 2167
4267 3 0 2164 2167 2168
4268 3 0 2167 2016 2018
4269 3 0 2167 2018 2169
4270 3 0 2168 2167 2169
4271 3 0 2168 2169 2170
4272 3 0 2171 2164 2168
4273 3 0 2171 2168 2172
4274 3 0 2172 2173 2184
4275 3 0 2172 2184 2171
4276 3 0 2171 2184 2165
4277 3 0 2172 2168 2170
4278 3 0 2172 2170 2174
4279 3 0 2172 2174 2210
4280 3 0 2172 2210 2173
4281 3 0 2173 2210 2175
4282 3 0 2176 1862 2177
4283 3 0 2176 2177 2178
4284 3 0 1867 2176 2178
4285 3 0 1867 2178 2179
4286 3 0 2177 2165 2183
4287 3 0 2177 2183 2178
4288 3 0 2178 2183 2180
4289 3 0 2179 2178 2180
4290 3 0 2179 2180 2181
4291 3 0 1868 1867 2179
4292 3 0 2179 2181 2192
4293 3 0 2192 2182 1868
4294 3 0 1868 2179 2192
4295 3 0 2183 2165 2184
4296 3 0 2183 2184 2185
4297 3 0 2180 2183 2185
4298 3 0 2180 2185 2186
4299 3 0 2185 2184 2173
4300 3 0 2185 2173 2187
4301 3 0 2186 2185 2187
4302 3 0 2186 2187 2188
4303 3 0 2181 2180 2186
4304 3 0 2181 2186 2189
4305 3 0 2189 2186 2188
4306 3 0 2190 2188 2187
4307 3 0 2187 2173 2175
4308 3 0 2230 2187 2175
4309 3 0 2190 2187 2230
4310 3 0 2188 2190 2235
4311 3 0 2188 2235 2189
4312 3 0 2189 2235 2191
4313 3 0 2192 2181 2189
4314 3 0 2192 2189 2193
4315 3 0 2182 2192 2193
4316 3 0 2182 2193 2194
4317 3 0 2189 2191 2242
4318 3 0 2189 2242 2193
4319 3 0 2193 2242 2195
4320 3 0 2194 2193 2195
4321 3 0 2194 2195 2196
4322 3 0 2018 2064 2199
4323 3 0 2018 2199 2169
4324 3 0 2169 2199 2197
4325 3 0 2169 2197 2204
4326 3 0 2169 2204 2170
4327 3 0 2170 2204 2198
4328 3 0 2199 2064 2072
4329 3 0 2199 2072 2200
4330 3 0 2197 2199 2200
4331 3 0 2197 2200 2201
4332 3 0 2200 2072 2074
4333 3 0 2200 2074 2202
4334 3 0 2201 2200 2202
4335 3 0 2201 2202 2203
4336 3 0 2204 2197 2201
4337 3 0 2204 2201 2205
4338 3 0 2198 2204 2205
4339 3 0 2198 2205 2206
4340 3 0 2205 2201 2203
4341 3 0 2205 2203 2207
4342 3 0 2206 2205 2207
4343 3 0 2206 2207 2208
4344 3 0 2170 2198 2216
4345 3 0 2216 2209 2211
4346 3 0 2211 2174 2170
4347 3 0 2170 2216 2211
4348 3 0 2210 2174 2211
4349 3 0 2210 2211 2212
4350 3 0 2175 2210 2212
4351 3 0 2175 2212 2213
4352 3 0 2212 2211 2209
4353 3 0 2212 2209 2214
4354 3 0 2213 2212 2214
4355 3 0 2213 2214 2215
4356 3 0 2216 2198 2206
4357 3 0 2216 2206 2217
4358 3 0 2209 2216 2217
4359 3 0 2209 2217 2218
4360 3 0 2217 2206 2208
4361 3 0 2217 2208 2219
4362 3 0 2218 2217 2219
4363 3 0 2218 2219 2220
4364 3 0 2221 2215 2214
4365 3 0 2214 2209 2218
4366 3 0 2218 2220 2221
4367 3 0 2221 2214 2218
4368 3 0 2222 2203 2202
4369 3 0 2222 2202 2080
4370 3 0 2080 2202 2074
4371 3 0 2223 2208 2207
4372 3 0 2223 2207 2222
4373 3 0 2222 2207 2203
4374 3 0 2222 2080 2082
4375 3 0 2222 2082 2224
4376 3 0 2223 2222 2224
4377 3 0 2223 2224 2225
4378 3 0 2226 2220 2219
4379 3 0 2226 2219 2223
4380 3 0 2223 2219 2208
4381 3 0 2221 2220 2226
4382 3 0 2221 2226 2227
4383 3 0 2226 2223 2225
4384 3 0 2226 2225 2228
4385 3 0 2227 2226 2228
4386 3 0 2227 2228 2229
4387 3 0 2230 2175 2213
4388 3 0 2230 2213 2231
4389 3 0 2190 2230 2231
4390 3 0 2190 2231 2232
4391 3 0 2231 2213 2215
4392 3 0 2231 2215 2233
4393 3 0 2232 2231 2233
4394 3 0 2232 2233 2234
4395 3 0 2235 2190 2232
4396 3 0 2235 2232 2236
4397 3 0 2191 2235 2236
4398 3 0 2191 2236 2237
4399 3 0 2236 2232 2234
4400 3 0 2236 2234 2238
4401 3 0 2237 2236 2238
4402 3 0 2237 2238 2239
4403 3 0 2240 2234 2233
4404 3 0 2240 2233 2221
4405 3 0 2221 2233 2215
4406 3 0 2241 2239 2238
4407 3 0 2241 2238 2240
4408 3 0 2240 2238 2234
4409 3 0 2242 2191 2237
4410 3 0 2242 2237 2243
4411 3 0 2195 2242 2243
4412 3 0 2195 2243 2244
4413 3 0 2243 2237 2239
4414 3 0 2243 2239 2245
4415 3 0 2244 2243 2245
4416 3 0 2244 2245 2246
4417 3 0 2196 2195 2244
4418 3 0 2196 2244 2247
4419 3 0 2247 2244 2246
4420 3 0 2248 2246 2245
4421 3 0 2248 2245 2241
4422 3 0 2241 2245 2239
4423 3 0 2248 2249 2277
4424 3 0 2248 2277 2246
4425 3 0 2246 2277 2247
4426 3 0 2250 2241 2240
4427 3 0 2240 2221 2227
4428 3 0 2227 2229 2250
4429 3 0 2250 2240 2227
4430 3 0 2248 2299 2249
4431 3 0 2299 2248 2398
4432 3 0 2398 2251 2299
4433 3 0 2241 2250 2398
4434 3 0 2241 2398 2248
4435 3 0 1868 2182 2255
4436 3 0 1868 2255 2252
4437 3 0 2252 2255 2253
4438 3 0 2252 2253 2260
4439 3 0 2252 2260 1872
4440 3 0 1872 2260 2254
4441 3 0 2255 2182 2194
4442 3 0 2255 2194 2256
4443 3 0 2253 2255 2256
4444 3 0 2253 2256 2257
4445 3 0 2256 2194 2196
4446 3 0 2256 2196 2258
4447 3 0 2257 2256 2258
4448 3 0 2257 2258 2259
4449 3 0 2260 2253 2257
4450 3 0 2260 2257 2261
4451 3 0 2254 2260 2261
4452 3 0 2254 2261 2262
4453 3 0 2261 2257 2259
4454 3 0 2261 2259 2263
4455 3 0 2262 2261 2263
4456 3 0 2262 2263 2264
4457 3 0 1872 2254 2268
4458 3 0 1872 2268 2265
4459 3 0 2265 2268 2266
4460 3 0 1873 2265 2266
4461 3 0 1873 2266 2267
4462 3 0 2268 2254 2262
4463 3 0 2268 2262 2269
4464 3 0 2266 2268 2269
4465 3 0 2266 2269 2270
4466 3 0 2269 2262 2264
4467 3 0 2269 2264 2271
4468 3 0 2270 2269 2271
4469 3 0 2270 2271 2272
4470 3 0 2267 2266 2270
4471 3 0 2270 2272 2321
4472 3 0 2321 2273 2267
4473 3 0 2267 2270 2321
4474 3 0 2196 2247 2276
4475 3 0 2196 2276 2258
4476 3 0 2258 2276 2274
4477 3 0 2258 2274 2282
4478 3 0 2258 2282 2259
4479 3 0 2259 2282 2275
4480 3 0 2276 2247 2277
4481 3 0 2276 2277 2278
4482 3 0 2274 2276 2278
4483 3 0 2274 2278 2279
4484 3 0 2278 2277 2249
4485 3 0 2278 2249 2280
4486 3 0 2279 2278 2280
4487 3 0 2279 2280 2281
4488 3 0 2282 2274 2279
4489 3 0 2282 2279 2283
4490 3 0 2275 2282 2283
4491 3 0 2275 2283 2284
4492 3 0 2283 2279 2281
4493 3 0 2283 2281 2285
4494 3 0 2284 2283 2285
4495 3 0 2284 2285 2286
4496 3 0 2259 2275 2289
4497 3 0 2259 2289 2263
4498 3 0 2263 2289 2287
4499 3 0 2263 2287 2294
4500 3 0 2263 2294 2264
4501 3 0 2264 2294 2288
4502 3 0 2289 2275 2284
4503 3 0 2289 2284 2290
4504 3 0 2287 2289 2290
4505 3 0 2287 2290 2291
4506 3 0 2290 2284 2286
4507 3 0 2290 2286 2292
4508 3 0 2291 2290 2292
4509 3 0 2291 2292 2293
4510 3 0 2294 2287 2291
4511 3 0 2294 2291 2295
4512 3 0 2288 2294 2295
4513 3 0 2288 2295 2296
4514 3 0 2295 2291 2293
4515 3 0 2295 2293 2297
4516 3 0 2297 2298 2314
4517 3 0 2297 2314 2295
4518 3 0 2295 2314 2296
4519 3 0 2300 2281 2280
4520 3 0 2300 2280 2299
4521 3 0 2299 2280 2249
4522 3 0 2301 2286 2285
4523 3 0 2301 2285 2300
4524 3 0 2300 2285 2281
4525 3 0 2300 2299 2251
4526 3 0 2300 2251 2302
4527 3 0 2301 2300 2302
4528 3 0 2301 2302 2303
4529 3 0 2304 2293 2292
4530 3 0 2304 2292 2301
4531 3 0 2301 2292 2286
4532 3 0 2304 2305 2326
4533 3 0 2326 2298 2297
4534 3 0 2297 2293 2304
4535 3 0 2304 2326 2297
4536 3 0 2304 2301 2303
4537 3 0 2304 2303 2306
4538 3 0 2305 2304 2306
4539 3 0 2305 2306 2307
4540 3 0 2264 2288 2310
4541 3 0 2264 2310 2271
4542 3 0 2271 2310 2308
4543 3 0 2272 2271 2308
4544 3 0 2272 2308 2309
4545 3 0 2288 2296 2313
4546 3 0 2288 2313 2310
4547 3 0 2310 2313 2311
4548 3 0 2308 2310 2311
4549 3 0 2308 2311 2312
4550 3 0 2313 2296 2314
4551 3 0 2313 2314 2315
4552 3 0 2311 2313 2315
4553 3 0 2311 2315 2316
4554 3 0 2315 2314 2298
4555 3 0 2315 2298 2317
4556 3 0 2316 2315 2317
4557 3 0 2316 2317 2318
4558 3 0 2312 2311 2316
4559 3 0 2312 2316 2319
4560 3 0 2319 2316 2318
4561 3 0 2309 2308 2312
4562 3 0 2309 2312 2320
4563 3 0 2320 2312 2319
4564 3 0 2321 2272 2309
4565 3 0 2321 2309 2322
4566 3 0 2273 2321 2322
4567 3 0 2273 2322 2323
4568 3 0 2309 2320 2334
4569 3 0 2309 2334 2322
4570 3 0 2322 2334 2324
4571 3 0 2322 2324 2340
4572 3 0 2340 2325 2518
4573 3 0 2518 2323 2322
4574 3 0 2322 2340 2518
4575 3 0 2327 2318 2317
4576 3 0 2327 2317 2326
4577 3 0 2326 2317 2298
4578 3 0 2319 2318 2327
4579 3 0 2319 2327 2328
4580 3 0 2327 2326 2305
4581 3 0 2327 2305 2329
4582 3 0 2328 2327 2329
4583 3 0 2328 2329 2330
4584 3 0 2320 2319 2328
4585 3 0 2328 2330 2331
4586 3 0 2335 2328 2331
4587 3 0 2320 2328 2335
4588 3 0 2332 2330 2329
4589 3 0 2332 2329 2307
4590 3 0 2307 2329 2305
4591 3 0 2331 2330 2332
4592 3 0 2331 2332 2333
4593 3 0 2334 2320 2335
4594 3 0 2334 2335 2336
4595 3 0 2324 2334 2336
4596 3 0 2324 2336 2337
4597 3 0 2336 2335 2331
4598 3 0 2336 2331 2338
4599 3 0 2337 2336 2338
4600 3 0 2337 2338 2339
4601 3 0 2340 2324 2337
4602 3 0 2340 2337 2341
4603 3 0 2325 2340 2341
4604 3 0 2325 2341 2342
4605 3 0 2341 2337 2339
4606 3 0 2341 2339 2343
4607 3 0 2341 2343 2348
4608 3 0 2341 2348 2342
4609 3 0 2342 2348 2344
4610 3 0 2333 2345 2346
4611 3 0 2346 2339 2338
4612 3 0 2338 2331 2333
4613 3 0 2333 2346 2338
4614 3 0 2346 2347 2349
4615 3 0 2346 2349 2339
4616 3 0 2339 2349 2343
4617 3 0 2348 2343 2349
4618 3 0 2348 2349 2350
4619 3 0 2344 2348 2350
4620 3 0 2344 2350 2351
4621 3 0 2350 2349 2347
4622 3 0 2350 2347 2352
4623 3 0 2351 2350 2352
4624 3 0 2351 2352 2353
4625 3 0 2347 2346 2345
4626 3 0 2347 2345 2354
4627 3 0 2355 2353 2352
4628 3 0 2355 2352 2354
4629 3 0 2354 2352 2347
4630 3 0 2224 2357 2225
4631 3 0 2357 2224 2362
4632 3 0 2362 2356 2357
4633 3 0 2082 2147 2362
4634 3 0 2082 2362 2224
4635 3 0 2228 2225 2357
4636 3 0 2228 2357 2358
4637 3 0 2229 2228 2358
4638 3 0 2229 2358 2359
4639 3 0 2357 2356 2368
4640 3 0 2357 2368 2358
4641 3 0 2358 2368 2360
4642 3 0 2358 2360 2374
4643 3 0 2358 2374 2359
4644 3 0 2359 2374 2361
4645 3 0 2362 2147 2363
4646 3 0 2362 2363 2364
4647 3 0 2364 2365 2369
4648 3 0 2364 2369 2362
4649 3 0 2362 2369 2356
4650 3 0 2364 2363 2149
4651 3 0 2364 2149 2366
4652 3 0 2366 2367 2384
4653 3 0 2366 2384 2364
4654 3 0 2364 2384 2365
4655 3 0 2368 2356 2369
4656 3 0 2368 2369 2370
4657 3 0 2360 2368 2370
4658 3 0 2360 2370 2371
4659 3 0 2370 2369 2365
4660 3 0 2370 2365 2372
4661 3 0 2372 2373 2378
4662 3 0 2372 2378 2370
4663 3 0 2370 2378 2371
4664 3 0 2360 2371 2377
4665 3 0 2360 2377 2374
4666 3 0 2374 2377 2375
4667 3 0 2361 2374 2375
4668 3 0 2361 2375 2376
4669 3 0 2377 2371 2378
4670 3 0 2377 2378 2379
4671 3 0 2375 2377 2379
4672 3 0 2375 2379 2380
4673 3 0 2379 2378 2373
4674 3 0 2379 2373 2381
4675 3 0 2380 2379 2381
4676 3 0 2380 2381 2382
4677 3 0 2376 2375 2380
4678 3 0 2376 2380 2383
4679 3 0 2383 2380 2382
4680 3 0 2372 2365 2384
4681 3 0 2372 2384 2385
4682 3 0 2385 2386 2389
4683 3 0 2385 2389 2372
4684 3 0 2372 2389 2373
4685 3 0 2385 2384 2367
4686 3 0 2385 2367 2387
4687 3 0 2386 2385 2387
4688 3 0 2386 2387 2388
4689 3 0 2381 2373 2389
4690 3 0 2381 2389 2390
4691 3 0 2382 2381 2390
4692 3 0 2382 2390 2391
4693 3 0 2390 2389 2386
4694 3 0 2390 2386 2392
4695 3 0 2391 2390 2392
4696 3 0 2391 2392 2393
4697 3 0 2383 2382 2391
4698 3 0 2383 2391 2394
4699 3 0 2394 2391 2393
4700 3 0 2395 2393 2392
4701 3 0 2395 2392 2388
4702 3 0 2388 2392 2386
4703 3 0 2394 2393 2395
4704 3 0 2394 2395 2396
4705 3 0 2399 2404 2397
4706 3 0 2404 2399 2359
4707 3 0 2359 2361 2404
4708 3 0 2250 2229 2359
4709 3 0 2250 2359 2399
4710 3 0 2398 2250 2399
4711 3 0 2398 2399 2400
4712 3 0 2251 2398 2400
4713 3 0 2251 2400 2401
4714 3 0 2400 2399 2397
4715 3 0 2400 2397 2402
4716 3 0 2401 2400 2402
4717 3 0 2401 2402 2403
4718 3 0 2404 2361 2376
4719 3 0 2404 2376 2405
4720 3 0 2405 2376 2383
4721 3 0 2397 2404 2405
4722 3 0 2397 2405 2406
4723 3 0 2405 2383 2394
4724 3 0 2405 2394 2407
4725 3 0 2407 2394 2396
4726 3 0 2406 2405 2407
4727 3 0 2406 2407 2408
4728 3 0 2406 2402 2397
4729 3 0 2402 2406 2442
4730 3 0 2442 2403 2402
4731 3 0 2408 2409 2442
4732 3 0 2408 2442 2406
4733 3 0 2366 2149 2410
4734 3 0 2366 2410 2411
4735 3 0 2367 2366 2411
4736 3 0 2367 2411 2412
4737 3 0 2411 2410 2155
4738 3 0 2411 2155 2413
4739 3 0 2412 2411 2413
4740 3 0 2412 2413 2414
4741 3 0 2415 2388 2387
4742 3 0 2415 2387 2412
4743 3 0 2412 2387 2367
4744 3 0 2416 2396 2395
4745 3 0 2416 2395 2415
4746 3 0 2415 2395 2388
4747 3 0 2415 2412 2414
4748 3 0 2415 2414 2417
4749 3 0 2416 2415 2417
4750 3 0 2416 2417 2418
4751 3 0 3063 2160 2162
4752 3 0 2160 3063 2413
4753 3 0 2413 2155 2160
4754 3 0 2419 2414 2413
4755 3 0 2419 2413 3063
4756 3 0 2420 2418 2417
4757 3 0 2420 2417 2419
4758 3 0 2419 2417 2414
4759 3 0 2421 2408 2407
4760 3 0 2407 2396 2416
4761 3 0 2416 2418 2421
4762 3 0 2421 2407 2416
4763 3 0 2409 2408 2421
4764 3 0 2409 2421 2422
4765 3 0 2421 2418 2420
4766 3 0 2421 2420 2423
4767 3 0 2422 2421 2423
4768 3 0 2422 2423 2424
4769 3 0 2302 2251 2401
4770 3 0 2302 2401 2425
4771 3 0 2302 2425 2428
4772 3 0 2302 2428 2303
4773 3 0 2303 2428 2426
4774 3 0 2403 2427 2429
4775 3 0 2403 2429 2401
4776 3 0 2401 2429 2425
4777 3 0 2428 2425 2429
4778 3 0 2428 2429 2430
4779 3 0 2426 2428 2430
4780 3 0 2426 2430 2431
4781 3 0 2430 2429 2427
4782 3 0 2430 2427 2432
4783 3 0 2431 2430 2432
4784 3 0 2431 2432 2433
4785 3 0 2303 2426 2436
4786 3 0 2303 2436 2306
4787 3 0 2306 2436 2434
4788 3 0 2307 2306 2434
4789 3 0 2307 2434 2435
4790 3 0 2436 2426 2431
4791 3 0 2436 2431 2437
4792 3 0 2434 2436 2437
4793 3 0 2434 2437 2438
4794 3 0 2437 2431 2433
4795 3 0 2437 2433 2439
4796 3 0 2438 2437 2439
4797 3 0 2438 2439 2440
4798 3 0 2435 2434 2438
4799 3 0 2435 2438 2441
4800 3 0 2441 2438 2440
4801 3 0 2427 2403 2442
4802 3 0 2427 2442 2443
4803 3 0 2444 2433 2432
4804 3 0 2444 2432 2443
4805 3 0 2443 2432 2427
4806 3 0 2443 2442 2409
4807 3 0 2443 2409 2445
4808 3 0 2444 2443 2445
4809 3 0 2444 2445 2446
4810 3 0 2447 2440 2439
4811 3 0 2447 2439 2444
4812 3 0 2444 2439 2433
4813 3 0 2441 2440 2447
4814 3 0 2441 2447 2448
4815 3 0 2447 2444 2446
4816 3 0 2447 2446 2449
4817 3 0 2448 2447 2449
4818 3 0 2448 2449 2450
4819 3 0 2452 2333 2332
4820 3 0 2332 2307 2435
4821 3 0 2435 2441 2457
4822 3 0 2457 2451 2452
4823 3 0 2452 2332 2435
4824 3 0 2452 2435 2457
4825 3 0 2345 2333 2452
4826 3 0 2345 2452 2453
4827 3 0 2453 2454 2564
4828 3 0 2564 2355 2354
4829 3 0 2354 2345 2453
4830 3 0 2453 2564 2354
4831 3 0 2453 2452 2451
4832 3 0 2453 2451 2455
4833 3 0 2454 2453 2455
4834 3 0 2454 2455 2456
4835 3 0 2457 2441 2448
4836 3 0 2457 2448 2458
4837 3 0 2451 2457 2458
4838 3 0 2451 2458 2459
4839 3 0 2458 2448 2450
4840 3 0 2458 2450 2460
4841 3 0 2460 2461 2465
4842 3 0 2460 2465 2458
4843 3 0 2458 2465 2459
4844 3 0 2451 2459 2464
4845 3 0 2451 2464 2455
4846 3 0 2455 2464 2462
4847 3 0 2455 2462 2470
4848 3 0 2455 2470 2456
4849 3 0 2456 2470 2463
4850 3 0 2464 2459 2465
4851 3 0 2464 2465 2466
4852 3 0 2462 2464 2466
4853 3 0 2462 2466 2467
4854 3 0 2466 2465 2461
4855 3 0 2466 2461 2468
4856 3 0 2468 2469 2474
4857 3 0 2468 2474 2466
4858 3 0 2466 2474 2467
4859 3 0 2462 2467 2473
4860 3 0 2462 2473 2470
4861 3 0 2470 2473 2471
4862 3 0 2463 2470 2471
4863 3 0 2463 2471 2472
4864 3 0 2473 2467 2474
4865 3 0 2473 2474 2475
4866 3 0 2471 2473 2475
4867 3 0 2471 2475 2476
4868 3 0 2475 2474 2469
4869 3 0 2475 2469 2477
4870 3 0 2476 2475 2477
4871 3 0 2476 2477 2478
4872 3 0 2472 2471 2476
4873 3 0 2472 2476 2479
4874 3 0 2479 2476 2478
4875 3 0 2480 2446 2445
4876 3 0 2480 2445 2422
4877 3 0 2422 2445 2409
4878 3 0 2481 2450 2449
4879 3 0 2481 2449 2480
4880 3 0 2480 2449 2446
4881 3 0 2480 2422 2424
4882 3 0 2480 2424 2482
4883 3 0 2481 2480 2482
4884 3 0 2481 2482 2483
4885 3 0 2481 2484 2485
4886 3 0 2485 2461 2460
4887 3 0 2460 2450 2481
4888 3 0 2481 2485 2460
4889 3 0 2485 2486 2487
4890 3 0 2487 2469 2468
4891 3 0 2468 2461 2485
4892 3 0 2485 2487 2468
4893 3 0 2488 2478 2477
4894 3 0 2488 2477 2487
4895 3 0 2487 2477 2469
4896 3 0 2479 2478 2488
4897 3 0 2479 2488 2489
4898 3 0 2488 2487 2486
4899 3 0 2488 2486 2490
4900 3 0 2489 2488 2490
4901 3 0 2489 2490 2491
4902 3 0 2486 2485 2484
4903 3 0 2486 2484 2492
4904 3 0 2493 2491 2490
4905 3 0 2493 2490 2492
4906 3 0 2492 2490 2486
4907 3 0 2484 2481 2483
4908 3 0 2484 2483 2494
4909 3 0 2495 2493 2492
4910 3 0 2495 2492 2494
4911 3 0 2494 2492 2484
4912 3 0 1857 1858 2500
4913 3 0 1857 2500 2496
4914 3 0 2496 2500 2497
4915 3 0 2498 2496 2497
4916 3 0 2498 2497 2499
4917 3 0 2500 1858 1871
4918 3 0 2500 1871 2501
4919 3 0 2497 2500 2501
4920 3 0 2497 2501 2502
4921 3 0 1871 1873 2508
4922 3 0 1871 2508 2501
4923 3 0 2501 2508 2503
4924 3 0 2502 2501 2503
4925 3 0 2502 2503 2504
4926 3 0 2499 2497 2502
4927 3 0 2502 2504 2559
4928 3 0 2559 2505 2499
4929 3 0 2499 2502 2559
4930 3 0 2506 2498 2499
4931 3 0 2499 2505 2913
4932 3 0 2913 2507 2506
4933 3 0 2506 2499 2913
4934 3 0 2508 1873 2267
4935 3 0 2508 2267 2509
4936 3 0 2503 2508 2509
4937 3 0 2503 2509 2510
4938 3 0 2267 2273 2514
4939 3 0 2267 2514 2509
4940 3 0 2509 2514 2511
4941 3 0 2509 2511 2524
4942 3 0 2509 2524 2510
4943 3 0 2510 2524 2512
4944 3 0 2504 2503 2510
4945 3 0 2510 2512 2550
4946 3 0 2550 2513 2504
4947 3 0 2504 2510 2550
4948 3 0 2273 2323 2517
4949 3 0 2273 2517 2514
4950 3 0 2514 2517 2515
4951 3 0 2511 2514 2515
4952 3 0 2511 2515 2516
4953 3 0 2517 2323 2518
4954 3 0 2517 2518 2519
4955 3 0 2515 2517 2519
4956 3 0 2515 2519 2520
4957 3 0 2519 2518 2325
4958 3 0 2519 2325 2521
4959 3 0 2520 2519 2521
4960 3 0 2520 2521 2522
4961 3 0 2516 2515 2520
4962 3 0 2516 2520 2523
4963 3 0 2523 2520 2522
4964 3 0 2524 2511 2516
4965 3 0 2524 2516 2525
4966 3 0 2512 2524 2525
4967 3 0 2512 2525 2526
4968 3 0 2525 2516 2523
4969 3 0 2525 2523 2527
4970 3 0 2526 2525 2527
4971 3 0 2526 2527 2528
4972 3 0 2531 2342 2344
4973 3 0 2342 2531 2521
4974 3 0 2521 2325 2342
4975 3 0 2529 2522 2521
4976 3 0 2529 2521 2531
4977 3 0 2522 2529 2541
4978 3 0 2522 2541 2523
4979 3 0 2523 2541 2530
4980 3 0 2531 2344 2351
4981 3 0 2531 2351 2532
4982 3 0 2532 2351 2353
4983 3 0 2531 2532 2535
4984 3 0 2531 2535 2529
4985 3 0 2529 2535 2533
4986 3 0 2355 2534 2536
4987 3 0 2355 2536 2353
4988 3 0 2353 2536 2532
4989 3 0 2535 2532 2536
4990 3 0 2535 2536 2537
4991 3 0 2533 2535 2537
4992 3 0 2533 2537 2538
4993 3 0 2537 2536 2534
4994 3 0 2537 2534 2539
4995 3 0 2538 2537 2539
4996 3 0 2538 2539 2540
4997 3 0 2541 2529 2533
4998 3 0 2541 2533 2542
4999 3 0 2530 2541 2542
5000 3 0 2530 2542 2543
5001 3 0 2542 2533 2538
5002 3 0 2542 2538 2544
5003 3 0 2544 2538 2540
5004 3 0 2542 2544 2570
5005 3 0 2542 2570 2543
5006 3 0 2543 2570 2545
5007 3 0 2527 2523 2530
5008 3 0 2527 2530 2546
5009 3 0 2528 2527 2546
5010 3 0 2528 2546 2547
5011 3 0 2546 2530 2543
5012 3 0 2543 2545 2580
5013 3 0 2580 2548 2546
5014 3 0 2546 2543 2580
5015 3 0 2547 2546 2548
5016 3 0 2547 2548 2549
5017 3 0 2550 2512 2526
5018 3 0 2526 2528 2553
5019 3 0 2553 2551 2550
5020 3 0 2550 2526 2553
5021 3 0 2513 2550 2551
5022 3 0 2513 2551 2552
5023 3 0 2553 2528 2547
5024 3 0 2553 2547 2554
5025 3 0 2551 2553 2554
5026 3 0 2551 2554 2555
5027 3 0 2554 2547 2549
5028 3 0 2554 2549 2556
5029 3 0 2555 2554 2556
5030 3 0 2555 2556 2557
5031 3 0 2552 2551 2555
5032 3 0 2555 2557 2631
5033 3 0 2631 2558 2552
5034 3 0 2552 2555 2631
5035 3 0 2559 2504 2513
5036 3 0 2559 2513 2560
5037 3 0 2505 2559 2560
5038 3 0 2505 2560 2561
5039 3 0 2560 2513 2552
5040 3 0 2552 2558 2776
5041 3 0 2776 2562 2560
5042 3 0 2560 2552 2776
5043 3 0 2560 2562 2794
5044 3 0 2560 2794 2561
5045 3 0 2561 2794 2563
5046 3 0 2534 2355 2564
5047 3 0 2534 2564 2565
5048 3 0 2566 2540 2539
5049 3 0 2566 2539 2565
5050 3 0 2565 2539 2534
5051 3 0 2565 2564 2454
5052 3 0 2565 2454 2567
5053 3 0 2566 2565 2567
5054 3 0 2566 2567 2568
5055 3 0 2566 2569 2571
5056 3 0 2566 2571 2540
5057 3 0 2540 2571 2544
5058 3 0 2570 2544 2571
5059 3 0 2570 2571 2572
5060 3 0 2545 2570 2572
5061 3 0 2545 2572 2573
5062 3 0 2572 2571 2569
5063 3 0 2572 2569 2574
5064 3 0 2573 2572 2574
5065 3 0 2573 2574 2575
5066 3 0 2569 2566 2568
5067 3 0 2569 2568 2576
5068 3 0 2576 2577 2584
5069 3 0 2584 2575 2574
5070 3 0 2574 2569 2576
5071 3 0 2576 2584 2574
5072 3 0 2578 2568 2567
5073 3 0 2578 2567 2456
5074 3 0 2456 2567 2454
5075 3 0 2578 2579 2591
5076 3 0 2591 2577 2576
5077 3 0 2576 2568 2578
5078 3 0 2578 2591 2576
5079 3 0 2580 2545 2573
5080 3 0 2573 2575 2583
5081 3 0 2583 2581 2580
5082 3 0 2580 2573 2583
5083 3 0 2548 2580 2581
5084 3 0 2548 2581 2582
5085 3 0 2583 2575 2584
5086 3 0 2583 2584 2585
5087 3 0 2581 2583 2585
5088 3 0 2581 2585 2586
5089 3 0 2585 2584 2577
5090 3 0 2585 2577 2587
5091 3 0 2586 2585 2587
5092 3 0 2586 2587 2588
5093 3 0 2582 2581 2586
5094 3 0 2586 2588 2593
5095 3 0 2593 2589 2582
5096 3 0 2582 2586 2593
5097 3 0 2549 2548 2582
5098 3 0 2582 2589 2601
5099 3 0 2601 2590 2549
5100 3 0 2549 2582 2601
5101 3 0 2591 2592 2594
5102 3 0 2594 2588 2587
5103 3 0 2587 2577 2591
5104 3 0 2591 2594 2587
5105 3 0 2593 2588 2594
5106 3 0 2593 2594 2595
5107 3 0 2589 2593 2595
5108 3 0 2589 2595 2596
5109 3 0 2595 2594 2592
5110 3 0 2595 2592 2597
5111 3 0 2596 2595 2597
5112 3 0 2596 2597 2598
5113 3 0 2592 2591 2579
5114 3 0 2592 2579 2599
5115 3 0 2600 2598 2597
5116 3 0 2600 2597 2599
5117 3 0 2599 2597 2592
5118 3 0 2601 2589 2596
5119 3 0 2601 2596 2602
5120 3 0 2602 2596 2598
5121 3 0 2601 2602 2605
5122 3 0 2601 2605 2590
5123 3 0 2590 2605 2603
5124 3 0 2600 2604 2606
5125 3 0 2600 2606 2598
5126 3 0 2598 2606 2602
5127 3 0 2605 2602 2606
5128 3 0 2605 2606 2607
5129 3 0 2603 2605 2607
5130 3 0 2603 2607 2608
5131 3 0 2607 2606 2604
5132 3 0 2607 2604 2609
5133 3 0 2608 2607 2609
5134 3 0 2608 2609 2610
5135 3 0 2578 2456 2463
5136 3 0 2578 2463 2611
5137 3 0 2579 2578 2611
5138 3 0 2579 2611 2612
5139 3 0 2611 2463 2472
5140 3 0 2611 2472 2613
5141 3 0 2613 2472 2479
5142 3 0 2612 2611 2613
5143 3 0 2612 2613 2614
5144 3 0 2612 2615 2616
5145 3 0 2616 2600 2599
5146 3 0 2599 2579 2612
5147 3 0 2612 2616 2599
5148 3 0 2604 2600 2616
5149 3 0 2604 2616 2617
5150 3 0 2617 2618 2637
5151 3 0 2637 2610 2609
5152 3 0 2609 2604 2617
5153 3 0 2617 2637 2609
5154 3 0 2617 2616 2615
5155 3 0 2617 2615 2619
5156 3 0 2618 2617 2619
5157 3 0 2618 2619 2620
5158 3 0 2615 2612 2614
5159 3 0 2615 2614 2621
5160 3 0 2621 2622 2655
5161 3 0 2655 2620 2619
5162 3 0 2619 2615 2621
5163 3 0 2621 2655 2619
5164 3 0 2549 2590 2625
5165 3 0 2549 2625 2556
5166 3 0 2556 2625 2623
5167 3 0 2557 2556 2623
5168 3 0 2557 2623 2624
5169 3 0 2625 2590 2603
5170 3 0 2625 2603 2626
5171 3 0 2623 2625 2626
5172 3 0 2623 2626 2627
5173 3 0 2626 2603 2608
5174 3 0 2608 2610 2636
5175 3 0 2636 2628 2626
5176 3 0 2626 2608 2636
5177 3 0 2627 2626 2628
5178 3 0 2627 2628 2629
5179 3 0 2624 2623 2627
5180 3 0 2627 2629 2650
5181 3 0 2650 2630 2624
5182 3 0 2624 2627 2650
5183 3 0 2631 2557 2624
5184 3 0 2631 2624 2632
5185 3 0 2558 2631 2632
5186 3 0 2558 2632 2633
5187 3 0 2632 2624 2630
5188 3 0 2632 2630 2634
5189 3 0 2633 2632 2634
5190 3 0 2633 2634 2635
5191 3 0 2636 2610 2637
5192 3 0 2636 2637 2638
5193 3 0 2628 2636 2638
5194 3 0 2628 2638 2639
5195 3 0 2638 2637 2618
5196 3 0 2638 2618 2640
5197 3 0 2639 2638 2640
5198 3 0 2639 2640 2641
5199 3 0 2629 2628 2639
5200 3 0 2639 2641 2644
5201 3 0 2644 2642 2629
5202 3 0 2629 2639 2644
5203 3 0 2620 2643 2645
5204 3 0 2645 2641 2640
5205 3 0 2640 2618 2620
5206 3 0 2620 2645 2640
5207 3 0 2644 2641 2645
5208 3 0 2644 2645 2646
5209 3 0 2642 2644 2646
5210 3 0 2642 2646 2647
5211 3 0 2646 2645 2643
5212 3 0 2646 2643 2648
5213 3 0 2647 2646 2648
5214 3 0 2647 2648 2649
5215 3 0 2650 2629 2642
5216 3 0 2650 2642 2651
5217 3 0 2630 2650 2651
5218 3 0 2630 2651 2652
5219 3 0 2651 2642 2647
5220 3 0 2647 2649 2660
5221 3 0 2660 2653 2651
5222 3 0 2651 2647 2660
5223 3 0 2652 2651 2653
5224 3 0 2652 2653 2654
5225 3 0 2643 2620 2655
5226 3 0 2643 2655 2656
5227 3 0 2656 2657 2661
5228 3 0 2661 2649 2648
5229 3 0 2648 2643 2656
5230 3 0 2656 2661 2648
5231 3 0 2656 2655 2622
5232 3 0 2656 2622 2658
5233 3 0 2657 2656 2658
5234 3 0 2657 2658 2659
5235 3 0 2660 2649 2661
5236 3 0 2660 2661 2662
5237 3 0 2653 2660 2662
5238 3 0 2653 2662 2663
5239 3 0 2662 2661 2657
5240 3 0 2662 2657 2664
5241 3 0 2663 2662 2664
5242 3 0 2663 2664 2665
5243 3 0 2654 2653 2663
5244 3 0 2663 2665 2668
5245 3 0 2668 2666 2654
5246 3 0 2654 2663 2668
5247 3 0 2659 2667 2669
5248 3 0 2669 2665 2664
5249 3 0 2664 2657 2659
5250 3 0 2659 2669 2664
5251 3 0 2668 2665 2669
5252 3 0 2668 2669 2670
5253 3 0 2666 2668 2670
5254 3 0 2666 2670 2671
5255 3 0 2670 2669 2667
5256 3 0 2670 2667 2672
5257 3 0 2671 2670 2672
5258 3 0 2671 2672 2673
5259 3 0 2634 2630 2652
5260 3 0 2652 2654 2676
5261 3 0 2676 2674 2634
5262 3 0 2634 2652 2676
5263 3 0 2635 2634 2674
5264 3 0 2635 2674 2675
5265 3 0 2676 2654 2666
5266 3 0 2676 2666 2677
5267 3 0 2674 2676 2677
5268 3 0 2674 2677 2678
5269 3 0 2677 2666 2671
5270 3 0 2677 2671 2679
5271 3 0 2679 2671 2673
5272 3 0 2677 2679 2715
5273 3 0 2677 2715 2678
5274 3 0 2678 2715 2680
5275 3 0 2675 2674 2678
5276 3 0 2678 2680 2723
5277 3 0 2723 2681 2675
5278 3 0 2675 2678 2723
5279 3 0 2613 2479 2489
5280 3 0 2613 2489 2682
5281 3 0 2682 2489 2491
5282 3 0 2614 2613 2682
5283 3 0 2614 2682 2683
5284 3 0 2682 2491 2493
5285 3 0 2682 2493 2684
5286 3 0 2684 2685 2689
5287 3 0 2684 2689 2682
5288 3 0 2682 2689 2683
5289 3 0 2614 2683 2688
5290 3 0 2614 2688 2621
5291 3 0 2621 2688 2686
5292 3 0 2622 2621 2686
5293 3 0 2622 2686 2687
5294 3 0 2688 2683 2689
5295 3 0 2688 2689 2690
5296 3 0 2686 2688 2690
5297 3 0 2686 2690 2691
5298 3 0 2690 2689 2685
5299 3 0 2690 2685 2692
5300 3 0 2691 2690 2692
5301 3 0 2691 2692 2693
5302 3 0 2687 2686 2691
5303 3 0 2691 2693 2698
5304 3 0 2698 2694 2687
5305 3 0 2687 2691 2698
5306 3 0 2495 2695 2696
5307 3 0 2696 2685 2684
5308 3 0 2684 2493 2495
5309 3 0 2495 2696 2684
5310 3 0 2696 2697 2699
5311 3 0 2699 2693 2692
5312 3 0 2692 2685 2696
5313 3 0 2696 2699 2692
5314 3 0 2698 2693 2699
5315 3 0 2698 2699 2700
5316 3 0 2694 2698 2700
5317 3 0 2694 2700 2701
5318 3 0 2700 2699 2697
5319 3 0 2700 2697 2702
5320 3 0 2702 2703 2738
5321 3 0 2702 2738 2700
5322 3 0 2700 2738 2701
5323 3 0 2697 2696 2695
5324 3 0 2697 2695 2704
5325 3 0 2704 2705 2749
5326 3 0 2749 2703 2702
5327 3 0 2702 2697 2704
5328 3 0 2704 2749 2702
5329 3 0 2687 2706 2707
5330 3 0 2707 2659 2658
5331 3 0 2658 2622 2687
5332 3 0 2687 2707 2658
5333 3 0 2667 2659 2707
5334 3 0 2667 2707 2708
5335 3 0 2709 2673 2672
5336 3 0 2709 2672 2708
5337 3 0 2708 2672 2667
5338 3 0 2708 2707 2706
5339 3 0 2708 2706 2710
5340 3 0 2709 2708 2710
5341 3 0 2709 2710 2711
5342 3 0 2687 2694 2734
5343 3 0 2687 2734 2706
5344 3 0 2706 2734 2712
5345 3 0 2713 2711 2710
5346 3 0 2710 2706 2712
5347 3 0 2744 2710 2712
5348 3 0 2713 2710 2744
5349 3 0 2709 2714 2716
5350 3 0 2709 2716 2673
5351 3 0 2673 2716 2679
5352 3 0 2715 2679 2716
5353 3 0 2715 2716 2717
5354 3 0 2680 2715 2717
5355 3 0 2680 2717 2718
5356 3 0 2717 2716 2714
5357 3 0 2717 2714 2719
5358 3 0 2718 2717 2719
5359 3 0 2718 2719 2720
5360 3 0 2714 2709 2711
5361 3 0 2714 2711 2721
5362 3 0 2722 2720 2719
5363 3 0 2722 2719 2721
5364 3 0 2721 2719 2714
5365 3 0 2723 2680 2718
5366 3 0 2723 2718 2724
5367 3 0 2724 2718 2720
5368 3 0 2681 2723 2724
5369 3 0 2681 2724 2725
5370 3 0 2724 2720 2722
5371 3 0 2724 2722 2726
5372 3 0 2725 2724 2726
5373 3 0 2725 2726 2727
5374 3 0 2713 2728 2729
5375 3 0 2729 2722 2721
5376 3 0 2721 2711 2713
5377 3 0 2713 2729 2721
5378 3 0 2726 2722 2729
5379 3 0 2726 2729 2730
5380 3 0 2730 2731 2806
5381 3 0 2730 2806 2726
5382 3 0 2726 2806 2727
5383 3 0 2730 2729 2728
5384 3 0 2730 2728 2732
5385 3 0 2731 2730 2732
5386 3 0 2731 2732 2733
5387 3 0 2694 2701 2737
5388 3 0 2694 2737 2734
5389 3 0 2734 2737 2735
5390 3 0 2712 2734 2735
5391 3 0 2712 2735 2736
5392 3 0 2737 2701 2738
5393 3 0 2737 2738 2739
5394 3 0 2735 2737 2739
5395 3 0 2735 2739 2740
5396 3 0 2739 2738 2703
5397 3 0 2739 2703 2741
5398 3 0 2740 2739 2741
5399 3 0 2740 2741 2742
5400 3 0 2736 2735 2740
5401 3 0 2736 2740 2743
5402 3 0 2743 2740 2742
5403 3 0 2744 2712 2736
5404 3 0 2744 2736 2745
5405 3 0 2713 2744 2745
5406 3 0 2713 2745 2746
5407 3 0 2736 2743 2754
5408 3 0 2736 2754 2745
5409 3 0 2745 2754 2747
5410 3 0 2746 2745 2747
5411 3 0 2746 2747 2748
5412 3 0 2750 2742 2741
5413 3 0 2750 2741 2749
5414 3 0 2749 2741 2703
5415 3 0 2750 2751 2755
5416 3 0 2750 2755 2742
5417 3 0 2742 2755 2743
5418 3 0 2750 2749 2705
5419 3 0 2750 2705 2752
5420 3 0 2751 2750 2752
5421 3 0 2751 2752 2753
5422 3 0 2754 2743 2755
5423 3 0 2754 2755 2756
5424 3 0 2747 2754 2756
5425 3 0 2747 2756 2757
5426 3 0 2756 2755 2751
5427 3 0 2756 2751 2758
5428 3 0 2757 2756 2758
5429 3 0 2757 2758 2759
5430 3 0 2748 2747 2757
5431 3 0 2748 2757 2760
5432 3 0 2760 2757 2759
5433 3 0 2761 2759 2758
5434 3 0 2761 2758 2753
5435 3 0 2753 2758 2751
5436 3 0 2761 2762 2769
5437 3 0 2761 2769 2759
5438 3 0 2759 2769 2760
5439 3 0 2728 2713 2746
5440 3 0 2746 2748 2765
5441 3 0 2765 2763 2728
5442 3 0 2728 2746 2765
5443 3 0 2763 2764 2833
5444 3 0 2833 2733 2732
5445 3 0 2732 2728 2763
5446 3 0 2763 2833 2732
5447 3 0 2748 2760 2768
5448 3 0 2748 2768 2765
5449 3 0 2765 2768 2766
5450 3 0 2763 2765 2766
5451 3 0 2763 2766 2767
5452 3 0 2768 2760 2769
5453 3 0 2768 2769 2770
5454 3 0 2766 2768 2770
5455 3 0 2766 2770 2771
5456 3 0 2770 2769 2762
5457 3 0 2770 2762 2772
5458 3 0 2771 2770 2772
5459 3 0 2771 2772 2773
5460 3 0 2767 2766 2771
5461 3 0 2771 2773 3738
5462 3 0 3738 2774 2767
5463 3 0 2767 2771 3738
5464 3 0 2764 2763 2767
5465 3 0 2767 2774 3746
5466 3 0 3746 2775 2764
5467 3 0 2764 2767 3746
5468 3 0 2776 2558 2633
5469 3 0 2633 2635 2779
5470 3 0 2779 2777 2776
5471 3 0 2776 2633 2779
5472 3 0 2776 2777 2789
5473 3 0 2776 2789 2562
5474 3 0 2562 2789 2778
5475 3 0 2779 2635 2675
5476 3 0 2779 2675 2780
5477 3 0 2779 2780 2783
5478 3 0 2779 2783 2777
5479 3 0 2777 2783 2781
5480 3 0 2675 2681 2799
5481 3 0 2799 2782 2784
5482 3 0 2784 2780 2675
5483 3 0 2675 2799 2784
5484 3 0 2783 2780 2784
5485 3 0 2783 2784 2785
5486 3 0 2781 2783 2785
5487 3 0 2781 2785 2786
5488 3 0 2785 2784 2782
5489 3 0 2785 2782 2787
5490 3 0 2786 2785 2787
5491 3 0 2786 2787 2788
5492 3 0 2789 2777 2781
5493 3 0 2789 2781 2790
5494 3 0 2778 2789 2790
5495 3 0 2778 2790 2791
5496 3 0 2790 2781 2786
5497 3 0 2786 2788 2824
5498 3 0 2824 2792 2790
5499 3 0 2790 2786 2824
5500 3 0 2791 2790 2792
5501 3 0 2791 2792 2793
5502 3 0 2794 2562 2778
5503 3 0 2794 2778 2795
5504 3 0 2563 2794 2795
5505 3 0 2563 2795 2796
5506 3 0 2795 2778 2791
5507 3 0 2791 2793 2880
5508 3 0 2880 2797 2795
5509 3 0 2795 2791 2880
5510 3 0 2795 2797 2890
5511 3 0 2795 2890 2796
5512 3 0 2796 2890 2798
5513 3 0 2799 2681 2725
5514 3 0 2799 2725 2800
5515 3 0 2782 2799 2800
5516 3 0 2782 2800 2801
5517 3 0 2725 2727 2805
5518 3 0 2725 2805 2800
5519 3 0 2800 2805 2802
5520 3 0 2801 2800 2802
5521 3 0 2801 2802 2803
5522 3 0 2825 2788 2787
5523 3 0 2787 2782 2801
5524 3 0 2801 2803 2819
5525 3 0 2819 2804 2825
5526 3 0 2825 2787 2801
5527 3 0 2825 2801 2819
5528 3 0 2805 2727 2806
5529 3 0 2805 2806 2807
5530 3 0 2802 2805 2807
5531 3 0 2802 2807 2808
5532 3 0 2807 2806 2731
5533 3 0 2807 2731 2809
5534 3 0 2808 2807 2809
5535 3 0 2808 2809 2810
5536 3 0 2803 2802 2808
5537 3 0 2808 2810 2813
5538 3 0 2813 2811 2803
5539 3 0 2803 2808 2813
5540 3 0 2733 2812 2814
5541 3 0 2814 2810 2809
5542 3 0 2809 2731 2733
5543 3 0 2733 2814 2809
5544 3 0 2813 2810 2814
5545 3 0 2813 2814 2815
5546 3 0 2811 2813 2815
5547 3 0 2811 2815 2816
5548 3 0 2815 2814 2812
5549 3 0 2815 2812 2817
5550 3 0 2816 2815 2817
5551 3 0 2816 2817 2818
5552 3 0 2819 2803 2811
5553 3 0 2819 2811 2820
5554 3 0 2804 2819 2820
5555 3 0 2804 2820 2821
5556 3 0 2820 2811 2816
5557 3 0 2816 2818 2838
5558 3 0 2838 2822 2820
5559 3 0 2820 2816 2838
5560 3 0 2821 2820 2822
5561 3 0 2821 2822 2823
5562 3 0 2824 2788 2825
5563 3 0 2824 2825 2826
5564 3 0 2792 2824 2826
5565 3 0 2792 2826 2827
5566 3 0 2826 2825 2804
5567 3 0 2826 2804 2828
5568 3 0 2827 2826 2828
5569 3 0 2827 2828 2829
5570 3 0 2793 2792 2827
5571 3 0 2793 2827 2830
5572 3 0 2830 2827 2829
5573 3 0 2849 2821 2823
5574 3 0 2821 2849 2828
5575 3 0 2828 2804 2821
5576 3 0 2831 2829 2828
5577 3 0 2831 2828 2849
5578 3 0 2831 2832 2884
5579 3 0 2831 2884 2829
5580 3 0 2829 2884 2830
5581 3 0 2812 2733 2833
5582 3 0 2812 2833 2834
5583 3 0 2834 2835 2839
5584 3 0 2839 2818 2817
5585 3 0 2817 2812 2834
5586 3 0 2834 2839 2817
5587 3 0 2834 2833 2764
5588 3 0 2834 2764 2836
5589 3 0 2835 2834 2836
5590 3 0 2835 2836 2837
5591 3 0 2838 2818 2839
5592 3 0 2838 2839 2840
5593 3 0 2822 2838 2840
5594 3 0 2822 2840 2841
5595 3 0 2840 2839 2835
5596 3 0 2840 2835 2842
5597 3 0 2841 2840 2842
5598 3 0 2841 2842 2843
5599 3 0 2823 2822 2841
5600 3 0 2823 2841 2844
5601 3 0 2844 2841 2843
5602 3 0 2845 2843 2842
5603 3 0 2845 2842 2837
5604 3 0 2837 2842 2835
5605 3 0 2845 2846 2853
5606 3 0 2845 2853 2843
5607 3 0 2843 2853 2844
5608 3 0 2847 2837 2836
5609 3 0 2847 2836 2775
5610 3 0 2775 2836 2764
5611 3 0 2847 2848 2860
5612 3 0 2860 2846 2845
5613 3 0 2845 2837 2847
5614 3 0 2847 2860 2845
5615 3 0 2823 2844 2852
5616 3 0 2823 2852 2849
5617 3 0 2849 2852 2850
5618 3 0 2831 2849 2850
5619 3 0 2831 2850 2851
5620 3 0 2852 2844 2853
5621 3 0 2852 2853 2854
5622 3 0 2850 2852 2854
5623 3 0 2850 2854 2855
5624 3 0 2854 2853 2846
5625 3 0 2854 2846 2856
5626 3 0 2855 2854 2856
5627 3 0 2855 2856 2857
5628 3 0 2851 2850 2855
5629 3 0 2855 2857 2862
5630 3 0 2862 2858 2851
5631 3 0 2851 2855 2862
5632 3 0 2832 2831 2851
5633 3 0 2851 2858 2870
5634 3 0 2870 2859 2832
5635 3 0 2832 2851 2870
5636 3 0 2860 2861 2863
5637 3 0 2863 2857 2856
5638 3 0 2856 2846 2860
5639 3 0 2860 2863 2856
5640 3 0 2862 2857 2863
5641 3 0 2862 2863 2864
5642 3 0 2858 2862 2864
5643 3 0 2858 2864 2865
5644 3 0 2864 2863 2861
5645 3 0 2864 2861 2866
5646 3 0 2865 2864 2866
5647 3 0 2865 2866 2867
5648 3 0 2861 2860 2848
5649 3 0 2861 2848 2868
5650 3 0 2868 2869 2874
5651 3 0 2874 2867 2866
5652 3 0 2866 2861 2868
5653 3 0 2868 2874 2866
5654 3 0 2870 2858 2865
5655 3 0 2865 2867 2873
5656 3 0 2873 2871 2870
5657 3 0 2870 2865 2873
5658 3 0 2859 2870 2871
5659 3 0 2859 2871 2872
5660 3 0 2873 2867 2874
5661 3 0 2873 2874 2875
5662 3 0 2871 2873 2875
5663 3 0 2871 2875 2876
5664 3 0 2875 2874 2869
5665 3 0 2875 2869 2877
5666 3 0 2876 2875 2877
5667 3 0 2876 2877 2878
5668 3 0 2872 2871 2876
5669 3 0 2876 2878 3773
5670 3 0 3773 2879 2872
5671 3 0 2872 2876 3773
5672 3 0 2793 2830 2883
5673 3 0 2793 2883 2880
5674 3 0 2880 2883 2881
5675 3 0 2797 2880 2881
5676 3 0 2797 2881 2882
5677 3 0 2883 2830 2884
5678 3 0 2883 2884 2885
5679 3 0 2881 2883 2885
5680 3 0 2881 2885 2886
5681 3 0 2885 2884 2832
5682 3 0 2885 2832 2887
5683 3 0 2886 2885 2887
5684 3 0 2886 2887 2888
5685 3 0 2882 2881 2886
5686 3 0 2882 2886 2889
5687 3 0 2889 2886 2888
5688 3 0 2890 2797 2882
5689 3 0 2890 2882 2891
5690 3 0 2798 2890 2891
5691 3 0 2798 2891 2892
5692 3 0 2882 2889 2899
5693 3 0 2882 2899 2891
5694 3 0 2891 2899 2893
5695 3 0 2892 2891 2893
5696 3 0 2892 2893 2894
5697 3 0 2895 2888 2887
5698 3 0 2895 2887 2859
5699 3 0 2859 2887 2832
5700 3 0 2895 2896 2900
5701 3 0 2895 2900 2888
5702 3 0 2888 2900 2889
5703 3 0 2895 2859 2872
5704 3 0 2872 2879 3810
5705 3 0 3810 2897 2895
5706 3 0 2895 2872 3810
5707 3 0 2896 2895 2897
5708 3 0 2896 2897 2898
5709 3 0 2899 2889 2900
5710 3 0 2899 2900 2901
5711 3 0 2893 2899 2901
5712 3 0 2893 2901 2902
5713 3 0 2901 2900 2896
5714 3 0 2901 2896 2903
5715 3 0 2902 2901 2903
5716 3 0 2902 2903 2904
5717 3 0 2894 2893 2902
5718 3 0 2902 2904 2907
5719 3 0 2907 2905 2894
5720 3 0 2894 2902 2907
5721 3 0 2898 2906 2908
5722 3 0 2908 2904 2903
5723 3 0 2903 2896 2898
5724 3 0 2898 2908 2903
5725 3 0 2907 2904 2908
5726 3 0 2907 2908 2909
5727 3 0 2905 2907 2909
5728 3 0 2905 2909 2910
5729 3 0 2909 2908 2906
5730 3 0 2909 2906 2911
5731 3 0 2910 2909 2911
5732 3 0 2910 2911 2912
5733 3 0 2913 2505 2561
5734 3 0 2561 2563 2916
5735 3 0 2916 2914 2913
5736 3 0 2913 2561 2916
5737 3 0 2507 2913 2914
5738 3 0 2507 2914 2915
5739 3 0 2916 2563 2796
5740 3 0 2796 2798 2919
5741 3 0 2919 2917 2916
5742 3 0 2916 2796 2919
5743 3 0 2914 2916 2917
5744 3 0 2914 2917 2918
5745 3 0 2919 2798 2892
5746 3 0 2892 2894 2922
5747 3 0 2922 2920 2919
5748 3 0 2919 2892 2922
5749 3 0 2917 2919 2920
5750 3 0 2917 2920 2921
5751 3 0 2922 2894 2905
5752 3 0 2922 2905 2923
5753 3 0 2920 2922 2923
5754 3 0 2920 2923 2924
5755 3 0 2923 2905 2910
5756 3 0 2923 2910 2925
5757 3 0 2925 2910 2912
5758 3 0 2924 2923 2925
5759 3 0 2924 2925 2926
5760 3 0 2921 2920 2924
5761 3 0 2921 2924 2927
5762 3 0 2927 2924 2926
5763 3 0 2918 2917 2921
5764 3 0 2921 2927 4073
5765 3 0 4073 2928 2918
5766 3 0 2918 2921 4073
5767 3 0 2915 2914 2918
5768 3 0 2918 2928 4138
5769 3 0 4138 2929 2915
5770 3 0 2915 2918 4138
5771 3 0 2930 2114 2113
5772 3 0 2113 582 1246
5773 3 0 1246 1248 2930
5774 3 0 2930 2113 1246
5775 3 0 2931 2118 2117
5776 3 0 2931 2117 2930
5777 3 0 2930 2117 2114
5778 3 0 2930 1248 1253
5779 3 0 2930 1253 2932
5780 3 0 2930 2932 3015
5781 3 0 3015 2933 2954
5782 3 0 2954 2931 2930
5783 3 0 2930 3015 2954
5784 3 0 2152 2935 2153
5785 3 0 2935 2152 2953
5786 3 0 2953 2934 2935
5787 3 0 2118 2931 2953
5788 3 0 2118 2953 2152
5789 3 0 2935 2936 2937
5790 3 0 2935 2937 2153
5791 3 0 2153 2937 2156
5792 3 0 2937 2938 2940
5793 3 0 2937 2940 2156
5794 3 0 2156 2940 2161
5795 3 0 2939 2161 2940
5796 3 0 2939 2940 2941
5797 3 0 2162 2939 2941
5798 3 0 2162 2941 2942
5799 3 0 2941 2940 2938
5800 3 0 2941 2938 2943
5801 3 0 2942 2941 2943
5802 3 0 2942 2943 2944
5803 3 0 2938 2937 2936
5804 3 0 2938 2936 2945
5805 3 0 2945 2946 3067
5806 3 0 3067 2944 2943
5807 3 0 2943 2938 2945
5808 3 0 2945 3067 2943
5809 3 0 2935 2934 2959
5810 3 0 2959 2947 2948
5811 3 0 2948 2936 2935
5812 3 0 2935 2959 2948
5813 3 0 2945 2936 2948
5814 3 0 2945 2948 2949
5815 3 0 2949 2950 3074
5816 3 0 2949 3074 2945
5817 3 0 2945 3074 2946
5818 3 0 2948 2947 2965
5819 3 0 2948 2965 2949
5820 3 0 2949 2965 2951
5821 3 0 2949 2951 2971
5822 3 0 2949 2971 2950
5823 3 0 2950 2971 2952
5824 3 0 2953 2931 2954
5825 3 0 2953 2954 2955
5826 3 0 2955 2956 2960
5827 3 0 2955 2960 2953
5828 3 0 2953 2960 2934
5829 3 0 2954 2933 3023
5830 3 0 2954 3023 2955
5831 3 0 2955 3023 2957
5832 3 0 2957 2958 2994
5833 3 0 2957 2994 2955
5834 3 0 2955 2994 2956
5835 3 0 2959 2934 2960
5836 3 0 2959 2960 2961
5837 3 0 2961 2962 2966
5838 3 0 2961 2966 2959
5839 3 0 2959 2966 2947
5840 3 0 2961 2960 2956
5841 3 0 2961 2956 2963
5842 3 0 2963 2964 2976
5843 3 0 2963 2976 2961
5844 3 0 2961 2976 2962
5845 3 0 2965 2947 2966
5846 3 0 2965 2966 2967
5847 3 0 2951 2965 2967
5848 3 0 2951 2967 2968
5849 3 0 2967 2966 2962
5850 3 0 2967 2962 2969
5851 3 0 2968 2967 2969
5852 3 0 2968 2969 2970
5853 3 0 2971 2951 2968
5854 3 0 2971 2968 2972
5855 3 0 2952 2971 2972
5856 3 0 2952 2972 2973
5857 3 0 2968 2970 2981
5858 3 0 2968 2981 2972
5859 3 0 2972 2981 2974
5860 3 0 2973 2972 2974
5861 3 0 2973 2974 2975
5862 3 0 2969 2962 2976
5863 3 0 2969 2976 2977
5864 3 0 2977 2978 2982
5865 3 0 2977 2982 2969
5866 3 0 2969 2982 2970
5867 3 0 2977 2976 2964
5868 3 0 2977 2964 2979
5869 3 0 2979 2980 2988
5870 3 0 2979 2988 2977
5871 3 0 2977 2988 2978
5872 3 0 2981 2970 2982
5873 3 0 2981 2982 2983
5874 3 0 2974 2981 2983
5875 3 0 2974 2983 2984
5876 3 0 2983 2982 2978
5877 3 0 2983 2978 2985
5878 3 0 2984 2983 2985
5879 3 0 2984 2985 2986
5880 3 0 2975 2974 2984
5881 3 0 2975 2984 2987
5882 3 0 2987 2984 2986
5883 3 0 2985 2978 2988
5884 3 0 2985 2988 2989
5885 3 0 2986 2985 2989
5886 3 0 2986 2989 2990
5887 3 0 2989 2988 2980
5888 3 0 2989 2980 2991
5889 3 0 2990 2989 2991
5890 3 0 2990 2991 2992
5891 3 0 2987 2986 2990
5892 3 0 2987 2990 2993
5893 3 0 2993 2990 2992
5894 3 0 2963 2956 2994
5895 3 0 2963 2994 2995
5896 3 0 2995 2996 2999
5897 3 0 2995 2999 2963
5898 3 0 2963 2999 2964
5899 3 0 2995 2994 2958
5900 3 0 2995 2958 2997
5901 3 0 2996 2995 2997
5902 3 0 2996 2997 2998
5903 3 0 2979 2964 2999
5904 3 0 2979 2999 3000
5905 3 0 3000 3001 3004
5906 3 0 3000 3004 2979
5907 3 0 2979 3004 2980
5908 3 0 3000 2999 2996
5909 3 0 3000 2996 3002
5910 3 0 3001 3000 3002
5911 3 0 3001 3002 3003
5912 3 0 2991 2980 3004
5913 3 0 2991 3004 3005
5914 3 0 2992 2991 3005
5915 3 0 2992 3005 3006
5916 3 0 3005 3004 3001
5917 3 0 3005 3001 3007
5918 3 0 3006 3005 3007
5919 3 0 3006 3007 3008
5920 3 0 2993 2992 3006
5921 3 0 2993 3006 3009
5922 3 0 3009 3006 3008
5923 3 0 3010 3008 3007
5924 3 0 3010 3007 3003
5925 3 0 3003 3007 3001
5926 3 0 3009 3008 3010
5927 3 0 3009 3010 3011
5928 3 0 3012 3003 3002
5929 3 0 3012 3002 2998
5930 3 0 2998 3002 2996
5931 3 0 3013 3011 3010
5932 3 0 3013 3010 3012
5933 3 0 3012 3010 3003
5934 3 0 1262 3014 3016
5935 3 0 1262 3016 1253
5936 3 0 1253 3016 2932
5937 3 0 3015 2932 3016
5938 3 0 3015 3016 3017
5939 3 0 3017 3018 3024
5940 3 0 3017 3024 3015
5941 3 0 3015 3024 2933
5942 3 0 3017 3016 3014
5943 3 0 3017 3014 3019
5944 3 0 3018 3017 3019
5945 3 0 3018 3019 3020
5946 3 0 1262 1264 3188
5947 3 0 1262 3188 3014
5948 3 0 3014 3188 3021
5949 3 0 3019 3036 3020
5950 3 0 3036 3019 3193
5951 3 0 3193 3022 3036
5952 3 0 3014 3021 3193
5953 3 0 3014 3193 3019
5954 3 0 3023 2933 3024
5955 3 0 3023 3024 3025
5956 3 0 2957 3023 3025
5957 3 0 2957 3025 3026
5958 3 0 3025 3024 3018
5959 3 0 3025 3018 3027
5960 3 0 3026 3025 3027
5961 3 0 3026 3027 3028
5962 3 0 2958 2957 3026
5963 3 0 2958 3026 3029
5964 3 0 3029 3026 3028
5965 3 0 3030 3028 3027
5966 3 0 3030 3027 3020
5967 3 0 3020 3027 3018
5968 3 0 3029 3028 3030
5969 3 0 3029 3030 3031
5970 3 0 3032 2998 2997
5971 3 0 3032 2997 3029
5972 3 0 3029 2997 2958
5973 3 0 3033 3013 3012
5974 3 0 3033 3012 3032
5975 3 0 3032 3012 2998
5976 3 0 3032 3029 3031
5977 3 0 3032 3031 3034
5978 3 0 3033 3032 3034
5979 3 0 3033 3034 3035
5980 3 0 3030 3020 3036
5981 3 0 3030 3036 3037
5982 3 0 3031 3030 3037
5983 3 0 3031 3037 3038
5984 3 0 3036 3022 3240
5985 3 0 3036 3240 3037
5986 3 0 3037 3240 3039
5987 3 0 3039 3040 3044
5988 3 0 3039 3044 3037
5989 3 0 3037 3044 3038
5990 3 0 3031 3038 3043
5991 3 0 3031 3043 3034
5992 3 0 3034 3043 3041
5993 3 0 3034 3041 3049
5994 3 0 3034 3049 3035
5995 3 0 3035 3049 3042
5996 3 0 3043 3038 3044
5997 3 0 3043 3044 3045
5998 3 0 3041 3043 3045
5999 3 0 3041 3045 3046
6000 3 0 3045 3044 3040
6001 3 0 3045 3040 3047
6002 3 0 3047 3048 3053
6003 3 0 3047 3053 3045
6004 3 0 3045 3053 3046
6005 3 0 3041 3046 3052
6006 3 0 3041 3052 3049
6007 3 0 3049 3052 3050
6008 3 0 3049 3050 3058
6009 3 0 3049 3058 3042
6010 3 0 3042 3058 3051
6011 3 0 3052 3046 3053
6012 3 0 3052 3053 3054
6013 3 0 3050 3052 3054
6014 3 0 3050 3054 3055
6015 3 0 3054 3053 3048
6016 3 0 3054 3048 3056
6017 3 0 3055 3054 3056
6018 3 0 3055 3056 3057
6019 3 0 3058 3050 3055
6020 3 0 3058 3055 3059
6021 3 0 3051 3058 3059
6022 3 0 3051 3059 3060
6023 3 0 3059 3055 3057
6024 3 0 3059 3057 3061
6025 3 0 3060 3059 3061
6026 3 0 3060 3061 3062
6027 3 0 3063 2162 2942
6028 3 0 2942 2944 3066
6029 3 0 3066 3064 3063
6030 3 0 3063 2942 3066
6031 3 0 2419 3063 3064
6032 3 0 2419 3064 3065
6033 3 0 3066 2944 3067
6034 3 0 3066 3067 3068
6035 3 0 3064 3066 3068
6036 3 0 3064 3068 3069
6037 3 0 3068 3067 2946
6038 3 0 3068 2946 3070
6039 3 0 3069 3068 3070
6040 3 0 3069 3070 3071
6041 3 0 3065 3064 3069
6042 3 0 3065 3069 3072
6043 3 0 3072 3069 3071
6044 3 0 2420 2419 3065
6045 3 0 2420 3065 3073
6046 3 0 3073 3065 3072
6047 3 0 3070 2946 3074
6048 3 0 3070 3074 3075
6049 3 0 3071 3070 3075
6050 3 0 3071 3075 3076
6051 3 0 3075 3074 2950
6052 3 0 3075 2950 3077
6053 3 0 3076 3075 3077
6054 3 0 3076 3077 3078
6055 3 0 3072 3071 3076
6056 3 0 3072 3076 3079
6057 3 0 3079 3076 3078
6058 3 0 3080 3078 3077
6059 3 0 3077 2950 2952
6060 3 0 3087 3077 2952
6061 3 0 3080 3077 3087
6062 3 0 3079 3078 3080
6063 3 0 3079 3080 3081
6064 3 0 3073 3072 3079
6065 3 0 3079 3081 3102
6066 3 0 3102 3082 3073
6067 3 0 3073 3079 3102
6068 3 0 2423 2420 3073
6069 3 0 2423 3073 3083
6070 3 0 2424 2423 3083
6071 3 0 2424 3083 3084
6072 3 0 3073 3082 3115
6073 3 0 3073 3115 3083
6074 3 0 3083 3115 3085
6075 3 0 3083 3085 3129
6076 3 0 3083 3129 3084
6077 3 0 3084 3129 3086
6078 3 0 3087 2952 2973
6079 3 0 3087 2973 3088
6080 3 0 3080 3087 3088
6081 3 0 3080 3088 3089
6082 3 0 3088 2973 2975
6083 3 0 3088 2975 3090
6084 3 0 3089 3088 3090
6085 3 0 3089 3090 3091
6086 3 0 3081 3080 3089
6087 3 0 3089 3091 3097
6088 3 0 3097 3092 3081
6089 3 0 3081 3089 3097
6090 3 0 3090 2975 2987
6091 3 0 3090 2987 3093
6092 3 0 3091 3090 3093
6093 3 0 3091 3093 3094
6094 3 0 3093 2987 2993
6095 3 0 3093 2993 3095
6096 3 0 3094 3093 3095
6097 3 0 3094 3095 3096
6098 3 0 3097 3091 3094
6099 3 0 3097 3094 3098
6100 3 0 3092 3097 3098
6101 3 0 3092 3098 3099
6102 3 0 3098 3094 3096
6103 3 0 3098 3096 3100
6104 3 0 3099 3098 3100
6105 3 0 3099 3100 3101
6106 3 0 3102 3081 3092
6107 3 0 3102 3092 3103
6108 3 0 3082 3102 3103
6109 3 0 3082 3103 3104
6110 3 0 3103 3092 3099
6111 3 0 3103 3099 3105
6112 3 0 3105 3099 3101
6113 3 0 3105 3106 3119
6114 3 0 3105 3119 3103
6115 3 0 3103 3119 3104
6116 3 0 3095 2993 3009
6117 3 0 3095 3009 3107
6118 3 0 3096 3095 3107
6119 3 0 3096 3107 3108
6120 3 0 3107 3009 3011
6121 3 0 3107 3011 3109
6122 3 0 3108 3107 3109
6123 3 0 3108 3109 3110
6124 3 0 3111 3101 3100
6125 3 0 3100 3096 3108
6126 3 0 3108 3110 3111
6127 3 0 3111 3100 3108
6128 3 0 3112 3110 3109
6129 3 0 3112 3109 3013
6130 3 0 3013 3109 3011
6131 3 0 3111 3110 3112
6132 3 0 3111 3112 3113
6133 3 0 3111 3105 3101
6134 3 0 3105 3111 3138
6135 3 0 3138 3106 3105
6136 3 0 3113 3114 3138
6137 3 0 3113 3138 3111
6138 3 0 3082 3104 3118
6139 3 0 3082 3118 3115
6140 3 0 3115 3118 3116
6141 3 0 3115 3116 3124
6142 3 0 3115 3124 3085
6143 3 0 3085 3124 3117
6144 3 0 3118 3104 3119
6145 3 0 3118 3119 3120
6146 3 0 3116 3118 3120
6147 3 0 3116 3120 3121
6148 3 0 3120 3119 3106
6149 3 0 3120 3106 3122
6150 3 0 3121 3120 3122
6151 3 0 3121 3122 3123
6152 3 0 3124 3116 3121
6153 3 0 3124 3121 3125
6154 3 0 3117 3124 3125
6155 3 0 3117 3125 3126
6156 3 0 3125 3121 3123
6157 3 0 3125 3123 3127
6158 3 0 3126 3125 3127
6159 3 0 3126 3127 3128
6160 3 0 3085 3117 3132
6161 3 0 3085 3132 3129
6162 3 0 3129 3132 3130
6163 3 0 3086 3129 3130
6164 3 0 3086 3130 3131
6165 3 0 3132 3117 3126
6166 3 0 3132 3126 3133
6167 3 0 3130 3132 3133
6168 3 0 3130 3133 3134
6169 3 0 3133 3126 3128
6170 3 0 3133 3128 3135
6171 3 0 3134 3133 3135
6172 3 0 3134 3135 3136
6173 3 0 3131 3130 3134
6174 3 0 3131 3134 3137
6175 3 0 3137 3134 3136
6176 3 0 3138 3139 3140
6177 3 0 3140 3123 3122
6178 3 0 3122 3106 3138
6179 3 0 3138 3140 3122
6180 3 0 3127 3123 3140
6181 3 0 3127 3140 3141
6182 3 0 3128 3127 3141
6183 3 0 3128 3141 3142
6184 3 0 3141 3140 3139
6185 3 0 3141 3139 3143
6186 3 0 3142 3141 3143
6187 3 0 3142 3143 3144
6188 3 0 3139 3138 3114
6189 3 0 3139 3114 3145
6190 3 0 3146 3144 3143
6191 3 0 3146 3143 3145
6192 3 0 3145 3143 3139
6193 3 0 3135 3128 3142
6194 3 0 3135 3142 3147
6195 3 0 3136 3135 3147
6196 3 0 3136 3147 3148
6197 3 0 3147 3142 3144
6198 3 0 3147 3144 3149
6199 3 0 3148 3147 3149
6200 3 0 3148 3149 3150
6201 3 0 3137 3136 3148
6202 3 0 3137 3148 3151
6203 3 0 3151 3148 3150
6204 3 0 3152 3150 3149
6205 3 0 3152 3149 3146
6206 3 0 3146 3149 3144
6207 3 0 3151 3150 3152
6208 3 0 3151 3152 3153
6209 3 0 3156 3084 3086
6210 3 0 3084 3156 2482
6211 3 0 2482 2424 3084
6212 3 0 3154 2483 2482
6213 3 0 3154 2482 3156
6214 3 0 3154 3155 3726
6215 3 0 3726 2495 2494
6216 3 0 2494 2483 3154
6217 3 0 3154 3726 2494
6218 3 0 3156 3086 3131
6219 3 0 3156 3131 3157
6220 3 0 3157 3131 3137
6221 3 0 3154 3156 3157
6222 3 0 3154 3157 3158
6223 3 0 3157 3137 3151
6224 3 0 3157 3151 3159
6225 3 0 3159 3151 3153
6226 3 0 3158 3157 3159
6227 3 0 3158 3159 3160
6228 3 0 3155 3154 3158
6229 3 0 3155 3158 3161
6230 3 0 3161 3158 3160
6231 3 0 3162 3113 3112
6232 3 0 3162 3112 3033
6233 3 0 3033 3112 3013
6234 3 0 3114 3113 3162
6235 3 0 3114 3162 3163
6236 3 0 3162 3033 3035
6237 3 0 3162 3035 3164
6238 3 0 3163 3162 3164
6239 3 0 3163 3164 3165
6240 3 0 3166 3146 3145
6241 3 0 3166 3145 3163
6242 3 0 3163 3145 3114
6243 3 0 3167 3153 3152
6244 3 0 3167 3152 3166
6245 3 0 3166 3152 3146
6246 3 0 3166 3163 3165
6247 3 0 3166 3165 3168
6248 3 0 3167 3166 3168
6249 3 0 3167 3168 3169
6250 3 0 3035 3042 3172
6251 3 0 3035 3172 3164
6252 3 0 3164 3172 3170
6253 3 0 3165 3164 3170
6254 3 0 3165 3170 3171
6255 3 0 3172 3042 3051
6256 3 0 3172 3051 3173
6257 3 0 3170 3172 3173
6258 3 0 3170 3173 3174
6259 3 0 3173 3051 3060
6260 3 0 3173 3060 3175
6261 3 0 3175 3060 3062
6262 3 0 3174 3173 3175
6263 3 0 3174 3175 3176
6264 3 0 3171 3170 3174
6265 3 0 3171 3174 3177
6266 3 0 3177 3174 3176
6267 3 0 3182 3169 3168
6268 3 0 3168 3165 3171
6269 3 0 3171 3177 3549
6270 3 0 3549 3178 3182
6271 3 0 3182 3168 3171
6272 3 0 3182 3171 3549
6273 3 0 3181 3167 3169
6274 3 0 3167 3181 3159
6275 3 0 3159 3153 3167
6276 3 0 3179 3160 3159
6277 3 0 3179 3159 3181
6278 3 0 3161 3160 3179
6279 3 0 3161 3179 3180
6280 3 0 3181 3169 3182
6281 3 0 3181 3182 3183
6282 3 0 3179 3181 3183
6283 3 0 3179 3183 3184
6284 3 0 3182 3178 3570
6285 3 0 3182 3570 3183
6286 3 0 3183 3570 3185
6287 3 0 3184 3183 3185
6288 3 0 3184 3185 3186
6289 3 0 3180 3179 3184
6290 3 0 3180 3184 3187
6291 3 0 3187 3184 3186
6292 3 0 3188 1264 1802
6293 3 0 3188 1802 3189
6294 3 0 3021 3188 3189
6295 3 0 3021 3189 3190
6296 3 0 1802 1804 3198
6297 3 0 1802 3198 3189
6298 3 0 3189 3198 3191
6299 3 0 3190 3189 3191
6300 3 0 3190 3191 3192
6301 3 0 3193 3021 3190
6302 3 0 3193 3190 3194
6303 3 0 3194 3195 3241
6304 3 0 3194 3241 3193
6305 3 0 3193 3241 3022
6306 3 0 3194 3190 3192
6307 3 0 3194 3192 3196
6308 3 0 3195 3194 3196
6309 3 0 3195 3196 3197
6310 3 0 1804 1811 3201
6311 3 0 1804 3201 3198
6312 3 0 3198 3201 3199
6313 3 0 3191 3198 3199
6314 3 0 3191 3199 3200
6315 3 0 3201 1811 3202
6316 3 0 3201 3202 3203
6317 3 0 3199 3201 3203
6318 3 0 3199 3203 3204
6319 3 0 3203 3202 1813
6320 3 0 3203 1813 3205
6321 3 0 3204 3203 3205
6322 3 0 3204 3205 3206
6323 3 0 3200 3199 3204
6324 3 0 3204 3206 3210
6325 3 0 3210 3207 3200
6326 3 0 3200 3204 3210
6327 3 0 3192 3191 3200
6328 3 0 3200 3207 3222
6329 3 0 3222 3208 3192
6330 3 0 3192 3200 3222
6331 3 0 1817 3209 3211
6332 3 0 3211 3206 3205
6333 3 0 3205 1813 1817
6334 3 0 1817 3211 3205
6335 3 0 3210 3206 3211
6336 3 0 3210 3211 3212
6337 3 0 3207 3210 3212
6338 3 0 3207 3212 3213
6339 3 0 3212 3211 3209
6340 3 0 3212 3209 3214
6341 3 0 3213 3212 3214
6342 3 0 3213 3214 3215
6343 3 0 1819 3216 3217
6344 3 0 1819 3217 1817
6345 3 0 1817 3217 3209
6346 3 0 3214 3209 3217
6347 3 0 3214 3217 3218
6348 3 0 3215 3214 3218
6349 3 0 3215 3218 3219
6350 3 0 3218 3217 3216
6351 3 0 3218 3216 3220
6352 3 0 3220 3221 3229
6353 3 0 3220 3229 3218
6354 3 0 3218 3229 3219
6355 3 0 3222 3207 3213
6356 3 0 3213 3215 3225
6357 3 0 3225 3223 3222
6358 3 0 3222 3213 3225
6359 3 0 3208 3222 3223
6360 3 0 3208 3223 3224
6361 3 0 3215 3219 3228
6362 3 0 3215 3228 3225
6363 3 0 3225 3228 3226
6364 3 0 3223 3225 3226
6365 3 0 3223 3226 3227
6366 3 0 3228 3219 3229
6367 3 0 3228 3229 3230
6368 3 0 3226 3228 3230
6369 3 0 3226 3230 3231
6370 3 0 3230 3229 3221
6371 3 0 3230 3221 3232
6372 3 0 3231 3230 3232
6373 3 0 3231 3232 3233
6374 3 0 3227 3226 3231
6375 3 0 3227 3231 3234
6376 3 0 3234 3231 3233
6377 3 0 3224 3223 3227
6378 3 0 3224 3227 3235
6379 3 0 3235 3227 3234
6380 3 0 3196 3192 3208
6381 3 0 3196 3208 3236
6382 3 0 3197 3196 3236
6383 3 0 3197 3236 3237
6384 3 0 3236 3208 3224
6385 3 0 3236 3224 3238
6386 3 0 3238 3224 3235
6387 3 0 3237 3236 3238
6388 3 0 3237 3238 3239
6389 3 0 3240 3022 3241
6390 3 0 3240 3241 3242
6391 3 0 3039 3240 3242
6392 3 0 3039 3242 3243
6393 3 0 3242 3241 3195
6394 3 0 3242 3195 3244
6395 3 0 3243 3242 3244
6396 3 0 3243 3244 3245
6397 3 0 3040 3039 3243
6398 3 0 3243 3245 3246
6399 3 0 3249 3243 3246
6400 3 0 3040 3243 3249
6401 3 0 3247 3245 3244
6402 3 0 3247 3244 3197
6403 3 0 3197 3244 3195
6404 3 0 3247 3248 3262
6405 3 0 3247 3262 3245
6406 3 0 3245 3262 3246
6407 3 0 3047 3040 3249
6408 3 0 3047 3249 3250
6409 3 0 3250 3251 3254
6410 3 0 3250 3254 3047
6411 3 0 3047 3254 3048
6412 3 0 3250 3249 3246
6413 3 0 3250 3246 3252
6414 3 0 3251 3250 3252
6415 3 0 3251 3252 3253
6416 3 0 3056 3048 3254
6417 3 0 3056 3254 3255
6418 3 0 3057 3056 3255
6419 3 0 3057 3255 3256
6420 3 0 3255 3254 3251
6421 3 0 3255 3251 3257
6422 3 0 3256 3255 3257
6423 3 0 3256 3257 3258
6424 3 0 3259 3062 3061
6425 3 0 3061 3057 3256
6426 3 0 3256 3258 3259
6427 3 0 3259 3061 3256
6428 3 0 3260 3258 3257
6429 3 0 3257 3251 3253
6430 3 0 3267 3257 3253
6431 3 0 3260 3257 3267
6432 3 0 3259 3258 3260
6433 3 0 3259 3260 3261
6434 3 0 3252 3246 3262
6435 3 0 3252 3262 3263
6436 3 0 3263 3264 3268
6437 3 0 3263 3268 3252
6438 3 0 3252 3268 3253
6439 3 0 3263 3262 3248
6440 3 0 3263 3248 3265
6441 3 0 3265 3266 3274
6442 3 0 3265 3274 3263
6443 3 0 3263 3274 3264
6444 3 0 3267 3253 3268
6445 3 0 3267 3268 3269
6446 3 0 3260 3267 3269
6447 3 0 3260 3269 3270
6448 3 0 3269 3268 3264
6449 3 0 3269 3264 3271
6450 3 0 3270 3269 3271
6451 3 0 3270 3271 3272
6452 3 0 3261 3260 3270
6453 3 0 3261 3270 3273
6454 3 0 3273 3270 3272
6455 3 0 3271 3264 3274
6456 3 0 3271 3274 3275
6457 3 0 3272 3271 3275
6458 3 0 3272 3275 3276
6459 3 0 3275 3274 3266
6460 3 0 3275 3266 3277
6461 3 0 3276 3275 3277
6462 3 0 3276 3277 3278
6463 3 0 3273 3272 3276
6464 3 0 3273 3276 3279
6465 3 0 3279 3276 3278
6466 3 0 3247 3197 3237
6467 3 0 3247 3237 3280
6468 3 0 3247 3280 3283
6469 3 0 3283 3281 3289
6470 3 0 3289 3248 3247
6471 3 0 3247 3283 3289
6472 3 0 3239 3282 3284
6473 3 0 3239 3284 3237
6474 3 0 3237 3284 3280
6475 3 0 3283 3280 3284
6476 3 0 3283 3284 3285
6477 3 0 3285 3286 3313
6478 3 0 3285 3313 3283
6479 3 0 3283 3313 3281
6480 3 0 3285 3284 3282
6481 3 0 3285 3282 3287
6482 3 0 3287 3288 3322
6483 3 0 3287 3322 3285
6484 3 0 3285 3322 3286
6485 3 0 3265 3248 3289
6486 3 0 3265 3289 3290
6487 3 0 3265 3290 3293
6488 3 0 3293 3291 3299
6489 3 0 3299 3266 3265
6490 3 0 3265 3293 3299
6491 3 0 3289 3281 3312
6492 3 0 3312 3292 3294
6493 3 0 3294 3290 3289
6494 3 0 3289 3312 3294
6495 3 0 3293 3290 3294
6496 3 0 3293 3294 3295
6497 3 0 3291 3293 3295
6498 3 0 3291 3295 3296
6499 3 0 3295 3294 3292
6500 3 0 3295 3292 3297
6501 3 0 3296 3295 3297
6502 3 0 3296 3297 3298
6503 3 0 3277 3266 3299
6504 3 0 3277 3299 3300
6505 3 0 3278 3277 3300
6506 3 0 3278 3300 3301
6507 3 0 3300 3299 3291
6508 3 0 3300 3291 3302
6509 3 0 3301 3300 3302
6510 3 0 3301 3302 3303
6511 3 0 3279 3278 3301
6512 3 0 3301 3303 3306
6513 3 0 3306 3304 3279
6514 3 0 3279 3301 3306
6515 3 0 3307 3303 3302
6516 3 0 3302 3291 3296
6517 3 0 3296 3298 3345
6518 3 0 3345 3305 3307
6519 3 0 3307 3302 3296
6520 3 0 3307 3296 3345
6521 3 0 3306 3303 3307
6522 3 0 3306 3307 3308
6523 3 0 3304 3306 3308
6524 3 0 3304 3308 3309
6525 3 0 3308 3307 3305
6526 3 0 3308 3305 3310
6527 3 0 3309 3308 3310
6528 3 0 3309 3310 3311
6529 3 0 3312 3281 3313
6530 3 0 3312 3313 3314
6531 3 0 3292 3312 3314
6532 3 0 3292 3314 3315
6533 3 0 3314 3313 3286
6534 3 0 3314 3286 3316
6535 3 0 3315 3314 3316
6536 3 0 3315 3316 3317
6537 3 0 3297 3292 3315
6538 3 0 3297 3315 3318
6539 3 0 3298 3297 3318
6540 3 0 3298 3318 3319
6541 3 0 3315 3317 3332
6542 3 0 3315 3332 3318
6543 3 0 3318 3332 3320
6544 3 0 3318 3320 3338
6545 3 0 3318 3338 3319
6546 3 0 3319 3338 3321
6547 3 0 3316 3286 3322
6548 3 0 3316 3322 3323
6549 3 0 3316 3323 3326
6550 3 0 3326 3324 3333
6551 3 0 3333 3317 3316
6552 3 0 3316 3326 3333
6553 3 0 3288 3325 3327
6554 3 0 3288 3327 3322
6555 3 0 3322 3327 3323
6556 3 0 3326 3323 3327
6557 3 0 3326 3327 3328
6558 3 0 3324 3326 3328
6559 3 0 3324 3328 3329
6560 3 0 3328 3327 3325
6561 3 0 3328 3325 3330
6562 3 0 3329 3328 3330
6563 3 0 3329 3330 3331
6564 3 0 3332 3317 3333
6565 3 0 3332 3333 3334
6566 3 0 3320 3332 3334
6567 3 0 3320 3334 3335
6568 3 0 3334 3333 3324
6569 3 0 3334 3324 3336
6570 3 0 3335 3334 3336
6571 3 0 3335 3336 3337
6572 3 0 3338 3320 3335
6573 3 0 3338 3335 3339
6574 3 0 3321 3338 3339
6575 3 0 3321 3339 3340
6576 3 0 3339 3335 3337
6577 3 0 3339 3337 3341
6578 3 0 3340 3339 3341
6579 3 0 3340 3341 3342
6580 3 0 3343 3337 3336
6581 3 0 3336 3324 3329
6582 3 0 3329 3331 3343
6583 3 0 3343 3336 3329
6584 3 0 3344 3342 3341
6585 3 0 3344 3341 3343
6586 3 0 3343 3341 3337
6587 3 0 3345 3298 3319
6588 3 0 3345 3319 3346
6589 3 0 3305 3345 3346
6590 3 0 3305 3346 3347
6591 3 0 3319 3321 3354
6592 3 0 3319 3354 3346
6593 3 0 3346 3354 3348
6594 3 0 3347 3346 3348
6595 3 0 3347 3348 3349
6596 3 0 3310 3305 3347
6597 3 0 3310 3347 3350
6598 3 0 3311 3310 3350
6599 3 0 3311 3350 3351
6600 3 0 3350 3347 3349
6601 3 0 3350 3349 3352
6602 3 0 3351 3350 3352
6603 3 0 3351 3352 3353
6604 3 0 3354 3321 3340
6605 3 0 3354 3340 3355
6606 3 0 3348 3354 3355
6607 3 0 3348 3355 3356
6608 3 0 3355 3340 3342
6609 3 0 3355 3342 3357
6610 3 0 3356 3355 3357
6611 3 0 3356 3357 3358
6612 3 0 3349 3348 3356
6613 3 0 3356 3358 3361
6614 3 0 3361 3359 3349
6615 3 0 3349 3356 3361
6616 3 0 3344 3360 3362
6617 3 0 3362 3358 3357
6618 3 0 3357 3342 3344
6619 3 0 3344 3362 3357
6620 3 0 3361 3358 3362
6621 3 0 3361 3362 3363
6622 3 0 3359 3361 3363
6623 3 0 3359 3363 3364
6624 3 0 3363 3362 3360
6625 3 0 3363 3360 3365
6626 3 0 3364 3363 3365
6627 3 0 3364 3365 3366
6628 3 0 3349 3359 3369
6629 3 0 3349 3369 3352
6630 3 0 3352 3369 3367
6631 3 0 3353 3352 3367
6632 3 0 3353 3367 3368
6633 3 0 3369 3359 3364
6634 3 0 3369 3364 3370
6635 3 0 3367 3369 3370
6636 3 0 3367 3370 3371
6637 3 0 3370 3364 3366
6638 3 0 3370 3366 3372
6639 3 0 3371 3370 3372
6640 3 0 3371 3372 3373
6641 3 0 3368 3367 3371
6642 3 0 3368 3371 3374
6643 3 0 3374 3371 3373
6644 3 0 1829 3375 3376
6645 3 0 1829 3376 1819
6646 3 0 1819 3376 3216
6647 3 0 3220 3216 3376
6648 3 0 3220 3376 3377
6649 3 0 3221 3220 3377
6650 3 0 3221 3377 3378
6651 3 0 3377 3376 3375
6652 3 0 3377 3375 3379
6653 3 0 3378 3377 3379
6654 3 0 3378 3379 3380
6655 3 0 3375 1829 1831
6656 3 0 3375 1831 3381
6657 3 0 3382 3380 3379
6658 3 0 3382 3379 3381
6659 3 0 3381 3379 3375
6660 3 0 3383 3233 3232
6661 3 0 3383 3232 3378
6662 3 0 3378 3232 3221
6663 3 0 3234 3233 3383
6664 3 0 3234 3383 3384
6665 3 0 3383 3378 3380
6666 3 0 3383 3380 3385
6667 3 0 3384 3383 3385
6668 3 0 3384 3385 3386
6669 3 0 3235 3234 3384
6670 3 0 3235 3384 3387
6671 3 0 3387 3384 3386
6672 3 0 3388 3386 3385
6673 3 0 3388 3385 3382
6674 3 0 3382 3385 3380
6675 3 0 3387 3386 3388
6676 3 0 3387 3388 3389
6677 3 0 3390 3382 3381
6678 3 0 3390 3381 1833
6679 3 0 1833 3381 1831
6680 3 0 3390 3391 3395
6681 3 0 3395 3389 3388
6682 3 0 3388 3382 3390
6683 3 0 3390 3395 3388
6684 3 0 3238 3235 3387
6685 3 0 3387 3389 3394
6686 3 0 3394 3392 3238
6687 3 0 3238 3387 3394
6688 3 0 3239 3238 3392
6689 3 0 3239 3392 3393
6690 3 0 3394 3389 3395
6691 3 0 3394 3395 3396
6692 3 0 3392 3394 3396
6693 3 0 3392 3396 3397
6694 3 0 3396 3395 3391
6695 3 0 3396 3391 3398
6696 3 0 3397 3396 3398
6697 3 0 3397 3398 3399
6698 3 0 3393 3392 3397
6699 3 0 3393 3397 3400
6700 3 0 3400 3397 3399
6701 3 0 1835 3401 3402
6702 3 0 3402 3391 3390
6703 3 0 3390 1833 1835
6704 3 0 1835 3402 3390
6705 3 0 3403 3399 3398
6706 3 0 3403 3398 3402
6707 3 0 3402 3398 3391
6708 3 0 3400 3399 3403
6709 3 0 3400 3403 3404
6710 3 0 3403 3402 3401
6711 3 0 3403 3401 3405
6712 3 0 3405 3406 3461
6713 3 0 3405 3461 3403
6714 3 0 3403 3461 3404
6715 3 0 3393 3407 3408
6716 3 0 3393 3408 3239
6717 3 0 3239 3408 3282
6718 3 0 3287 3282 3408
6719 3 0 3287 3408 3409
6720 3 0 3409 3410 3415
6721 3 0 3409 3415 3287
6722 3 0 3287 3415 3288
6723 3 0 3409 3408 3407
6724 3 0 3409 3407 3411
6725 3 0 3410 3409 3411
6726 3 0 3410 3411 3412
6727 3 0 3407 3393 3400
6728 3 0 3407 3400 3413
6729 3 0 3414 3412 3411
6730 3 0 3411 3407 3413
6731 3 0 3454 3411 3413
6732 3 0 3414 3411 3454
6733 3 0 3325 3288 3415
6734 3 0 3325 3415 3416
6735 3 0 3417 3331 3330
6736 3 0 3417 3330 3416
6737 3 0 3416 3330 3325
6738 3 0 3416 3415 3410
6739 3 0 3416 3410 3418
6740 3 0 3417 3416 3418
6741 3 0 3417 3418 3419
6742 3 0 3417 3343 3331
6743 3 0 3343 3417 3423
6744 3 0 3423 3344 3343
6745 3 0 3419 3420 3423
6746 3 0 3419 3423 3417
6747 3 0 3421 3419 3418
6748 3 0 3421 3418 3412
6749 3 0 3412 3418 3410
6750 3 0 3420 3419 3421
6751 3 0 3420 3421 3422
6752 3 0 3360 3344 3423
6753 3 0 3360 3423 3424
6754 3 0 3424 3425 3428
6755 3 0 3428 3366 3365
6756 3 0 3365 3360 3424
6757 3 0 3424 3428 3365
6758 3 0 3424 3423 3420
6759 3 0 3424 3420 3426
6760 3 0 3425 3424 3426
6761 3 0 3425 3426 3427
6762 3 0 3372 3366 3428
6763 3 0 3372 3428 3429
6764 3 0 3373 3372 3429
6765 3 0 3373 3429 3430
6766 3 0 3429 3428 3425
6767 3 0 3429 3425 3431
6768 3 0 3430 3429 3431
6769 3 0 3430 3431 3432
6770 3 0 3374 3373 3430
6771 3 0 3430 3432 3435
6772 3 0 3435 3433 3374
6773 3 0 3374 3430 3435
6774 3 0 3427 3434 3436
6775 3 0 3436 3432 3431
6776 3 0 3431 3425 3427
6777 3 0 3427 3436 3431
6778 3 0 3435 3432 3436
6779 3 0 3435 3436 3437
6780 3 0 3433 3435 3437
6781 3 0 3433 3437 3438
6782 3 0 3437 3436 3434
6783 3 0 3437 3434 3439
6784 3 0 3438 3437 3439
6785 3 0 3438 3439 3440
6786 3 0 3422 3441 3442
6787 3 0 3442 3427 3426
6788 3 0 3426 3420 3422
6789 3 0 3422 3442 3426
6790 3 0 3434 3427 3442
6791 3 0 3434 3442 3443
6792 3 0 3444 3440 3439
6793 3 0 3444 3439 3443
6794 3 0 3443 3439 3434
6795 3 0 3443 3442 3441
6796 3 0 3443 3441 3445
6797 3 0 3444 3443 3445
6798 3 0 3444 3445 3446
6799 3 0 3421 3448 3422
6800 3 0 3448 3421 3493
6801 3 0 3493 3447 3448
6802 3 0 3412 3414 3493
6803 3 0 3412 3493 3421
6804 3 0 3441 3422 3448
6805 3 0 3441 3448 3449
6806 3 0 3450 3446 3445
6807 3 0 3450 3445 3449
6808 3 0 3449 3445 3441
6809 3 0 3449 3448 3447
6810 3 0 3449 3447 3451
6811 3 0 3450 3449 3451
6812 3 0 3450 3451 3452
6813 3 0 3400 3404 3460
6814 3 0 3460 3453 3455
6815 3 0 3455 3413 3400
6816 3 0 3400 3460 3455
6817 3 0 3454 3413 3455
6818 3 0 3454 3455 3456
6819 3 0 3414 3454 3456
6820 3 0 3414 3456 3457
6821 3 0 3456 3455 3453
6822 3 0 3456 3453 3458
6823 3 0 3456 3458 3467
6824 3 0 3456 3467 3457
6825 3 0 3457 3467 3459
6826 3 0 3460 3404 3461
6827 3 0 3460 3461 3462
6828 3 0 3453 3460 3462
6829 3 0 3453 3462 3463
6830 3 0 3462 3461 3406
6831 3 0 3462 3406 3464
6832 3 0 3464 3465 3474
6833 3 0 3464 3474 3462
6834 3 0 3462 3474 3463
6835 3 0 3453 3463 3473
6836 3 0 3473 3466 3468
6837 3 0 3468 3458 3453
6838 3 0 3453 3473 3468
6839 3 0 3467 3458 3468
6840 3 0 3467 3468 3469
6841 3 0 3459 3467 3469
6842 3 0 3459 3469 3470
6843 3 0 3468 3466 3479
6844 3 0 3468 3479 3469
6845 3 0 3469 3479 3471
6846 3 0 3470 3469 3471
6847 3 0 3470 3471 3472
6848 3 0 3473 3463 3474
6849 3 0 3473 3474 3475
6850 3 0 3475 3476 3480
6851 3 0 3475 3480 3473
6852 3 0 3473 3480 3466
6853 3 0 3475 3474 3465
6854 3 0 3475 3465 3477
6855 3 0 3476 3475 3477
6856 3 0 3476 3477 3478
6857 3 0 3479 3466 3480
6858 3 0 3479 3480 3481
6859 3 0 3471 3479 3481
6860 3 0 3471 3481 3482
6861 3 0 3481 3480 3476
6862 3 0 3481 3476 3483
6863 3 0 3482 3481 3483
6864 3 0 3482 3483 3484
6865 3 0 3472 3471 3482
6866 3 0 3482 3484 3487
6867 3 0 3487 3485 3472
6868 3 0 3472 3482 3487
6869 3 0 3478 3486 3488
6870 3 0 3488 3484 3483
6871 3 0 3483 3476 3478
6872 3 0 3478 3488 3483
6873 3 0 3487 3484 3488
6874 3 0 3487 3488 3489
6875 3 0 3485 3487 3489
6876 3 0 3485 3489 3490
6877 3 0 3489 3488 3486
6878 3 0 3489 3486 3491
6879 3 0 3490 3489 3491
6880 3 0 3490 3491 3492
6881 3 0 3493 3414 3457
6882 3 0 3493 3457 3494
6883 3 0 3447 3493 3494
6884 3 0 3447 3494 3495
6885 3 0 3457 3459 3502
6886 3 0 3457 3502 3494
6887 3 0 3494 3502 3496
6888 3 0 3494 3496 3507
6889 3 0 3494 3507 3495
6890 3 0 3495 3507 3497
6891 3 0 3451 3447 3495
6892 3 0 3451 3495 3498
6893 3 0 3452 3451 3498
6894 3 0 3452 3498 3499
6895 3 0 3495 3497 3525
6896 3 0 3495 3525 3498
6897 3 0 3498 3525 3500
6898 3 0 3499 3498 3500
6899 3 0 3499 3500 3501
6900 3 0 3502 3459 3470
6901 3 0 3502 3470 3503
6902 3 0 3496 3502 3503
6903 3 0 3496 3503 3504
6904 3 0 3503 3470 3472
6905 3 0 3503 3472 3505
6906 3 0 3504 3503 3505
6907 3 0 3504 3505 3506
6908 3 0 3507 3496 3504
6909 3 0 3507 3504 3508
6910 3 0 3497 3507 3508
6911 3 0 3497 3508 3509
6912 3 0 3508 3504 3506
6913 3 0 3508 3506 3510
6914 3 0 3509 3508 3510
6915 3 0 3509 3510 3511
6916 3 0 3505 3472 3485
6917 3 0 3505 3485 3512
6918 3 0 3506 3505 3512
6919 3 0 3506 3512 3513
6920 3 0 3512 3485 3490
6921 3 0 3490 3492 7218
6922 3 0 7218 3514 3512
6923 3 0 3512 3490 7218
6924 3 0 3513 3512 3514
6925 3 0 3513 3514 3515
6926 3 0 3510 3506 3513
6927 3 0 3510 3513 3516
6928 3 0 3510 3516 3519
6929 3 0 3510 3519 3511
6930 3 0 3511 3519 3517
6931 3 0 3515 3518 3520
6932 3 0 3515 3520 3513
6933 3 0 3513 3520 3516
6934 3 0 3519 3516 3520
6935 3 0 3519 3520 3521
6936 3 0 3517 3519 3521
6937 3 0 3517 3521 3522
6938 3 0 3521 3520 3518
6939 3 0 3521 3518 3523
6940 3 0 3522 3521 3523
6941 3 0 3522 3523 3524
6942 3 0 3525 3497 3509
6943 3 0 3525 3509 3526
6944 3 0 3500 3525 3526
6945 3 0 3500 3526 3527
6946 3 0 3526 3509 3511
6947 3 0 3526 3511 3528
6948 3 0 3527 3526 3528
6949 3 0 3527 3528 3529
6950 3 0 3643 3540 3530
6951 3 0 3540 3643 3527
6952 3 0 3527 3529 3540
6953 3 0 3501 3500 3527
6954 3 0 3501 3527 3643
6955 3 0 3528 3511 3517
6956 3 0 3528 3517 3531
6957 3 0 3528 3531 3534
6958 3 0 3528 3534 3529
6959 3 0 3529 3534 3532
6960 3 0 3531 3517 3522
6961 3 0 3522 3524 3533
6962 3 0 3535 3522 3533
6963 3 0 3531 3522 3535
6964 3 0 3534 3531 3535
6965 3 0 3534 3535 3536
6966 3 0 3532 3534 3536
6967 3 0 3532 3536 3537
6968 3 0 3536 3535 3533
6969 3 0 3536 3533 3538
6970 3 0 3537 3536 3538
6971 3 0 3537 3538 3539
6972 3 0 3540 3529 3532
6973 3 0 3540 3532 3541
6974 3 0 3541 3542 3654
6975 3 0 3541 3654 3540
6976 3 0 3540 3654 3530
6977 3 0 3541 3532 3537
6978 3 0 3541 3537 3543
6979 3 0 3543 3537 3539
6980 3 0 3541 3543 7242
6981 3 0 3541 7242 3542
6982 3 0 3542 7242 3544
6983 3 0 3545 3176 3175
6984 3 0 3175 3062 3259
6985 3 0 3259 3261 3545
6986 3 0 3545 3175 3259
6987 3 0 3177 3176 3545
6988 3 0 3177 3545 3546
6989 3 0 3545 3261 3273
6990 3 0 3273 3279 3554
6991 3 0 3554 3547 3545
6992 3 0 3545 3273 3554
6993 3 0 3546 3545 3547
6994 3 0 3546 3547 3548
6995 3 0 3549 3177 3546
6996 3 0 3549 3546 3550
6997 3 0 3550 3551 3571
6998 3 0 3550 3571 3549
6999 3 0 3549 3571 3178
7000 3 0 3550 3546 3548
7001 3 0 3550 3548 3552
7002 3 0 3551 3550 3552
7003 3 0 3551 3552 3553
7004 3 0 3554 3279 3304
7005 3 0 3554 3304 3555
7006 3 0 3547 3554 3555
7007 3 0 3547 3555 3556
7008 3 0 3555 3304 3309
7009 3 0 3555 3309 3557
7010 3 0 3557 3309 3311
7011 3 0 3556 3555 3557
7012 3 0 3556 3557 3558
7013 3 0 3548 3547 3556
7014 3 0 3548 3556 3559
7015 3 0 3559 3556 3558
7016 3 0 3557 3311 3351
7017 3 0 3351 3353 3562
7018 3 0 3562 3560 3557
7019 3 0 3557 3351 3562
7020 3 0 3558 3557 3560
7021 3 0 3558 3560 3561
7022 3 0 3562 3353 3368
7023 3 0 3562 3368 3563
7024 3 0 3560 3562 3563
7025 3 0 3560 3563 3564
7026 3 0 3563 3368 3374
7027 3 0 3563 3374 3565
7028 3 0 3564 3563 3565
7029 3 0 3564 3565 3566
7030 3 0 3561 3560 3564
7031 3 0 3561 3564 3567
7032 3 0 3567 3564 3566
7033 3 0 3559 3558 3561
7034 3 0 3559 3561 3568
7035 3 0 3568 3561 3567
7036 3 0 3580 3553 3552
7037 3 0 3552 3548 3559
7038 3 0 3559 3568 3631
7039 3 0 3631 3569 3580
7040 3 0 3580 3552 3559
7041 3 0 3580 3559 3631
7042 3 0 3570 3178 3571
7043 3 0 3570 3571 3572
7044 3 0 3185 3570 3572
7045 3 0 3185 3572 3573
7046 3 0 3572 3571 3551
7047 3 0 3572 3551 3574
7048 3 0 3573 3572 3574
7049 3 0 3573 3574 3575
7050 3 0 3186 3185 3573
7051 3 0 3186 3573 3576
7052 3 0 3576 3573 3575
7053 3 0 3577 3575 3574
7054 3 0 3577 3574 3553
7055 3 0 3553 3574 3551
7056 3 0 3576 3575 3577
7057 3 0 3576 3577 3578
7058 3 0 3187 3186 3576
7059 3 0 3576 3578 3595
7060 3 0 3595 3579 3187
7061 3 0 3187 3576 3595
7062 3 0 3577 3553 3580
7063 3 0 3577 3580 3581
7064 3 0 3577 3581 3584
7065 3 0 3577 3584 3578
7066 3 0 3578 3584 3582
7067 3 0 3580 3569 3675
7068 3 0 3675 3583 3585
7069 3 0 3585 3581 3580
7070 3 0 3580 3675 3585
7071 3 0 3584 3581 3585
7072 3 0 3584 3585 3586
7073 3 0 3584 3586 3589
7074 3 0 3584 3589 3582
7075 3 0 3582 3589 3587
7076 3 0 3583 3588 3590
7077 3 0 3583 3590 3585
7078 3 0 3585 3590 3586
7079 3 0 3589 3586 3590
7080 3 0 3589 3590 3591
7081 3 0 3587 3589 3591
7082 3 0 3587 3591 3592
7083 3 0 3591 3590 3588
7084 3 0 3591 3588 3593
7085 3 0 3591 3593 3684
7086 3 0 3684 3594 3605
7087 3 0 3605 3592 3591
7088 3 0 3591 3684 3605
7089 3 0 3578 3582 3598
7090 3 0 3578 3598 3595
7091 3 0 3595 3598 3596
7092 3 0 3595 3596 3616
7093 3 0 3595 3616 3579
7094 3 0 3579 3616 3597
7095 3 0 3582 3587 3601
7096 3 0 3582 3601 3598
7097 3 0 3598 3601 3599
7098 3 0 3598 3599 3611
7099 3 0 3598 3611 3596
7100 3 0 3596 3611 3600
7101 3 0 3587 3592 3604
7102 3 0 3587 3604 3601
7103 3 0 3601 3604 3602
7104 3 0 3599 3601 3602
7105 3 0 3599 3602 3603
7106 3 0 3604 3592 3605
7107 3 0 3604 3605 3606
7108 3 0 3602 3604 3606
7109 3 0 3602 3606 3607
7110 3 0 3606 3605 3594
7111 3 0 3606 3594 3608
7112 3 0 3607 3606 3608
7113 3 0 3607 3608 3609
7114 3 0 3603 3602 3607
7115 3 0 3603 3607 3610
7116 3 0 3610 3607 3609
7117 3 0 3611 3599 3603
7118 3 0 3611 3603 3612
7119 3 0 3600 3611 3612
7120 3 0 3600 3612 3613
7121 3 0 3612 3603 3610
7122 3 0 3612 3610 3614
7123 3 0 3613 3612 3614
7124 3 0 3613 3614 3615
7125 3 0 3616 3596 3600
7126 3 0 3616 3600 3617
7127 3 0 3597 3616 3617
7128 3 0 3597 3617 3618
7129 3 0 3617 3600 3613
7130 3 0 3617 3613 3619
7131 3 0 3619 3613 3615
7132 3 0 3618 3617 3619
7133 3 0 3618 3619 3620
7134 3 0 3565 3374 3433
7135 3 0 3565 3433 3621
7136 3 0 3566 3565 3621
7137 3 0 3566 3621 3622
7138 3 0 3621 3433 3438
7139 3 0 3621 3438 3623
7140 3 0 3623 3438 3440
7141 3 0 3622 3621 3623
7142 3 0 3622 3623 3624
7143 3 0 3567 3566 3622
7144 3 0 3567 3622 3625
7145 3 0 3625 3622 3624
7146 3 0 3626 3624 3623
7147 3 0 3623 3440 3444
7148 3 0 3444 3446 3626
7149 3 0 3626 3623 3444
7150 3 0 3625 3624 3626
7151 3 0 3625 3626 3627
7152 3 0 3568 3567 3625
7153 3 0 3568 3625 3628
7154 3 0 3628 3625 3627
7155 3 0 3636 3450 3452
7156 3 0 3450 3636 3626
7157 3 0 3626 3446 3450
7158 3 0 3629 3627 3626
7159 3 0 3629 3626 3636
7160 3 0 3628 3627 3629
7161 3 0 3628 3629 3630
7162 3 0 3631 3568 3628
7163 3 0 3631 3628 3632
7164 3 0 3632 3633 3676
7165 3 0 3632 3676 3631
7166 3 0 3631 3676 3569
7167 3 0 3632 3628 3630
7168 3 0 3632 3630 3634
7169 3 0 3633 3632 3634
7170 3 0 3633 3634 3635
7171 3 0 3636 3452 3499
7172 3 0 3636 3499 3637
7173 3 0 3629 3636 3637
7174 3 0 3629 3637 3638
7175 3 0 3499 3501 3642
7176 3 0 3499 3642 3637
7177 3 0 3637 3642 3639
7178 3 0 3637 3639 3648
7179 3 0 3637 3648 3638
7180 3 0 3638 3648 3640
7181 3 0 3630 3629 3638
7182 3 0 3638 3640 3666
7183 3 0 3666 3641 3630
7184 3 0 3630 3638 3666
7185 3 0 3642 3501 3643
7186 3 0 3642 3643 3644
7187 3 0 3639 3642 3644
7188 3 0 3639 3644 3645
7189 3 0 3643 3530 3653
7190 3 0 3643 3653 3644
7191 3 0 3644 3653 3646
7192 3 0 3645 3644 3646
7193 3 0 3645 3646 3647
7194 3 0 3648 3639 3645
7195 3 0 3648 3645 3649
7196 3 0 3640 3648 3649
7197 3 0 3640 3649 3650
7198 3 0 3649 3645 3647
7199 3 0 3649 3647 3651
7200 3 0 3650 3649 3651
7201 3 0 3650 3651 3652
7202 3 0 3653 3530 3654
7203 3 0 3653 3654 3655
7204 3 0 3646 3653 3655
7205 3 0 3646 3655 3656
7206 3 0 3655 3654 3542
7207 3 0 3655 3542 3657
7208 3 0 3656 3655 3657
7209 3 0 3656 3657 3658
7210 3 0 3647 3646 3656
7211 3 0 3647 3656 3659
7212 3 0 3659 3656 3658
7213 3 0 3660 3658 3657
7214 3 0 3660 3657 3544
7215 3 0 3544 3657 3542
7216 3 0 3659 3658 3660
7217 3 0 3659 3660 3661
7218 3 0 3651 3647 3659
7219 3 0 3651 3659 3662
7220 3 0 3652 3651 3662
7221 3 0 3652 3662 3663
7222 3 0 3662 3659 3661
7223 3 0 3662 3661 3664
7224 3 0 3663 3662 3664
7225 3 0 3663 3664 3665
7226 3 0 3666 3640 3650
7227 3 0 3666 3650 3667
7228 3 0 3667 3650 3652
7229 3 0 3641 3666 3667
7230 3 0 3641 3667 3668
7231 3 0 3667 3652 3663
7232 3 0 3667 3663 3669
7233 3 0 3669 3663 3665
7234 3 0 3668 3667 3669
7235 3 0 3668 3669 3670
7236 3 0 3634 3630 3641
7237 3 0 3634 3641 3671
7238 3 0 3635 3634 3671
7239 3 0 3635 3671 3672
7240 3 0 3671 3641 3668
7241 3 0 3671 3668 3673
7242 3 0 3673 3668 3670
7243 3 0 3672 3671 3673
7244 3 0 3672 3673 3674
7245 3 0 3675 3569 3676
7246 3 0 3675 3676 3677
7247 3 0 3583 3675 3677
7248 3 0 3583 3677 3678
7249 3 0 3677 3676 3633
7250 3 0 3677 3633 3679
7251 3 0 3679 3680 3693
7252 3 0 3679 3693 3677
7253 3 0 3677 3693 3678
7254 3 0 3583 3678 3692
7255 3 0 3692 3681 3682
7256 3 0 3682 3588 3583
7257 3 0 3583 3692 3682
7258 3 0 3682 3683 3685
7259 3 0 3682 3685 3588
7260 3 0 3588 3685 3593
7261 3 0 3684 3593 3685
7262 3 0 3684 3685 3686
7263 3 0 3594 3684 3686
7264 3 0 3594 3686 3687
7265 3 0 3686 3685 3683
7266 3 0 3686 3683 3688
7267 3 0 3687 3686 3688
7268 3 0 3687 3688 3689
7269 3 0 3683 3682 3681
7270 3 0 3683 3681 3690
7271 3 0 3691 3689 3688
7272 3 0 3691 3688 3690
7273 3 0 3690 3688 3683
7274 3 0 3692 3678 3693
7275 3 0 3692 3693 3694
7276 3 0 3681 3692 3694
7277 3 0 3681 3694 3695
7278 3 0 3694 3693 3680
7279 3 0 3694 3680 3696
7280 3 0 3695 3694 3696
7281 3 0 3695 3696 3697
7282 3 0 3698 3691 3690
7283 3 0 3690 3681 3695
7284 3 0 3695 3697 3698
7285 3 0 3698 3690 3695
7286 3 0 3635 3699 3700
7287 3 0 3700 3680 3679
7288 3 0 3679 3633 3635
7289 3 0 3635 3700 3679
7290 3 0 3701 3697 3696
7291 3 0 3701 3696 3700
7292 3 0 3700 3696 3680
7293 3 0 3698 3697 3701
7294 3 0 3698 3701 3702
7295 3 0 3701 3700 3699
7296 3 0 3701 3699 3703
7297 3 0 3702 3701 3703
7298 3 0 3702 3703 3704
7299 3 0 3705 3609 3608
7300 3 0 3608 3594 3687
7301 3 0 3687 3689 3705
7302 3 0 3705 3608 3687
7303 3 0 3610 3609 3705
7304 3 0 3610 3705 3706
7305 3 0 3705 3689 3691
7306 3 0 3705 3691 3707
7307 3 0 3706 3705 3707
7308 3 0 3706 3707 3708
7309 3 0 3709 3615 3614
7310 3 0 3614 3610 3706
7311 3 0 3706 3708 3709
7312 3 0 3709 3614 3706
7313 3 0 3710 3708 3707
7314 3 0 3710 3707 3698
7315 3 0 3698 3707 3691
7316 3 0 3709 3708 3710
7317 3 0 3709 3710 3711
7318 3 0 3712 3620 3619
7319 3 0 3619 3615 3709
7320 3 0 3709 3711 3712
7321 3 0 3712 3619 3709
7322 3 0 3710 3698 3702
7323 3 0 3710 3702 3713
7324 3 0 3711 3710 3713
7325 3 0 3711 3713 3714
7326 3 0 3713 3702 3704
7327 3 0 3713 3704 3715
7328 3 0 3714 3713 3715
7329 3 0 3714 3715 3716
7330 3 0 3712 3711 3714
7331 3 0 3712 3714 3717
7332 3 0 3717 3714 3716
7333 3 0 3699 3635 3672
7334 3 0 3699 3672 3718
7335 3 0 3719 3704 3703
7336 3 0 3719 3703 3718
7337 3 0 3718 3703 3699
7338 3 0 3718 3672 3674
7339 3 0 3718 3674 3720
7340 3 0 3719 3718 3720
7341 3 0 3719 3720 3721
7342 3 0 3722 3716 3715
7343 3 0 3722 3715 3719
7344 3 0 3719 3715 3704
7345 3 0 3717 3716 3722
7346 3 0 3717 3722 3723
7347 3 0 3722 3719 3721
7348 3 0 3722 3721 3724
7349 3 0 3723 3722 3724
7350 3 0 3723 3724 3725
7351 3 0 2695 2495 3726
7352 3 0 2695 3726 3727
7353 3 0 3727 3728 3731
7354 3 0 3731 2705 2704
7355 3 0 2704 2695 3727
7356 3 0 3727 3731 2704
7357 3 0 3727 3726 3155
7358 3 0 3727 3155 3729
7359 3 0 3728 3727 3729
7360 3 0 3728 3729 3730
7361 3 0 3732 2753 2752
7362 3 0 3732 2752 3731
7363 3 0 3731 2752 2705
7364 3 0 3732 3733 3736
7365 3 0 3736 2762 2761
7366 3 0 2761 2753 3732
7367 3 0 3732 3736 2761
7368 3 0 3732 3731 3728
7369 3 0 3732 3728 3734
7370 3 0 3733 3732 3734
7371 3 0 3733 3734 3735
7372 3 0 3736 3737 3739
7373 3 0 3739 2773 2772
7374 3 0 2772 2762 3736
7375 3 0 3736 3739 2772
7376 3 0 3738 2773 3739
7377 3 0 3738 3739 3740
7378 3 0 2774 3738 3740
7379 3 0 2774 3740 3741
7380 3 0 3740 3739 3737
7381 3 0 3740 3737 3742
7382 3 0 3741 3740 3742
7383 3 0 3741 3742 3743
7384 3 0 3737 3736 3733
7385 3 0 3737 3733 3744
7386 3 0 3745 3743 3742
7387 3 0 3745 3742 3744
7388 3 0 3744 3742 3737
7389 3 0 3746 2774 3741
7390 3 0 3746 3741 3747
7391 3 0 3747 3741 3743
7392 3 0 2775 3746 3747
7393 3 0 2775 3747 3748
7394 3 0 3747 3743 3745
7395 3 0 3747 3745 3749
7396 3 0 3748 3747 3749
7397 3 0 3748 3749 3750
7398 3 0 3751 3745 3744
7399 3 0 3751 3744 3735
7400 3 0 3735 3744 3733
7401 3 0 3751 3752 3764
7402 3 0 3764 3750 3749
7403 3 0 3749 3745 3751
7404 3 0 3751 3764 3749
7405 3 0 3753 3735 3734
7406 3 0 3753 3734 3730
7407 3 0 3730 3734 3728
7408 3 0 3753 3754 3783
7409 3 0 3783 3752 3751
7410 3 0 3751 3735 3753
7411 3 0 3753 3783 3751
7412 3 0 3161 3755 3756
7413 3 0 3756 3730 3729
7414 3 0 3729 3155 3161
7415 3 0 3161 3756 3729
7416 3 0 3753 3730 3756
7417 3 0 3753 3756 3757
7418 3 0 3757 3758 3874
7419 3 0 3757 3874 3753
7420 3 0 3753 3874 3754
7421 3 0 3757 3756 3755
7422 3 0 3757 3755 3759
7423 3 0 3758 3757 3759
7424 3 0 3758 3759 3760
7425 3 0 2847 2775 3748
7426 3 0 3748 3750 3763
7427 3 0 3763 3761 2847
7428 3 0 2847 3748 3763
7429 3 0 2848 2847 3761
7430 3 0 2848 3761 3762
7431 3 0 3763 3750 3764
7432 3 0 3763 3764 3765
7433 3 0 3761 3763 3765
7434 3 0 3761 3765 3766
7435 3 0 3765 3764 3752
7436 3 0 3765 3752 3767
7437 3 0 3766 3765 3767
7438 3 0 3766 3767 3768
7439 3 0 3762 3761 3766
7440 3 0 3766 3768 3785
7441 3 0 3785 3769 3762
7442 3 0 3762 3766 3785
7443 3 0 3762 3770 3771
7444 3 0 3771 2869 2868
7445 3 0 2868 2848 3762
7446 3 0 3762 3771 2868
7447 3 0 3771 3772 3774
7448 3 0 3774 2878 2877
7449 3 0 2877 2869 3771
7450 3 0 3771 3774 2877
7451 3 0 3773 2878 3774
7452 3 0 3773 3774 3775
7453 3 0 2879 3773 3775
7454 3 0 2879 3775 3776
7455 3 0 3775 3774 3772
7456 3 0 3775 3772 3777
7457 3 0 3776 3775 3777
7458 3 0 3776 3777 3778
7459 3 0 3772 3771 3770
7460 3 0 3772 3770 3779
7461 3 0 3780 3778 3777
7462 3 0 3780 3777 3779
7463 3 0 3779 3777 3772
7464 3 0 3770 3762 3769
7465 3 0 3770 3769 3781
7466 3 0 3781 3782 3816
7467 3 0 3816 3780 3779
7468 3 0 3779 3770 3781
7469 3 0 3781 3816 3779
7470 3 0 3783 3784 3786
7471 3 0 3786 3768 3767
7472 3 0 3767 3752 3783
7473 3 0 3783 3786 3767
7474 3 0 3785 3768 3786
7475 3 0 3785 3786 3787
7476 3 0 3769 3785 3787
7477 3 0 3769 3787 3788
7478 3 0 3787 3786 3784
7479 3 0 3787 3784 3789
7480 3 0 3788 3787 3789
7481 3 0 3788 3789 3790
7482 3 0 3754 3791 3792
7483 3 0 3754 3792 3783
7484 3 0 3783 3792 3784
7485 3 0 3789 3784 3792
7486 3 0 3789 3792 3793
7487 3 0 3790 3789 3793
7488 3 0 3790 3793 3794
7489 3 0 3793 3792 3791
7490 3 0 3793 3791 3795
7491 3 0 3795 3796 3803
7492 3 0 3795 3803 3793
7493 3 0 3793 3803 3794
7494 3 0 3781 3769 3788
7495 3 0 3788 3790 3799
7496 3 0 3799 3797 3781
7497 3 0 3781 3788 3799
7498 3 0 3782 3781 3797
7499 3 0 3782 3797 3798
7500 3 0 3790 3794 3802
7501 3 0 3790 3802 3799
7502 3 0 3799 3802 3800
7503 3 0 3797 3799 3800
7504 3 0 3797 3800 3801
7505 3 0 3802 3794 3803
7506 3 0 3802 3803 3804
7507 3 0 3800 3802 3804
7508 3 0 3800 3804 3805
7509 3 0 3804 3803 3796
7510 3 0 3804 3796 3806
7511 3 0 3805 3804 3806
7512 3 0 3805 3806 3807
7513 3 0 3801 3800 3805
7514 3 0 3801 3805 3808
7515 3 0 3808 3805 3807
7516 3 0 3798 3797 3801
7517 3 0 3801 3808 3889
7518 3 0 3889 3809 3798
7519 3 0 3798 3801 3889
7520 3 0 3810 2879 3776
7521 3 0 3810 3776 3811
7522 3 0 3811 3776 3778
7523 3 0 2897 3810 3811
7524 3 0 2897 3811 3812
7525 3 0 3811 3778 3780
7526 3 0 3811 3780 3813
7527 3 0 3811 3813 3818
7528 3 0 3811 3818 3812
7529 3 0 3812 3818 3814
7530 3 0 2898 2897 3812
7531 3 0 3812 3814 3826
7532 3 0 3826 3815 2898
7533 3 0 2898 3812 3826
7534 3 0 3816 3817 3819
7535 3 0 3816 3819 3780
7536 3 0 3780 3819 3813
7537 3 0 3818 3813 3819
7538 3 0 3818 3819 3820
7539 3 0 3814 3818 3820
7540 3 0 3814 3820 3821
7541 3 0 3820 3819 3817
7542 3 0 3820 3817 3822
7543 3 0 3821 3820 3822
7544 3 0 3821 3822 3823
7545 3 0 3817 3816 3782
7546 3 0 3817 3782 3824
7547 3 0 3825 3823 3822
7548 3 0 3825 3822 3824
7549 3 0 3824 3822 3817
7550 3 0 3826 3814 3821
7551 3 0 3826 3821 3827
7552 3 0 3827 3821 3823
7553 3 0 3815 3826 3827
7554 3 0 3815 3827 3828
7555 3 0 3827 3823 3825
7556 3 0 3827 3825 3829
7557 3 0 3827 3829 3838
7558 3 0 3827 3838 3828
7559 3 0 3828 3838 3830
7560 3 0 2906 2898 3815
7561 3 0 2906 3815 3831
7562 3 0 3832 2912 2911
7563 3 0 3832 2911 3831
7564 3 0 3831 2911 2906
7565 3 0 3831 3815 3828
7566 3 0 3828 3830 3848
7567 3 0 3848 3833 3831
7568 3 0 3831 3828 3848
7569 3 0 3832 3831 3833
7570 3 0 3832 3833 3834
7571 3 0 3798 3835 3836
7572 3 0 3836 3825 3824
7573 3 0 3824 3782 3798
7574 3 0 3798 3836 3824
7575 3 0 3836 3837 3839
7576 3 0 3836 3839 3825
7577 3 0 3825 3839 3829
7578 3 0 3838 3829 3839
7579 3 0 3838 3839 3840
7580 3 0 3830 3838 3840
7581 3 0 3830 3840 3841
7582 3 0 3840 3839 3837
7583 3 0 3840 3837 3842
7584 3 0 3841 3840 3842
7585 3 0 3841 3842 3843
7586 3 0 3837 3836 3835
7587 3 0 3837 3835 3844
7588 3 0 3844 3845 3852
7589 3 0 3852 3843 3842
7590 3 0 3842 3837 3844
7591 3 0 3844 3852 3842
7592 3 0 3835 3798 3809
7593 3 0 3835 3809 3846
7594 3 0 3846 3847 3859
7595 3 0 3859 3845 3844
7596 3 0 3844 3835 3846
7597 3 0 3846 3859 3844
7598 3 0 3848 3830 3841
7599 3 0 3841 3843 3851
7600 3 0 3851 3849 3848
7601 3 0 3848 3841 3851
7602 3 0 3833 3848 3849
7603 3 0 3833 3849 3850
7604 3 0 3851 3843 3852
7605 3 0 3851 3852 3853
7606 3 0 3849 3851 3853
7607 3 0 3849 3853 3854
7608 3 0 3853 3852 3845
7609 3 0 3853 3845 3855
7610 3 0 3854 3853 3855
7611 3 0 3854 3855 3856
7612 3 0 3850 3849 3854
7613 3 0 3854 3856 3861
7614 3 0 3861 3857 3850
7615 3 0 3850 3854 3861
7616 3 0 3834 3833 3850
7617 3 0 3850 3857 3869
7618 3 0 3869 3858 3834
7619 3 0 3834 3850 3869
7620 3 0 3859 3860 3862
7621 3 0 3862 3856 3855
7622 3 0 3855 3845 3859
7623 3 0 3859 3862 3855
7624 3 0 3861 3856 3862
7625 3 0 3861 3862 3863
7626 3 0 3857 3861 3863
7627 3 0 3857 3863 3864
7628 3 0 3863 3862 3860
7629 3 0 3863 3860 3865
7630 3 0 3864 3863 3865
7631 3 0 3864 3865 3866
7632 3 0 3860 3859 3847
7633 3 0 3860 3847 3867
7634 3 0 3868 3866 3865
7635 3 0 3868 3865 3867
7636 3 0 3867 3865 3860
7637 3 0 3869 3857 3864
7638 3 0 3869 3864 3870
7639 3 0 3870 3864 3866
7640 3 0 3858 3869 3870
7641 3 0 3858 3870 3871
7642 3 0 3866 3868 3931
7643 3 0 3866 3931 3870
7644 3 0 3870 3931 3872
7645 3 0 3871 3870 3872
7646 3 0 3871 3872 3873
7647 3 0 3791 3754 3874
7648 3 0 3791 3874 3875
7649 3 0 3875 3876 3879
7650 3 0 3879 3796 3795
7651 3 0 3795 3791 3875
7652 3 0 3875 3879 3795
7653 3 0 3875 3874 3758
7654 3 0 3875 3758 3877
7655 3 0 3877 3878 3894
7656 3 0 3877 3894 3875
7657 3 0 3875 3894 3876
7658 3 0 3880 3807 3806
7659 3 0 3880 3806 3879
7660 3 0 3879 3806 3796
7661 3 0 3807 3880 3883
7662 3 0 3807 3883 3808
7663 3 0 3808 3883 3881
7664 3 0 3876 3882 3884
7665 3 0 3876 3884 3879
7666 3 0 3879 3884 3880
7667 3 0 3883 3880 3884
7668 3 0 3883 3884 3885
7669 3 0 3881 3883 3885
7670 3 0 3881 3885 3886
7671 3 0 3885 3884 3882
7672 3 0 3885 3882 3887
7673 3 0 3886 3885 3887
7674 3 0 3886 3887 3888
7675 3 0 3889 3808 3881
7676 3 0 3889 3881 3890
7677 3 0 3809 3889 3890
7678 3 0 3809 3890 3891
7679 3 0 3890 3881 3886
7680 3 0 3886 3888 3899
7681 3 0 3899 3892 3890
7682 3 0 3890 3886 3899
7683 3 0 3891 3890 3892
7684 3 0 3891 3892 3893
7685 3 0 3882 3876 3894
7686 3 0 3882 3894 3895
7687 3 0 3895 3896 3900
7688 3 0 3900 3888 3887
7689 3 0 3887 3882 3895
7690 3 0 3895 3900 3887
7691 3 0 3895 3894 3878
7692 3 0 3895 3878 3897
7693 3 0 3897 3898 3906
7694 3 0 3897 3906 3895
7695 3 0 3895 3906 3896
7696 3 0 3899 3888 3900
7697 3 0 3899 3900 3901
7698 3 0 3892 3899 3901
7699 3 0 3892 3901 3902
7700 3 0 3901 3900 3896
7701 3 0 3901 3896 3903
7702 3 0 3902 3901 3903
7703 3 0 3902 3903 3904
7704 3 0 3893 3892 3902
7705 3 0 3893 3902 3905
7706 3 0 3905 3902 3904
7707 3 0 3903 3896 3906
7708 3 0 3903 3906 3907
7709 3 0 3904 3903 3907
7710 3 0 3904 3907 3908
7711 3 0 3907 3906 3898
7712 3 0 3907 3898 3909
7713 3 0 3908 3907 3909
7714 3 0 3908 3909 3910
7715 3 0 3905 3904 3908
7716 3 0 3905 3908 3911
7717 3 0 3911 3908 3910
7718 3 0 3760 3912 3913
7719 3 0 3913 3878 3877
7720 3 0 3877 3758 3760
7721 3 0 3760 3913 3877
7722 3 0 3913 3914 3915
7723 3 0 3915 3898 3897
7724 3 0 3897 3878 3913
7725 3 0 3913 3915 3897
7726 3 0 3916 3910 3909
7727 3 0 3916 3909 3915
7728 3 0 3915 3909 3898
7729 3 0 3911 3910 3916
7730 3 0 3911 3916 3917
7731 3 0 3916 3915 3914
7732 3 0 3916 3914 3918
7733 3 0 3917 3916 3918
7734 3 0 3917 3918 3919
7735 3 0 3914 3913 3912
7736 3 0 3914 3912 3920
7737 3 0 3921 3919 3918
7738 3 0 3921 3918 3920
7739 3 0 3920 3918 3914
7740 3 0 3846 3809 3891
7741 3 0 3846 3891 3922
7742 3 0 3922 3891 3893
7743 3 0 3922 3923 3926
7744 3 0 3922 3926 3846
7745 3 0 3846 3926 3847
7746 3 0 3922 3893 3905
7747 3 0 3905 3911 3951
7748 3 0 3951 3924 3922
7749 3 0 3922 3905 3951
7750 3 0 3923 3922 3924
7751 3 0 3923 3924 3925
7752 3 0 3867 3847 3926
7753 3 0 3867 3926 3927
7754 3 0 3927 3928 3932
7755 3 0 3927 3932 3867
7756 3 0 3867 3932 3868
7757 3 0 3927 3926 3923
7758 3 0 3927 3923 3929
7759 3 0 3928 3927 3929
7760 3 0 3928 3929 3930
7761 3 0 3931 3868 3932
7762 3 0 3931 3932 3933
7763 3 0 3872 3931 3933
7764 3 0 3872 3933 3934
7765 3 0 3933 3932 3928
7766 3 0 3933 3928 3935
7767 3 0 3934 3933 3935
7768 3 0 3934 3935 3936
7769 3 0 3873 3872 3934
7770 3 0 3873 3934 3937
7771 3 0 3937 3934 3936
7772 3 0 3938 3936 3935
7773 3 0 3938 3935 3930
7774 3 0 3930 3935 3928
7775 3 0 3936 3938 3943
7776 3 0 3936 3943 3937
7777 3 0 3937 3943 3939
7778 3 0 3925 3940 3941
7779 3 0 3941 3930 3929
7780 3 0 3929 3923 3925
7781 3 0 3925 3941 3929
7782 3 0 3941 3942 3944
7783 3 0 3941 3944 3930
7784 3 0 3930 3944 3938
7785 3 0 3943 3938 3944
7786 3 0 3943 3944 3945
7787 3 0 3939 3943 3945
7788 3 0 3939 3945 3946
7789 3 0 3945 3944 3942
7790 3 0 3945 3942 3947
7791 3 0 3946 3945 3947
7792 3 0 3946 3947 3948
7793 3 0 3942 3941 3940
7794 3 0 3942 3940 3949
7795 3 0 3950 3948 3947
7796 3 0 3950 3947 3949
7797 3 0 3949 3947 3942
7798 3 0 3951 3911 3917
7799 3 0 3951 3917 3952
7800 3 0 3924 3951 3952
7801 3 0 3924 3952 3953
7802 3 0 3952 3917 3919
7803 3 0 3952 3919 3954
7804 3 0 3953 3952 3954
7805 3 0 3953 3954 3955
7806 3 0 3925 3924 3953
7807 3 0 3925 3953 3956
7808 3 0 3956 3953 3955
7809 3 0 3957 3955 3954
7810 3 0 3957 3954 3921
7811 3 0 3921 3954 3919
7812 3 0 3955 3957 3977
7813 3 0 3955 3977 3956
7814 3 0 3956 3977 3958
7815 3 0 3940 3925 3956
7816 3 0 3940 3956 3959
7817 3 0 3959 3960 4095
7818 3 0 4095 3950 3949
7819 3 0 3949 3940 3959
7820 3 0 3959 4095 3949
7821 3 0 3956 3958 3994
7822 3 0 3956 3994 3959
7823 3 0 3959 3994 3961
7824 3 0 3961 3962 4101
7825 3 0 3961 4101 3959
7826 3 0 3959 4101 3960
7827 3 0 3180 3963 3964
7828 3 0 3180 3964 3161
7829 3 0 3161 3964 3755
7830 3 0 3759 3755 3964
7831 3 0 3759 3964 3965
7832 3 0 3760 3759 3965
7833 3 0 3760 3965 3966
7834 3 0 3965 3964 3963
7835 3 0 3965 3963 3967
7836 3 0 3966 3965 3967
7837 3 0 3966 3967 3968
7838 3 0 3963 3180 3187
7839 3 0 3963 3187 3969
7840 3 0 3969 3970 4036
7841 3 0 4036 3968 3967
7842 3 0 3967 3963 3969
7843 3 0 3969 4036 3967
7844 3 0 3912 3760 3966
7845 3 0 3912 3966 3971
7846 3 0 3971 3972 3975
7847 3 0 3975 3921 3920
7848 3 0 3920 3912 3971
7849 3 0 3971 3975 3920
7850 3 0 3971 3966 3968
7851 3 0 3971 3968 3973
7852 3 0 3971 3973 4038
7853 3 0 4038 3974 4010
7854 3 0 4010 3972 3971
7855 3 0 3971 4038 4010
7856 3 0 3975 3976 3978
7857 3 0 3975 3978 3921
7858 3 0 3921 3978 3957
7859 3 0 3977 3957 3978
7860 3 0 3977 3978 3979
7861 3 0 3977 3979 3982
7862 3 0 3977 3982 3958
7863 3 0 3958 3982 3980
7864 3 0 3976 3981 3983
7865 3 0 3976 3983 3978
7866 3 0 3978 3983 3979
7867 3 0 3982 3979 3983
7868 3 0 3982 3983 3984
7869 3 0 3980 3982 3984
7870 3 0 3980 3984 3985
7871 3 0 3984 3983 3981
7872 3 0 3984 3981 3986
7873 3 0 3985 3984 3986
7874 3 0 3985 3986 3987
7875 3 0 3972 3988 3989
7876 3 0 3972 3989 3975
7877 3 0 3975 3989 3976
7878 3 0 3981 3976 3989
7879 3 0 3981 3989 3990
7880 3 0 3990 3991 4001
7881 3 0 4001 3987 3986
7882 3 0 3986 3981 3990
7883 3 0 3990 4001 3986
7884 3 0 3990 3989 3988
7885 3 0 3990 3988 3992
7886 3 0 3991 3990 3992
7887 3 0 3991 3992 3993
7888 3 0 3994 3958 3980
7889 3 0 3994 3980 3995
7890 3 0 3961 3994 3995
7891 3 0 3961 3995 3996
7892 3 0 3995 3980 3985
7893 3 0 3985 3987 4000
7894 3 0 4000 3997 3995
7895 3 0 3995 3985 4000
7896 3 0 3996 3995 3997
7897 3 0 3996 3997 3998
7898 3 0 3962 3961 3996
7899 3 0 3996 3998 3999
7900 3 0 4143 3996 3999
7901 3 0 3962 3996 4143
7902 3 0 4000 3987 4001
7903 3 0 4000 4001 4002
7904 3 0 3997 4000 4002
7905 3 0 3997 4002 4003
7906 3 0 4002 4001 3991
7907 3 0 4002 3991 4004
7908 3 0 4003 4002 4004
7909 3 0 4003 4004 4005
7910 3 0 3998 3997 4003
7911 3 0 3998 4003 4006
7912 3 0 4006 4003 4005
7913 3 0 4007 4005 4004
7914 3 0 4007 4004 3993
7915 3 0 3993 4004 3991
7916 3 0 4005 4007 4017
7917 3 0 4005 4017 4006
7918 3 0 4006 4017 4008
7919 3 0 3999 3998 4006
7920 3 0 4006 4008 4025
7921 3 0 4025 4009 3999
7922 3 0 3999 4006 4025
7923 3 0 3988 3972 4010
7924 3 0 3988 4010 4011
7925 3 0 4011 4012 4015
7926 3 0 4015 3993 3992
7927 3 0 3992 3988 4011
7928 3 0 4011 4015 3992
7929 3 0 4011 4010 3974
7930 3 0 4011 3974 4013
7931 3 0 4012 4011 4013
7932 3 0 4012 4013 4014
7933 3 0 4015 4016 4018
7934 3 0 4015 4018 3993
7935 3 0 3993 4018 4007
7936 3 0 4017 4007 4018
7937 3 0 4017 4018 4019
7938 3 0 4008 4017 4019
7939 3 0 4008 4019 4020
7940 3 0 4019 4018 4016
7941 3 0 4019 4016 4021
7942 3 0 4020 4019 4021
7943 3 0 4020 4021 4022
7944 3 0 4016 4015 4012
7945 3 0 4016 4012 4023
7946 3 0 4024 4022 4021
7947 3 0 4024 4021 4023
7948 3 0 4023 4021 4016
7949 3 0 4025 4008 4020
7950 3 0 4025 4020 4026
7951 3 0 4026 4020 4022
7952 3 0 4009 4025 4026
7953 3 0 4009 4026 4027
7954 3 0 4026 4022 4024
7955 3 0 4026 4024 4028
7956 3 0 4027 4026 4028
7957 3 0 4027 4028 4029
7958 3 0 4014 4030 4031
7959 3 0 4031 4024 4023
7960 3 0 4023 4012 4014
7961 3 0 4014 4031 4023
7962 3 0 4028 4024 4031
7963 3 0 4028 4031 4032
7964 3 0 4029 4028 4032
7965 3 0 4029 4032 4033
7966 3 0 4032 4031 4030
7967 3 0 4032 4030 4034
7968 3 0 4033 4032 4034
7969 3 0 4033 4034 4035
7970 3 0 4036 4037 4039
7971 3 0 4036 4039 3968
7972 3 0 3968 4039 3973
7973 3 0 4038 3973 4039
7974 3 0 4038 4039 4040
7975 3 0 3974 4038 4040
7976 3 0 3974 4040 4041
7977 3 0 4040 4039 4037
7978 3 0 4040 4037 4042
7979 3 0 4041 4040 4042
7980 3 0 4041 4042 4043
7981 3 0 4037 4036 3970
7982 3 0 4037 3970 4044
7983 3 0 4045 4043 4042
7984 3 0 4045 4042 4044
7985 3 0 4044 4042 4037
7986 3 0 4041 4013 3974
7987 3 0 4013 4041 4047
7988 3 0 4047 4014 4013
7989 3 0 4043 4046 4047
7990 3 0 4043 4047 4041
7991 3 0 4030 4014 4047
7992 3 0 4030 4047 4048
7993 3 0 4048 4049 4256
7994 3 0 4256 4035 4034
7995 3 0 4034 4030 4048
7996 3 0 4048 4256 4034
7997 3 0 4048 4047 4046
7998 3 0 4048 4046 4050
7999 3 0 4049 4048 4050
8000 3 0 4049 4050 4051
8001 3 0 4046 4043 4045
8002 3 0 4046 4045 4052
8003 3 0 4052 4053 4286
8004 3 0 4286 4051 4050
8005 3 0 4050 4046 4052
8006 3 0 4052 4286 4050
8007 3 0 2925 2912 3832
8008 3 0 2925 3832 4054
8009 3 0 2926 2925 4054
8010 3 0 2926 4054 4055
8011 3 0 4054 3832 3834
8012 3 0 4054 3834 4056
8013 3 0 4054 4056 4060
8014 3 0 4054 4060 4055
8015 3 0 4055 4060 4057
8016 3 0 2927 2926 4055
8017 3 0 4055 4057 4068
8018 3 0 4068 4058 2927
8019 3 0 2927 4055 4068
8020 3 0 3858 4059 4061
8021 3 0 3858 4061 3834
8022 3 0 3834 4061 4056
8023 3 0 4060 4056 4061
8024 3 0 4060 4061 4062
8025 3 0 4057 4060 4062
8026 3 0 4057 4062 4063
8027 3 0 4062 4061 4059
8028 3 0 4062 4059 4064
8029 3 0 4063 4062 4064
8030 3 0 4063 4064 4065
8031 3 0 4059 3858 3871
8032 3 0 4059 3871 4066
8033 3 0 4066 3871 3873
8034 3 0 4067 4065 4064
8035 3 0 4067 4064 4066
8036 3 0 4066 4064 4059
8037 3 0 4068 4057 4063
8038 3 0 4068 4063 4069
8039 3 0 4069 4063 4065
8040 3 0 4058 4068 4069
8041 3 0 4058 4069 4070
8042 3 0 4065 4067 4086
8043 3 0 4065 4086 4069
8044 3 0 4069 4086 4071
8045 3 0 4070 4069 4071
8046 3 0 4070 4071 4072
8047 3 0 4073 2927 4058
8048 3 0 4073 4058 4074
8049 3 0 2928 4073 4074
8050 3 0 2928 4074 4075
8051 3 0 4074 4058 4070
8052 3 0 4074 4070 4076
8053 3 0 4076 4070 4072
8054 3 0 4075 4074 4076
8055 3 0 4075 4076 4077
8056 3 0 4066 3873 3937
8057 3 0 3937 3939 4080
8058 3 0 4080 4078 4066
8059 3 0 4066 3937 4080
8060 3 0 4078 4079 4087
8061 3 0 4078 4087 4066
8062 3 0 4066 4087 4067
8063 3 0 4080 3939 3946
8064 3 0 4080 3946 4081
8065 3 0 4081 3946 3948
8066 3 0 4078 4080 4081
8067 3 0 4078 4081 4082
8068 3 0 4081 3948 3950
8069 3 0 4081 3950 4083
8070 3 0 4082 4081 4083
8071 3 0 4082 4083 4084
8072 3 0 4079 4078 4082
8073 3 0 4079 4082 4085
8074 3 0 4085 4082 4084
8075 3 0 4086 4067 4087
8076 3 0 4086 4087 4088
8077 3 0 4071 4086 4088
8078 3 0 4071 4088 4089
8079 3 0 4088 4087 4079
8080 3 0 4088 4079 4090
8081 3 0 4089 4088 4090
8082 3 0 4089 4090 4091
8083 3 0 4072 4071 4089
8084 3 0 4072 4089 4092
8085 3 0 4092 4089 4091
8086 3 0 4093 4091 4090
8087 3 0 4093 4090 4085
8088 3 0 4085 4090 4079
8089 3 0 4092 4091 4093
8090 3 0 4092 4093 4094
8091 3 0 4083 3950 4095
8092 3 0 4083 4095 4096
8093 3 0 4084 4083 4096
8094 3 0 4084 4096 4097
8095 3 0 4096 4095 3960
8096 3 0 4096 3960 4098
8097 3 0 4096 4098 4103
8098 3 0 4096 4103 4097
8099 3 0 4097 4103 4099
8100 3 0 4085 4084 4097
8101 3 0 4097 4099 4111
8102 3 0 4111 4100 4085
8103 3 0 4085 4097 4111
8104 3 0 4101 4102 4104
8105 3 0 4101 4104 3960
8106 3 0 3960 4104 4098
8107 3 0 4103 4098 4104
8108 3 0 4103 4104 4105
8109 3 0 4099 4103 4105
8110 3 0 4099 4105 4106
8111 3 0 4105 4104 4102
8112 3 0 4105 4102 4107
8113 3 0 4106 4105 4107
8114 3 0 4106 4107 4108
8115 3 0 4102 4101 3962
8116 3 0 4102 3962 4109
8117 3 0 4109 4110 4115
8118 3 0 4115 4108 4107
8119 3 0 4107 4102 4109
8120 3 0 4109 4115 4107
8121 3 0 4111 4099 4106
8122 3 0 4106 4108 4114
8123 3 0 4114 4112 4111
8124 3 0 4111 4106 4114
8125 3 0 4100 4111 4112
8126 3 0 4100 4112 4113
8127 3 0 4114 4108 4115
8128 3 0 4114 4115 4116
8129 3 0 4112 4114 4116
8130 3 0 4112 4116 4117
8131 3 0 4116 4115 4110
8132 3 0 4116 4110 4118
8133 3 0 4117 4116 4118
8134 3 0 4117 4118 4119
8135 3 0 4113 4112 4117
8136 3 0 4113 4117 4120
8137 3 0 4120 4117 4119
8138 3 0 4093 4085 4100
8139 3 0 4093 4100 4121
8140 3 0 4094 4093 4121
8141 3 0 4094 4121 4122
8142 3 0 4121 4100 4113
8143 3 0 4113 4120 4167
8144 3 0 4167 4123 4121
8145 3 0 4121 4113 4167
8146 3 0 4123 4124 4131
8147 3 0 4123 4131 4121
8148 3 0 4121 4131 4122
8149 3 0 4076 4072 4092
8150 3 0 4092 4094 4127
8151 3 0 4127 4125 4076
8152 3 0 4076 4092 4127
8153 3 0 4077 4076 4125
8154 3 0 4077 4125 4126
8155 3 0 4094 4122 4130
8156 3 0 4094 4130 4127
8157 3 0 4127 4130 4128
8158 3 0 4125 4127 4128
8159 3 0 4125 4128 4129
8160 3 0 4130 4122 4131
8161 3 0 4130 4131 4132
8162 3 0 4128 4130 4132
8163 3 0 4128 4132 4133
8164 3 0 4132 4131 4124
8165 3 0 4132 4124 4134
8166 3 0 4133 4132 4134
8167 3 0 4133 4134 4135
8168 3 0 4129 4128 4133
8169 3 0 4133 4135 4221
8170 3 0 4221 4136 4129
8171 3 0 4129 4133 4221
8172 3 0 4126 4125 4129
8173 3 0 4129 4136 4233
8174 3 0 4233 4137 4126
8175 3 0 4126 4129 4233
8176 3 0 4138 2928 4075
8177 3 0 4138 4075 4139
8178 3 0 4139 4075 4077
8179 3 0 2929 4138 4139
8180 3 0 2929 4139 4140
8181 3 0 4139 4077 4126
8182 3 0 4126 4137 4374
8183 3 0 4374 4141 4139
8184 3 0 4139 4126 4374
8185 3 0 4140 4139 4141
8186 3 0 4140 4141 4142
8187 3 0 4109 3962 4143
8188 3 0 4109 4143 4144
8189 3 0 4144 4145 4148
8190 3 0 4144 4148 4109
8191 3 0 4109 4148 4110
8192 3 0 4144 4143 3999
8193 3 0 4144 3999 4146
8194 3 0 4145 4144 4146
8195 3 0 4145 4146 4147
8196 3 0 4118 4110 4148
8197 3 0 4118 4148 4149
8198 3 0 4119 4118 4149
8199 3 0 4119 4149 4150
8200 3 0 4149 4148 4145
8201 3 0 4149 4145 4151
8202 3 0 4150 4149 4151
8203 3 0 4150 4151 4152
8204 3 0 4120 4119 4150
8205 3 0 4150 4152 4155
8206 3 0 4155 4153 4120
8207 3 0 4120 4150 4155
8208 3 0 4147 4154 4156
8209 3 0 4156 4152 4151
8210 3 0 4151 4145 4147
8211 3 0 4147 4156 4151
8212 3 0 4155 4152 4156
8213 3 0 4155 4156 4157
8214 3 0 4153 4155 4157
8215 3 0 4153 4157 4158
8216 3 0 4157 4156 4154
8217 3 0 4157 4154 4159
8218 3 0 4158 4157 4159
8219 3 0 4158 4159 4160
8220 3 0 4009 4161 4162
8221 3 0 4162 4147 4146
8222 3 0 4146 3999 4009
8223 3 0 4009 4162 4146
8224 3 0 4154 4147 4162
8225 3 0 4154 4162 4163
8226 3 0 4163 4164 4174
8227 3 0 4174 4160 4159
8228 3 0 4159 4154 4163
8229 3 0 4163 4174 4159
8230 3 0 4163 4162 4161
8231 3 0 4163 4161 4165
8232 3 0 4165 4166 4180
8233 3 0 4165 4180 4163
8234 3 0 4163 4180 4164
8235 3 0 4167 4120 4153
8236 3 0 4167 4153 4168
8237 3 0 4123 4167 4168
8238 3 0 4123 4168 4169
8239 3 0 4168 4153 4158
8240 3 0 4158 4160 4173
8241 3 0 4173 4170 4168
8242 3 0 4168 4158 4173
8243 3 0 4169 4168 4170
8244 3 0 4169 4170 4171
8245 3 0 4124 4123 4169
8246 3 0 4124 4169 4172
8247 3 0 4172 4169 4171
8248 3 0 4173 4160 4174
8249 3 0 4173 4174 4175
8250 3 0 4170 4173 4175
8251 3 0 4170 4175 4176
8252 3 0 4175 4174 4164
8253 3 0 4175 4164 4177
8254 3 0 4176 4175 4177
8255 3 0 4176 4177 4178
8256 3 0 4171 4170 4176
8257 3 0 4171 4176 4179
8258 3 0 4179 4176 4178
8259 3 0 4177 4164 4180
8260 3 0 4177 4180 4181
8261 3 0 4178 4177 4181
8262 3 0 4178 4181 4182
8263 3 0 4181 4180 4166
8264 3 0 4181 4166 4183
8265 3 0 4182 4181 4183
8266 3 0 4182 4183 4184
8267 3 0 4179 4178 4182
8268 3 0 4182 4184 4193
8269 3 0 4193 4185 4179
8270 3 0 4179 4182 4193
8271 3 0 4172 4171 4179
8272 3 0 4179 4185 4201
8273 3 0 4201 4186 4172
8274 3 0 4172 4179 4201
8275 3 0 4161 4009 4027
8276 3 0 4161 4027 4187
8277 3 0 4187 4027 4029
8278 3 0 4187 4188 4191
8279 3 0 4191 4166 4165
8280 3 0 4165 4161 4187
8281 3 0 4187 4191 4165
8282 3 0 4187 4029 4033
8283 3 0 4033 4035 4255
8284 3 0 4255 4189 4187
8285 3 0 4187 4033 4255
8286 3 0 4189 4190 4206
8287 3 0 4189 4206 4187
8288 3 0 4187 4206 4188
8289 3 0 4191 4192 4194
8290 3 0 4194 4184 4183
8291 3 0 4183 4166 4191
8292 3 0 4191 4194 4183
8293 3 0 4193 4184 4194
8294 3 0 4193 4194 4195
8295 3 0 4185 4193 4195
8296 3 0 4185 4195 4196
8297 3 0 4195 4194 4192
8298 3 0 4195 4192 4197
8299 3 0 4196 4195 4197
8300 3 0 4196 4197 4198
8301 3 0 4192 4191 4188
8302 3 0 4192 4188 4199
8303 3 0 4200 4198 4197
8304 3 0 4200 4197 4199
8305 3 0 4199 4197 4192
8306 3 0 4201 4185 4196
8307 3 0 4201 4196 4202
8308 3 0 4202 4196 4198
8309 3 0 4186 4201 4202
8310 3 0 4186 4202 4203
8311 3 0 4198 4200 4211
8312 3 0 4198 4211 4202
8313 3 0 4202 4211 4204
8314 3 0 4203 4202 4204
8315 3 0 4203 4204 4205
8316 3 0 4199 4188 4206
8317 3 0 4199 4206 4207
8318 3 0 4207 4208 4212
8319 3 0 4207 4212 4199
8320 3 0 4199 4212 4200
8321 3 0 4207 4206 4190
8322 3 0 4207 4190 4209
8323 3 0 4208 4207 4209
8324 3 0 4208 4209 4210
8325 3 0 4211 4200 4212
8326 3 0 4211 4212 4213
8327 3 0 4204 4211 4213
8328 3 0 4204 4213 4214
8329 3 0 4213 4212 4208
8330 3 0 4213 4208 4215
8331 3 0 4214 4213 4215
8332 3 0 4214 4215 4216
8333 3 0 4205 4204 4214
8334 3 0 4205 4214 4217
8335 3 0 4217 4214 4216
8336 3 0 4218 4216 4215
8337 3 0 4218 4215 4210
8338 3 0 4210 4215 4208
8339 3 0 4216 4218 4272
8340 3 0 4216 4272 4217
8341 3 0 4217 4272 4219
8342 3 0 4172 4220 4222
8343 3 0 4222 4135 4134
8344 3 0 4134 4124 4172
8345 3 0 4172 4222 4134
8346 3 0 4221 4135 4222
8347 3 0 4221 4222 4223
8348 3 0 4136 4221 4223
8349 3 0 4136 4223 4224
8350 3 0 4223 4222 4220
8351 3 0 4223 4220 4225
8352 3 0 4224 4223 4225
8353 3 0 4224 4225 4226
8354 3 0 4186 4227 4228
8355 3 0 4186 4228 4172
8356 3 0 4172 4228 4220
8357 3 0 4225 4220 4228
8358 3 0 4225 4228 4229
8359 3 0 4226 4225 4229
8360 3 0 4226 4229 4230
8361 3 0 4229 4228 4227
8362 3 0 4229 4227 4231
8363 3 0 4230 4229 4231
8364 3 0 4230 4231 4232
8365 3 0 4233 4136 4224
8366 3 0 4233 4224 4234
8367 3 0 4234 4224 4226
8368 3 0 4137 4233 4234
8369 3 0 4137 4234 4235
8370 3 0 4234 4226 4230
8371 3 0 4230 4232 4242
8372 3 0 4242 4236 4234
8373 3 0 4234 4230 4242
8374 3 0 4235 4234 4236
8375 3 0 4235 4236 4237
8376 3 0 4227 4186 4203
8377 3 0 4227 4203 4238
8378 3 0 4238 4203 4205
8379 3 0 4238 4239 4243
8380 3 0 4243 4232 4231
8381 3 0 4231 4227 4238
8382 3 0 4238 4243 4231
8383 3 0 4238 4205 4217
8384 3 0 4217 4219 4300
8385 3 0 4300 4240 4238
8386 3 0 4238 4217 4300
8387 3 0 4240 4241 4249
8388 3 0 4240 4249 4238
8389 3 0 4238 4249 4239
8390 3 0 4242 4232 4243
8391 3 0 4242 4243 4244
8392 3 0 4236 4242 4244
8393 3 0 4236 4244 4245
8394 3 0 4244 4243 4239
8395 3 0 4244 4239 4246
8396 3 0 4245 4244 4246
8397 3 0 4245 4246 4247
8398 3 0 4237 4236 4245
8399 3 0 4237 4245 4248
8400 3 0 4248 4245 4247
8401 3 0 4246 4239 4249
8402 3 0 4246 4249 4250
8403 3 0 4247 4246 4250
8404 3 0 4247 4250 4251
8405 3 0 4250 4249 4241
8406 3 0 4250 4241 4252
8407 3 0 4251 4250 4252
8408 3 0 4251 4252 4253
8409 3 0 4248 4247 4251
8410 3 0 4248 4251 4254
8411 3 0 4254 4251 4253
8412 3 0 4255 4035 4256
8413 3 0 4255 4256 4257
8414 3 0 4189 4255 4257
8415 3 0 4189 4257 4258
8416 3 0 4257 4256 4049
8417 3 0 4257 4049 4259
8418 3 0 4258 4257 4259
8419 3 0 4258 4259 4260
8420 3 0 4190 4189 4258
8421 3 0 4258 4260 4263
8422 3 0 4263 4261 4190
8423 3 0 4190 4258 4263
8424 3 0 4051 4262 4264
8425 3 0 4264 4260 4259
8426 3 0 4259 4049 4051
8427 3 0 4051 4264 4259
8428 3 0 4263 4260 4264
8429 3 0 4263 4264 4265
8430 3 0 4261 4263 4265
8431 3 0 4261 4265 4266
8432 3 0 4265 4264 4262
8433 3 0 4265 4262 4267
8434 3 0 4266 4265 4267
8435 3 0 4266 4267 4268
8436 3 0 4261 4269 4270
8437 3 0 4270 4210 4209
8438 3 0 4209 4190 4261
8439 3 0 4261 4270 4209
8440 3 0 4270 4271 4273
8441 3 0 4270 4273 4210
8442 3 0 4210 4273 4218
8443 3 0 4272 4218 4273
8444 3 0 4272 4273 4274
8445 3 0 4219 4272 4274
8446 3 0 4219 4274 4275
8447 3 0 4274 4273 4271
8448 3 0 4274 4271 4276
8449 3 0 4275 4274 4276
8450 3 0 4275 4276 4277
8451 3 0 4271 4270 4269
8452 3 0 4271 4269 4278
8453 3 0 4279 4277 4276
8454 3 0 4279 4276 4278
8455 3 0 4278 4276 4271
8456 3 0 4269 4261 4266
8457 3 0 4266 4268 4280
8458 3 0 4281 4266 4280
8459 3 0 4269 4266 4281
8460 3 0 4278 4269 4281
8461 3 0 4278 4281 4282
8462 3 0 4282 4283 4307
8463 3 0 4282 4307 4278
8464 3 0 4278 4307 4279
8465 3 0 4282 4281 4280
8466 3 0 4282 4280 4284
8467 3 0 4284 4285 4313
8468 3 0 4284 4313 4282
8469 3 0 4282 4313 4283
8470 3 0 4262 4051 4286
8471 3 0 4262 4286 4287
8472 3 0 4288 4268 4267
8473 3 0 4288 4267 4287
8474 3 0 4287 4267 4262
8475 3 0 4287 4286 4053
8476 3 0 4287 4053 4289
8477 3 0 4289 4290 4294
8478 3 0 4289 4294 4287
8479 3 0 4287 4294 4288
8480 3 0 4268 4288 4293
8481 3 0 4268 4293 4280
8482 3 0 4280 4293 4291
8483 3 0 4291 4292 4329
8484 3 0 4329 4285 4284
8485 3 0 4284 4280 4291
8486 3 0 4291 4329 4284
8487 3 0 4293 4288 4294
8488 3 0 4293 4294 4295
8489 3 0 4291 4293 4295
8490 3 0 4291 4295 4296
8491 3 0 4295 4294 4290
8492 3 0 4295 4290 4297
8493 3 0 4296 4295 4297
8494 3 0 4296 4297 4298
8495 3 0 4292 4291 4296
8496 3 0 4296 4298 4299
8497 3 0 4344 4296 4299
8498 3 0 4292 4296 4344
8499 3 0 4300 4219 4275
8500 3 0 4300 4275 4301
8501 3 0 4301 4275 4277
8502 3 0 4240 4300 4301
8503 3 0 4240 4301 4302
8504 3 0 4277 4279 4306
8505 3 0 4277 4306 4301
8506 3 0 4301 4306 4303
8507 3 0 4302 4301 4303
8508 3 0 4302 4303 4304
8509 3 0 4241 4240 4302
8510 3 0 4241 4302 4305
8511 3 0 4305 4302 4304
8512 3 0 4306 4279 4307
8513 3 0 4306 4307 4308
8514 3 0 4303 4306 4308
8515 3 0 4303 4308 4309
8516 3 0 4308 4307 4283
8517 3 0 4308 4283 4310
8518 3 0 4309 4308 4310
8519 3 0 4309 4310 4311
8520 3 0 4304 4303 4309
8521 3 0 4304 4309 4312
8522 3 0 4312 4309 4311
8523 3 0 4310 4283 4313
8524 3 0 4310 4313 4314
8525 3 0 4311 4310 4314
8526 3 0 4311 4314 4315
8527 3 0 4314 4313 4285
8528 3 0 4314 4285 4316
8529 3 0 4315 4314 4316
8530 3 0 4315 4316 4317
8531 3 0 4312 4311 4315
8532 3 0 4312 4315 4318
8533 3 0 4318 4315 4317
8534 3 0 4305 4304 4312
8535 3 0 4312 4318 4339
8536 3 0 4339 4319 4305
8537 3 0 4305 4312 4339
8538 3 0 4320 4253 4252
8539 3 0 4320 4252 4305
8540 3 0 4305 4252 4241
8541 3 0 4253 4320 4323
8542 3 0 4253 4323 4254
8543 3 0 4254 4323 4321
8544 3 0 4319 4322 4324
8545 3 0 4319 4324 4305
8546 3 0 4305 4324 4320
8547 3 0 4323 4320 4324
8548 3 0 4323 4324 4325
8549 3 0 4321 4323 4325
8550 3 0 4321 4325 4326
8551 3 0 4325 4324 4322
8552 3 0 4325 4322 4327
8553 3 0 4326 4325 4327
8554 3 0 4326 4327 4328
8555 3 0 4330 4317 4316
8556 3 0 4330 4316 4329
8557 3 0 4329 4316 4285
8558 3 0 4317 4330 4333
8559 3 0 4317 4333 4318
8560 3 0 4318 4333 4331
8561 3 0 4292 4332 4334
8562 3 0 4292 4334 4329
8563 3 0 4329 4334 4330
8564 3 0 4333 4330 4334
8565 3 0 4333 4334 4335
8566 3 0 4331 4333 4335
8567 3 0 4331 4335 4336
8568 3 0 4335 4334 4332
8569 3 0 4335 4332 4337
8570 3 0 4336 4335 4337
8571 3 0 4336 4337 4338
8572 3 0 4339 4318 4331
8573 3 0 4339 4331 4340
8574 3 0 4319 4339 4340
8575 3 0 4319 4340 4341
8576 3 0 4340 4331 4336
8577 3 0 4336 4338 4349
8578 3 0 4349 4342 4340
8579 3 0 4340 4336 4349
8580 3 0 4341 4340 4342
8581 3 0 4341 4342 4343
8582 3 0 4332 4292 4344
8583 3 0 4332 4344 4345
8584 3 0 4345 4346 4350
8585 3 0 4350 4338 4337
8586 3 0 4337 4332 4345
8587 3 0 4345 4350 4337
8588 3 0 4345 4344 4299
8589 3 0 4345 4299 4347
8590 3 0 4347 4348 4356
8591 3 0 4347 4356 4345
8592 3 0 4345 4356 4346
8593 3 0 4349 4338 4350
8594 3 0 4349 4350 4351
8595 3 0 4342 4349 4351
8596 3 0 4342 4351 4352
8597 3 0 4351 4350 4346
8598 3 0 4351 4346 4353
8599 3 0 4352 4351 4353
8600 3 0 4352 4353 4354
8601 3 0 4343 4342 4352
8602 3 0 4343 4352 4355
8603 3 0 4355 4352 4354
8604 3 0 4353 4346 4356
8605 3 0 4353 4356 4357
8606 3 0 4354 4353 4357
8607 3 0 4354 4357 4358
8608 3 0 4357 4356 4348
8609 3 0 4357 4348 4359
8610 3 0 4358 4357 4359
8611 3 0 4358 4359 4360
8612 3 0 4355 4354 4358
8613 3 0 4358 4360 4473
8614 3 0 4473 4361 4355
8615 3 0 4355 4358 4473
8616 3 0 4322 4319 4341
8617 3 0 4341 4343 4362
8618 3 0 4363 4341 4362
8619 3 0 4322 4341 4363
8620 3 0 4327 4322 4363
8621 3 0 4327 4363 4364
8622 3 0 4328 4327 4364
8623 3 0 4328 4364 4365
8624 3 0 4364 4363 4362
8625 3 0 4364 4362 4366
8626 3 0 4365 4364 4366
8627 3 0 4365 4366 4367
8628 3 0 4369 4491 4368
8629 3 0 4491 4369 4355
8630 3 0 4355 4361 4491
8631 3 0 4362 4343 4355
8632 3 0 4362 4355 4369
8633 3 0 4366 4362 4369
8634 3 0 4366 4369 4370
8635 3 0 4367 4366 4370
8636 3 0 4367 4370 4371
8637 3 0 4370 4369 4368
8638 3 0 4370 4368 4372
8639 3 0 4371 4370 4372
8640 3 0 4371 4372 4373
8641 3 0 4374 4137 4235
8642 3 0 4374 4235 4375
8643 3 0 4375 4235 4237
8644 3 0 4141 4374 4375
8645 3 0 4141 4375 4376
8646 3 0 4375 4237 4248
8647 3 0 4248 4254 4380
8648 3 0 4380 4377 4375
8649 3 0 4375 4248 4380
8650 3 0 4376 4375 4377
8651 3 0 4376 4377 4378
8652 3 0 4142 4141 4376
8653 3 0 4142 4376 4379
8654 3 0 4379 4376 4378
8655 3 0 4380 4254 4321
8656 3 0 4380 4321 4381
8657 3 0 4377 4380 4381
8658 3 0 4377 4381 4382
8659 3 0 4381 4321 4326
8660 3 0 4381 4326 4383
8661 3 0 4383 4326 4328
8662 3 0 4382 4381 4383
8663 3 0 4382 4383 4384
8664 3 0 4378 4377 4382
8665 3 0 4378 4382 4385
8666 3 0 4385 4382 4384
8667 3 0 4383 4328 4365
8668 3 0 4383 4365 4386
8669 3 0 4386 4365 4367
8670 3 0 4384 4383 4386
8671 3 0 4384 4386 4387
8672 3 0 4386 4367 4371
8673 3 0 4386 4371 4388
8674 3 0 4388 4371 4373
8675 3 0 4387 4386 4388
8676 3 0 4387 4388 4389
8677 3 0 4385 4384 4387
8678 3 0 4385 4387 4390
8679 3 0 4390 4387 4389
8680 3 0 4379 4378 4385
8681 3 0 4379 4385 4391
8682 3 0 4391 4385 4390
8683 3 0 3187 3579 4394
8684 3 0 3187 4394 3969
8685 3 0 3969 4394 4392
8686 3 0 3970 3969 4392
8687 3 0 3970 4392 4393
8688 3 0 4394 3579 3597
8689 3 0 4394 3597 4395
8690 3 0 4392 4394 4395
8691 3 0 4392 4395 4396
8692 3 0 4395 3597 3618
8693 3 0 4395 3618 4397
8694 3 0 4397 3618 3620
8695 3 0 4396 4395 4397
8696 3 0 4396 4397 4398
8697 3 0 4393 4392 4396
8698 3 0 4393 4396 4399
8699 3 0 4399 4396 4398
8700 3 0 4393 4400 4401
8701 3 0 4401 4045 4044
8702 3 0 4044 3970 4393
8703 3 0 4393 4401 4044
8704 3 0 4052 4045 4401
8705 3 0 4052 4401 4402
8706 3 0 4402 4403 4420
8707 3 0 4402 4420 4052
8708 3 0 4052 4420 4053
8709 3 0 4402 4401 4400
8710 3 0 4402 4400 4404
8711 3 0 4404 4405 4446
8712 3 0 4404 4446 4402
8713 3 0 4402 4446 4403
8714 3 0 4400 4393 4399
8715 3 0 4400 4399 4406
8716 3 0 4406 4407 4552
8717 3 0 4552 4405 4404
8718 3 0 4404 4400 4406
8719 3 0 4406 4552 4404
8720 3 0 4410 3712 3717
8721 3 0 3712 4410 4397
8722 3 0 4397 3620 3712
8723 3 0 4408 4398 4397
8724 3 0 4408 4397 4410
8725 3 0 4399 4398 4408
8726 3 0 4399 4408 4409
8727 3 0 4410 3717 3723
8728 3 0 4410 3723 4411
8729 3 0 4408 4410 4411
8730 3 0 4408 4411 4412
8731 3 0 4411 3723 3725
8732 3 0 4411 3725 4413
8733 3 0 4411 4413 7958
8734 3 0 4411 7958 4412
8735 3 0 4412 7958 4414
8736 3 0 4409 4408 4412
8737 3 0 4412 4414 7987
8738 3 0 7987 4415 4409
8739 3 0 4409 4412 7987
8740 3 0 4406 4399 4409
8741 3 0 4406 4409 4416
8742 3 0 4416 4417 4692
8743 3 0 4416 4692 4406
8744 3 0 4406 4692 4407
8745 3 0 4409 4415 8040
8746 3 0 4409 8040 4416
8747 3 0 4416 8040 4418
8748 3 0 4416 4418 8045
8749 3 0 8045 4419 4736
8750 3 0 4736 4417 4416
8751 3 0 4416 8045 4736
8752 3 0 4289 4053 4420
8753 3 0 4289 4420 4421
8754 3 0 4421 4422 4425
8755 3 0 4421 4425 4289
8756 3 0 4289 4425 4290
8757 3 0 4421 4420 4403
8758 3 0 4421 4403 4423
8759 3 0 4423 4424 4431
8760 3 0 4423 4431 4421
8761 3 0 4421 4431 4422
8762 3 0 4297 4290 4425
8763 3 0 4297 4425 4426
8764 3 0 4298 4297 4426
8765 3 0 4298 4426 4427
8766 3 0 4426 4425 4422
8767 3 0 4426 4422 4428
8768 3 0 4427 4426 4428
8769 3 0 4427 4428 4429
8770 3 0 4299 4298 4427
8771 3 0 4427 4429 4441
8772 3 0 4441 4430 4299
8773 3 0 4299 4427 4441
8774 3 0 4428 4422 4431
8775 3 0 4428 4431 4432
8776 3 0 4428 4432 4435
8777 3 0 4428 4435 4429
8778 3 0 4429 4435 4433
8779 3 0 4424 4434 4436
8780 3 0 4424 4436 4431
8781 3 0 4431 4436 4432
8782 3 0 4435 4432 4436
8783 3 0 4435 4436 4437
8784 3 0 4433 4435 4437
8785 3 0 4433 4437 4438
8786 3 0 4437 4436 4434
8787 3 0 4437 4434 4439
8788 3 0 4438 4437 4439
8789 3 0 4438 4439 4440
8790 3 0 4441 4429 4433
8791 3 0 4441 4433 4442
8792 3 0 4430 4441 4442
8793 3 0 4430 4442 4443
8794 3 0 4442 4433 4438
8795 3 0 4442 4438 4444
8796 3 0 4444 4438 4440
8797 3 0 4443 4442 4444
8798 3 0 4443 4444 4445
8799 3 0 4423 4403 4446
8800 3 0 4423 4446 4447
8801 3 0 4447 4448 4451
8802 3 0 4447 4451 4423
8803 3 0 4423 4451 4424
8804 3 0 4447 4446 4405
8805 3 0 4447 4405 4449
8806 3 0 4448 4447 4449
8807 3 0 4448 4449 4450
8808 3 0 4451 4452 4453
8809 3 0 4451 4453 4424
8810 3 0 4424 4453 4434
8811 3 0 4439 4434 4453
8812 3 0 4439 4453 4454
8813 3 0 4440 4439 4454
8814 3 0 4440 4454 4455
8815 3 0 4454 4453 4452
8816 3 0 4454 4452 4456
8817 3 0 4455 4454 4456
8818 3 0 4455 4456 4457
8819 3 0 4452 4451 4448
8820 3 0 4452 4448 4458
8821 3 0 4459 4457 4456
8822 3 0 4459 4456 4458
8823 3 0 4458 4456 4452
8824 3 0 4444 4440 4455
8825 3 0 4444 4455 4460
8826 3 0 4460 4455 4457
8827 3 0 4445 4444 4460
8828 3 0 4445 4460 4461
8829 3 0 4460 4457 4459
8830 3 0 4460 4459 4462
8831 3 0 4461 4460 4462
8832 3 0 4461 4462 4463
8833 3 0 4450 4464 4465
8834 3 0 4465 4459 4458
8835 3 0 4458 4448 4450
8836 3 0 4450 4465 4458
8837 3 0 4462 4459 4465
8838 3 0 4462 4465 4466
8839 3 0 4463 4462 4466
8840 3 0 4463 4466 4467
8841 3 0 4466 4465 4464
8842 3 0 4466 4464 4468
8843 3 0 4467 4466 4468
8844 3 0 4467 4468 4469
8845 3 0 4430 4470 4471
8846 3 0 4471 4348 4347
8847 3 0 4347 4299 4430
8848 3 0 4430 4471 4347
8849 3 0 4471 4472 4474
8850 3 0 4474 4360 4359
8851 3 0 4359 4348 4471
8852 3 0 4471 4474 4359
8853 3 0 4473 4360 4474
8854 3 0 4473 4474 4475
8855 3 0 4361 4473 4475
8856 3 0 4361 4475 4476
8857 3 0 4475 4474 4472
8858 3 0 4475 4472 4477
8859 3 0 4476 4475 4477
8860 3 0 4476 4477 4478
8861 3 0 4470 4479 4480
8862 3 0 4470 4480 4471
8863 3 0 4471 4480 4472
8864 3 0 4477 4472 4480
8865 3 0 4477 4480 4481
8866 3 0 4478 4477 4481
8867 3 0 4478 4481 4482
8868 3 0 4481 4480 4479
8869 3 0 4481 4479 4483
8870 3 0 4482 4481 4483
8871 3 0 4482 4483 4484
8872 3 0 4470 4430 4443
8873 3 0 4443 4445 4485
8874 3 0 4486 4443 4485
8875 3 0 4470 4443 4486
8876 3 0 4479 4470 4486
8877 3 0 4479 4486 4487
8878 3 0 4487 4488 4498
8879 3 0 4498 4484 4483
8880 3 0 4483 4479 4487
8881 3 0 4487 4498 4483
8882 3 0 4487 4486 4485
8883 3 0 4487 4485 4489
8884 3 0 4489 4490 4504
8885 3 0 4489 4504 4487
8886 3 0 4487 4504 4488
8887 3 0 4491 4361 4476
8888 3 0 4491 4476 4492
8889 3 0 4492 4476 4478
8890 3 0 4368 4491 4492
8891 3 0 4368 4492 4493
8892 3 0 4492 4478 4482
8893 3 0 4482 4484 4497
8894 3 0 4497 4494 4492
8895 3 0 4492 4482 4497
8896 3 0 4493 4492 4494
8897 3 0 4493 4494 4495
8898 3 0 4496 4373 4372
8899 3 0 4372 4368 4493
8900 3 0 4493 4495 4496
8901 3 0 4496 4372 4493
8902 3 0 4497 4484 4498
8903 3 0 4497 4498 4499
8904 3 0 4494 4497 4499
8905 3 0 4494 4499 4500
8906 3 0 4499 4498 4488
8907 3 0 4499 4488 4501
8908 3 0 4500 4499 4501
8909 3 0 4500 4501 4502
8910 3 0 4495 4494 4500
8911 3 0 4495 4500 4503
8912 3 0 4503 4500 4502
8913 3 0 4501 4488 4504
8914 3 0 4501 4504 4505
8915 3 0 4502 4501 4505
8916 3 0 4502 4505 4506
8917 3 0 4505 4504 4490
8918 3 0 4505 4490 4507
8919 3 0 4506 4505 4507
8920 3 0 4506 4507 4508
8921 3 0 4503 4502 4506
8922 3 0 4506 4508 4517
8923 3 0 4517 4509 4503
8924 3 0 4503 4506 4517
8925 3 0 4622 4529 4510
8926 3 0 4529 4622 4503
8927 3 0 4503 4509 4529
8928 3 0 4496 4495 4503
8929 3 0 4496 4503 4622
8930 3 0 4485 4445 4461
8931 3 0 4485 4461 4511
8932 3 0 4511 4461 4463
8933 3 0 4511 4512 4515
8934 3 0 4515 4490 4489
8935 3 0 4489 4485 4511
8936 3 0 4511 4515 4489
8937 3 0 4511 4463 4467
8938 3 0 4511 4467 4513
8939 3 0 4513 4467 4469
8940 3 0 4513 4514 4534
8941 3 0 4513 4534 4511
8942 3 0 4511 4534 4512
8943 3 0 4515 4516 4518
8944 3 0 4518 4508 4507
8945 3 0 4507 4490 4515
8946 3 0 4515 4518 4507
8947 3 0 4517 4508 4518
8948 3 0 4517 4518 4519
8949 3 0 4509 4517 4519
8950 3 0 4509 4519 4520
8951 3 0 4519 4518 4516
8952 3 0 4519 4516 4521
8953 3 0 4520 4519 4521
8954 3 0 4520 4521 4522
8955 3 0 4512 4523 4524
8956 3 0 4512 4524 4515
8957 3 0 4515 4524 4516
8958 3 0 4521 4516 4524
8959 3 0 4521 4524 4525
8960 3 0 4522 4521 4525
8961 3 0 4522 4525 4526
8962 3 0 4525 4524 4523
8963 3 0 4525 4523 4527
8964 3 0 4526 4525 4527
8965 3 0 4526 4527 4528
8966 3 0 4529 4509 4520
8967 3 0 4529 4520 4530
8968 3 0 4530 4520 4522
8969 3 0 4510 4529 4530
8970 3 0 4510 4530 4531
8971 3 0 4530 4522 4526
8972 3 0 4526 4528 4539
8973 3 0 4539 4532 4530
8974 3 0 4530 4526 4539
8975 3 0 4531 4530 4532
8976 3 0 4531 4532 4533
8977 3 0 4523 4512 4534
8978 3 0 4523 4534 4535
8979 3 0 4535 4536 4540
8980 3 0 4540 4528 4527
8981 3 0 4527 4523 4535
8982 3 0 4535 4540 4527
8983 3 0 4535 4534 4514
8984 3 0 4535 4514 4537
8985 3 0 4537 4538 4546
8986 3 0 4537 4546 4535
8987 3 0 4535 4546 4536
8988 3 0 4539 4528 4540
8989 3 0 4539 4540 4541
8990 3 0 4532 4539 4541
8991 3 0 4532 4541 4542
8992 3 0 4541 4540 4536
8993 3 0 4541 4536 4543
8994 3 0 4542 4541 4543
8995 3 0 4542 4543 4544
8996 3 0 4533 4532 4542
8997 3 0 4533 4542 4545
8998 3 0 4545 4542 4544
8999 3 0 4543 4536 4546
9000 3 0 4543 4546 4547
9001 3 0 4544 4543 4547
9002 3 0 4544 4547 4548
9003 3 0 4547 4546 4538
9004 3 0 4547 4538 4549
9005 3 0 4548 4547 4549
9006 3 0 4548 4549 4550
9007 3 0 4545 4544 4548
9008 3 0 4545 4548 4551
9009 3 0 4551 4548 4550
9010 3 0 4552 4553 4554
9011 3 0 4554 4450 4449
9012 3 0 4449 4405 4552
9013 3 0 4552 4554 4449
9014 3 0 4464 4450 4554
9015 3 0 4464 4554 4555
9016 3 0 4556 4469 4468
9017 3 0 4556 4468 4555
9018 3 0 4555 4468 4464
9019 3 0 4555 4554 4553
9020 3 0 4555 4553 4557
9021 3 0 4557 4558 4568
9022 3 0 4557 4568 4555
9023 3 0 4555 4568 4556
9024 3 0 4407 4559 4560
9025 3 0 4407 4560 4552
9026 3 0 4552 4560 4553
9027 3 0 4557 4553 4560
9028 3 0 4557 4560 4561
9029 3 0 4561 4562 4599
9030 3 0 4561 4599 4557
9031 3 0 4557 4599 4558
9032 3 0 4561 4560 4559
9033 3 0 4561 4559 4563
9034 3 0 4562 4561 4563
9035 3 0 4562 4563 4564
9036 3 0 4469 4556 4567
9037 3 0 4469 4567 4513
9038 3 0 4513 4567 4565
9039 3 0 4514 4513 4565
9040 3 0 4514 4565 4566
9041 3 0 4567 4556 4568
9042 3 0 4567 4568 4569
9043 3 0 4565 4567 4569
9044 3 0 4565 4569 4570
9045 3 0 4569 4568 4558
9046 3 0 4569 4558 4571
9047 3 0 4570 4569 4571
9048 3 0 4570 4571 4572
9049 3 0 4566 4565 4570
9050 3 0 4566 4570 4573
9051 3 0 4573 4570 4572
9052 3 0 4566 4574 4575
9053 3 0 4575 4538 4537
9054 3 0 4537 4514 4566
9055 3 0 4566 4575 4537
9056 3 0 4576 4550 4549
9057 3 0 4576 4549 4575
9058 3 0 4575 4549 4538
9059 3 0 4550 4576 4579
9060 3 0 4550 4579 4551
9061 3 0 4551 4579 4577
9062 3 0 4574 4578 4580
9063 3 0 4574 4580 4575
9064 3 0 4575 4580 4576
9065 3 0 4579 4576 4580
9066 3 0 4579 4580 4581
9067 3 0 4577 4579 4581
9068 3 0 4577 4581 4582
9069 3 0 4581 4580 4578
9070 3 0 4581 4578 4583
9071 3 0 4582 4581 4583
9072 3 0 4582 4583 4584
9073 3 0 4573 4585 4586
9074 3 0 4573 4586 4566
9075 3 0 4566 4586 4574
9076 3 0 4586 4587 4588
9077 3 0 4586 4588 4574
9078 3 0 4574 4588 4578
9079 3 0 4583 4578 4588
9080 3 0 4583 4588 4589
9081 3 0 4584 4583 4589
9082 3 0 4584 4589 4590
9083 3 0 4589 4588 4587
9084 3 0 4589 4587 4591
9085 3 0 4590 4589 4591
9086 3 0 4590 4591 4592
9087 3 0 4585 4593 4594
9088 3 0 4585 4594 4586
9089 3 0 4586 4594 4587
9090 3 0 4591 4587 4594
9091 3 0 4591 4594 4595
9092 3 0 4592 4591 4595
9093 3 0 4592 4595 4596
9094 3 0 4595 4594 4593
9095 3 0 4595 4593 4597
9096 3 0 4596 4595 4597
9097 3 0 4596 4597 4598
9098 3 0 4571 4558 4599
9099 3 0 4571 4599 4600
9100 3 0 4572 4571 4600
9101 3 0 4572 4600 4601
9102 3 0 4600 4599 4562
9103 3 0 4600 4562 4602
9104 3 0 4601 4600 4602
9105 3 0 4601 4602 4603
9106 3 0 4573 4572 4601
9107 3 0 4573 4601 4604
9108 3 0 4604 4601 4603
9109 3 0 4605 4603 4602
9110 3 0 4605 4602 4564
9111 3 0 4564 4602 4562
9112 3 0 4604 4603 4605
9113 3 0 4604 4605 4606
9114 3 0 4604 4607 4608
9115 3 0 4604 4608 4573
9116 3 0 4573 4608 4585
9117 3 0 4593 4585 4608
9118 3 0 4593 4608 4609
9119 3 0 4609 4610 4653
9120 3 0 4653 4598 4597
9121 3 0 4597 4593 4609
9122 3 0 4609 4653 4597
9123 3 0 4609 4608 4607
9124 3 0 4609 4607 4611
9125 3 0 4611 4612 4659
9126 3 0 4611 4659 4609
9127 3 0 4609 4659 4610
9128 3 0 4606 4613 4614
9129 3 0 4606 4614 4604
9130 3 0 4604 4614 4607
9131 3 0 4611 4607 4614
9132 3 0 4611 4614 4615
9133 3 0 4615 4616 4670
9134 3 0 4615 4670 4611
9135 3 0 4611 4670 4612
9136 3 0 4615 4614 4613
9137 3 0 4615 4613 4617
9138 3 0 4616 4615 4617
9139 3 0 4616 4617 4618
9140 3 0 4373 4496 4621
9141 3 0 4373 4621 4388
9142 3 0 4388 4621 4619
9143 3 0 4389 4388 4619
9144 3 0 4389 4619 4620
9145 3 0 4621 4496 4622
9146 3 0 4621 4622 4623
9147 3 0 4619 4621 4623
9148 3 0 4619 4623 4624
9149 3 0 4623 4622 4510
9150 3 0 4623 4510 4625
9151 3 0 4624 4623 4625
9152 3 0 4624 4625 4626
9153 3 0 4620 4619 4624
9154 3 0 4620 4624 4627
9155 3 0 4627 4624 4626
9156 3 0 4390 4389 4620
9157 3 0 4390 4620 4628
9158 3 0 4628 4620 4627
9159 3 0 4625 4510 4531
9160 3 0 4625 4531 4629
9161 3 0 4626 4625 4629
9162 3 0 4626 4629 4630
9163 3 0 4629 4531 4533
9164 3 0 4629 4533 4631
9165 3 0 4630 4629 4631
9166 3 0 4630 4631 4632
9167 3 0 4627 4626 4630
9168 3 0 4627 4630 4633
9169 3 0 4633 4630 4632
9170 3 0 4631 4533 4545
9171 3 0 4631 4545 4634
9172 3 0 4632 4631 4634
9173 3 0 4632 4634 4635
9174 3 0 4634 4545 4551
9175 3 0 4634 4551 4636
9176 3 0 4635 4634 4636
9177 3 0 4635 4636 4637
9178 3 0 4633 4632 4635
9179 3 0 4633 4635 4638
9180 3 0 4638 4635 4637
9181 3 0 4628 4627 4633
9182 3 0 4628 4633 4639
9183 3 0 4639 4633 4638
9184 3 0 4391 4390 4628
9185 3 0 4628 4639 4687
9186 3 0 4687 4640 4391
9187 3 0 4391 4628 4687
9188 3 0 4636 4551 4577
9189 3 0 4636 4577 4641
9190 3 0 4637 4636 4641
9191 3 0 4637 4641 4642
9192 3 0 4641 4577 4582
9193 3 0 4641 4582 4643
9194 3 0 4643 4582 4584
9195 3 0 4642 4641 4643
9196 3 0 4642 4643 4644
9197 3 0 4638 4637 4642
9198 3 0 4638 4642 4645
9199 3 0 4645 4642 4644
9200 3 0 4643 4584 4590
9201 3 0 4643 4590 4646
9202 3 0 4646 4590 4592
9203 3 0 4644 4643 4646
9204 3 0 4644 4646 4647
9205 3 0 4646 4592 4596
9206 3 0 4596 4598 4652
9207 3 0 4652 4648 4646
9208 3 0 4646 4596 4652
9209 3 0 4647 4646 4648
9210 3 0 4647 4648 4649
9211 3 0 4645 4644 4647
9212 3 0 4647 4649 4665
9213 3 0 4665 4650 4645
9214 3 0 4645 4647 4665
9215 3 0 4639 4638 4645
9216 3 0 4645 4650 4682
9217 3 0 4682 4651 4639
9218 3 0 4639 4645 4682
9219 3 0 4652 4598 4653
9220 3 0 4652 4653 4654
9221 3 0 4648 4652 4654
9222 3 0 4648 4654 4655
9223 3 0 4654 4653 4610
9224 3 0 4654 4610 4656
9225 3 0 4655 4654 4656
9226 3 0 4655 4656 4657
9227 3 0 4649 4648 4655
9228 3 0 4649 4655 4658
9229 3 0 4658 4655 4657
9230 3 0 4656 4610 4659
9231 3 0 4656 4659 4660
9232 3 0 4657 4656 4660
9233 3 0 4657 4660 4661
9234 3 0 4660 4659 4612
9235 3 0 4660 4612 4662
9236 3 0 4661 4660 4662
9237 3 0 4661 4662 4663
9238 3 0 4658 4657 4661
9239 3 0 4658 4661 4664
9240 3 0 4664 4661 4663
9241 3 0 4665 4649 4658
9242 3 0 4665 4658 4666
9243 3 0 4650 4665 4666
9244 3 0 4650 4666 4667
9245 3 0 4666 4658 4664
9246 3 0 4666 4664 4668
9247 3 0 4667 4666 4668
9248 3 0 4667 4668 4669
9249 3 0 4662 4612 4670
9250 3 0 4662 4670 4671
9251 3 0 4663 4662 4671
9252 3 0 4663 4671 4672
9253 3 0 4671 4670 4616
9254 3 0 4671 4616 4673
9255 3 0 4672 4671 4673
9256 3 0 4672 4673 4674
9257 3 0 4664 4663 4672
9258 3 0 4664 4672 4675
9259 3 0 4675 4672 4674
9260 3 0 4676 4674 4673
9261 3 0 4676 4673 4618
9262 3 0 4618 4673 4616
9263 3 0 4674 4676 4773
9264 3 0 4674 4773 4675
9265 3 0 4675 4773 4677
9266 3 0 4668 4664 4675
9267 3 0 4668 4675 4678
9268 3 0 4669 4668 4678
9269 3 0 4669 4678 4679
9270 3 0 4678 4675 4677
9271 3 0 4678 4677 4680
9272 3 0 4679 4678 4680
9273 3 0 4679 4680 4681
9274 3 0 4682 4650 4667
9275 3 0 4682 4667 4683
9276 3 0 4683 4667 4669
9277 3 0 4651 4682 4683
9278 3 0 4651 4683 4684
9279 3 0 4683 4669 4679
9280 3 0 4683 4679 4685
9281 3 0 4685 4679 4681
9282 3 0 4684 4683 4685
9283 3 0 4684 4685 4686
9284 3 0 4687 4639 4651
9285 3 0 4687 4651 4688
9286 3 0 4640 4687 4688
9287 3 0 4640 4688 4689
9288 3 0 4688 4651 4684
9289 3 0 4688 4684 4690
9290 3 0 4690 4684 4686
9291 3 0 4689 4688 4690
9292 3 0 4689 4690 4691
9293 3 0 4559 4407 4692
9294 3 0 4559 4692 4693
9295 3 0 4563 4702 4564
9296 3 0 4702 4563 4696
9297 3 0 4696 4694 4702
9298 3 0 4559 4693 4696
9299 3 0 4559 4696 4563
9300 3 0 4417 4695 4697
9301 3 0 4417 4697 4692
9302 3 0 4692 4697 4693
9303 3 0 4696 4693 4697
9304 3 0 4696 4697 4698
9305 3 0 4694 4696 4698
9306 3 0 4694 4698 4699
9307 3 0 4698 4697 4695
9308 3 0 4698 4695 4700
9309 3 0 4700 4701 4723
9310 3 0 4700 4723 4698
9311 3 0 4698 4723 4699
9312 3 0 4605 4564 4702
9313 3 0 4605 4702 4703
9314 3 0 4605 4703 4706
9315 3 0 4605 4706 4606
9316 3 0 4606 4706 4704
9317 3 0 4694 4705 4707
9318 3 0 4694 4707 4702
9319 3 0 4702 4707 4703
9320 3 0 4706 4703 4707
9321 3 0 4706 4707 4708
9322 3 0 4704 4706 4708
9323 3 0 4704 4708 4709
9324 3 0 4708 4707 4705
9325 3 0 4708 4705 4710
9326 3 0 4709 4708 4710
9327 3 0 4709 4710 4711
9328 3 0 4613 4606 4704
9329 3 0 4613 4704 4712
9330 3 0 4712 4713 4771
9331 3 0 4771 4618 4617
9332 3 0 4617 4613 4712
9333 3 0 4712 4771 4617
9334 3 0 4712 4704 4709
9335 3 0 4712 4709 4714
9336 3 0 4714 4709 4711
9337 3 0 4714 4715 4789
9338 3 0 4714 4789 4712
9339 3 0 4712 4789 4713
9340 3 0 4694 4699 4722
9341 3 0 4722 4716 4717
9342 3 0 4717 4705 4694
9343 3 0 4694 4722 4717
9344 3 0 4710 4705 4717
9345 3 0 4710 4717 4718
9346 3 0 4711 4710 4718
9347 3 0 4711 4718 4719
9348 3 0 4718 4717 4716
9349 3 0 4718 4716 4720
9350 3 0 4719 4718 4720
9351 3 0 4719 4720 4721
9352 3 0 4722 4699 4723
9353 3 0 4722 4723 4724
9354 3 0 4716 4722 4724
9355 3 0 4716 4724 4725
9356 3 0 4724 4723 4701
9357 3 0 4724 4701 4726
9358 3 0 4725 4724 4726
9359 3 0 4725 4726 4727
9360 3 0 4720 4716 4725
9361 3 0 4720 4725 4728
9362 3 0 4721 4720 4728
9363 3 0 4721 4728 4729
9364 3 0 4728 4725 4727
9365 3 0 4728 4727 4730
9366 3 0 4729 4728 4730
9367 3 0 4729 4730 4731
9368 3 0 4714 4711 4719
9369 3 0 4714 4719 4732
9370 3 0 4732 4719 4721
9371 3 0 4732 4733 4802
9372 3 0 4732 4802 4714
9373 3 0 4714 4802 4715
9374 3 0 4732 4721 4729
9375 3 0 4732 4729 4734
9376 3 0 4734 4729 4731
9377 3 0 4733 4732 4734
9378 3 0 4733 4734 4735
9379 3 0 4695 4417 4736
9380 3 0 4695 4736 4737
9381 3 0 4737 4738 4741
9382 3 0 4741 4701 4700
9383 3 0 4700 4695 4737
9384 3 0 4737 4741 4700
9385 3 0 4737 4736 4419
9386 3 0 4737 4419 4739
9387 3 0 4739 4740 4758
9388 3 0 4739 4758 4737
9389 3 0 4737 4758 4738
9390 3 0 4741 4742 4743
9391 3 0 4743 4727 4726
9392 3 0 4726 4701 4741
9393 3 0 4741 4743 4726
9394 3 0 4730 4727 4743
9395 3 0 4730 4743 4744
9396 3 0 4731 4730 4744
9397 3 0 4731 4744 4745
9398 3 0 4744 4743 4742
9399 3 0 4744 4742 4746
9400 3 0 4745 4744 4746
9401 3 0 4745 4746 4747
9402 3 0 4738 4748 4749
9403 3 0 4738 4749 4741
9404 3 0 4741 4749 4742
9405 3 0 4746 4742 4749
9406 3 0 4746 4749 4750
9407 3 0 4747 4746 4750
9408 3 0 4747 4750 4751
9409 3 0 4750 4749 4748
9410 3 0 4750 4748 4752
9411 3 0 4751 4750 4752
9412 3 0 4751 4752 4753
9413 3 0 4734 4731 4745
9414 3 0 4734 4745 4754
9415 3 0 4754 4745 4747
9416 3 0 4754 4755 4835
9417 3 0 4754 4835 4734
9418 3 0 4734 4835 4735
9419 3 0 4754 4747 4751
9420 3 0 4754 4751 4756
9421 3 0 4756 4751 4753
9422 3 0 4755 4754 4756
9423 3 0 4755 4756 4757
9424 3 0 4758 4759 4760
9425 3 0 4758 4760 4738
9426 3 0 4738 4760 4748
9427 3 0 4752 4748 4760
9428 3 0 4752 4760 4761
9429 3 0 4753 4752 4761
9430 3 0 4753 4761 4762
9431 3 0 4761 4760 4759
9432 3 0 4761 4759 4763
9433 3 0 4762 4761 4763
9434 3 0 4762 4763 4764
9435 3 0 4759 4758 4740
9436 3 0 4759 4740 4765
9437 3 0 4766 4764 4763
9438 3 0 4766 4763 4765
9439 3 0 4765 4763 4759
9440 3 0 4756 4753 4762
9441 3 0 4756 4762 4767
9442 3 0 4767 4762 4764
9443 3 0 4757 4756 4767
9444 3 0 4757 4767 4768
9445 3 0 4764 4766 8208
9446 3 0 4764 8208 4767
9447 3 0 4767 8208 4769
9448 3 0 4768 4767 4769
9449 3 0 4768 4769 4770
9450 3 0 4771 4772 4774
9451 3 0 4771 4774 4618
9452 3 0 4618 4774 4676
9453 3 0 4773 4676 4774
9454 3 0 4773 4774 4775
9455 3 0 4677 4773 4775
9456 3 0 4677 4775 4776
9457 3 0 4775 4774 4772
9458 3 0 4775 4772 4777
9459 3 0 4776 4775 4777
9460 3 0 4776 4777 4778
9461 3 0 4713 4779 4780
9462 3 0 4713 4780 4771
9463 3 0 4771 4780 4772
9464 3 0 4777 4772 4780
9465 3 0 4777 4780 4781
9466 3 0 4778 4777 4781
9467 3 0 4778 4781 4782
9468 3 0 4781 4780 4779
9469 3 0 4781 4779 4783
9470 3 0 4782 4781 4783
9471 3 0 4782 4783 4784
9472 3 0 4680 4677 4776
9473 3 0 4680 4776 4785
9474 3 0 4785 4776 4778
9475 3 0 4681 4680 4785
9476 3 0 4681 4785 4786
9477 3 0 4785 4778 4782
9478 3 0 4785 4782 4787
9479 3 0 4787 4782 4784
9480 3 0 4786 4785 4787
9481 3 0 4786 4787 4788
9482 3 0 4779 4713 4789
9483 3 0 4779 4789 4790
9484 3 0 4791 4784 4783
9485 3 0 4791 4783 4790
9486 3 0 4790 4783 4779
9487 3 0 4790 4789 4715
9488 3 0 4790 4715 4792
9489 3 0 4791 4790 4792
9490 3 0 4791 4792 4793
9491 3 0 4787 4784 4791
9492 3 0 4787 4791 4794
9493 3 0 4788 4787 4794
9494 3 0 4788 4794 4795
9495 3 0 4791 4793 4807
9496 3 0 4791 4807 4794
9497 3 0 4794 4807 4796
9498 3 0 4795 4794 4796
9499 3 0 4795 4796 4797
9500 3 0 4685 4681 4786
9501 3 0 4685 4786 4798
9502 3 0 4798 4786 4788
9503 3 0 4686 4685 4798
9504 3 0 4686 4798 4799
9505 3 0 4798 4788 4795
9506 3 0 4795 4797 4822
9507 3 0 4822 4800 4798
9508 3 0 4798 4795 4822
9509 3 0 4799 4798 4800
9510 3 0 4799 4800 4801
9511 3 0 4792 4715 4802
9512 3 0 4792 4802 4803
9513 3 0 4803 4804 4808
9514 3 0 4803 4808 4792
9515 3 0 4792 4808 4793
9516 3 0 4803 4802 4733
9517 3 0 4803 4733 4805
9518 3 0 4804 4803 4805
9519 3 0 4804 4805 4806
9520 3 0 4807 4793 4808
9521 3 0 4807 4808 4809
9522 3 0 4796 4807 4809
9523 3 0 4796 4809 4810
9524 3 0 4809 4808 4804
9525 3 0 4809 4804 4811
9526 3 0 4810 4809 4811
9527 3 0 4810 4811 4812
9528 3 0 4797 4796 4810
9529 3 0 4797 4810 4813
9530 3 0 4813 4810 4812
9531 3 0 4814 4812 4811
9532 3 0 4814 4811 4806
9533 3 0 4806 4811 4804
9534 3 0 4813 4812 4814
9535 3 0 4813 4814 4815
9536 3 0 4805 4817 4806
9537 3 0 4817 4805 4834
9538 3 0 4834 4816 4817
9539 3 0 4733 4735 4834
9540 3 0 4733 4834 4805
9541 3 0 4814 4806 4817
9542 3 0 4814 4817 4818
9543 3 0 4815 4814 4818
9544 3 0 4815 4818 4819
9545 3 0 4817 4816 4840
9546 3 0 4817 4840 4818
9547 3 0 4818 4840 4820
9548 3 0 4819 4818 4820
9549 3 0 4819 4820 4821
9550 3 0 4822 4797 4813
9551 3 0 4822 4813 4823
9552 3 0 4800 4822 4823
9553 3 0 4800 4823 4824
9554 3 0 4823 4813 4815
9555 3 0 4823 4815 4825
9556 3 0 4824 4823 4825
9557 3 0 4824 4825 4826
9558 3 0 4801 4800 4824
9559 3 0 4801 4824 4827
9560 3 0 4827 4824 4826
9561 3 0 4855 4819 4821
9562 3 0 4819 4855 4825
9563 3 0 4825 4815 4819
9564 3 0 4828 4826 4825
9565 3 0 4828 4825 4855
9566 3 0 4827 4826 4828
9567 3 0 4827 4828 4829
9568 3 0 4690 4686 4799
9569 3 0 4690 4799 4830
9570 3 0 4830 4799 4801
9571 3 0 4691 4690 4830
9572 3 0 4691 4830 4831
9573 3 0 4830 4801 4827
9574 3 0 4830 4827 4832
9575 3 0 4832 4827 4829
9576 3 0 4831 4830 4832
9577 3 0 4831 4832 4833
9578 3 0 4834 4735 4835
9579 3 0 4834 4835 4836
9580 3 0 4836 4837 4841
9581 3 0 4836 4841 4834
9582 3 0 4834 4841 4816
9583 3 0 4836 4835 4755
9584 3 0 4836 4755 4838
9585 3 0 4837 4836 4838
9586 3 0 4837 4838 4839
9587 3 0 4840 4816 4841
9588 3 0 4840 4841 4842
9589 3 0 4820 4840 4842
9590 3 0 4820 4842 4843
9591 3 0 4842 4841 4837
9592 3 0 4842 4837 4844
9593 3 0 4843 4842 4844
9594 3 0 4843 4844 4845
9595 3 0 4821 4820 4843
9596 3 0 4821 4843 4846
9597 3 0 4846 4843 4845
9598 3 0 4847 4845 4844
9599 3 0 4847 4844 4839
9600 3 0 4839 4844 4837
9601 3 0 4846 4845 4847
9602 3 0 4846 4847 4848
9603 3 0 4757 4849 4850
9604 3 0 4850 4839 4838
9605 3 0 4838 4755 4757
9606 3 0 4757 4850 4838
9607 3 0 4847 4839 4850
9608 3 0 4847 4850 4851
9609 3 0 4848 4847 4851
9610 3 0 4848 4851 4852
9611 3 0 4851 4850 4849
9612 3 0 4851 4849 4853
9613 3 0 4852 4851 4853
9614 3 0 4852 4853 4854
9615 3 0 4855 4821 4846
9616 3 0 4855 4846 4856
9617 3 0 4828 4855 4856
9618 3 0 4828 4856 4857
9619 3 0 4856 4846 4848
9620 3 0 4856 4848 4858
9621 3 0 4857 4856 4858
9622 3 0 4857 4858 4859
9623 3 0 4829 4828 4857
9624 3 0 4829 4857 4860
9625 3 0 4860 4857 4859
9626 3 0 4858 4848 4852
9627 3 0 4858 4852 4861
9628 3 0 4859 4858 4861
9629 3 0 4859 4861 4862
9630 3 0 4861 4852 4854
9631 3 0 4861 4854 4863
9632 3 0 4862 4861 4863
9633 3 0 4862 4863 4864
9634 3 0 4860 4859 4862
9635 3 0 4860 4862 4865
9636 3 0 4865 4862 4864
9637 3 0 4768 4866 4867
9638 3 0 4768 4867 4757
9639 3 0 4757 4867 4849
9640 3 0 4853 4849 4867
9641 3 0 4853 4867 4868
9642 3 0 4854 4853 4868
9643 3 0 4854 4868 4869
9644 3 0 4868 4867 4866
9645 3 0 4868 4866 4870
9646 3 0 4869 4868 4870
9647 3 0 4869 4870 4871
9648 3 0 4770 4872 4873
9649 3 0 4770 4873 4768
9650 3 0 4768 4873 4866
9651 3 0 4870 4866 4873
9652 3 0 4870 4873 4874
9653 3 0 4871 4870 4874
9654 3 0 4871 4874 4875
9655 3 0 4874 4873 4872
9656 3 0 4874 4872 4876
9657 3 0 4874 4876 8276
9658 3 0 4874 8276 4875
9659 3 0 4875 8276 4877
9660 3 0 4863 4854 4869
9661 3 0 4863 4869 4878
9662 3 0 4864 4863 4878
9663 3 0 4864 4878 4879
9664 3 0 4878 4869 4871
9665 3 0 4878 4871 4880
9666 3 0 4879 4878 4880
9667 3 0 4879 4880 4881
9668 3 0 4865 4864 4879
9669 3 0 4865 4879 4882
9670 3 0 4882 4879 4881
9671 3 0 4880 4871 4875
9672 3 0 4880 4875 4883
9673 3 0 4881 4880 4883
9674 3 0 4881 4883 4884
9675 3 0 4883 4875 4877
9676 3 0 4883 4877 4885
9677 3 0 4884 4883 4885
9678 3 0 4884 4885 4886
9679 3 0 4882 4881 4884
9680 3 0 4882 4884 4887
9681 3 0 4887 4884 4886
9682 3 0 4832 4829 4860
9683 3 0 4832 4860 4888
9684 3 0 4888 4860 4865
9685 3 0 4833 4832 4888
9686 3 0 4833 4888 4889
9687 3 0 4888 4865 4882
9688 3 0 4888 4882 4890
9689 3 0 4890 4882 4887
9690 3 0 4889 4888 4890
9691 3 0 4889 4890 4891
9692 3 0 4892 4893 4894
9693 3 0 4892 4894 595
9694 3 0 595 4894 596
9695 3 0 4894 4895 4896
9696 3 0 4894 4896 596
9697 3 0 596 4896 609
9698 3 0 4896 4897 4898
9699 3 0 4896 4898 609
9700 3 0 609 4898 617
9701 3 0 621 617 4898
9702 3 0 621 4898 4899
9703 3 0 4899 4900 4954
9704 3 0 4899 4954 621
9705 3 0 621 4954 622
9706 3 0 4899 4898 4897
9707 3 0 4899 4897 4901
9708 3 0 4901 4902 4970
9709 3 0 4901 4970 4899
9710 3 0 4899 4970 4900
9711 3 0 4895 4903 4904
9712 3 0 4895 4904 4896
9713 3 0 4896 4904 4897
9714 3 0 4901 4897 4904
9715 3 0 4901 4904 4905
9716 3 0 4905 4906 5020
9717 3 0 4905 5020 4901
9718 3 0 4901 5020 4902
9719 3 0 4905 4904 4903
9720 3 0 4905 4903 4907
9721 3 0 4907 4908 5035
9722 3 0 4907 5035 4905
9723 3 0 4905 5035 4906
9724 3 0 4893 4909 4910
9725 3 0 4893 4910 4894
9726 3 0 4894 4910 4895
9727 3 0 4910 4911 4912
9728 3 0 4910 4912 4895
9729 3 0 4895 4912 4903
9730 3 0 4907 4903 4912
9731 3 0 4907 4912 4913
9732 3 0 4913 4914 5128
9733 3 0 4913 5128 4907
9734 3 0 4907 5128 4908
9735 3 0 4913 4912 4911
9736 3 0 4913 4911 4915
9737 3 0 4915 4916 5145
9738 3 0 4915 5145 4913
9739 3 0 4913 5145 4914
9740 3 0 4909 4917 4918
9741 3 0 4909 4918 4910
9742 3 0 4910 4918 4911
9743 3 0 4915 4911 4918
9744 3 0 4915 4918 4919
9745 3 0 4919 4920 5191
9746 3 0 4919 5191 4915
9747 3 0 4915 5191 4916
9748 3 0 4919 4918 4917
9749 3 0 4919 4917 4921
9750 3 0 4921 4922 5214
9751 3 0 4921 5214 4919
9752 3 0 4919 5214 4920
9753 3 0 4923 4924 4925
9754 3 0 4923 4925 4892
9755 3 0 4892 4925 4893
9756 3 0 4925 4926 4927
9757 3 0 4925 4927 4893
9758 3 0 4893 4927 4909
9759 3 0 4927 4928 4929
9760 3 0 4927 4929 4909
9761 3 0 4909 4929 4917
9762 3 0 4921 4917 4929
9763 3 0 4921 4929 4930
9764 3 0 4930 4931 5537
9765 3 0 4930 5537 4921
9766 3 0 4921 5537 4922
9767 3 0 4930 4929 4928
9768 3 0 4930 4928 4932
9769 3 0 4932 4933 5569
9770 3 0 4932 5569 4930
9771 3 0 4930 5569 4931
9772 3 0 4926 4934 4935
9773 3 0 4926 4935 4927
9774 3 0 4927 4935 4928
9775 3 0 4932 4928 4935
9776 3 0 4932 4935 4936
9777 3 0 4936 4937 5600
9778 3 0 4936 5600 4932
9779 3 0 4932 5600 4933
9780 3 0 4936 4935 4934
9781 3 0 4936 4934 4938
9782 3 0 4938 4939 5623
9783 3 0 4938 5623 4936
9784 3 0 4936 5623 4937
9785 3 0 4924 4940 4941
9786 3 0 4924 4941 4925
9787 3 0 4925 4941 4926
9788 3 0 4941 4942 4943
9789 3 0 4941 4943 4926
9790 3 0 4926 4943 4934
9791 3 0 4938 4934 4943
9792 3 0 4938 4943 4944
9793 3 0 4944 4945 5797
9794 3 0 4944 5797 4938
9795 3 0 4938 5797 4939
9796 3 0 4944 4943 4942
9797 3 0 4944 4942 4946
9798 3 0 4946 4947 5815
9799 3 0 4946 5815 4944
9800 3 0 4944 5815 4945
9801 3 0 4940 4948 4949
9802 3 0 4940 4949 4941
9803 3 0 4941 4949 4942
9804 3 0 4946 4942 4949
9805 3 0 4946 4949 4950
9806 3 0 4950 4951 5855
9807 3 0 4950 5855 4946
9808 3 0 4946 5855 4947
9809 3 0 4950 4949 4948
9810 3 0 4950 4948 4952
9811 3 0 4951 4950 4952
9812 3 0 4951 4952 4953
9813 3 0 4954 4955 4956
9814 3 0 4954 4956 622
9815 3 0 622 4956 1709
9816 3 0 1713 1709 4956
9817 3 0 1713 4956 4957
9818 3 0 1714 1713 4957
9819 3 0 1714 4957 4958
9820 3 0 4957 4956 4955
9821 3 0 4957 4955 4959
9822 3 0 4958 4957 4959
9823 3 0 4958 4959 4960
9824 3 0 4955 4954 4900
9825 3 0 4955 4900 4961
9826 3 0 4962 4960 4959
9827 3 0 4962 4959 4961
9828 3 0 4961 4959 4955
9829 3 0 1722 1714 4958
9830 3 0 1722 4958 4963
9831 3 0 1723 1722 4963
9832 3 0 1723 4963 4964
9833 3 0 4963 4958 4960
9834 3 0 4963 4960 4965
9835 3 0 4964 4963 4965
9836 3 0 4964 4965 4966
9837 3 0 1724 1723 4964
9838 3 0 1724 4964 4967
9839 3 0 4967 4964 4966
9840 3 0 4968 4966 4965
9841 3 0 4968 4965 4962
9842 3 0 4962 4965 4960
9843 3 0 4967 4966 4968
9844 3 0 4967 4968 4969
9845 3 0 4961 4900 4970
9846 3 0 4961 4970 4971
9847 3 0 4962 4961 4971
9848 3 0 4962 4971 4972
9849 3 0 4971 4970 4902
9850 3 0 4971 4902 4973
9851 3 0 4972 4971 4973
9852 3 0 4972 4973 4974
9853 3 0 5003 4969 4968
9854 3 0 4968 4962 4972
9855 3 0 4972 4974 5030
9856 3 0 5030 4975 5003
9857 3 0 5003 4968 4972
9858 3 0 5003 4972 5030
9859 3 0 4976 1724 4967
9860 3 0 4976 4967 4977
9861 3 0 4976 4977 4980
9862 3 0 4980 4978 4987
9863 3 0 4987 1742 4976
9864 3 0 4976 4980 4987
9865 3 0 4969 4979 4981
9866 3 0 4969 4981 4967
9867 3 0 4967 4981 4977
9868 3 0 4980 4977 4981
9869 3 0 4980 4981 4982
9870 3 0 4982 4983 4994
9871 3 0 4982 4994 4980
9872 3 0 4980 4994 4978
9873 3 0 4982 4981 4979
9874 3 0 4982 4979 4984
9875 3 0 4983 4982 4984
9876 3 0 4983 4984 4985
9877 3 0 4986 1742 4987
9878 3 0 4986 4987 4988
9879 3 0 1746 4986 4988
9880 3 0 1746 4988 4989
9881 3 0 4987 4978 4993
9882 3 0 4987 4993 4988
9883 3 0 4988 4993 4990
9884 3 0 4989 4988 4990
9885 3 0 4989 4990 4991
9886 3 0 1747 1746 4989
9887 3 0 1747 4989 4992
9888 3 0 4992 4989 4991
9889 3 0 4993 4978 4994
9890 3 0 4993 4994 4995
9891 3 0 4990 4993 4995
9892 3 0 4990 4995 4996
9893 3 0 4995 4994 4983
9894 3 0 4995 4983 4997
9895 3 0 4996 4995 4997
9896 3 0 4996 4997 4998
9897 3 0 4991 4990 4996
9898 3 0 4991 4996 4999
9899 3 0 4999 4996 4998
9900 3 0 5000 4998 4997
9901 3 0 5000 4997 4985
9902 3 0 4985 4997 4983
9903 3 0 4999 4998 5000
9904 3 0 4999 5000 5001
9905 3 0 4992 4991 4999
9906 3 0 4992 4999 5002
9907 3 0 5002 4999 5001
9908 3 0 4979 4969 5003
9909 3 0 4979 5003 5004
9910 3 0 5004 5005 5008
9911 3 0 5008 4985 4984
9912 3 0 4984 4979 5004
9913 3 0 5004 5008 4984
9914 3 0 5004 5003 4975
9915 3 0 5004 4975 5006
9916 3 0 5006 5007 5014
9917 3 0 5006 5014 5004
9918 3 0 5004 5014 5005
9919 3 0 5000 4985 5008
9920 3 0 5000 5008 5009
9921 3 0 5001 5000 5009
9922 3 0 5001 5009 5010
9923 3 0 5009 5008 5005
9924 3 0 5009 5005 5011
9925 3 0 5010 5009 5011
9926 3 0 5010 5011 5012
9927 3 0 5002 5001 5010
9928 3 0 5002 5010 5013
9929 3 0 5013 5010 5012
9930 3 0 5011 5005 5014
9931 3 0 5011 5014 5015
9932 3 0 5012 5011 5015
9933 3 0 5012 5015 5016
9934 3 0 5015 5014 5007
9935 3 0 5015 5007 5017
9936 3 0 5016 5015 5017
9937 3 0 5016 5017 5018
9938 3 0 5013 5012 5016
9939 3 0 5013 5016 5019
9940 3 0 5019 5016 5018
9941 3 0 4973 4902 5020
9942 3 0 4973 5020 5021
9943 3 0 4973 5021 5024
9944 3 0 4973 5024 4974
9945 3 0 4974 5024 5022
9946 3 0 4906 5023 5025
9947 3 0 4906 5025 5020
9948 3 0 5020 5025 5021
9949 3 0 5024 5021 5025
9950 3 0 5024 5025 5026
9951 3 0 5022 5024 5026
9952 3 0 5022 5026 5027
9953 3 0 5026 5025 5023
9954 3 0 5026 5023 5028
9955 3 0 5027 5026 5028
9956 3 0 5027 5028 5029
9957 3 0 5030 4974 5022
9958 3 0 5030 5022 5031
9959 3 0 4975 5030 5031
9960 3 0 4975 5031 5032
9961 3 0 5031 5022 5027
9962 3 0 5031 5027 5033
9963 3 0 5033 5027 5029
9964 3 0 5032 5031 5033
9965 3 0 5032 5033 5034
9966 3 0 5023 4906 5035
9967 3 0 5023 5035 5036
9968 3 0 5037 5029 5028
9969 3 0 5028 5023 5036
9970 3 0 5039 5028 5036
9971 3 0 5037 5028 5039
9972 3 0 4908 5038 5040
9973 3 0 4908 5040 5035
9974 3 0 5035 5040 5036
9975 3 0 5039 5036 5040
9976 3 0 5039 5040 5041
9977 3 0 5037 5039 5041
9978 3 0 5037 5041 5042
9979 3 0 5041 5040 5038
9980 3 0 5041 5038 5043
9981 3 0 5042 5041 5043
9982 3 0 5042 5043 5044
9983 3 0 5033 5029 5037
9984 3 0 5033 5037 5045
9985 3 0 5034 5033 5045
9986 3 0 5034 5045 5046
9987 3 0 5045 5037 5042
9988 3 0 5045 5042 5047
9989 3 0 5047 5042 5044
9990 3 0 5046 5045 5047
9991 3 0 5046 5047 5048
9992 3 0 5006 4975 5032
9993 3 0 5006 5032 5049
9994 3 0 5049 5050 5053
9995 3 0 5049 5053 5006
9996 3 0 5006 5053 5007
9997 3 0 5049 5032 5034
9998 3 0 5049 5034 5051
9999 3 0 5051 5052 5059
10000 3 0 5051 5059 5049
10001 3 0 5049 5059 5050
10002 3 0 5017 5007 5053
10003 3 0 5017 5053 5054
10004 3 0 5018 5017 5054
10005 3 0 5018 5054 5055
10006 3 0 5054 5053 5050
10007 3 0 5054 5050 5056
10008 3 0 5055 5054 5056
10009 3 0 5055 5056 5057
10010 3 0 5019 5018 5055
10011 3 0 5019 5055 5058
10012 3 0 5058 5055 5057
10013 3 0 5056 5050 5059
10014 3 0 5056 5059 5060
10015 3 0 5057 5056 5060
10016 3 0 5057 5060 5061
10017 3 0 5060 5059 5052
10018 3 0 5060 5052 5062
10019 3 0 5061 5060 5062
10020 3 0 5061 5062 5063
10021 3 0 5058 5057 5061
10022 3 0 5058 5061 5064
10023 3 0 5064 5061 5063
10024 3 0 5051 5034 5046
10025 3 0 5051 5046 5065
10026 3 0 5065 5066 5069
10027 3 0 5065 5069 5051
10028 3 0 5051 5069 5052
10029 3 0 5065 5046 5048
10030 3 0 5065 5048 5067
10031 3 0 5067 5068 5075
10032 3 0 5067 5075 5065
10033 3 0 5065 5075 5066
10034 3 0 5062 5052 5069
10035 3 0 5062 5069 5070
10036 3 0 5063 5062 5070
10037 3 0 5063 5070 5071
10038 3 0 5070 5069 5066
10039 3 0 5070 5066 5072
10040 3 0 5071 5070 5072
10041 3 0 5071 5072 5073
10042 3 0 5064 5063 5071
10043 3 0 5064 5071 5074
10044 3 0 5074 5071 5073
10045 3 0 5072 5066 5075
10046 3 0 5072 5075 5076
10047 3 0 5073 5072 5076
10048 3 0 5073 5076 5077
10049 3 0 5076 5075 5068
10050 3 0 5076 5068 5078
10051 3 0 5077 5076 5078
10052 3 0 5077 5078 5079
10053 3 0 5074 5073 5077
10054 3 0 5074 5077 5080
10055 3 0 5080 5077 5079
10056 3 0 1777 1747 4992
10057 3 0 1777 4992 5081
10058 3 0 5081 4992 5002
10059 3 0 1778 1777 5081
10060 3 0 1778 5081 5082
10061 3 0 5081 5002 5013
10062 3 0 5081 5013 5083
10063 3 0 5083 5013 5019
10064 3 0 5082 5081 5083
10065 3 0 5082 5083 5084
10066 3 0 1785 1778 5082
10067 3 0 1785 5082 5085
10068 3 0 1785 5085 5088
10069 3 0 1785 5088 1786
10070 3 0 1786 5088 5086
10071 3 0 5082 5084 5103
10072 3 0 5103 5087 5089
10073 3 0 5089 5085 5082
10074 3 0 5082 5103 5089
10075 3 0 5088 5085 5089
10076 3 0 5088 5089 5090
10077 3 0 5088 5090 5093
10078 3 0 5088 5093 5086
10079 3 0 5086 5093 5091
10080 3 0 5087 5092 5094
10081 3 0 5087 5094 5089
10082 3 0 5089 5094 5090
10083 3 0 5093 5090 5094
10084 3 0 5093 5094 5095
10085 3 0 5091 5093 5095
10086 3 0 5091 5095 5096
10087 3 0 5095 5094 5092
10088 3 0 5095 5092 5097
10089 3 0 5096 5095 5097
10090 3 0 5096 5097 5098
10091 3 0 5083 5019 5058
10092 3 0 5083 5058 5099
10093 3 0 5099 5058 5064
10094 3 0 5099 5100 5104
10095 3 0 5099 5104 5083
10096 3 0 5083 5104 5084
10097 3 0 5099 5064 5074
10098 3 0 5074 5080 5245
10099 3 0 5245 5101 5099
10100 3 0 5099 5074 5245
10101 3 0 5101 5102 5122
10102 3 0 5101 5122 5099
10103 3 0 5099 5122 5100
10104 3 0 5103 5084 5104
10105 3 0 5103 5104 5105
10106 3 0 5103 5105 5108
10107 3 0 5103 5108 5087
10108 3 0 5087 5108 5106
10109 3 0 5100 5107 5109
10110 3 0 5100 5109 5104
10111 3 0 5104 5109 5105
10112 3 0 5108 5105 5109
10113 3 0 5108 5109 5110
10114 3 0 5106 5108 5110
10115 3 0 5106 5110 5111
10116 3 0 5110 5109 5107
10117 3 0 5110 5107 5112
10118 3 0 5111 5110 5112
10119 3 0 5111 5112 5113
10120 3 0 5106 5114 5115
10121 3 0 5106 5115 5087
10122 3 0 5087 5115 5092
10123 3 0 5097 5092 5115
10124 3 0 5097 5115 5116
10125 3 0 5098 5097 5116
10126 3 0 5098 5116 5117
10127 3 0 5116 5115 5114
10128 3 0 5116 5114 5118
10129 3 0 5117 5116 5118
10130 3 0 5117 5118 5119
10131 3 0 5114 5106 5111
10132 3 0 5114 5111 5120
10133 3 0 5120 5111 5113
10134 3 0 5121 5119 5118
10135 3 0 5121 5118 5120
10136 3 0 5120 5118 5114
10137 3 0 5107 5100 5122
10138 3 0 5107 5122 5123
10139 3 0 5124 5113 5112
10140 3 0 5124 5112 5123
10141 3 0 5123 5112 5107
10142 3 0 5123 5122 5102
10143 3 0 5123 5102 5125
10144 3 0 5124 5123 5125
10145 3 0 5124 5125 5126
10146 3 0 5127 5121 5120
10147 3 0 5120 5113 5124
10148 3 0 5124 5126 5127
10149 3 0 5127 5120 5124
10150 3 0 5128 5129 5130
10151 3 0 5128 5130 4908
10152 3 0 4908 5130 5038
10153 3 0 5043 5038 5130
10154 3 0 5043 5130 5131
10155 3 0 5044 5043 5131
10156 3 0 5044 5131 5132
10157 3 0 5131 5130 5129
10158 3 0 5131 5129 5133
10159 3 0 5132 5131 5133
10160 3 0 5132 5133 5134
10161 3 0 4914 5135 5136
10162 3 0 4914 5136 5128
10163 3 0 5128 5136 5129
10164 3 0 5133 5129 5136
10165 3 0 5133 5136 5137
10166 3 0 5134 5133 5137
10167 3 0 5134 5137 5138
10168 3 0 5137 5136 5135
10169 3 0 5137 5135 5139
10170 3 0 5138 5137 5139
10171 3 0 5138 5139 5140
10172 3 0 5047 5044 5132
10173 3 0 5047 5132 5141
10174 3 0 5141 5132 5134
10175 3 0 5048 5047 5141
10176 3 0 5048 5141 5142
10177 3 0 5141 5134 5138
10178 3 0 5141 5138 5143
10179 3 0 5143 5138 5140
10180 3 0 5142 5141 5143
10181 3 0 5142 5143 5144
10182 3 0 5145 5146 5147
10183 3 0 5145 5147 4914
10184 3 0 4914 5147 5135
10185 3 0 5139 5135 5147
10186 3 0 5139 5147 5148
10187 3 0 5140 5139 5148
10188 3 0 5140 5148 5149
10189 3 0 5148 5147 5146
10190 3 0 5148 5146 5150
10191 3 0 5149 5148 5150
10192 3 0 5149 5150 5151
10193 3 0 4916 5152 5153
10194 3 0 4916 5153 5145
10195 3 0 5145 5153 5146
10196 3 0 5150 5146 5153
10197 3 0 5150 5153 5154
10198 3 0 5151 5150 5154
10199 3 0 5151 5154 5155
10200 3 0 5154 5153 5152
10201 3 0 5154 5152 5156
10202 3 0 5155 5154 5156
10203 3 0 5155 5156 5157
10204 3 0 5143 5140 5149
10205 3 0 5149 5151 5160
10206 3 0 5160 5158 5143
10207 3 0 5143 5149 5160
10208 3 0 5144 5143 5158
10209 3 0 5144 5158 5159
10210 3 0 5160 5151 5155
10211 3 0 5160 5155 5161
10212 3 0 5158 5160 5161
10213 3 0 5158 5161 5162
10214 3 0 5161 5155 5157
10215 3 0 5161 5157 5163
10216 3 0 5162 5161 5163
10217 3 0 5162 5163 5164
10218 3 0 5159 5158 5162
10219 3 0 5159 5162 5165
10220 3 0 5165 5162 5164
10221 3 0 5142 5067 5048
10222 3 0 5067 5142 5167
10223 3 0 5167 5068 5067
10224 3 0 5144 5166 5167
10225 3 0 5144 5167 5142
10226 3 0 5168 5079 5078
10227 3 0 5168 5078 5167
10228 3 0 5167 5078 5068
10229 3 0 5079 5168 5171
10230 3 0 5079 5171 5080
10231 3 0 5080 5171 5169
10232 3 0 5166 5170 5172
10233 3 0 5166 5172 5167
10234 3 0 5167 5172 5168
10235 3 0 5171 5168 5172
10236 3 0 5171 5172 5173
10237 3 0 5169 5171 5173
10238 3 0 5169 5173 5174
10239 3 0 5173 5172 5170
10240 3 0 5173 5170 5175
10241 3 0 5174 5173 5175
10242 3 0 5174 5175 5176
10243 3 0 5166 5144 5159
10244 3 0 5159 5165 5177
10245 3 0 5178 5159 5177
10246 3 0 5166 5159 5178
10247 3 0 5178 5179 5180
10248 3 0 5178 5180 5166
10249 3 0 5166 5180 5170
10250 3 0 5175 5170 5180
10251 3 0 5175 5180 5181
10252 3 0 5176 5175 5181
10253 3 0 5176 5181 5182
10254 3 0 5181 5180 5179
10255 3 0 5181 5179 5183
10256 3 0 5182 5181 5183
10257 3 0 5182 5183 5184
10258 3 0 5177 5185 5186
10259 3 0 5177 5186 5178
10260 3 0 5178 5186 5179
10261 3 0 5183 5179 5186
10262 3 0 5183 5186 5187
10263 3 0 5184 5183 5187
10264 3 0 5184 5187 5188
10265 3 0 5187 5186 5185
10266 3 0 5187 5185 5189
10267 3 0 5189 5190 5257
10268 3 0 5189 5257 5187
10269 3 0 5187 5257 5188
10270 3 0 5191 5192 5193
10271 3 0 5191 5193 4916
10272 3 0 4916 5193 5152
10273 3 0 5156 5152 5193
10274 3 0 5156 5193 5194
10275 3 0 5157 5156 5194
10276 3 0 5157 5194 5195
10277 3 0 5194 5193 5192
10278 3 0 5194 5192 5196
10279 3 0 5195 5194 5196
10280 3 0 5195 5196 5197
10281 3 0 4920 5198 5199
10282 3 0 4920 5199 5191
10283 3 0 5191 5199 5192
10284 3 0 5196 5192 5199
10285 3 0 5196 5199 5200
10286 3 0 5197 5196 5200
10287 3 0 5197 5200 5201
10288 3 0 5200 5199 5198
10289 3 0 5200 5198 5202
10290 3 0 5201 5200 5202
10291 3 0 5201 5202 5203
10292 3 0 5163 5157 5195
10293 3 0 5163 5195 5204
10294 3 0 5164 5163 5204
10295 3 0 5164 5204 5205
10296 3 0 5204 5195 5197
10297 3 0 5204 5197 5206
10298 3 0 5205 5204 5206
10299 3 0 5205 5206 5207
10300 3 0 5165 5164 5205
10301 3 0 5165 5205 5208
10302 3 0 5208 5205 5207
10303 3 0 5206 5197 5201
10304 3 0 5206 5201 5209
10305 3 0 5207 5206 5209
10306 3 0 5207 5209 5210
10307 3 0 5209 5201 5203
10308 3 0 5209 5203 5211
10309 3 0 5210 5209 5211
10310 3 0 5210 5211 5212
10311 3 0 5208 5207 5210
10312 3 0 5208 5210 5213
10313 3 0 5213 5210 5212
10314 3 0 5214 5215 5216
10315 3 0 5214 5216 4920
10316 3 0 4920 5216 5198
10317 3 0 5202 5198 5216
10318 3 0 5202 5216 5217
10319 3 0 5203 5202 5217
10320 3 0 5203 5217 5218
10321 3 0 5217 5216 5215
10322 3 0 5217 5215 5219
10323 3 0 5218 5217 5219
10324 3 0 5218 5219 5220
10325 3 0 4922 5221 5222
10326 3 0 4922 5222 5214
10327 3 0 5214 5222 5215
10328 3 0 5219 5215 5222
10329 3 0 5219 5222 5223
10330 3 0 5220 5219 5223
10331 3 0 5220 5223 5224
10332 3 0 5223 5222 5221
10333 3 0 5223 5221 5225
10334 3 0 5224 5223 5225
10335 3 0 5224 5225 5226
10336 3 0 5211 5203 5218
10337 3 0 5211 5218 5227
10338 3 0 5212 5211 5227
10339 3 0 5212 5227 5228
10340 3 0 5227 5218 5220
10341 3 0 5227 5220 5229
10342 3 0 5228 5227 5229
10343 3 0 5228 5229 5230
10344 3 0 5213 5212 5228
10345 3 0 5213 5228 5231
10346 3 0 5231 5228 5230
10347 3 0 5229 5220 5224
10348 3 0 5229 5224 5232
10349 3 0 5230 5229 5232
10350 3 0 5230 5232 5233
10351 3 0 5232 5224 5226
10352 3 0 5232 5226 5234
10353 3 0 5233 5232 5234
10354 3 0 5233 5234 5235
10355 3 0 5231 5230 5233
10356 3 0 5233 5235 5559
10357 3 0 5559 5236 5231
10358 3 0 5231 5233 5559
10359 3 0 5177 5165 5208
10360 3 0 5208 5213 5237
10361 3 0 5238 5208 5237
10362 3 0 5177 5208 5238
10363 3 0 5185 5177 5238
10364 3 0 5185 5238 5239
10365 3 0 5239 5240 5269
10366 3 0 5269 5190 5189
10367 3 0 5189 5185 5239
10368 3 0 5239 5269 5189
10369 3 0 5239 5238 5237
10370 3 0 5239 5237 5241
10371 3 0 5241 5242 5288
10372 3 0 5241 5288 5239
10373 3 0 5239 5288 5240
10374 3 0 5237 5213 5231
10375 3 0 5231 5236 5592
10376 3 0 5592 5243 5237
10377 3 0 5237 5231 5592
10378 3 0 5243 5244 5316
10379 3 0 5316 5242 5241
10380 3 0 5241 5237 5243
10381 3 0 5243 5316 5241
10382 3 0 5245 5080 5169
10383 3 0 5245 5169 5246
10384 3 0 5101 5245 5246
10385 3 0 5101 5246 5247
10386 3 0 5246 5169 5174
10387 3 0 5246 5174 5248
10388 3 0 5248 5174 5176
10389 3 0 5247 5246 5248
10390 3 0 5247 5248 5249
10391 3 0 5102 5101 5247
10392 3 0 5102 5247 5250
10393 3 0 5250 5247 5249
10394 3 0 5248 5176 5182
10395 3 0 5182 5184 5253
10396 3 0 5253 5251 5248
10397 3 0 5248 5182 5253
10398 3 0 5249 5248 5251
10399 3 0 5249 5251 5252
10400 3 0 5184 5188 5256
10401 3 0 5184 5256 5253
10402 3 0 5253 5256 5254
10403 3 0 5251 5253 5254
10404 3 0 5251 5254 5255
10405 3 0 5256 5188 5257
10406 3 0 5256 5257 5258
10407 3 0 5254 5256 5258
10408 3 0 5254 5258 5259
10409 3 0 5258 5257 5190
10410 3 0 5258 5190 5260
10411 3 0 5259 5258 5260
10412 3 0 5259 5260 5261
10413 3 0 5255 5254 5259
10414 3 0 5259 5261 5271
10415 3 0 5271 5262 5255
10416 3 0 5255 5259 5271
10417 3 0 5252 5251 5255
10418 3 0 5255 5262 5283
10419 3 0 5283 5263 5252
10420 3 0 5252 5255 5283
10421 3 0 5250 5249 5252
10422 3 0 5252 5263 5307
10423 3 0 5307 5264 5250
10424 3 0 5250 5252 5307
10425 3 0 5265 5126 5125
10426 3 0 5265 5125 5250
10427 3 0 5250 5125 5102
10428 3 0 5127 5126 5265
10429 3 0 5127 5265 5266
10430 3 0 5265 5250 5264
10431 3 0 5265 5264 5267
10432 3 0 5266 5265 5267
10433 3 0 5266 5267 5268
10434 3 0 5269 5270 5272
10435 3 0 5272 5261 5260
10436 3 0 5260 5190 5269
10437 3 0 5269 5272 5260
10438 3 0 5271 5261 5272
10439 3 0 5271 5272 5273
10440 3 0 5262 5271 5273
10441 3 0 5262 5273 5274
10442 3 0 5273 5272 5270
10443 3 0 5273 5270 5275
10444 3 0 5274 5273 5275
10445 3 0 5274 5275 5276
10446 3 0 5240 5277 5278
10447 3 0 5240 5278 5269
10448 3 0 5269 5278 5270
10449 3 0 5275 5270 5278
10450 3 0 5275 5278 5279
10451 3 0 5276 5275 5279
10452 3 0 5276 5279 5280
10453 3 0 5279 5278 5277
10454 3 0 5279 5277 5281
10455 3 0 5280 5279 5281
10456 3 0 5280 5281 5282
10457 3 0 5283 5262 5274
10458 3 0 5283 5274 5284
10459 3 0 5284 5274 5276
10460 3 0 5263 5283 5284
10461 3 0 5263 5284 5285
10462 3 0 5284 5276 5280
10463 3 0 5280 5282 5293
10464 3 0 5293 5286 5284
10465 3 0 5284 5280 5293
10466 3 0 5285 5284 5286
10467 3 0 5285 5286 5287
10468 3 0 5277 5240 5288
10469 3 0 5277 5288 5289
10470 3 0 5289 5290 5294
10471 3 0 5294 5282 5281
10472 3 0 5281 5277 5289
10473 3 0 5289 5294 5281
10474 3 0 5289 5288 5242
10475 3 0 5289 5242 5291
10476 3 0 5290 5289 5291
10477 3 0 5290 5291 5292
10478 3 0 5293 5282 5294
10479 3 0 5293 5294 5295
10480 3 0 5286 5293 5295
10481 3 0 5286 5295 5296
10482 3 0 5295 5294 5290
10483 3 0 5295 5290 5297
10484 3 0 5296 5295 5297
10485 3 0 5296 5297 5298
10486 3 0 5287 5286 5296
10487 3 0 5296 5298 5301
10488 3 0 5301 5299 5287
10489 3 0 5287 5296 5301
10490 3 0 5292 5300 5302
10491 3 0 5302 5298 5297
10492 3 0 5297 5290 5292
10493 3 0 5292 5302 5297
10494 3 0 5301 5298 5302
10495 3 0 5301 5302 5303
10496 3 0 5299 5301 5303
10497 3 0 5299 5303 5304
10498 3 0 5303 5302 5300
10499 3 0 5303 5300 5305
10500 3 0 5304 5303 5305
10501 3 0 5304 5305 5306
10502 3 0 5307 5263 5285
10503 3 0 5285 5287 5310
10504 3 0 5310 5308 5307
10505 3 0 5307 5285 5310
10506 3 0 5264 5307 5308
10507 3 0 5264 5308 5309
10508 3 0 5310 5287 5299
10509 3 0 5310 5299 5311
10510 3 0 5308 5310 5311
10511 3 0 5308 5311 5312
10512 3 0 5311 5299 5304
10513 3 0 5311 5304 5313
10514 3 0 5313 5304 5306
10515 3 0 5312 5311 5313
10516 3 0 5312 5313 5314
10517 3 0 5309 5308 5312
10518 3 0 5312 5314 5333
10519 3 0 5333 5315 5309
10520 3 0 5309 5312 5333
10521 3 0 5316 5317 5318
10522 3 0 5318 5292 5291
10523 3 0 5291 5242 5316
10524 3 0 5316 5318 5291
10525 3 0 5318 5319 5320
10526 3 0 5318 5320 5292
10527 3 0 5292 5320 5300
10528 3 0 5305 5300 5320
10529 3 0 5305 5320 5321
10530 3 0 5306 5305 5321
10531 3 0 5306 5321 5322
10532 3 0 5321 5320 5319
10533 3 0 5321 5319 5323
10534 3 0 5322 5321 5323
10535 3 0 5322 5323 5324
10536 3 0 5319 5318 5317
10537 3 0 5319 5317 5325
10538 3 0 5326 5324 5323
10539 3 0 5326 5323 5325
10540 3 0 5325 5323 5319
10541 3 0 5317 5316 5244
10542 3 0 5317 5244 5327
10543 3 0 5327 5328 5338
10544 3 0 5338 5326 5325
10545 3 0 5325 5317 5327
10546 3 0 5327 5338 5325
10547 3 0 5313 5306 5322
10548 3 0 5313 5322 5329
10549 3 0 5329 5322 5324
10550 3 0 5314 5313 5329
10551 3 0 5314 5329 5330
10552 3 0 5329 5324 5326
10553 3 0 5329 5326 5331
10554 3 0 5330 5329 5331
10555 3 0 5330 5331 5332
10556 3 0 5333 5314 5330
10557 3 0 5333 5330 5334
10558 3 0 5315 5333 5334
10559 3 0 5315 5334 5335
10560 3 0 5334 5330 5332
10561 3 0 5334 5332 5336
10562 3 0 5335 5334 5336
10563 3 0 5335 5336 5337
10564 3 0 5331 5326 5338
10565 3 0 5331 5338 5339
10566 3 0 5332 5331 5339
10567 3 0 5332 5339 5340
10568 3 0 5339 5338 5328
10569 3 0 5339 5328 5341
10570 3 0 5340 5339 5341
10571 3 0 5340 5341 5342
10572 3 0 5657 5340 5342
10573 3 0 5340 5657 5336
10574 3 0 5336 5332 5340
10575 3 0 5343 5337 5336
10576 3 0 5343 5336 5657
10577 3 0 5267 5264 5309
10578 3 0 5309 5315 5346
10579 3 0 5346 5344 5267
10580 3 0 5267 5309 5346
10581 3 0 5268 5267 5344
10582 3 0 5268 5344 5345
10583 3 0 5346 5315 5335
10584 3 0 5346 5335 5347
10585 3 0 5347 5335 5337
10586 3 0 5344 5346 5347
10587 3 0 5344 5347 5348
10588 3 0 5347 5337 5343
10589 3 0 5347 5343 5349
10590 3 0 5348 5347 5349
10591 3 0 5348 5349 5350
10592 3 0 5345 5344 5348
10593 3 0 5345 5348 5351
10594 3 0 5351 5348 5350
10595 3 0 1786 5086 5355
10596 3 0 1786 5355 5352
10597 3 0 5352 5355 5353
10598 3 0 1822 5352 5353
10599 3 0 1822 5353 5354
10600 3 0 5086 5091 5358
10601 3 0 5086 5358 5355
10602 3 0 5355 5358 5356
10603 3 0 5353 5355 5356
10604 3 0 5353 5356 5357
10605 3 0 5358 5091 5096
10606 3 0 5358 5096 5359
10607 3 0 5356 5358 5359
10608 3 0 5356 5359 5360
10609 3 0 5359 5096 5098
10610 3 0 5359 5098 5361
10611 3 0 5360 5359 5361
10612 3 0 5360 5361 5362
10613 3 0 5357 5356 5360
10614 3 0 5357 5360 5363
10615 3 0 5363 5360 5362
10616 3 0 5354 5353 5357
10617 3 0 5354 5357 5364
10618 3 0 5364 5357 5363
10619 3 0 5365 1822 5354
10620 3 0 5365 5354 5366
10621 3 0 1823 5365 5366
10622 3 0 1823 5366 5367
10623 3 0 5354 5364 5382
10624 3 0 5354 5382 5366
10625 3 0 5366 5382 5368
10626 3 0 5366 5368 5388
10627 3 0 5366 5388 5367
10628 3 0 5367 5388 5369
10629 3 0 5370 5362 5361
10630 3 0 5361 5098 5117
10631 3 0 5117 5119 5370
10632 3 0 5370 5361 5117
10633 3 0 5363 5362 5370
10634 3 0 5363 5370 5371
10635 3 0 5370 5119 5121
10636 3 0 5370 5121 5372
10637 3 0 5371 5370 5372
10638 3 0 5371 5372 5373
10639 3 0 5383 5376 5374
10640 3 0 5376 5383 5371
10641 3 0 5371 5373 5376
10642 3 0 5364 5363 5371
10643 3 0 5364 5371 5383
10644 3 0 5127 5375 5377
10645 3 0 5377 5373 5372
10646 3 0 5372 5121 5127
10647 3 0 5127 5377 5372
10648 3 0 5376 5373 5377
10649 3 0 5376 5377 5378
10650 3 0 5378 5379 5403
10651 3 0 5378 5403 5376
10652 3 0 5376 5403 5374
10653 3 0 5378 5377 5375
10654 3 0 5378 5375 5380
10655 3 0 5380 5381 5418
10656 3 0 5380 5418 5378
10657 3 0 5378 5418 5379
10658 3 0 5382 5364 5383
10659 3 0 5382 5383 5384
10660 3 0 5368 5382 5384
10661 3 0 5368 5384 5385
10662 3 0 5383 5374 5402
10663 3 0 5383 5402 5384
10664 3 0 5384 5402 5386
10665 3 0 5384 5386 5408
10666 3 0 5408 5387 5392
10667 3 0 5392 5385 5384
10668 3 0 5384 5408 5392
10669 3 0 5368 5385 5391
10670 3 0 5368 5391 5388
10671 3 0 5388 5391 5389
10672 3 0 5388 5389 5397
10673 3 0 5388 5397 5369
10674 3 0 5369 5397 5390
10675 3 0 5391 5385 5392
10676 3 0 5391 5392 5393
10677 3 0 5389 5391 5393
10678 3 0 5389 5393 5394
10679 3 0 5393 5392 5387
10680 3 0 5393 5387 5395
10681 3 0 5394 5393 5395
10682 3 0 5394 5395 5396
10683 3 0 5397 5389 5394
10684 3 0 5397 5394 5398
10685 3 0 5390 5397 5398
10686 3 0 5390 5398 5399
10687 3 0 5398 5394 5396
10688 3 0 5398 5396 5400
10689 3 0 5399 5398 5400
10690 3 0 5399 5400 5401
10691 3 0 5402 5374 5403
10692 3 0 5402 5403 5404
10693 3 0 5386 5402 5404
10694 3 0 5386 5404 5405
10695 3 0 5404 5403 5379
10696 3 0 5404 5379 5406
10697 3 0 5405 5404 5406
10698 3 0 5405 5406 5407
10699 3 0 5408 5386 5405
10700 3 0 5408 5405 5409
10701 3 0 5408 5409 5412
10702 3 0 5408 5412 5387
10703 3 0 5387 5412 5410
10704 3 0 5407 5411 5413
10705 3 0 5407 5413 5405
10706 3 0 5405 5413 5409
10707 3 0 5412 5409 5413
10708 3 0 5412 5413 5414
10709 3 0 5410 5412 5414
10710 3 0 5410 5414 5415
10711 3 0 5414 5413 5411
10712 3 0 5414 5411 5416
10713 3 0 5415 5414 5416
10714 3 0 5415 5416 5417
10715 3 0 5406 5379 5418
10716 3 0 5406 5418 5419
10717 3 0 5407 5406 5419
10718 3 0 5407 5419 5420
10719 3 0 5419 5418 5381
10720 3 0 5419 5381 5421
10721 3 0 5420 5419 5421
10722 3 0 5420 5421 5422
10723 3 0 5411 5407 5420
10724 3 0 5411 5420 5423
10725 3 0 5424 5417 5416
10726 3 0 5424 5416 5423
10727 3 0 5423 5416 5411
10728 3 0 5423 5420 5422
10729 3 0 5423 5422 5425
10730 3 0 5424 5423 5425
10731 3 0 5424 5425 5426
10732 3 0 5395 5387 5410
10733 3 0 5395 5410 5427
10734 3 0 5396 5395 5427
10735 3 0 5396 5427 5428
10736 3 0 5427 5410 5415
10737 3 0 5427 5415 5429
10738 3 0 5429 5415 5417
10739 3 0 5428 5427 5429
10740 3 0 5428 5429 5430
10741 3 0 5431 5401 5400
10742 3 0 5400 5396 5428
10743 3 0 5428 5430 5431
10744 3 0 5431 5400 5428
10745 3 0 5429 5417 5424
10746 3 0 5429 5424 5432
10747 3 0 5430 5429 5432
10748 3 0 5430 5432 5433
10749 3 0 5432 5424 5426
10750 3 0 5432 5426 5434
10751 3 0 5433 5432 5434
10752 3 0 5433 5434 5435
10753 3 0 5431 5430 5433
10754 3 0 5431 5433 5436
10755 3 0 5436 5433 5435
10756 3 0 5437 1823 5367
10757 3 0 5437 5367 5438
10758 3 0 5437 5438 5441
10759 3 0 5437 5441 1834
10760 3 0 1834 5441 5439
10761 3 0 5367 5369 5452
10762 3 0 5452 5440 5442
10763 3 0 5442 5438 5367
10764 3 0 5367 5452 5442
10765 3 0 5441 5438 5442
10766 3 0 5441 5442 5443
10767 3 0 5439 5441 5443
10768 3 0 5439 5443 5444
10769 3 0 5443 5442 5440
10770 3 0 5443 5440 5445
10771 3 0 5444 5443 5445
10772 3 0 5444 5445 5446
10773 3 0 5447 1834 5439
10774 3 0 5447 5439 5448
10775 3 0 1835 5447 5448
10776 3 0 1835 5448 5449
10777 3 0 5448 5439 5444
10778 3 0 5448 5444 5450
10779 3 0 5450 5444 5446
10780 3 0 5449 5448 5450
10781 3 0 5449 5450 5451
10782 3 0 5452 5369 5390
10783 3 0 5452 5390 5453
10784 3 0 5440 5452 5453
10785 3 0 5440 5453 5454
10786 3 0 5453 5390 5399
10787 3 0 5453 5399 5455
10788 3 0 5455 5399 5401
10789 3 0 5454 5453 5455
10790 3 0 5454 5455 5456
10791 3 0 5457 5446 5445
10792 3 0 5445 5440 5454
10793 3 0 5454 5456 5457
10794 3 0 5457 5445 5454
10795 3 0 5458 5456 5455
10796 3 0 5455 5401 5431
10797 3 0 5431 5436 5458
10798 3 0 5458 5455 5431
10799 3 0 5457 5456 5458
10800 3 0 5457 5458 5459
10801 3 0 5460 5451 5450
10802 3 0 5450 5446 5457
10803 3 0 5457 5459 5460
10804 3 0 5460 5450 5457
10805 3 0 5266 5461 5462
10806 3 0 5266 5462 5127
10807 3 0 5127 5462 5375
10808 3 0 5380 5375 5462
10809 3 0 5380 5462 5463
10810 3 0 5463 5464 5469
10811 3 0 5463 5469 5380
10812 3 0 5380 5469 5381
10813 3 0 5463 5462 5461
10814 3 0 5463 5461 5465
10815 3 0 5465 5466 5475
10816 3 0 5465 5475 5463
10817 3 0 5463 5475 5464
10818 3 0 5461 5266 5268
10819 3 0 5461 5268 5467
10820 3 0 5467 5468 5493
10821 3 0 5493 5466 5465
10822 3 0 5465 5461 5467
10823 3 0 5467 5493 5465
10824 3 0 5421 5381 5469
10825 3 0 5421 5469 5470
10826 3 0 5422 5421 5470
10827 3 0 5422 5470 5471
10828 3 0 5470 5469 5464
10829 3 0 5470 5464 5472
10830 3 0 5471 5470 5472
10831 3 0 5471 5472 5473
10832 3 0 5471 5425 5422
10833 3 0 5425 5471 5481
10834 3 0 5481 5426 5425
10835 3 0 5473 5474 5481
10836 3 0 5473 5481 5471
10837 3 0 5472 5464 5475
10838 3 0 5472 5475 5476
10839 3 0 5473 5472 5476
10840 3 0 5473 5476 5477
10841 3 0 5476 5475 5466
10842 3 0 5476 5466 5478
10843 3 0 5477 5476 5478
10844 3 0 5477 5478 5479
10845 3 0 5487 5495 5480
10846 3 0 5495 5487 5477
10847 3 0 5477 5479 5495
10848 3 0 5474 5473 5477
10849 3 0 5474 5477 5487
10850 3 0 5434 5426 5481
10851 3 0 5434 5481 5482
10852 3 0 5435 5434 5482
10853 3 0 5435 5482 5483
10854 3 0 5482 5481 5474
10855 3 0 5482 5474 5484
10856 3 0 5483 5482 5484
10857 3 0 5483 5484 5485
10858 3 0 5436 5435 5483
10859 3 0 5436 5483 5486
10860 3 0 5486 5483 5485
10861 3 0 5484 5474 5487
10862 3 0 5484 5487 5488
10863 3 0 5485 5484 5488
10864 3 0 5485 5488 5489
10865 3 0 5488 5487 5480
10866 3 0 5488 5480 5490
10867 3 0 5489 5488 5490
10868 3 0 5489 5490 5491
10869 3 0 5486 5485 5489
10870 3 0 5486 5489 5492
10871 3 0 5492 5489 5491
10872 3 0 5493 5494 5496
10873 3 0 5496 5479 5478
10874 3 0 5478 5466 5493
10875 3 0 5493 5496 5478
10876 3 0 5495 5479 5496
10877 3 0 5495 5496 5497
10878 3 0 5480 5495 5497
10879 3 0 5480 5497 5498
10880 3 0 5497 5496 5494
10881 3 0 5497 5494 5499
10882 3 0 5498 5497 5499
10883 3 0 5498 5499 5500
10884 3 0 5494 5493 5468
10885 3 0 5494 5468 5501
10886 3 0 5501 5502 5506
10887 3 0 5506 5500 5499
10888 3 0 5499 5494 5501
10889 3 0 5501 5506 5499
10890 3 0 5505 5498 5500
10891 3 0 5498 5505 5490
10892 3 0 5490 5480 5498
10893 3 0 5503 5491 5490
10894 3 0 5503 5490 5505
10895 3 0 5492 5491 5503
10896 3 0 5492 5503 5504
10897 3 0 5505 5500 5506
10898 3 0 5505 5506 5507
10899 3 0 5503 5505 5507
10900 3 0 5503 5507 5508
10901 3 0 5507 5506 5502
10902 3 0 5507 5502 5509
10903 3 0 5508 5507 5509
10904 3 0 5508 5509 5510
10905 3 0 5504 5503 5508
10906 3 0 5504 5508 5511
10907 3 0 5511 5508 5510
10908 3 0 5467 5268 5345
10909 3 0 5467 5345 5512
10910 3 0 5512 5513 5516
10911 3 0 5512 5516 5467
10912 3 0 5467 5516 5468
10913 3 0 5512 5345 5351
10914 3 0 5512 5351 5514
10915 3 0 5513 5512 5514
10916 3 0 5513 5514 5515
10917 3 0 5501 5468 5516
10918 3 0 5501 5516 5517
10919 3 0 5502 5501 5517
10920 3 0 5502 5517 5518
10921 3 0 5517 5516 5513
10922 3 0 5517 5513 5519
10923 3 0 5518 5517 5519
10924 3 0 5518 5519 5520
10925 3 0 5521 5510 5509
10926 3 0 5521 5509 5518
10927 3 0 5518 5509 5502
10928 3 0 5511 5510 5521
10929 3 0 5511 5521 5522
10930 3 0 5521 5518 5520
10931 3 0 5521 5520 5523
10932 3 0 5522 5521 5523
10933 3 0 5522 5523 5524
10934 3 0 5525 5520 5519
10935 3 0 5525 5519 5515
10936 3 0 5515 5519 5513
10937 3 0 5526 5524 5523
10938 3 0 5526 5523 5525
10939 3 0 5525 5523 5520
10940 3 0 5458 5436 5486
10941 3 0 5458 5486 5527
10942 3 0 5527 5486 5492
10943 3 0 5459 5458 5527
10944 3 0 5459 5527 5528
10945 3 0 5527 5492 5504
10946 3 0 5527 5504 5529
10947 3 0 5529 5504 5511
10948 3 0 5528 5527 5529
10949 3 0 5528 5529 5530
10950 3 0 5460 5459 5528
10951 3 0 5460 5528 5531
10952 3 0 5531 5528 5530
10953 3 0 5529 5511 5522
10954 3 0 5529 5522 5532
10955 3 0 5532 5522 5524
10956 3 0 5530 5529 5532
10957 3 0 5530 5532 5533
10958 3 0 5524 5526 6074
10959 3 0 5524 6074 5532
10960 3 0 5532 6074 5534
10961 3 0 5533 5532 5534
10962 3 0 5533 5534 5535
10963 3 0 5531 5530 5533
10964 3 0 5531 5533 5536
10965 3 0 5536 5533 5535
10966 3 0 5537 5538 5539
10967 3 0 5537 5539 4922
10968 3 0 4922 5539 5221
10969 3 0 5225 5221 5539
10970 3 0 5225 5539 5540
10971 3 0 5226 5225 5540
10972 3 0 5226 5540 5541
10973 3 0 5540 5539 5538
10974 3 0 5540 5538 5542
10975 3 0 5541 5540 5542
10976 3 0 5541 5542 5543
10977 3 0 4931 5544 5545
10978 3 0 4931 5545 5537
10979 3 0 5537 5545 5538
10980 3 0 5542 5538 5545
10981 3 0 5542 5545 5546
10982 3 0 5543 5542 5546
10983 3 0 5543 5546 5547
10984 3 0 5546 5545 5544
10985 3 0 5546 5544 5548
10986 3 0 5547 5546 5548
10987 3 0 5547 5548 5549
10988 3 0 5234 5226 5541
10989 3 0 5234 5541 5550
10990 3 0 5234 5550 5553
10991 3 0 5234 5553 5235
10992 3 0 5235 5553 5551
10993 3 0 5543 5552 5554
10994 3 0 5543 5554 5541
10995 3 0 5541 5554 5550
10996 3 0 5553 5550 5554
10997 3 0 5553 5554 5555
10998 3 0 5551 5553 5555
10999 3 0 5551 5555 5556
11000 3 0 5555 5554 5552
11001 3 0 5555 5552 5557
11002 3 0 5556 5555 5557
11003 3 0 5556 5557 5558
11004 3 0 5559 5235 5551
11005 3 0 5559 5551 5560
11006 3 0 5236 5559 5560
11007 3 0 5236 5560 5561
11008 3 0 5560 5551 5556
11009 3 0 5560 5556 5562
11010 3 0 5562 5556 5558
11011 3 0 5561 5560 5562
11012 3 0 5561 5562 5563
11013 3 0 5552 5543 5547
11014 3 0 5552 5547 5564
11015 3 0 5565 5558 5557
11016 3 0 5565 5557 5564
11017 3 0 5564 5557 5552
11018 3 0 5564 5547 5549
11019 3 0 5564 5549 5566
11020 3 0 5565 5564 5566
11021 3 0 5565 5566 5567
11022 3 0 5568 5563 5562
11023 3 0 5562 5558 5565
11024 3 0 5565 5567 5568
11025 3 0 5568 5562 5565
11026 3 0 5569 5570 5571
11027 3 0 5569 5571 4931
11028 3 0 4931 5571 5544
11029 3 0 5548 5544 5571
11030 3 0 5548 5571 5572
11031 3 0 5549 5548 5572
11032 3 0 5549 5572 5573
11033 3 0 5572 5571 5570
11034 3 0 5572 5570 5574
11035 3 0 5573 5572 5574
11036 3 0 5573 5574 5575
11037 3 0 4933 5576 5577
11038 3 0 4933 5577 5569
11039 3 0 5569 5577 5570
11040 3 0 5574 5570 5577
11041 3 0 5574 5577 5578
11042 3 0 5575 5574 5578
11043 3 0 5575 5578 5579
11044 3 0 5578 5577 5576
11045 3 0 5578 5576 5580
11046 3 0 5579 5578 5580
11047 3 0 5579 5580 5581
11048 3 0 5566 5549 5573
11049 3 0 5566 5573 5582
11050 3 0 5567 5566 5582
11051 3 0 5567 5582 5583
11052 3 0 5582 5573 5575
11053 3 0 5582 5575 5584
11054 3 0 5583 5582 5584
11055 3 0 5583 5584 5585
11056 3 0 5568 5567 5583
11057 3 0 5568 5583 5586
11058 3 0 5586 5583 5585
11059 3 0 5584 5575 5579
11060 3 0 5584 5579 5587
11061 3 0 5585 5584 5587
11062 3 0 5585 5587 5588
11063 3 0 5587 5579 5581
11064 3 0 5587 5581 5589
11065 3 0 5588 5587 5589
11066 3 0 5588 5589 5590
11067 3 0 5586 5585 5588
11068 3 0 5586 5588 5591
11069 3 0 5591 5588 5590
11070 3 0 5592 5236 5561
11071 3 0 5592 5561 5593
11072 3 0 5593 5561 5563
11073 3 0 5243 5592 5593
11074 3 0 5243 5593 5594
11075 3 0 5593 5563 5568
11076 3 0 5593 5568 5595
11077 3 0 5594 5593 5595
11078 3 0 5594 5595 5596
11079 3 0 5244 5243 5594
11080 3 0 5594 5596 5597
11081 3 0 5647 5594 5597
11082 3 0 5244 5594 5647
11083 3 0 5598 5596 5595
11084 3 0 5595 5568 5586
11085 3 0 5586 5591 5598
11086 3 0 5598 5595 5586
11087 3 0 5598 5599 5676
11088 3 0 5598 5676 5596
11089 3 0 5596 5676 5597
11090 3 0 5600 5601 5602
11091 3 0 5600 5602 4933
11092 3 0 4933 5602 5576
11093 3 0 5580 5576 5602
11094 3 0 5580 5602 5603
11095 3 0 5581 5580 5603
11096 3 0 5581 5603 5604
11097 3 0 5603 5602 5601
11098 3 0 5603 5601 5605
11099 3 0 5604 5603 5605
11100 3 0 5604 5605 5606
11101 3 0 4937 5607 5608
11102 3 0 4937 5608 5600
11103 3 0 5600 5608 5601
11104 3 0 5605 5601 5608
11105 3 0 5605 5608 5609
11106 3 0 5606 5605 5609
11107 3 0 5606 5609 5610
11108 3 0 5609 5608 5607
11109 3 0 5609 5607 5611
11110 3 0 5610 5609 5611
11111 3 0 5610 5611 5612
11112 3 0 5589 5581 5604
11113 3 0 5589 5604 5613
11114 3 0 5590 5589 5613
11115 3 0 5590 5613 5614
11116 3 0 5613 5604 5606
11117 3 0 5613 5606 5615
11118 3 0 5614 5613 5615
11119 3 0 5614 5615 5616
11120 3 0 5591 5590 5614
11121 3 0 5591 5614 5617
11122 3 0 5617 5614 5616
11123 3 0 5615 5606 5610
11124 3 0 5615 5610 5618
11125 3 0 5616 5615 5618
11126 3 0 5616 5618 5619
11127 3 0 5618 5610 5612
11128 3 0 5618 5612 5620
11129 3 0 5619 5618 5620
11130 3 0 5619 5620 5621
11131 3 0 5617 5616 5619
11132 3 0 5617 5619 5622
11133 3 0 5622 5619 5621
11134 3 0 5623 5624 5625
11135 3 0 5623 5625 4937
11136 3 0 4937 5625 5607
11137 3 0 5611 5607 5625
11138 3 0 5611 5625 5626
11139 3 0 5612 5611 5626
11140 3 0 5612 5626 5627
11141 3 0 5626 5625 5624
11142 3 0 5626 5624 5628
11143 3 0 5627 5626 5628
11144 3 0 5627 5628 5629
11145 3 0 4939 5630 5631
11146 3 0 4939 5631 5623
11147 3 0 5623 5631 5624
11148 3 0 5628 5624 5631
11149 3 0 5628 5631 5632
11150 3 0 5629 5628 5632
11151 3 0 5629 5632 5633
11152 3 0 5632 5631 5630
11153 3 0 5632 5630 5634
11154 3 0 5633 5632 5634
11155 3 0 5633 5634 5635
11156 3 0 5620 5612 5627
11157 3 0 5620 5627 5636
11158 3 0 5621 5620 5636
11159 3 0 5621 5636 5637
11160 3 0 5636 5627 5629
11161 3 0 5636 5629 5638
11162 3 0 5637 5636 5638
11163 3 0 5637 5638 5639
11164 3 0 5622 5621 5637
11165 3 0 5622 5637 5640
11166 3 0 5640 5637 5639
11167 3 0 5641 5639 5638
11168 3 0 5638 5629 5633
11169 3 0 5633 5635 5641
11170 3 0 5641 5638 5633
11171 3 0 5640 5639 5641
11172 3 0 5640 5641 5642
11173 3 0 5598 5591 5617
11174 3 0 5598 5617 5643
11175 3 0 5643 5617 5622
11176 3 0 5599 5598 5643
11177 3 0 5599 5643 5644
11178 3 0 5643 5622 5640
11179 3 0 5640 5642 5844
11180 3 0 5844 5645 5643
11181 3 0 5643 5640 5844
11182 3 0 5644 5643 5645
11183 3 0 5644 5645 5646
11184 3 0 5327 5244 5647
11185 3 0 5327 5647 5648
11186 3 0 5648 5649 5652
11187 3 0 5648 5652 5327
11188 3 0 5327 5652 5328
11189 3 0 5648 5647 5597
11190 3 0 5648 5597 5650
11191 3 0 5650 5651 5662
11192 3 0 5650 5662 5648
11193 3 0 5648 5662 5649
11194 3 0 5341 5328 5652
11195 3 0 5341 5652 5653
11196 3 0 5342 5341 5653
11197 3 0 5342 5653 5654
11198 3 0 5653 5652 5649
11199 3 0 5653 5649 5655
11200 3 0 5654 5653 5655
11201 3 0 5654 5655 5656
11202 3 0 5657 5342 5654
11203 3 0 5657 5654 5658
11204 3 0 5343 5657 5658
11205 3 0 5343 5658 5659
11206 3 0 5654 5656 5667
11207 3 0 5654 5667 5658
11208 3 0 5658 5667 5660
11209 3 0 5659 5658 5660
11210 3 0 5659 5660 5661
11211 3 0 5655 5649 5662
11212 3 0 5655 5662 5663
11213 3 0 5663 5664 5668
11214 3 0 5663 5668 5655
11215 3 0 5655 5668 5656
11216 3 0 5663 5662 5651
11217 3 0 5663 5651 5665
11218 3 0 5664 5663 5665
11219 3 0 5664 5665 5666
11220 3 0 5667 5656 5668
11221 3 0 5667 5668 5669
11222 3 0 5660 5667 5669
11223 3 0 5660 5669 5670
11224 3 0 5669 5668 5664
11225 3 0 5669 5664 5671
11226 3 0 5670 5669 5671
11227 3 0 5670 5671 5672
11228 3 0 5661 5660 5670
11229 3 0 5661 5670 5673
11230 3 0 5673 5670 5672
11231 3 0 5674 5672 5671
11232 3 0 5674 5671 5666
11233 3 0 5666 5671 5664
11234 3 0 5673 5672 5674
11235 3 0 5673 5674 5675
11236 3 0 5650 5597 5676
11237 3 0 5650 5676 5677
11238 3 0 5651 5650 5677
11239 3 0 5651 5677 5678
11240 3 0 5677 5676 5599
11241 3 0 5677 5599 5679
11242 3 0 5678 5677 5679
11243 3 0 5678 5679 5680
11244 3 0 5678 5681 5682
11245 3 0 5682 5666 5665
11246 3 0 5665 5651 5678
11247 3 0 5678 5682 5665
11248 3 0 5674 5666 5682
11249 3 0 5674 5682 5683
11250 3 0 5675 5674 5683
11251 3 0 5675 5683 5684
11252 3 0 5683 5682 5681
11253 3 0 5683 5681 5685
11254 3 0 5684 5683 5685
11255 3 0 5684 5685 5686
11256 3 0 5680 5687 5688
11257 3 0 5680 5688 5678
11258 3 0 5678 5688 5681
11259 3 0 5685 5681 5688
11260 3 0 5685 5688 5689
11261 3 0 5689 5690 5705
11262 3 0 5689 5705 5685
11263 3 0 5685 5705 5686
11264 3 0 5689 5688 5687
11265 3 0 5689 5687 5691
11266 3 0 5690 5689 5691
11267 3 0 5690 5691 5692
11268 3 0 5349 5343 5659
11269 3 0 5349 5659 5693
11270 3 0 5693 5659 5661
11271 3 0 5350 5349 5693
11272 3 0 5350 5693 5694
11273 3 0 5693 5661 5673
11274 3 0 5673 5675 5698
11275 3 0 5698 5695 5693
11276 3 0 5693 5673 5698
11277 3 0 5694 5693 5695
11278 3 0 5694 5695 5696
11279 3 0 5351 5350 5694
11280 3 0 5694 5696 5718
11281 3 0 5718 5697 5351
11282 3 0 5351 5694 5718
11283 3 0 5698 5675 5684
11284 3 0 5698 5684 5699
11285 3 0 5695 5698 5699
11286 3 0 5695 5699 5700
11287 3 0 5684 5686 5704
11288 3 0 5684 5704 5699
11289 3 0 5699 5704 5701
11290 3 0 5700 5699 5701
11291 3 0 5700 5701 5702
11292 3 0 5696 5695 5700
11293 3 0 5700 5702 5713
11294 3 0 5713 5703 5696
11295 3 0 5696 5700 5713
11296 3 0 5704 5686 5705
11297 3 0 5704 5705 5706
11298 3 0 5701 5704 5706
11299 3 0 5701 5706 5707
11300 3 0 5706 5705 5690
11301 3 0 5706 5690 5708
11302 3 0 5707 5706 5708
11303 3 0 5707 5708 5709
11304 3 0 5702 5701 5707
11305 3 0 5702 5707 5710
11306 3 0 5710 5707 5709
11307 3 0 5711 5709 5708
11308 3 0 5711 5708 5692
11309 3 0 5692 5708 5690
11310 3 0 5709 5711 5733
11311 3 0 5709 5733 5710
11312 3 0 5710 5733 5712
11313 3 0 5713 5702 5710
11314 3 0 5713 5710 5714
11315 3 0 5703 5713 5714
11316 3 0 5703 5714 5715
11317 3 0 5714 5710 5712
11318 3 0 5714 5712 5716
11319 3 0 5715 5714 5716
11320 3 0 5715 5716 5717
11321 3 0 5718 5696 5703
11322 3 0 5718 5703 5719
11323 3 0 5697 5718 5719
11324 3 0 5697 5719 5720
11325 3 0 5719 5703 5715
11326 3 0 5719 5715 5721
11327 3 0 5721 5715 5717
11328 3 0 5719 5721 5764
11329 3 0 5719 5764 5720
11330 3 0 5720 5764 5722
11331 3 0 5644 5723 5724
11332 3 0 5724 5680 5679
11333 3 0 5679 5599 5644
11334 3 0 5644 5724 5679
11335 3 0 5687 5680 5724
11336 3 0 5687 5724 5725
11337 3 0 5725 5726 5731
11338 3 0 5731 5692 5691
11339 3 0 5691 5687 5725
11340 3 0 5725 5731 5691
11341 3 0 5725 5724 5723
11342 3 0 5725 5723 5727
11343 3 0 5727 5728 5749
11344 3 0 5727 5749 5725
11345 3 0 5725 5749 5726
11346 3 0 5723 5644 5646
11347 3 0 5723 5646 5729
11348 3 0 5729 5730 5776
11349 3 0 5776 5728 5727
11350 3 0 5727 5723 5729
11351 3 0 5729 5776 5727
11352 3 0 5731 5732 5734
11353 3 0 5731 5734 5692
11354 3 0 5692 5734 5711
11355 3 0 5733 5711 5734
11356 3 0 5733 5734 5735
11357 3 0 5712 5733 5735
11358 3 0 5712 5735 5736
11359 3 0 5735 5734 5732
11360 3 0 5735 5732 5737
11361 3 0 5736 5735 5737
11362 3 0 5736 5737 5738
11363 3 0 5726 5739 5740
11364 3 0 5726 5740 5731
11365 3 0 5731 5740 5732
11366 3 0 5737 5732 5740
11367 3 0 5737 5740 5741
11368 3 0 5738 5737 5741
11369 3 0 5738 5741 5742
11370 3 0 5741 5740 5739
11371 3 0 5741 5739 5743
11372 3 0 5742 5741 5743
11373 3 0 5742 5743 5744
11374 3 0 5716 5712 5736
11375 3 0 5716 5736 5745
11376 3 0 5745 5736 5738
11377 3 0 5717 5716 5745
11378 3 0 5717 5745 5746
11379 3 0 5745 5738 5742
11380 3 0 5745 5742 5747
11381 3 0 5747 5742 5744
11382 3 0 5746 5745 5747
11383 3 0 5746 5747 5748
11384 3 0 5739 5726 5749
11385 3 0 5739 5749 5750
11386 3 0 5751 5744 5743
11387 3 0 5751 5743 5750
11388 3 0 5750 5743 5739
11389 3 0 5750 5749 5728
11390 3 0 5750 5728 5752
11391 3 0 5752 5753 5757
11392 3 0 5752 5757 5750
11393 3 0 5750 5757 5751
11394 3 0 5744 5751 5756
11395 3 0 5744 5756 5747
11396 3 0 5747 5756 5754
11397 3 0 5748 5747 5754
11398 3 0 5748 5754 5755
11399 3 0 5756 5751 5757
11400 3 0 5756 5757 5758
11401 3 0 5754 5756 5758
11402 3 0 5754 5758 5759
11403 3 0 5758 5757 5753
11404 3 0 5758 5753 5760
11405 3 0 5759 5758 5760
11406 3 0 5759 5760 5761
11407 3 0 5755 5754 5759
11408 3 0 5755 5759 5762
11409 3 0 5762 5759 5761
11410 3 0 5721 5717 5746
11411 3 0 5746 5748 5763
11412 3 0 5765 5746 5763
11413 3 0 5721 5746 5765
11414 3 0 5764 5721 5765
11415 3 0 5764 5765 5766
11416 3 0 5722 5764 5766
11417 3 0 5722 5766 5767
11418 3 0 5766 5765 5763
11419 3 0 5766 5763 5768
11420 3 0 5767 5766 5768
11421 3 0 5767 5768 5769
11422 3 0 5763 5748 5755
11423 3 0 5755 5762 5770
11424 3 0 5771 5755 5770
11425 3 0 5763 5755 5771
11426 3 0 5768 5763 5771
11427 3 0 5768 5771 5772
11428 3 0 5769 5768 5772
11429 3 0 5769 5772 5773
11430 3 0 5772 5771 5770
11431 3 0 5772 5770 5774
11432 3 0 5773 5772 5774
11433 3 0 5773 5774 5775
11434 3 0 5776 5777 5778
11435 3 0 5778 5753 5752
11436 3 0 5752 5728 5776
11437 3 0 5776 5778 5752
11438 3 0 5779 5761 5760
11439 3 0 5779 5760 5778
11440 3 0 5778 5760 5753
11441 3 0 5762 5761 5779
11442 3 0 5762 5779 5780
11443 3 0 5779 5778 5777
11444 3 0 5779 5777 5781
11445 3 0 5780 5779 5781
11446 3 0 5780 5781 5782
11447 3 0 5730 5783 5784
11448 3 0 5730 5784 5776
11449 3 0 5776 5784 5777
11450 3 0 5781 5777 5784
11451 3 0 5781 5784 5785
11452 3 0 5782 5781 5785
11453 3 0 5782 5785 5786
11454 3 0 5785 5784 5783
11455 3 0 5785 5783 5787
11456 3 0 5786 5785 5787
11457 3 0 5786 5787 5788
11458 3 0 5770 5762 5780
11459 3 0 5780 5782 5791
11460 3 0 5791 5789 5770
11461 3 0 5770 5780 5791
11462 3 0 5790 5775 5774
11463 3 0 5790 5774 5789
11464 3 0 5789 5774 5770
11465 3 0 5791 5782 5786
11466 3 0 5791 5786 5792
11467 3 0 5789 5791 5792
11468 3 0 5789 5792 5793
11469 3 0 5786 5788 5930
11470 3 0 5786 5930 5792
11471 3 0 5792 5930 5794
11472 3 0 5793 5792 5794
11473 3 0 5793 5794 5795
11474 3 0 5790 5789 5793
11475 3 0 5793 5795 5939
11476 3 0 5939 5796 5790
11477 3 0 5790 5793 5939
11478 3 0 5797 5798 5799
11479 3 0 5797 5799 4939
11480 3 0 4939 5799 5630
11481 3 0 5634 5630 5799
11482 3 0 5634 5799 5800
11483 3 0 5635 5634 5800
11484 3 0 5635 5800 5801
11485 3 0 5800 5799 5798
11486 3 0 5800 5798 5802
11487 3 0 5801 5800 5802
11488 3 0 5801 5802 5803
11489 3 0 5798 5797 4945
11490 3 0 5798 4945 5804
11491 3 0 5805 5803 5802
11492 3 0 5805 5802 5804
11493 3 0 5804 5802 5798
11494 3 0 5641 5635 5801
11495 3 0 5641 5801 5806
11496 3 0 5806 5801 5803
11497 3 0 5641 5806 5809
11498 3 0 5641 5809 5642
11499 3 0 5642 5809 5807
11500 3 0 5803 5805 5820
11501 3 0 5820 5808 5810
11502 3 0 5810 5806 5803
11503 3 0 5803 5820 5810
11504 3 0 5809 5806 5810
11505 3 0 5809 5810 5811
11506 3 0 5807 5809 5811
11507 3 0 5807 5811 5812
11508 3 0 5811 5810 5808
11509 3 0 5811 5808 5813
11510 3 0 5812 5811 5813
11511 3 0 5812 5813 5814
11512 3 0 5804 4945 5815
11513 3 0 5804 5815 5816
11514 3 0 5816 5817 5821
11515 3 0 5816 5821 5804
11516 3 0 5804 5821 5805
11517 3 0 5816 5815 4947
11518 3 0 5816 4947 5818
11519 3 0 5818 5819 5830
11520 3 0 5818 5830 5816
11521 3 0 5816 5830 5817
11522 3 0 5820 5805 5821
11523 3 0 5820 5821 5822
11524 3 0 5808 5820 5822
11525 3 0 5808 5822 5823
11526 3 0 5822 5821 5817
11527 3 0 5822 5817 5824
11528 3 0 5822 5824 5832
11529 3 0 5822 5832 5823
11530 3 0 5823 5832 5825
11531 3 0 5813 5808 5823
11532 3 0 5813 5823 5826
11533 3 0 5814 5813 5826
11534 3 0 5814 5826 5827
11535 3 0 5826 5823 5825
11536 3 0 5826 5825 5828
11537 3 0 5827 5826 5828
11538 3 0 5827 5828 5829
11539 3 0 5830 5831 5833
11540 3 0 5830 5833 5817
11541 3 0 5817 5833 5824
11542 3 0 5832 5824 5833
11543 3 0 5832 5833 5834
11544 3 0 5825 5832 5834
11545 3 0 5825 5834 5835
11546 3 0 5834 5833 5831
11547 3 0 5834 5831 5836
11548 3 0 5835 5834 5836
11549 3 0 5835 5836 5837
11550 3 0 5831 5830 5819
11551 3 0 5831 5819 5838
11552 3 0 5839 5837 5836
11553 3 0 5839 5836 5838
11554 3 0 5838 5836 5831
11555 3 0 5828 5825 5835
11556 3 0 5828 5835 5840
11557 3 0 5840 5835 5837
11558 3 0 5829 5828 5840
11559 3 0 5829 5840 5841
11560 3 0 5840 5837 5839
11561 3 0 5840 5839 5842
11562 3 0 5841 5840 5842
11563 3 0 5841 5842 5843
11564 3 0 5844 5642 5807
11565 3 0 5844 5807 5845
11566 3 0 5645 5844 5845
11567 3 0 5645 5845 5846
11568 3 0 5845 5807 5812
11569 3 0 5845 5812 5847
11570 3 0 5847 5812 5814
11571 3 0 5846 5845 5847
11572 3 0 5846 5847 5848
11573 3 0 5646 5645 5846
11574 3 0 5646 5846 5849
11575 3 0 5849 5846 5848
11576 3 0 5847 5814 5827
11577 3 0 5847 5827 5850
11578 3 0 5850 5827 5829
11579 3 0 5848 5847 5850
11580 3 0 5848 5850 5851
11581 3 0 5850 5829 5841
11582 3 0 5850 5841 5852
11583 3 0 5852 5841 5843
11584 3 0 5851 5850 5852
11585 3 0 5851 5852 5853
11586 3 0 5849 5848 5851
11587 3 0 5849 5851 5854
11588 3 0 5854 5851 5853
11589 3 0 5818 4947 5855
11590 3 0 5818 5855 5856
11591 3 0 5856 5857 5860
11592 3 0 5856 5860 5818
11593 3 0 5818 5860 5819
11594 3 0 5856 5855 4951
11595 3 0 5856 4951 5858
11596 3 0 5857 5856 5858
11597 3 0 5857 5858 5859
11598 3 0 5838 5819 5860
11599 3 0 5838 5860 5861
11600 3 0 5839 5838 5861
11601 3 0 5839 5861 5862
11602 3 0 5861 5860 5857
11603 3 0 5861 5857 5863
11604 3 0 5862 5861 5863
11605 3 0 5862 5863 5864
11606 3 0 5867 5862 5864
11607 3 0 5862 5867 5842
11608 3 0 5842 5839 5862
11609 3 0 5865 5843 5842
11610 3 0 5865 5842 5867
11611 3 0 5859 5866 5868
11612 3 0 5868 5864 5863
11613 3 0 5863 5857 5859
11614 3 0 5859 5868 5863
11615 3 0 5867 5864 5868
11616 3 0 5867 5868 5869
11617 3 0 5865 5867 5869
11618 3 0 5865 5869 5870
11619 3 0 5869 5868 5866
11620 3 0 5869 5866 5871
11621 3 0 5870 5869 5871
11622 3 0 5870 5871 5872
11623 3 0 4953 5873 5874
11624 3 0 5874 5859 5858
11625 3 0 5858 4951 4953
11626 3 0 4953 5874 5858
11627 3 0 5874 5875 5876
11628 3 0 5874 5876 5859
11629 3 0 5859 5876 5866
11630 3 0 5871 5866 5876
11631 3 0 5871 5876 5877
11632 3 0 5872 5871 5877
11633 3 0 5872 5877 5878
11634 3 0 5877 5876 5875
11635 3 0 5877 5875 5879
11636 3 0 5878 5877 5879
11637 3 0 5878 5879 5880
11638 3 0 5873 5881 5882
11639 3 0 5873 5882 5874
11640 3 0 5874 5882 5875
11641 3 0 5879 5875 5882
11642 3 0 5879 5882 5883
11643 3 0 5880 5879 5883
11644 3 0 5880 5883 5884
11645 3 0 5883 5882 5881
11646 3 0 5883 5881 5885
11647 3 0 5884 5883 5885
11648 3 0 5884 5885 5886
11649 3 0 5843 5865 5889
11650 3 0 5843 5889 5852
11651 3 0 5852 5889 5887
11652 3 0 5853 5852 5887
11653 3 0 5853 5887 5888
11654 3 0 5889 5865 5870
11655 3 0 5889 5870 5890
11656 3 0 5887 5889 5890
11657 3 0 5887 5890 5891
11658 3 0 5890 5870 5872
11659 3 0 5890 5872 5892
11660 3 0 5891 5890 5892
11661 3 0 5891 5892 5893
11662 3 0 5888 5887 5891
11663 3 0 5888 5891 5894
11664 3 0 5894 5891 5893
11665 3 0 5854 5853 5888
11666 3 0 5888 5894 5903
11667 3 0 5903 5895 5854
11668 3 0 5854 5888 5903
11669 3 0 5892 5872 5878
11670 3 0 5892 5878 5896
11671 3 0 5893 5892 5896
11672 3 0 5893 5896 5897
11673 3 0 5896 5878 5880
11674 3 0 5896 5880 5898
11675 3 0 5897 5896 5898
11676 3 0 5897 5898 5899
11677 3 0 5894 5893 5897
11678 3 0 5894 5897 5900
11679 3 0 5900 5897 5899
11680 3 0 6218 5884 5886
11681 3 0 5884 6218 5898
11682 3 0 5898 5880 5884
11683 3 0 5901 5899 5898
11684 3 0 5901 5898 6218
11685 3 0 5899 5901 6224
11686 3 0 6224 5902 5907
11687 3 0 5907 5900 5899
11688 3 0 5899 6224 5907
11689 3 0 5894 5900 5906
11690 3 0 5894 5906 5903
11691 3 0 5903 5906 5904
11692 3 0 5895 5903 5904
11693 3 0 5895 5904 5905
11694 3 0 5906 5900 5907
11695 3 0 5906 5907 5908
11696 3 0 5904 5906 5908
11697 3 0 5904 5908 5909
11698 3 0 5908 5907 5902
11699 3 0 5908 5902 5910
11700 3 0 5909 5908 5910
11701 3 0 5909 5910 5911
11702 3 0 5905 5904 5909
11703 3 0 5905 5909 5912
11704 3 0 5912 5909 5911
11705 3 0 5729 5646 5849
11706 3 0 5729 5849 5913
11707 3 0 5913 5914 5917
11708 3 0 5913 5917 5729
11709 3 0 5729 5917 5730
11710 3 0 5913 5849 5854
11711 3 0 5913 5854 5915
11712 3 0 5915 5916 5946
11713 3 0 5915 5946 5913
11714 3 0 5913 5946 5914
11715 3 0 5917 5918 5919
11716 3 0 5917 5919 5730
11717 3 0 5730 5919 5783
11718 3 0 5787 5783 5919
11719 3 0 5787 5919 5920
11720 3 0 5920 5921 5931
11721 3 0 5920 5931 5787
11722 3 0 5787 5931 5788
11723 3 0 5920 5919 5918
11724 3 0 5920 5918 5922
11725 3 0 5921 5920 5922
11726 3 0 5921 5922 5923
11727 3 0 5914 5924 5925
11728 3 0 5914 5925 5917
11729 3 0 5917 5925 5918
11730 3 0 5922 5918 5925
11731 3 0 5922 5925 5926
11732 3 0 5923 5922 5926
11733 3 0 5923 5926 5927
11734 3 0 5926 5925 5924
11735 3 0 5926 5924 5928
11736 3 0 5927 5926 5928
11737 3 0 5927 5928 5929
11738 3 0 5930 5788 5931
11739 3 0 5930 5931 5932
11740 3 0 5794 5930 5932
11741 3 0 5794 5932 5933
11742 3 0 5932 5931 5921
11743 3 0 5932 5921 5934
11744 3 0 5933 5932 5934
11745 3 0 5933 5934 5935
11746 3 0 5795 5794 5933
11747 3 0 5795 5933 5936
11748 3 0 5936 5933 5935
11749 3 0 5937 5935 5934
11750 3 0 5937 5934 5923
11751 3 0 5923 5934 5921
11752 3 0 5936 5935 5937
11753 3 0 5936 5937 5938
11754 3 0 5939 5795 5936
11755 3 0 5939 5936 5940
11756 3 0 5796 5939 5940
11757 3 0 5796 5940 5941
11758 3 0 5940 5936 5938
11759 3 0 5940 5938 5942
11760 3 0 5941 5940 5942
11761 3 0 5941 5942 5943
11762 3 0 5944 5938 5937
11763 3 0 5937 5923 5927
11764 3 0 5927 5929 5944
11765 3 0 5944 5937 5927
11766 3 0 5945 5943 5942
11767 3 0 5945 5942 5944
11768 3 0 5944 5942 5938
11769 3 0 5946 5947 5948
11770 3 0 5946 5948 5914
11771 3 0 5914 5948 5924
11772 3 0 5928 5924 5948
11773 3 0 5928 5948 5949
11774 3 0 5929 5928 5949
11775 3 0 5929 5949 5950
11776 3 0 5949 5948 5947
11777 3 0 5949 5947 5951
11778 3 0 5950 5949 5951
11779 3 0 5950 5951 5952
11780 3 0 5916 5953 5954
11781 3 0 5916 5954 5946
11782 3 0 5946 5954 5947
11783 3 0 5951 5947 5954
11784 3 0 5951 5954 5955
11785 3 0 5952 5951 5955
11786 3 0 5952 5955 5956
11787 3 0 5955 5954 5953
11788 3 0 5955 5953 5957
11789 3 0 5956 5955 5957
11790 3 0 5956 5957 5958
11791 3 0 5944 5929 5950
11792 3 0 5944 5950 5959
11793 3 0 5959 5950 5952
11794 3 0 5945 5944 5959
11795 3 0 5945 5959 5960
11796 3 0 5959 5952 5956
11797 3 0 5959 5956 5961
11798 3 0 5961 5956 5958
11799 3 0 5960 5959 5961
11800 3 0 5960 5961 5962
11801 3 0 5915 5854 5895
11802 3 0 5915 5895 5963
11803 3 0 5963 5964 5967
11804 3 0 5963 5967 5915
11805 3 0 5915 5967 5916
11806 3 0 5963 5895 5905
11807 3 0 5963 5905 5965
11808 3 0 5965 5905 5912
11809 3 0 5965 5966 5984
11810 3 0 5965 5984 5963
11811 3 0 5963 5984 5964
11812 3 0 5967 5968 5969
11813 3 0 5967 5969 5916
11814 3 0 5916 5969 5953
11815 3 0 5957 5953 5969
11816 3 0 5957 5969 5970
11817 3 0 5958 5957 5970
11818 3 0 5958 5970 5971
11819 3 0 5970 5969 5968
11820 3 0 5970 5968 5972
11821 3 0 5971 5970 5972
11822 3 0 5971 5972 5973
11823 3 0 5964 5974 5975
11824 3 0 5964 5975 5967
11825 3 0 5967 5975 5968
11826 3 0 5972 5968 5975
11827 3 0 5972 5975 5976
11828 3 0 5973 5972 5976
11829 3 0 5973 5976 5977
11830 3 0 5976 5975 5974
11831 3 0 5976 5974 5978
11832 3 0 5977 5976 5978
11833 3 0 5977 5978 5979
11834 3 0 5961 5958 5971
11835 3 0 5961 5971 5980
11836 3 0 5980 5971 5973
11837 3 0 5962 5961 5980
11838 3 0 5962 5980 5981
11839 3 0 5980 5973 5977
11840 3 0 5980 5977 5982
11841 3 0 5982 5977 5979
11842 3 0 5981 5980 5982
11843 3 0 5981 5982 5983
11844 3 0 5974 5964 5984
11845 3 0 5974 5984 5985
11846 3 0 5986 5979 5978
11847 3 0 5978 5974 5985
11848 3 0 5988 5978 5985
11849 3 0 5986 5978 5988
11850 3 0 5966 5987 5989
11851 3 0 5966 5989 5984
11852 3 0 5984 5989 5985
11853 3 0 5988 5985 5989
11854 3 0 5988 5989 5990
11855 3 0 5986 5988 5990
11856 3 0 5986 5990 5991
11857 3 0 5990 5989 5987
11858 3 0 5990 5987 5992
11859 3 0 5991 5990 5992
11860 3 0 5991 5992 5993
11861 3 0 5982 5979 5986
11862 3 0 5982 5986 5994
11863 3 0 5983 5982 5994
11864 3 0 5983 5994 5995
11865 3 0 5994 5986 5991
11866 3 0 5994 5991 5996
11867 3 0 5996 5991 5993
11868 3 0 5995 5994 5996
11869 3 0 5995 5996 5997
11870 3 0 5351 5697 6000
11871 3 0 5351 6000 5514
11872 3 0 5514 6000 5998
11873 3 0 5515 5514 5998
11874 3 0 5515 5998 5999
11875 3 0 6000 5697 5720
11876 3 0 6000 5720 6001
11877 3 0 5998 6000 6001
11878 3 0 5998 6001 6002
11879 3 0 5720 5722 6015
11880 3 0 5720 6015 6001
11881 3 0 6001 6015 6003
11882 3 0 6001 6003 6020
11883 3 0 6001 6020 6002
11884 3 0 6002 6020 6004
11885 3 0 5999 5998 6002
11886 3 0 6002 6004 6030
11887 3 0 6030 6005 5999
11888 3 0 5999 6002 6030
11889 3 0 5525 5515 5999
11890 3 0 5525 5999 6006
11891 3 0 5525 6006 6009
11892 3 0 6009 6007 6075
11893 3 0 6075 5526 5525
11894 3 0 5525 6009 6075
11895 3 0 6005 6008 6010
11896 3 0 6005 6010 5999
11897 3 0 5999 6010 6006
11898 3 0 6009 6006 6010
11899 3 0 6009 6010 6011
11900 3 0 6011 6012 6082
11901 3 0 6011 6082 6009
11902 3 0 6009 6082 6007
11903 3 0 6011 6010 6008
11904 3 0 6011 6008 6013
11905 3 0 6013 6014 6088
11906 3 0 6013 6088 6011
11907 3 0 6011 6088 6012
11908 3 0 6015 5722 5767
11909 3 0 6015 5767 6016
11910 3 0 6003 6015 6016
11911 3 0 6003 6016 6017
11912 3 0 6016 5767 5769
11913 3 0 6016 5769 6018
11914 3 0 6017 6016 6018
11915 3 0 6017 6018 6019
11916 3 0 6020 6003 6017
11917 3 0 6020 6017 6021
11918 3 0 6004 6020 6021
11919 3 0 6004 6021 6022
11920 3 0 6021 6017 6019
11921 3 0 6021 6019 6023
11922 3 0 6022 6021 6023
11923 3 0 6022 6023 6024
11924 3 0 6018 5769 5773
11925 3 0 6018 5773 6025
11926 3 0 6019 6018 6025
11927 3 0 6019 6025 6026
11928 3 0 6025 5773 5775
11929 3 0 6025 5775 6027
11930 3 0 6026 6025 6027
11931 3 0 6026 6027 6028
11932 3 0 6029 6024 6023
11933 3 0 6023 6019 6026
11934 3 0 6026 6028 6029
11935 3 0 6029 6023 6026
11936 3 0 6030 6004 6022
11937 3 0 6030 6022 6031
11938 3 0 6031 6022 6024
11939 3 0 6005 6030 6031
11940 3 0 6005 6031 6032
11941 3 0 6031 6024 6029
11942 3 0 6031 6029 6033
11943 3 0 6032 6031 6033
11944 3 0 6032 6033 6034
11945 3 0 6035 6028 6027
11946 3 0 6035 6027 5790
11947 3 0 5790 6027 5775
11948 3 0 6028 6035 6038
11949 3 0 6028 6038 6029
11950 3 0 6029 6038 6036
11951 3 0 5790 5796 6120
11952 3 0 6120 6037 6039
11953 3 0 6039 6035 5790
11954 3 0 5790 6120 6039
11955 3 0 6038 6035 6039
11956 3 0 6038 6039 6040
11957 3 0 6036 6038 6040
11958 3 0 6036 6040 6041
11959 3 0 6040 6039 6037
11960 3 0 6040 6037 6042
11961 3 0 6041 6040 6042
11962 3 0 6041 6042 6043
11963 3 0 6033 6029 6036
11964 3 0 6033 6036 6044
11965 3 0 6034 6033 6044
11966 3 0 6034 6044 6045
11967 3 0 6044 6036 6041
11968 3 0 6041 6043 6131
11969 3 0 6131 6046 6044
11970 3 0 6044 6041 6131
11971 3 0 6045 6044 6046
11972 3 0 6045 6046 6047
11973 3 0 6008 6005 6032
11974 3 0 6032 6034 6050
11975 3 0 6050 6048 6008
11976 3 0 6008 6032 6050
11977 3 0 6013 6096 6014
11978 3 0 6096 6013 6055
11979 3 0 6055 6049 6096
11980 3 0 6008 6048 6055
11981 3 0 6008 6055 6013
11982 3 0 6050 6034 6045
11983 3 0 6050 6045 6051
11984 3 0 6048 6050 6051
11985 3 0 6048 6051 6052
11986 3 0 6051 6045 6047
11987 3 0 6051 6047 6053
11988 3 0 6051 6053 6142
11989 3 0 6142 6054 6059
11990 3 0 6059 6052 6051
11991 3 0 6051 6142 6059
11992 3 0 6048 6052 6058
11993 3 0 6048 6058 6055
11994 3 0 6055 6058 6056
11995 3 0 6055 6056 6064
11996 3 0 6055 6064 6049
11997 3 0 6049 6064 6057
11998 3 0 6058 6052 6059
11999 3 0 6058 6059 6060
12000 3 0 6056 6058 6060
12001 3 0 6056 6060 6061
12002 3 0 6060 6059 6054
12003 3 0 6060 6054 6062
12004 3 0 6062 6063 6068
12005 3 0 6062 6068 6060
12006 3 0 6060 6068 6061
12007 3 0 6056 6061 6067
12008 3 0 6056 6067 6064
12009 3 0 6064 6067 6065
12010 3 0 6057 6064 6065
12011 3 0 6057 6065 6066
12012 3 0 6067 6061 6068
12013 3 0 6067 6068 6069
12014 3 0 6065 6067 6069
12015 3 0 6065 6069 6070
12016 3 0 6069 6068 6063
12017 3 0 6069 6063 6071
12018 3 0 6070 6069 6071
12019 3 0 6070 6071 6072
12020 3 0 6066 6065 6070
12021 3 0 6066 6070 6073
12022 3 0 6073 6070 6072
12023 3 0 6074 5526 6075
12024 3 0 6074 6075 6076
12025 3 0 5534 6074 6076
12026 3 0 5534 6076 6077
12027 3 0 6075 6007 6081
12028 3 0 6075 6081 6076
12029 3 0 6076 6081 6078
12030 3 0 6077 6076 6078
12031 3 0 6077 6078 6079
12032 3 0 5535 5534 6077
12033 3 0 5535 6077 6080
12034 3 0 6080 6077 6079
12035 3 0 6081 6007 6082
12036 3 0 6081 6082 6083
12037 3 0 6078 6081 6083
12038 3 0 6078 6083 6084
12039 3 0 6083 6082 6012
12040 3 0 6083 6012 6085
12041 3 0 6084 6083 6085
12042 3 0 6084 6085 6086
12043 3 0 6079 6078 6084
12044 3 0 6079 6084 6087
12045 3 0 6087 6084 6086
12046 3 0 6085 6012 6088
12047 3 0 6085 6088 6089
12048 3 0 6086 6085 6089
12049 3 0 6086 6089 6090
12050 3 0 6089 6088 6014
12051 3 0 6089 6014 6091
12052 3 0 6090 6089 6091
12053 3 0 6090 6091 6092
12054 3 0 6087 6086 6090
12055 3 0 6087 6090 6093
12056 3 0 6093 6090 6092
12057 3 0 6080 6079 6087
12058 3 0 6080 6087 6094
12059 3 0 6094 6087 6093
12060 3 0 5536 5535 6080
12061 3 0 6080 6094 6115
12062 3 0 6115 6095 5536
12063 3 0 5536 6080 6115
12064 3 0 6097 6092 6091
12065 3 0 6097 6091 6096
12066 3 0 6096 6091 6014
12067 3 0 6093 6092 6097
12068 3 0 6093 6097 6098
12069 3 0 6097 6096 6049
12070 3 0 6097 6049 6099
12071 3 0 6098 6097 6099
12072 3 0 6098 6099 6100
12073 3 0 6094 6093 6098
12074 3 0 6098 6100 6110
12075 3 0 6110 6101 6094
12076 3 0 6094 6098 6110
12077 3 0 6049 6057 6104
12078 3 0 6049 6104 6099
12079 3 0 6099 6104 6102
12080 3 0 6100 6099 6102
12081 3 0 6100 6102 6103
12082 3 0 6104 6057 6066
12083 3 0 6104 6066 6105
12084 3 0 6102 6104 6105
12085 3 0 6102 6105 6106
12086 3 0 6105 6066 6073
12087 3 0 6105 6073 6107
12088 3 0 6106 6105 6107
12089 3 0 6106 6107 6108
12090 3 0 6103 6102 6106
12091 3 0 6103 6106 6109
12092 3 0 6109 6106 6108
12093 3 0 6110 6100 6103
12094 3 0 6110 6103 6111
12095 3 0 6101 6110 6111
12096 3 0 6101 6111 6112
12097 3 0 6111 6103 6109
12098 3 0 6111 6109 6113
12099 3 0 6111 6113 6175
12100 3 0 6111 6175 6112
12101 3 0 6112 6175 6114
12102 3 0 6115 6094 6101
12103 3 0 6115 6101 6116
12104 3 0 6095 6115 6116
12105 3 0 6095 6116 6117
12106 3 0 6116 6101 6112
12107 3 0 6112 6114 6185
12108 3 0 6185 6118 6116
12109 3 0 6116 6112 6185
12110 3 0 6117 6116 6118
12111 3 0 6117 6118 6119
12112 3 0 6120 5796 5941
12113 3 0 6120 5941 6121
12114 3 0 6037 6120 6121
12115 3 0 6037 6121 6122
12116 3 0 6121 5941 5943
12117 3 0 6121 5943 6123
12118 3 0 6122 6121 6123
12119 3 0 6122 6123 6124
12120 3 0 6042 6037 6122
12121 3 0 6042 6122 6125
12122 3 0 6043 6042 6125
12123 3 0 6043 6125 6126
12124 3 0 6125 6122 6124
12125 3 0 6125 6124 6127
12126 3 0 6126 6125 6127
12127 3 0 6126 6127 6128
12128 3 0 6129 6124 6123
12129 3 0 6129 6123 5945
12130 3 0 5945 6123 5943
12131 3 0 6130 6128 6127
12132 3 0 6130 6127 6129
12133 3 0 6129 6127 6124
12134 3 0 6131 6043 6126
12135 3 0 6131 6126 6132
12136 3 0 6046 6131 6132
12137 3 0 6046 6132 6133
12138 3 0 6132 6126 6128
12139 3 0 6132 6128 6134
12140 3 0 6133 6132 6134
12141 3 0 6133 6134 6135
12142 3 0 6047 6046 6133
12143 3 0 6047 6133 6136
12144 3 0 6136 6133 6135
12145 3 0 6137 6135 6134
12146 3 0 6137 6134 6130
12147 3 0 6130 6134 6128
12148 3 0 6136 6135 6137
12149 3 0 6136 6137 6138
12150 3 0 6139 6130 6129
12151 3 0 6129 5945 5960
12152 3 0 5960 5962 6139
12153 3 0 6139 6129 5960
12154 3 0 6140 6138 6137
12155 3 0 6140 6137 6139
12156 3 0 6139 6137 6130
12157 3 0 6136 6141 6143
12158 3 0 6136 6143 6047
12159 3 0 6047 6143 6053
12160 3 0 6142 6053 6143
12161 3 0 6142 6143 6144
12162 3 0 6054 6142 6144
12163 3 0 6054 6144 6145
12164 3 0 6144 6143 6141
12165 3 0 6144 6141 6146
12166 3 0 6145 6144 6146
12167 3 0 6145 6146 6147
12168 3 0 6141 6136 6138
12169 3 0 6141 6138 6148
12170 3 0 6149 6147 6146
12171 3 0 6149 6146 6148
12172 3 0 6148 6146 6141
12173 3 0 6062 6054 6145
12174 3 0 6062 6145 6150
12175 3 0 6063 6062 6150
12176 3 0 6063 6150 6151
12177 3 0 6150 6145 6147
12178 3 0 6150 6147 6152
12179 3 0 6151 6150 6152
12180 3 0 6151 6152 6153
12181 3 0 6154 6072 6071
12182 3 0 6154 6071 6151
12183 3 0 6151 6071 6063
12184 3 0 6073 6072 6154
12185 3 0 6073 6154 6155
12186 3 0 6154 6151 6153
12187 3 0 6154 6153 6156
12188 3 0 6155 6154 6156
12189 3 0 6155 6156 6157
12190 3 0 6158 6153 6152
12191 3 0 6158 6152 6149
12192 3 0 6149 6152 6147
12193 3 0 6159 6157 6156
12194 3 0 6159 6156 6158
12195 3 0 6158 6156 6153
12196 3 0 6160 6149 6148
12197 3 0 6160 6148 6140
12198 3 0 6140 6148 6138
12199 3 0 6161 6159 6158
12200 3 0 6161 6158 6160
12201 3 0 6160 6158 6149
12202 3 0 6139 5962 5981
12203 3 0 6139 5981 6162
12204 3 0 6162 5981 5983
12205 3 0 6140 6139 6162
12206 3 0 6140 6162 6163
12207 3 0 6162 5983 5995
12208 3 0 6162 5995 6164
12209 3 0 6164 5995 5997
12210 3 0 6163 6162 6164
12211 3 0 6163 6164 6165
12212 3 0 6595 6163 6165
12213 3 0 6163 6595 6160
12214 3 0 6160 6140 6163
12215 3 0 6166 6161 6160
12216 3 0 6166 6160 6595
12217 3 0 6107 6073 6155
12218 3 0 6107 6155 6167
12219 3 0 6108 6107 6167
12220 3 0 6108 6167 6168
12221 3 0 6167 6155 6157
12222 3 0 6167 6157 6169
12223 3 0 6168 6167 6169
12224 3 0 6168 6169 6170
12225 3 0 6109 6108 6168
12226 3 0 6109 6168 6171
12227 3 0 6171 6168 6170
12228 3 0 6172 6170 6169
12229 3 0 6172 6169 6159
12230 3 0 6159 6169 6157
12231 3 0 6171 6170 6172
12232 3 0 6171 6172 6173
12233 3 0 6171 6174 6176
12234 3 0 6171 6176 6109
12235 3 0 6109 6176 6113
12236 3 0 6175 6113 6176
12237 3 0 6175 6176 6177
12238 3 0 6114 6175 6177
12239 3 0 6114 6177 6178
12240 3 0 6177 6176 6174
12241 3 0 6177 6174 6179
12242 3 0 6178 6177 6179
12243 3 0 6178 6179 6180
12244 3 0 6174 6171 6173
12245 3 0 6174 6173 6181
12246 3 0 6182 6180 6179
12247 3 0 6182 6179 6181
12248 3 0 6181 6179 6174
12249 3 0 6183 6173 6172
12250 3 0 6183 6172 6161
12251 3 0 6161 6172 6159
12252 3 0 6184 6182 6181
12253 3 0 6184 6181 6183
12254 3 0 6183 6181 6173
12255 3 0 6185 6114 6178
12256 3 0 6185 6178 6186
12257 3 0 6186 6178 6180
12258 3 0 6118 6185 6186
12259 3 0 6118 6186 6187
12260 3 0 6186 6180 6182
12261 3 0 6186 6182 6188
12262 3 0 6187 6186 6188
12263 3 0 6187 6188 6189
12264 3 0 6119 6118 6187
12265 3 0 6119 6187 6190
12266 3 0 6190 6187 6189
12267 3 0 6191 6189 6188
12268 3 0 6191 6188 6184
12269 3 0 6184 6188 6182
12270 3 0 6190 6189 6191
12271 3 0 6190 6191 6192
12272 3 0 6193 6184 6183
12273 3 0 6193 6183 6166
12274 3 0 6166 6183 6161
12275 3 0 6193 6194 7661
12276 3 0 7661 6192 6191
12277 3 0 6191 6184 6193
12278 3 0 6193 7661 6191
12279 3 0 6195 6196 6197
12280 3 0 6195 6197 4923
12281 3 0 4923 6197 4924
12282 3 0 6197 6198 6199
12283 3 0 6197 6199 4924
12284 3 0 4924 6199 4940
12285 3 0 4948 4940 6199
12286 3 0 4948 6199 6200
12287 3 0 6200 6201 6209
12288 3 0 6209 4953 4952
12289 3 0 4952 4948 6200
12290 3 0 6200 6209 4952
12291 3 0 6200 6199 6198
12292 3 0 6200 6198 6202
12293 3 0 6202 6203 6261
12294 3 0 6202 6261 6200
12295 3 0 6200 6261 6201
12296 3 0 6198 6197 6196
12297 3 0 6198 6196 6204
12298 3 0 6204 6205 6446
12299 3 0 6446 6203 6202
12300 3 0 6202 6198 6204
12301 3 0 6204 6446 6202
12302 3 0 6196 6195 6206
12303 3 0 6196 6206 6207
12304 3 0 6207 6208 6882
12305 3 0 6882 6205 6204
12306 3 0 6204 6196 6207
12307 3 0 6207 6882 6204
12308 3 0 6209 6210 6211
12309 3 0 6209 6211 4953
12310 3 0 4953 6211 5873
12311 3 0 5881 5873 6211
12312 3 0 5881 6211 6212
12313 3 0 6212 6213 6219
12314 3 0 6219 5886 5885
12315 3 0 5885 5881 6212
12316 3 0 6212 6219 5885
12317 3 0 6212 6211 6210
12318 3 0 6212 6210 6214
12319 3 0 6214 6215 6229
12320 3 0 6214 6229 6212
12321 3 0 6212 6229 6213
12322 3 0 6210 6209 6201
12323 3 0 6210 6201 6216
12324 3 0 6216 6217 6239
12325 3 0 6239 6215 6214
12326 3 0 6214 6210 6216
12327 3 0 6216 6239 6214
12328 3 0 6218 5886 6219
12329 3 0 6218 6219 6220
12330 3 0 5901 6218 6220
12331 3 0 5901 6220 6221
12332 3 0 6220 6219 6213
12333 3 0 6220 6213 6222
12334 3 0 6221 6220 6222
12335 3 0 6221 6222 6223
12336 3 0 6224 5901 6221
12337 3 0 6224 6221 6225
12338 3 0 5902 6224 6225
12339 3 0 5902 6225 6226
12340 3 0 6225 6221 6223
12341 3 0 6225 6223 6227
12342 3 0 6226 6225 6227
12343 3 0 6226 6227 6228
12344 3 0 6222 6213 6229
12345 3 0 6222 6229 6230
12346 3 0 6223 6222 6230
12347 3 0 6223 6230 6231
12348 3 0 6230 6229 6215
12349 3 0 6230 6215 6232
12350 3 0 6231 6230 6232
12351 3 0 6231 6232 6233
12352 3 0 6241 6231 6233
12353 3 0 6231 6241 6227
12354 3 0 6227 6223 6231
12355 3 0 6234 6228 6227
12356 3 0 6234 6227 6241
12357 3 0 6235 5911 5910
12358 3 0 5910 5902 6226
12359 3 0 6226 6228 6235
12360 3 0 6235 5910 6226
12361 3 0 5912 5911 6235
12362 3 0 5912 6235 6236
12363 3 0 6228 6234 6253
12364 3 0 6228 6253 6235
12365 3 0 6235 6253 6237
12366 3 0 6236 6235 6237
12367 3 0 6236 6237 6238
12368 3 0 6239 6240 6242
12369 3 0 6242 6233 6232
12370 3 0 6232 6215 6239
12371 3 0 6239 6242 6232
12372 3 0 6241 6233 6242
12373 3 0 6241 6242 6243
12374 3 0 6234 6241 6243
12375 3 0 6234 6243 6244
12376 3 0 6243 6242 6240
12377 3 0 6243 6240 6245
12378 3 0 6244 6243 6245
12379 3 0 6244 6245 6246
12380 3 0 6217 6247 6248
12381 3 0 6217 6248 6239
12382 3 0 6239 6248 6240
12383 3 0 6245 6240 6248
12384 3 0 6245 6248 6249
12385 3 0 6246 6245 6249
12386 3 0 6246 6249 6250
12387 3 0 6249 6248 6247
12388 3 0 6249 6247 6251
12389 3 0 6250 6249 6251
12390 3 0 6250 6251 6252
12391 3 0 6253 6234 6244
12392 3 0 6253 6244 6254
12393 3 0 6237 6253 6254
12394 3 0 6237 6254 6255
12395 3 0 6254 6244 6246
12396 3 0 6254 6246 6256
12397 3 0 6255 6254 6256
12398 3 0 6255 6256 6257
12399 3 0 6238 6237 6255
12400 3 0 6238 6255 6258
12401 3 0 6258 6255 6257
12402 3 0 6271 6250 6252
12403 3 0 6250 6271 6256
12404 3 0 6256 6246 6250
12405 3 0 6259 6257 6256
12406 3 0 6259 6256 6271
12407 3 0 6258 6257 6259
12408 3 0 6258 6259 6260
12409 3 0 6216 6201 6261
12410 3 0 6216 6261 6262
12411 3 0 6262 6263 6266
12412 3 0 6262 6266 6216
12413 3 0 6216 6266 6217
12414 3 0 6262 6261 6203
12415 3 0 6262 6203 6264
12416 3 0 6263 6262 6264
12417 3 0 6263 6264 6265
12418 3 0 6247 6217 6266
12419 3 0 6247 6266 6267
12420 3 0 6267 6268 6272
12421 3 0 6272 6252 6251
12422 3 0 6251 6247 6267
12423 3 0 6267 6272 6251
12424 3 0 6267 6266 6263
12425 3 0 6267 6263 6269
12426 3 0 6269 6270 6278
12427 3 0 6269 6278 6267
12428 3 0 6267 6278 6268
12429 3 0 6271 6252 6272
12430 3 0 6271 6272 6273
12431 3 0 6259 6271 6273
12432 3 0 6259 6273 6274
12433 3 0 6273 6272 6268
12434 3 0 6273 6268 6275
12435 3 0 6274 6273 6275
12436 3 0 6274 6275 6276
12437 3 0 6260 6259 6274
12438 3 0 6274 6276 6283
12439 3 0 6283 6277 6260
12440 3 0 6260 6274 6283
12441 3 0 6275 6268 6278
12442 3 0 6275 6278 6279
12443 3 0 6276 6275 6279
12444 3 0 6276 6279 6280
12445 3 0 6279 6278 6270
12446 3 0 6279 6270 6281
12447 3 0 6280 6279 6281
12448 3 0 6280 6281 6282
12449 3 0 6283 6276 6280
12450 3 0 6283 6280 6284
12451 3 0 6277 6283 6284
12452 3 0 6277 6284 6285
12453 3 0 6284 6280 6282
12454 3 0 6284 6282 6286
12455 3 0 6285 6284 6286
12456 3 0 6285 6286 6287
12457 3 0 6265 6288 6289
12458 3 0 6289 6270 6269
12459 3 0 6269 6263 6265
12460 3 0 6265 6289 6269
12461 3 0 6289 6290 6291
12462 3 0 6291 6282 6281
12463 3 0 6281 6270 6289
12464 3 0 6289 6291 6281
12465 3 0 6286 6282 6291
12466 3 0 6286 6291 6292
12467 3 0 6287 6286 6292
12468 3 0 6287 6292 6293
12469 3 0 6292 6291 6290
12470 3 0 6292 6290 6294
12471 3 0 6293 6292 6294
12472 3 0 6293 6294 6295
12473 3 0 6290 6289 6288
12474 3 0 6290 6288 6296
12475 3 0 6296 6297 6377
12476 3 0 6377 6295 6294
12477 3 0 6294 6290 6296
12478 3 0 6296 6377 6294
12479 3 0 5965 5912 6236
12480 3 0 5965 6236 6298
12481 3 0 6298 6236 6238
12482 3 0 6298 6299 6302
12483 3 0 6298 6302 5965
12484 3 0 5965 6302 5966
12485 3 0 6298 6238 6258
12486 3 0 6258 6260 6355
12487 3 0 6355 6300 6298
12488 3 0 6298 6258 6355
12489 3 0 6298 6300 6365
12490 3 0 6365 6301 6319
12491 3 0 6319 6299 6298
12492 3 0 6298 6365 6319
12493 3 0 6302 6303 6304
12494 3 0 6302 6304 5966
12495 3 0 5966 6304 5987
12496 3 0 5992 5987 6304
12497 3 0 5992 6304 6305
12498 3 0 5993 5992 6305
12499 3 0 5993 6305 6306
12500 3 0 6305 6304 6303
12501 3 0 6305 6303 6307
12502 3 0 6306 6305 6307
12503 3 0 6306 6307 6308
12504 3 0 6299 6309 6310
12505 3 0 6299 6310 6302
12506 3 0 6302 6310 6303
12507 3 0 6307 6303 6310
12508 3 0 6307 6310 6311
12509 3 0 6308 6307 6311
12510 3 0 6308 6311 6312
12511 3 0 6311 6310 6309
12512 3 0 6311 6309 6313
12513 3 0 6312 6311 6313
12514 3 0 6312 6313 6314
12515 3 0 5996 5993 6306
12516 3 0 5996 6306 6315
12517 3 0 6315 6306 6308
12518 3 0 5997 5996 6315
12519 3 0 5997 6315 6316
12520 3 0 6315 6308 6312
12521 3 0 6312 6314 6329
12522 3 0 6329 6317 6315
12523 3 0 6315 6312 6329
12524 3 0 6316 6315 6317
12525 3 0 6316 6317 6318
12526 3 0 6309 6299 6319
12527 3 0 6309 6319 6320
12528 3 0 6313 6330 6314
12529 3 0 6330 6313 6323
12530 3 0 6323 6321 6330
12531 3 0 6309 6320 6323
12532 3 0 6309 6323 6313
12533 3 0 6301 6322 6324
12534 3 0 6301 6324 6319
12535 3 0 6319 6324 6320
12536 3 0 6323 6320 6324
12537 3 0 6323 6324 6325
12538 3 0 6325 6326 6337
12539 3 0 6325 6337 6323
12540 3 0 6323 6337 6321
12541 3 0 6325 6324 6322
12542 3 0 6325 6322 6327
12543 3 0 6326 6325 6327
12544 3 0 6326 6327 6328
12545 3 0 6329 6314 6330
12546 3 0 6329 6330 6331
12547 3 0 6317 6329 6331
12548 3 0 6317 6331 6332
12549 3 0 6330 6321 6336
12550 3 0 6330 6336 6331
12551 3 0 6331 6336 6333
12552 3 0 6332 6331 6333
12553 3 0 6332 6333 6334
12554 3 0 6318 6317 6332
12555 3 0 6332 6334 6350
12556 3 0 6350 6335 6318
12557 3 0 6318 6332 6350
12558 3 0 6336 6321 6337
12559 3 0 6336 6337 6338
12560 3 0 6333 6336 6338
12561 3 0 6333 6338 6339
12562 3 0 6338 6337 6326
12563 3 0 6338 6326 6340
12564 3 0 6339 6338 6340
12565 3 0 6339 6340 6341
12566 3 0 6334 6333 6339
12567 3 0 6339 6341 6344
12568 3 0 6344 6342 6334
12569 3 0 6334 6339 6344
12570 3 0 6328 6343 6345
12571 3 0 6345 6341 6340
12572 3 0 6340 6326 6328
12573 3 0 6328 6345 6340
12574 3 0 6344 6341 6345
12575 3 0 6344 6345 6346
12576 3 0 6342 6344 6346
12577 3 0 6342 6346 6347
12578 3 0 6346 6345 6343
12579 3 0 6346 6343 6348
12580 3 0 6347 6346 6348
12581 3 0 6347 6348 6349
12582 3 0 6350 6334 6342
12583 3 0 6350 6342 6351
12584 3 0 6335 6350 6351
12585 3 0 6335 6351 6352
12586 3 0 6351 6342 6347
12587 3 0 6351 6347 6353
12588 3 0 6353 6347 6349
12589 3 0 6352 6351 6353
12590 3 0 6352 6353 6354
12591 3 0 6355 6260 6277
12592 3 0 6355 6277 6356
12593 3 0 6355 6356 6359
12594 3 0 6355 6359 6300
12595 3 0 6300 6359 6357
12596 3 0 6356 6277 6285
12597 3 0 6285 6287 6358
12598 3 0 6360 6285 6358
12599 3 0 6356 6285 6360
12600 3 0 6359 6356 6360
12601 3 0 6359 6360 6361
12602 3 0 6357 6359 6361
12603 3 0 6357 6361 6362
12604 3 0 6361 6360 6358
12605 3 0 6361 6358 6363
12606 3 0 6362 6361 6363
12607 3 0 6362 6363 6364
12608 3 0 6365 6300 6357
12609 3 0 6365 6357 6366
12610 3 0 6301 6365 6366
12611 3 0 6301 6366 6367
12612 3 0 6366 6357 6362
12613 3 0 6366 6362 6368
12614 3 0 6368 6362 6364
12615 3 0 6367 6366 6368
12616 3 0 6367 6368 6369
12617 3 0 6371 6376 6370
12618 3 0 6376 6371 6293
12619 3 0 6293 6295 6376
12620 3 0 6358 6287 6293
12621 3 0 6358 6293 6371
12622 3 0 6363 6358 6371
12623 3 0 6363 6371 6372
12624 3 0 6364 6363 6372
12625 3 0 6364 6372 6373
12626 3 0 6372 6371 6370
12627 3 0 6372 6370 6374
12628 3 0 6373 6372 6374
12629 3 0 6373 6374 6375
12630 3 0 6376 6295 6377
12631 3 0 6376 6377 6378
12632 3 0 6370 6376 6378
12633 3 0 6370 6378 6379
12634 3 0 6378 6377 6297
12635 3 0 6378 6297 6380
12636 3 0 6379 6378 6380
12637 3 0 6379 6380 6381
12638 3 0 6386 6375 6374
12639 3 0 6374 6370 6379
12640 3 0 6379 6381 6464
12641 3 0 6464 6382 6386
12642 3 0 6386 6374 6379
12643 3 0 6386 6379 6464
12644 3 0 6368 6364 6373
12645 3 0 6373 6375 6385
12646 3 0 6385 6383 6368
12647 3 0 6368 6373 6385
12648 3 0 6369 6368 6383
12649 3 0 6369 6383 6384
12650 3 0 6385 6375 6386
12651 3 0 6385 6386 6387
12652 3 0 6383 6385 6387
12653 3 0 6383 6387 6388
12654 3 0 6387 6386 6382
12655 3 0 6387 6382 6389
12656 3 0 6388 6387 6389
12657 3 0 6388 6389 6390
12658 3 0 6384 6383 6388
12659 3 0 6384 6388 6391
12660 3 0 6391 6388 6390
12661 3 0 6322 6301 6367
12662 3 0 6322 6367 6392
12663 3 0 6392 6393 6396
12664 3 0 6396 6328 6327
12665 3 0 6327 6322 6392
12666 3 0 6392 6396 6327
12667 3 0 6392 6367 6369
12668 3 0 6392 6369 6394
12669 3 0 6394 6395 6418
12670 3 0 6394 6418 6392
12671 3 0 6392 6418 6393
12672 3 0 6396 6397 6398
12673 3 0 6396 6398 6328
12674 3 0 6328 6398 6343
12675 3 0 6348 6343 6398
12676 3 0 6348 6398 6399
12677 3 0 6349 6348 6399
12678 3 0 6349 6399 6400
12679 3 0 6399 6398 6397
12680 3 0 6399 6397 6401
12681 3 0 6400 6399 6401
12682 3 0 6400 6401 6402
12683 3 0 6397 6396 6393
12684 3 0 6397 6393 6403
12685 3 0 6403 6404 6408
12686 3 0 6408 6402 6401
12687 3 0 6401 6397 6403
12688 3 0 6403 6408 6401
12689 3 0 6353 6349 6400
12690 3 0 6400 6402 6407
12691 3 0 6407 6405 6353
12692 3 0 6353 6400 6407
12693 3 0 6353 6405 6413
12694 3 0 6353 6413 6354
12695 3 0 6354 6413 6406
12696 3 0 6407 6402 6408
12697 3 0 6407 6408 6409
12698 3 0 6405 6407 6409
12699 3 0 6405 6409 6410
12700 3 0 6409 6408 6404
12701 3 0 6409 6404 6411
12702 3 0 6410 6409 6411
12703 3 0 6410 6411 6412
12704 3 0 6413 6405 6410
12705 3 0 6413 6410 6414
12706 3 0 6406 6413 6414
12707 3 0 6406 6414 6415
12708 3 0 6414 6410 6412
12709 3 0 6414 6412 6416
12710 3 0 6415 6414 6416
12711 3 0 6415 6416 6417
12712 3 0 6403 6393 6418
12713 3 0 6403 6418 6419
12714 3 0 6419 6420 6423
12715 3 0 6419 6423 6403
12716 3 0 6403 6423 6404
12717 3 0 6419 6418 6395
12718 3 0 6419 6395 6421
12719 3 0 6420 6419 6421
12720 3 0 6420 6421 6422
12721 3 0 6411 6404 6423
12722 3 0 6411 6423 6424
12723 3 0 6412 6411 6424
12724 3 0 6412 6424 6425
12725 3 0 6424 6423 6420
12726 3 0 6424 6420 6426
12727 3 0 6425 6424 6426
12728 3 0 6425 6426 6427
12729 3 0 6430 6425 6427
12730 3 0 6425 6430 6416
12731 3 0 6416 6412 6425
12732 3 0 6428 6417 6416
12733 3 0 6428 6416 6430
12734 3 0 6422 6429 6431
12735 3 0 6431 6427 6426
12736 3 0 6426 6420 6422
12737 3 0 6422 6431 6426
12738 3 0 6430 6427 6431
12739 3 0 6430 6431 6432
12740 3 0 6428 6430 6432
12741 3 0 6428 6432 6433
12742 3 0 6432 6431 6429
12743 3 0 6432 6429 6434
12744 3 0 6433 6432 6434
12745 3 0 6433 6434 6435
12746 3 0 6437 6395 6394
12747 3 0 6394 6369 6384
12748 3 0 6384 6391 6501
12749 3 0 6501 6436 6437
12750 3 0 6437 6394 6384
12751 3 0 6437 6384 6501
12752 3 0 6437 6438 6439
12753 3 0 6439 6422 6421
12754 3 0 6421 6395 6437
12755 3 0 6437 6439 6421
12756 3 0 6429 6422 6439
12757 3 0 6429 6439 6440
12758 3 0 6441 6435 6434
12759 3 0 6441 6434 6440
12760 3 0 6440 6434 6429
12761 3 0 6440 6439 6438
12762 3 0 6440 6438 6442
12763 3 0 6442 6443 6615
12764 3 0 6442 6615 6440
12765 3 0 6440 6615 6441
12766 3 0 6438 6437 6436
12767 3 0 6438 6436 6444
12768 3 0 6444 6445 6622
12769 3 0 6622 6443 6442
12770 3 0 6442 6438 6444
12771 3 0 6444 6622 6442
12772 3 0 6446 6447 6448
12773 3 0 6448 6265 6264
12774 3 0 6264 6203 6446
12775 3 0 6446 6448 6264
12776 3 0 6448 6449 6450
12777 3 0 6448 6450 6265
12778 3 0 6265 6450 6288
12779 3 0 6296 6288 6450
12780 3 0 6296 6450 6451
12781 3 0 6451 6452 6459
12782 3 0 6451 6459 6296
12783 3 0 6296 6459 6297
12784 3 0 6451 6450 6449
12785 3 0 6451 6449 6453
12786 3 0 6452 6451 6453
12787 3 0 6452 6453 6454
12788 3 0 6449 6448 6447
12789 3 0 6449 6447 6455
12790 3 0 6455 6456 6482
12791 3 0 6482 6454 6453
12792 3 0 6453 6449 6455
12793 3 0 6455 6482 6453
12794 3 0 6447 6446 6205
12795 3 0 6447 6205 6457
12796 3 0 6457 6458 6526
12797 3 0 6526 6456 6455
12798 3 0 6455 6447 6457
12799 3 0 6457 6526 6455
12800 3 0 6380 6297 6459
12801 3 0 6380 6459 6460
12802 3 0 6381 6380 6460
12803 3 0 6381 6460 6461
12804 3 0 6460 6459 6452
12805 3 0 6460 6452 6462
12806 3 0 6461 6460 6462
12807 3 0 6461 6462 6463
12808 3 0 6464 6381 6461
12809 3 0 6464 6461 6465
12810 3 0 6382 6464 6465
12811 3 0 6382 6465 6466
12812 3 0 6465 6461 6463
12813 3 0 6465 6463 6467
12814 3 0 6466 6465 6467
12815 3 0 6466 6467 6468
12816 3 0 6454 6469 6470
12817 3 0 6470 6463 6462
12818 3 0 6462 6452 6454
12819 3 0 6454 6470 6462
12820 3 0 6467 6463 6470
12821 3 0 6467 6470 6471
12822 3 0 6468 6467 6471
12823 3 0 6468 6471 6472
12824 3 0 6471 6470 6469
12825 3 0 6471 6469 6473
12826 3 0 6472 6471 6473
12827 3 0 6472 6473 6474
12828 3 0 6389 6382 6466
12829 3 0 6389 6466 6475
12830 3 0 6390 6389 6475
12831 3 0 6390 6475 6476
12832 3 0 6475 6466 6468
12833 3 0 6475 6468 6477
12834 3 0 6476 6475 6477
12835 3 0 6476 6477 6478
12836 3 0 6391 6390 6476
12837 3 0 6391 6476 6479
12838 3 0 6479 6476 6478
12839 3 0 6487 6472 6474
12840 3 0 6472 6487 6477
12841 3 0 6477 6468 6472
12842 3 0 6480 6478 6477
12843 3 0 6480 6477 6487
12844 3 0 6480 6481 6505
12845 3 0 6480 6505 6478
12846 3 0 6478 6505 6479
12847 3 0 6469 6454 6482
12848 3 0 6469 6482 6483
12849 3 0 6483 6484 6488
12850 3 0 6488 6474 6473
12851 3 0 6473 6469 6483
12852 3 0 6483 6488 6473
12853 3 0 6483 6482 6456
12854 3 0 6483 6456 6485
12855 3 0 6484 6483 6485
12856 3 0 6484 6485 6486
12857 3 0 6487 6474 6488
12858 3 0 6487 6488 6489
12859 3 0 6480 6487 6489
12860 3 0 6480 6489 6490
12861 3 0 6489 6488 6484
12862 3 0 6489 6484 6491
12863 3 0 6490 6489 6491
12864 3 0 6490 6491 6492
12865 3 0 6481 6480 6490
12866 3 0 6490 6492 6495
12867 3 0 6495 6493 6481
12868 3 0 6481 6490 6495
12869 3 0 6486 6494 6496
12870 3 0 6496 6492 6491
12871 3 0 6491 6484 6486
12872 3 0 6486 6496 6491
12873 3 0 6495 6492 6496
12874 3 0 6495 6496 6497
12875 3 0 6493 6495 6497
12876 3 0 6493 6497 6498
12877 3 0 6497 6496 6494
12878 3 0 6497 6494 6499
12879 3 0 6498 6497 6499
12880 3 0 6498 6499 6500
12881 3 0 6391 6479 6504
12882 3 0 6391 6504 6501
12883 3 0 6501 6504 6502
12884 3 0 6436 6501 6502
12885 3 0 6436 6502 6503
12886 3 0 6504 6479 6505
12887 3 0 6504 6505 6506
12888 3 0 6502 6504 6506
12889 3 0 6502 6506 6507
12890 3 0 6506 6505 6481
12891 3 0 6506 6481 6508
12892 3 0 6507 6506 6508
12893 3 0 6507 6508 6509
12894 3 0 6503 6502 6507
12895 3 0 6503 6507 6510
12896 3 0 6510 6507 6509
12897 3 0 6687 6445 6444
12898 3 0 6444 6436 6503
12899 3 0 6503 6510 6521
12900 3 0 6521 6511 6687
12901 3 0 6687 6444 6503
12902 3 0 6687 6503 6521
12903 3 0 6512 6509 6508
12904 3 0 6512 6508 6493
12905 3 0 6493 6508 6481
12906 3 0 6509 6512 6515
12907 3 0 6509 6515 6510
12908 3 0 6510 6515 6513
12909 3 0 6516 6535 6514
12910 3 0 6535 6516 6498
12911 3 0 6498 6500 6535
12912 3 0 6512 6493 6498
12913 3 0 6512 6498 6516
12914 3 0 6515 6512 6516
12915 3 0 6515 6516 6517
12916 3 0 6513 6515 6517
12917 3 0 6513 6517 6518
12918 3 0 6517 6516 6514
12919 3 0 6517 6514 6519
12920 3 0 6518 6517 6519
12921 3 0 6518 6519 6520
12922 3 0 6521 6510 6513
12923 3 0 6521 6513 6522
12924 3 0 6511 6521 6522
12925 3 0 6511 6522 6523
12926 3 0 6522 6513 6518
12927 3 0 6518 6520 6552
12928 3 0 6552 6524 6522
12929 3 0 6522 6518 6552
12930 3 0 6523 6522 6524
12931 3 0 6523 6524 6525
12932 3 0 6526 6527 6528
12933 3 0 6528 6486 6485
12934 3 0 6485 6456 6526
12935 3 0 6526 6528 6485
12936 3 0 6494 6486 6528
12937 3 0 6494 6528 6529
12938 3 0 6529 6530 6536
12939 3 0 6536 6500 6499
12940 3 0 6499 6494 6529
12941 3 0 6529 6536 6499
12942 3 0 6529 6528 6527
12943 3 0 6529 6527 6531
12944 3 0 6531 6532 6542
12945 3 0 6531 6542 6529
12946 3 0 6529 6542 6530
12947 3 0 6527 6526 6458
12948 3 0 6527 6458 6533
12949 3 0 6533 6534 6566
12950 3 0 6566 6532 6531
12951 3 0 6531 6527 6533
12952 3 0 6533 6566 6531
12953 3 0 6535 6500 6536
12954 3 0 6535 6536 6537
12955 3 0 6514 6535 6537
12956 3 0 6514 6537 6538
12957 3 0 6537 6536 6530
12958 3 0 6537 6530 6539
12959 3 0 6538 6537 6539
12960 3 0 6538 6539 6540
12961 3 0 6553 6520 6519
12962 3 0 6519 6514 6538
12963 3 0 6538 6540 6547
12964 3 0 6547 6541 6553
12965 3 0 6553 6519 6538
12966 3 0 6553 6538 6547
12967 3 0 6539 6530 6542
12968 3 0 6539 6542 6543
12969 3 0 6540 6539 6543
12970 3 0 6540 6543 6544
12971 3 0 6543 6542 6532
12972 3 0 6543 6532 6545
12973 3 0 6544 6543 6545
12974 3 0 6544 6545 6546
12975 3 0 6547 6540 6544
12976 3 0 6547 6544 6548
12977 3 0 6541 6547 6548
12978 3 0 6541 6548 6549
12979 3 0 6548 6544 6546
12980 3 0 6548 6546 6550
12981 3 0 6549 6548 6550
12982 3 0 6549 6550 6551
12983 3 0 6552 6520 6553
12984 3 0 6552 6553 6554
12985 3 0 6524 6552 6554
12986 3 0 6524 6554 6555
12987 3 0 6554 6553 6541
12988 3 0 6554 6541 6556
12989 3 0 6555 6554 6556
12990 3 0 6555 6556 6557
12991 3 0 6525 6524 6555
12992 3 0 6555 6557 6560
12993 3 0 6560 6558 6525
12994 3 0 6525 6555 6560
12995 3 0 6561 6557 6556
12996 3 0 6556 6541 6549
12997 3 0 6549 6551 6575
12998 3 0 6575 6559 6561
12999 3 0 6561 6556 6549
13000 3 0 6561 6549 6575
13001 3 0 6560 6557 6561
13002 3 0 6560 6561 6562
13003 3 0 6558 6560 6562
13004 3 0 6558 6562 6563
13005 3 0 6562 6561 6559
13006 3 0 6562 6559 6564
13007 3 0 6563 6562 6564
13008 3 0 6563 6564 6565
13009 3 0 6566 6567 6568
13010 3 0 6568 6546 6545
13011 3 0 6545 6532 6566
13012 3 0 6566 6568 6545
13013 3 0 6550 6546 6568
13014 3 0 6550 6568 6569
13015 3 0 6551 6550 6569
13016 3 0 6551 6569 6570
13017 3 0 6569 6568 6567
13018 3 0 6569 6567 6571
13019 3 0 6570 6569 6571
13020 3 0 6570 6571 6572
13021 3 0 6567 6566 6534
13022 3 0 6567 6534 6573
13023 3 0 6573 6574 6581
13024 3 0 6581 6572 6571
13025 3 0 6571 6567 6573
13026 3 0 6573 6581 6571
13027 3 0 6575 6551 6570
13028 3 0 6575 6570 6576
13029 3 0 6559 6575 6576
13030 3 0 6559 6576 6577
13031 3 0 6576 6570 6572
13032 3 0 6576 6572 6578
13033 3 0 6577 6576 6578
13034 3 0 6577 6578 6579
13035 3 0 6577 6564 6559
13036 3 0 6564 6577 6767
13037 3 0 6767 6565 6564
13038 3 0 6579 6580 6767
13039 3 0 6579 6767 6577
13040 3 0 6578 6572 6581
13041 3 0 6578 6581 6582
13042 3 0 6579 6578 6582
13043 3 0 6579 6582 6583
13044 3 0 6582 6581 6574
13045 3 0 6582 6574 6584
13046 3 0 6583 6582 6584
13047 3 0 6583 6584 6585
13048 3 0 6580 6579 6583
13049 3 0 6583 6585 6890
13050 3 0 6890 6586 6580
13051 3 0 6580 6583 6890
13052 3 0 6164 5997 6316
13053 3 0 6316 6318 6589
13054 3 0 6589 6587 6164
13055 3 0 6164 6316 6589
13056 3 0 6165 6164 6587
13057 3 0 6165 6587 6588
13058 3 0 6589 6318 6335
13059 3 0 6589 6335 6590
13060 3 0 6587 6589 6590
13061 3 0 6587 6590 6591
13062 3 0 6590 6335 6352
13063 3 0 6352 6354 6600
13064 3 0 6600 6592 6590
13065 3 0 6590 6352 6600
13066 3 0 6591 6590 6592
13067 3 0 6591 6592 6593
13068 3 0 6588 6587 6591
13069 3 0 6588 6591 6594
13070 3 0 6594 6591 6593
13071 3 0 6595 6165 6588
13072 3 0 6595 6588 6596
13073 3 0 6166 6595 6596
13074 3 0 6166 6596 6597
13075 3 0 6588 6594 6651
13076 3 0 6588 6651 6596
13077 3 0 6596 6651 6598
13078 3 0 6596 6598 6657
13079 3 0 6596 6657 6597
13080 3 0 6597 6657 6599
13081 3 0 6600 6354 6406
13082 3 0 6600 6406 6601
13083 3 0 6592 6600 6601
13084 3 0 6592 6601 6602
13085 3 0 6601 6406 6415
13086 3 0 6601 6415 6603
13087 3 0 6603 6415 6417
13088 3 0 6602 6601 6603
13089 3 0 6602 6603 6604
13090 3 0 6593 6592 6602
13091 3 0 6593 6602 6605
13092 3 0 6605 6602 6604
13093 3 0 6603 6417 6428
13094 3 0 6603 6428 6606
13095 3 0 6604 6603 6606
13096 3 0 6604 6606 6607
13097 3 0 6606 6428 6433
13098 3 0 6606 6433 6608
13099 3 0 6608 6433 6435
13100 3 0 6607 6606 6608
13101 3 0 6607 6608 6609
13102 3 0 6605 6604 6607
13103 3 0 6605 6607 6610
13104 3 0 6610 6607 6609
13105 3 0 6652 6642 6611
13106 3 0 6642 6652 6605
13107 3 0 6605 6610 6642
13108 3 0 6594 6593 6605
13109 3 0 6594 6605 6652
13110 3 0 6435 6441 6614
13111 3 0 6435 6614 6608
13112 3 0 6608 6614 6612
13113 3 0 6609 6608 6612
13114 3 0 6609 6612 6613
13115 3 0 6614 6441 6615
13116 3 0 6614 6615 6616
13117 3 0 6612 6614 6616
13118 3 0 6612 6616 6617
13119 3 0 6616 6615 6443
13120 3 0 6616 6443 6618
13121 3 0 6617 6616 6618
13122 3 0 6617 6618 6619
13123 3 0 6613 6612 6617
13124 3 0 6617 6619 6624
13125 3 0 6624 6620 6613
13126 3 0 6613 6617 6624
13127 3 0 6610 6609 6613
13128 3 0 6613 6620 6632
13129 3 0 6632 6621 6610
13130 3 0 6610 6613 6632
13131 3 0 6622 6623 6625
13132 3 0 6625 6619 6618
13133 3 0 6618 6443 6622
13134 3 0 6622 6625 6618
13135 3 0 6624 6619 6625
13136 3 0 6624 6625 6626
13137 3 0 6620 6624 6626
13138 3 0 6620 6626 6627
13139 3 0 6626 6625 6623
13140 3 0 6626 6623 6628
13141 3 0 6627 6626 6628
13142 3 0 6627 6628 6629
13143 3 0 6623 6622 6445
13144 3 0 6623 6445 6630
13145 3 0 6630 6631 6636
13146 3 0 6636 6629 6628
13147 3 0 6628 6623 6630
13148 3 0 6630 6636 6628
13149 3 0 6632 6620 6627
13150 3 0 6627 6629 6635
13151 3 0 6635 6633 6632
13152 3 0 6632 6627 6635
13153 3 0 6621 6632 6633
13154 3 0 6621 6633 6634
13155 3 0 6635 6629 6636
13156 3 0 6635 6636 6637
13157 3 0 6633 6635 6637
13158 3 0 6633 6637 6638
13159 3 0 6637 6636 6631
13160 3 0 6637 6631 6639
13161 3 0 6638 6637 6639
13162 3 0 6638 6639 6640
13163 3 0 6634 6633 6638
13164 3 0 6634 6638 6641
13165 3 0 6641 6638 6640
13166 3 0 6610 6621 6645
13167 3 0 6610 6645 6642
13168 3 0 6642 6645 6643
13169 3 0 6611 6642 6643
13170 3 0 6611 6643 6644
13171 3 0 6645 6621 6634
13172 3 0 6645 6634 6646
13173 3 0 6643 6645 6646
13174 3 0 6643 6646 6647
13175 3 0 6646 6634 6641
13176 3 0 6646 6641 6648
13177 3 0 6647 6646 6648
13178 3 0 6647 6648 6649
13179 3 0 6644 6643 6647
13180 3 0 6644 6647 6650
13181 3 0 6650 6647 6649
13182 3 0 6651 6594 6652
13183 3 0 6651 6652 6653
13184 3 0 6598 6651 6653
13185 3 0 6598 6653 6654
13186 3 0 6653 6652 6611
13187 3 0 6653 6611 6655
13188 3 0 6653 6655 6663
13189 3 0 6653 6663 6654
13190 3 0 6654 6663 6656
13191 3 0 6657 6598 6654
13192 3 0 6657 6654 6658
13193 3 0 6599 6657 6658
13194 3 0 6599 6658 6659
13195 3 0 6654 6656 6671
13196 3 0 6654 6671 6658
13197 3 0 6658 6671 6660
13198 3 0 6659 6658 6660
13199 3 0 6659 6660 6661
13200 3 0 6644 6662 6664
13201 3 0 6644 6664 6611
13202 3 0 6611 6664 6655
13203 3 0 6663 6655 6664
13204 3 0 6663 6664 6665
13205 3 0 6656 6663 6665
13206 3 0 6656 6665 6666
13207 3 0 6665 6664 6662
13208 3 0 6665 6662 6667
13209 3 0 6666 6665 6667
13210 3 0 6666 6667 6668
13211 3 0 6662 6644 6650
13212 3 0 6662 6650 6669
13213 3 0 6670 6668 6667
13214 3 0 6670 6667 6669
13215 3 0 6669 6667 6662
13216 3 0 6671 6656 6666
13217 3 0 6671 6666 6672
13218 3 0 6660 6671 6672
13219 3 0 6660 6672 6673
13220 3 0 6672 6666 6668
13221 3 0 6672 6668 6674
13222 3 0 6673 6672 6674
13223 3 0 6673 6674 6675
13224 3 0 6661 6660 6673
13225 3 0 6661 6673 6676
13226 3 0 6676 6673 6675
13227 3 0 6677 6675 6674
13228 3 0 6677 6674 6670
13229 3 0 6670 6674 6668
13230 3 0 6676 6675 6677
13231 3 0 6676 6677 6678
13232 3 0 6193 6166 6597
13233 3 0 6597 6599 6681
13234 3 0 6681 6679 6193
13235 3 0 6193 6597 6681
13236 3 0 6194 6193 6679
13237 3 0 6194 6679 6680
13238 3 0 6681 6599 6659
13239 3 0 6681 6659 6682
13240 3 0 6682 6659 6661
13241 3 0 6679 6681 6682
13242 3 0 6679 6682 6683
13243 3 0 6682 6661 6676
13244 3 0 6682 6676 6684
13245 3 0 6684 6676 6678
13246 3 0 6683 6682 6684
13247 3 0 6683 6684 6685
13248 3 0 6680 6679 6683
13249 3 0 6680 6683 6686
13250 3 0 6686 6683 6685
13251 3 0 6687 6688 6689
13252 3 0 6689 6631 6630
13253 3 0 6630 6445 6687
13254 3 0 6687 6689 6630
13255 3 0 6690 6640 6639
13256 3 0 6690 6639 6689
13257 3 0 6689 6639 6631
13258 3 0 6641 6640 6690
13259 3 0 6641 6690 6691
13260 3 0 6690 6689 6688
13261 3 0 6690 6688 6692
13262 3 0 6691 6690 6692
13263 3 0 6691 6692 6693
13264 3 0 6511 6694 6695
13265 3 0 6511 6695 6687
13266 3 0 6687 6695 6688
13267 3 0 6692 6688 6695
13268 3 0 6692 6695 6696
13269 3 0 6693 6692 6696
13270 3 0 6693 6696 6697
13271 3 0 6696 6695 6694
13272 3 0 6696 6694 6698
13273 3 0 6698 6699 6706
13274 3 0 6698 6706 6696
13275 3 0 6696 6706 6697
13276 3 0 6702 6691 6693
13277 3 0 6691 6702 6648
13278 3 0 6648 6641 6691
13279 3 0 6700 6649 6648
13280 3 0 6700 6648 6702
13281 3 0 6650 6649 6700
13282 3 0 6650 6700 6701
13283 3 0 6693 6697 6705
13284 3 0 6693 6705 6702
13285 3 0 6702 6705 6703
13286 3 0 6700 6702 6703
13287 3 0 6700 6703 6704
13288 3 0 6705 6697 6706
13289 3 0 6705 6706 6707
13290 3 0 6703 6705 6707
13291 3 0 6703 6707 6708
13292 3 0 6707 6706 6699
13293 3 0 6707 6699 6709
13294 3 0 6708 6707 6709
13295 3 0 6708 6709 6710
13296 3 0 6704 6703 6708
13297 3 0 6708 6710 6719
13298 3 0 6719 6711 6704
13299 3 0 6704 6708 6719
13300 3 0 6701 6700 6704
13301 3 0 6704 6711 6727
13302 3 0 6727 6712 6701
13303 3 0 6701 6704 6727
13304 3 0 6694 6511 6523
13305 3 0 6694 6523 6713
13306 3 0 6713 6714 6717
13307 3 0 6717 6699 6698
13308 3 0 6698 6694 6713
13309 3 0 6713 6717 6698
13310 3 0 6713 6523 6525
13311 3 0 6713 6525 6715
13312 3 0 6714 6713 6715
13313 3 0 6714 6715 6716
13314 3 0 6717 6718 6720
13315 3 0 6720 6710 6709
13316 3 0 6709 6699 6717
13317 3 0 6717 6720 6709
13318 3 0 6719 6710 6720
13319 3 0 6719 6720 6721
13320 3 0 6711 6719 6721
13321 3 0 6711 6721 6722
13322 3 0 6721 6720 6718
13323 3 0 6721 6718 6723
13324 3 0 6722 6721 6723
13325 3 0 6722 6723 6724
13326 3 0 6718 6717 6714
13327 3 0 6718 6714 6725
13328 3 0 6725 6726 6731
13329 3 0 6731 6724 6723
13330 3 0 6723 6718 6725
13331 3 0 6725 6731 6723
13332 3 0 6727 6711 6722
13333 3 0 6722 6724 6730
13334 3 0 6730 6728 6727
13335 3 0 6727 6722 6730
13336 3 0 6712 6727 6728
13337 3 0 6712 6728 6729
13338 3 0 6730 6724 6731
13339 3 0 6730 6731 6732
13340 3 0 6728 6730 6732
13341 3 0 6728 6732 6733
13342 3 0 6732 6731 6726
13343 3 0 6732 6726 6734
13344 3 0 6733 6732 6734
13345 3 0 6733 6734 6735
13346 3 0 6729 6728 6733
13347 3 0 6729 6733 6736
13348 3 0 6736 6733 6735
13349 3 0 6716 6737 6738
13350 3 0 6738 6726 6725
13351 3 0 6725 6714 6716
13352 3 0 6716 6738 6725
13353 3 0 6739 6735 6734
13354 3 0 6739 6734 6738
13355 3 0 6738 6734 6726
13356 3 0 6736 6735 6739
13357 3 0 6736 6739 6740
13358 3 0 6739 6738 6737
13359 3 0 6739 6737 6741
13360 3 0 6740 6739 6741
13361 3 0 6740 6741 6742
13362 3 0 6745 6701 6712
13363 3 0 6701 6745 6669
13364 3 0 6669 6650 6701
13365 3 0 6743 6670 6669
13366 3 0 6743 6669 6745
13367 3 0 6744 6678 6677
13368 3 0 6744 6677 6743
13369 3 0 6743 6677 6670
13370 3 0 6745 6712 6729
13371 3 0 6729 6736 6748
13372 3 0 6748 6746 6745
13373 3 0 6745 6729 6748
13374 3 0 6743 6745 6746
13375 3 0 6743 6746 6747
13376 3 0 6748 6736 6740
13377 3 0 6748 6740 6749
13378 3 0 6746 6748 6749
13379 3 0 6746 6749 6750
13380 3 0 6749 6740 6742
13381 3 0 6749 6742 6751
13382 3 0 6750 6749 6751
13383 3 0 6750 6751 6752
13384 3 0 6747 6746 6750
13385 3 0 6750 6752 6785
13386 3 0 6785 6753 6747
13387 3 0 6747 6750 6785
13388 3 0 6744 6743 6747
13389 3 0 6747 6753 6806
13390 3 0 6806 6754 6744
13391 3 0 6744 6747 6806
13392 3 0 6525 6558 6757
13393 3 0 6525 6757 6715
13394 3 0 6715 6757 6755
13395 3 0 6716 6715 6755
13396 3 0 6716 6755 6756
13397 3 0 6757 6558 6563
13398 3 0 6757 6563 6758
13399 3 0 6755 6757 6758
13400 3 0 6755 6758 6759
13401 3 0 6758 6563 6565
13402 3 0 6758 6565 6760
13403 3 0 6759 6758 6760
13404 3 0 6759 6760 6761
13405 3 0 6756 6755 6759
13406 3 0 6756 6759 6762
13407 3 0 6762 6759 6761
13408 3 0 6737 6716 6756
13409 3 0 6737 6756 6763
13410 3 0 6764 6742 6741
13411 3 0 6764 6741 6763
13412 3 0 6763 6741 6737
13413 3 0 6763 6756 6762
13414 3 0 6763 6762 6765
13415 3 0 6765 6766 6792
13416 3 0 6765 6792 6763
13417 3 0 6763 6792 6764
13418 3 0 6760 6565 6767
13419 3 0 6760 6767 6768
13420 3 0 6761 6760 6768
13421 3 0 6761 6768 6769
13422 3 0 6768 6767 6580
13423 3 0 6768 6580 6770
13424 3 0 6769 6768 6770
13425 3 0 6769 6770 6771
13426 3 0 6762 6761 6769
13427 3 0 6769 6771 6774
13428 3 0 6774 6772 6762
13429 3 0 6762 6769 6774
13430 3 0 6586 6773 6775
13431 3 0 6775 6771 6770
13432 3 0 6770 6580 6586
13433 3 0 6586 6775 6770
13434 3 0 6774 6771 6775
13435 3 0 6774 6775 6776
13436 3 0 6772 6774 6776
13437 3 0 6772 6776 6777
13438 3 0 6776 6775 6773
13439 3 0 6776 6773 6778
13440 3 0 6777 6776 6778
13441 3 0 6777 6778 6779
13442 3 0 6765 6762 6772
13443 3 0 6765 6772 6780
13444 3 0 6766 6765 6780
13445 3 0 6766 6780 6781
13446 3 0 6780 6772 6777
13447 3 0 6777 6779 6913
13448 3 0 6913 6782 6780
13449 3 0 6780 6777 6913
13450 3 0 6781 6780 6782
13451 3 0 6781 6782 6783
13452 3 0 6751 6786 6752
13453 3 0 6786 6751 6791
13454 3 0 6791 6784 6786
13455 3 0 6742 6764 6791
13456 3 0 6742 6791 6751
13457 3 0 6785 6752 6786
13458 3 0 6785 6786 6787
13459 3 0 6753 6785 6787
13460 3 0 6753 6787 6788
13461 3 0 6787 6786 6784
13462 3 0 6787 6784 6789
13463 3 0 6787 6789 6798
13464 3 0 6787 6798 6788
13465 3 0 6788 6798 6790
13466 3 0 6791 6764 6792
13467 3 0 6791 6792 6793
13468 3 0 6784 6791 6793
13469 3 0 6784 6793 6794
13470 3 0 6793 6792 6766
13471 3 0 6793 6766 6795
13472 3 0 6794 6793 6795
13473 3 0 6794 6795 6796
13474 3 0 6794 6797 6799
13475 3 0 6794 6799 6784
13476 3 0 6784 6799 6789
13477 3 0 6798 6789 6799
13478 3 0 6798 6799 6800
13479 3 0 6790 6798 6800
13480 3 0 6790 6800 6801
13481 3 0 6800 6799 6797
13482 3 0 6800 6797 6802
13483 3 0 6801 6800 6802
13484 3 0 6801 6802 6803
13485 3 0 6797 6794 6796
13486 3 0 6797 6796 6804
13487 3 0 6805 6803 6802
13488 3 0 6805 6802 6804
13489 3 0 6804 6802 6797
13490 3 0 6806 6753 6788
13491 3 0 6788 6790 6809
13492 3 0 6809 6807 6806
13493 3 0 6806 6788 6809
13494 3 0 6754 6806 6807
13495 3 0 6754 6807 6808
13496 3 0 6809 6790 6801
13497 3 0 6809 6801 6810
13498 3 0 6810 6801 6803
13499 3 0 6807 6809 6810
13500 3 0 6807 6810 6811
13501 3 0 6810 6803 6805
13502 3 0 6810 6805 6812
13503 3 0 6811 6810 6812
13504 3 0 6811 6812 6813
13505 3 0 6808 6807 6811
13506 3 0 6811 6813 6820
13507 3 0 6820 6814 6808
13508 3 0 6808 6811 6820
13509 3 0 6815 6796 6795
13510 3 0 6815 6795 6781
13511 3 0 6781 6795 6766
13512 3 0 6816 6805 6804
13513 3 0 6816 6804 6815
13514 3 0 6815 6804 6796
13515 3 0 6815 6781 6783
13516 3 0 6815 6783 6817
13517 3 0 6817 6818 6827
13518 3 0 6817 6827 6815
13519 3 0 6815 6827 6816
13520 3 0 6812 6821 6813
13521 3 0 6821 6812 6826
13522 3 0 6826 6819 6821
13523 3 0 6805 6816 6826
13524 3 0 6805 6826 6812
13525 3 0 6820 6813 6821
13526 3 0 6820 6821 6822
13527 3 0 6814 6820 6822
13528 3 0 6814 6822 6823
13529 3 0 6822 6821 6819
13530 3 0 6822 6819 6824
13531 3 0 6823 6822 6824
13532 3 0 6823 6824 6825
13533 3 0 6826 6816 6827
13534 3 0 6826 6827 6828
13535 3 0 6819 6826 6828
13536 3 0 6819 6828 6829
13537 3 0 6828 6827 6818
13538 3 0 6828 6818 6830
13539 3 0 6829 6828 6830
13540 3 0 6829 6830 6831
13541 3 0 6824 6819 6829
13542 3 0 6824 6829 6832
13543 3 0 6832 6833 6854
13544 3 0 6832 6854 6824
13545 3 0 6824 6854 6825
13546 3 0 6832 6829 6831
13547 3 0 6832 6831 6834
13548 3 0 6833 6832 6834
13549 3 0 6833 6834 6835
13550 3 0 6684 6678 6744
13551 3 0 6684 6744 6836
13552 3 0 6685 6684 6836
13553 3 0 6685 6836 6837
13554 3 0 6744 6754 6841
13555 3 0 6744 6841 6836
13556 3 0 6836 6841 6838
13557 3 0 6837 6836 6838
13558 3 0 6837 6838 6839
13559 3 0 6686 6685 6837
13560 3 0 6837 6839 6877
13561 3 0 6877 6840 6686
13562 3 0 6686 6837 6877
13563 3 0 6841 6754 6808
13564 3 0 6841 6808 6842
13565 3 0 6838 6841 6842
13566 3 0 6838 6842 6843
13567 3 0 6808 6814 6847
13568 3 0 6808 6847 6842
13569 3 0 6842 6847 6844
13570 3 0 6843 6842 6844
13571 3 0 6843 6844 6845
13572 3 0 6839 6838 6843
13573 3 0 6843 6845 6872
13574 3 0 6872 6846 6839
13575 3 0 6839 6843 6872
13576 3 0 6847 6814 6823
13577 3 0 6847 6823 6848
13578 3 0 6844 6847 6848
13579 3 0 6844 6848 6849
13580 3 0 6823 6825 6853
13581 3 0 6823 6853 6848
13582 3 0 6848 6853 6850
13583 3 0 6849 6848 6850
13584 3 0 6849 6850 6851
13585 3 0 6845 6844 6849
13586 3 0 6849 6851 6867
13587 3 0 6867 6852 6845
13588 3 0 6845 6849 6867
13589 3 0 6853 6825 6854
13590 3 0 6853 6854 6855
13591 3 0 6850 6853 6855
13592 3 0 6850 6855 6856
13593 3 0 6855 6854 6833
13594 3 0 6855 6833 6857
13595 3 0 6856 6855 6857
13596 3 0 6856 6857 6858
13597 3 0 6851 6850 6856
13598 3 0 6856 6858 6861
13599 3 0 6861 6859 6851
13600 3 0 6851 6856 6861
13601 3 0 6835 6860 6862
13602 3 0 6862 6858 6857
13603 3 0 6857 6833 6835
13604 3 0 6835 6862 6857
13605 3 0 6861 6858 6862
13606 3 0 6861 6862 6863
13607 3 0 6859 6861 6863
13608 3 0 6859 6863 6864
13609 3 0 6863 6862 6860
13610 3 0 6863 6860 6865
13611 3 0 6864 6863 6865
13612 3 0 6864 6865 6866
13613 3 0 6867 6851 6859
13614 3 0 6867 6859 6868
13615 3 0 6852 6867 6868
13616 3 0 6852 6868 6869
13617 3 0 6868 6859 6864
13618 3 0 6864 6866 7024
13619 3 0 7024 6870 6868
13620 3 0 6868 6864 7024
13621 3 0 6869 6868 6870
13622 3 0 6869 6870 6871
13623 3 0 6872 6845 6852
13624 3 0 6872 6852 6873
13625 3 0 6846 6872 6873
13626 3 0 6846 6873 6874
13627 3 0 6873 6852 6869
13628 3 0 6869 6871 7044
13629 3 0 7044 6875 6873
13630 3 0 6873 6869 7044
13631 3 0 6874 6873 6875
13632 3 0 6874 6875 6876
13633 3 0 6877 6839 6846
13634 3 0 6877 6846 6878
13635 3 0 6840 6877 6878
13636 3 0 6840 6878 6879
13637 3 0 6878 6846 6874
13638 3 0 6874 6876 7085
13639 3 0 7085 6880 6878
13640 3 0 6878 6874 7085
13641 3 0 6878 6880 7094
13642 3 0 6878 7094 6879
13643 3 0 6879 7094 6881
13644 3 0 6882 6883 6884
13645 3 0 6884 6458 6457
13646 3 0 6457 6205 6882
13647 3 0 6882 6884 6457
13648 3 0 6884 6885 6886
13649 3 0 6886 6534 6533
13650 3 0 6533 6458 6884
13651 3 0 6884 6886 6533
13652 3 0 6886 6887 6888
13653 3 0 6888 6574 6573
13654 3 0 6573 6534 6886
13655 3 0 6886 6888 6573
13656 3 0 6888 6889 6891
13657 3 0 6891 6585 6584
13658 3 0 6584 6574 6888
13659 3 0 6888 6891 6584
13660 3 0 6890 6585 6891
13661 3 0 6890 6891 6892
13662 3 0 6586 6890 6892
13663 3 0 6586 6892 6893
13664 3 0 6892 6891 6889
13665 3 0 6892 6889 6894
13666 3 0 6893 6892 6894
13667 3 0 6893 6894 6895
13668 3 0 6889 6888 6887
13669 3 0 6889 6887 6896
13670 3 0 6896 6897 6907
13671 3 0 6907 6895 6894
13672 3 0 6894 6889 6896
13673 3 0 6896 6907 6894
13674 3 0 6887 6886 6885
13675 3 0 6887 6885 6898
13676 3 0 6898 6899 6927
13677 3 0 6927 6897 6896
13678 3 0 6896 6887 6898
13679 3 0 6898 6927 6896
13680 3 0 6885 6884 6883
13681 3 0 6885 6883 6900
13682 3 0 6900 6901 6986
13683 3 0 6986 6899 6898
13684 3 0 6898 6885 6900
13685 3 0 6900 6986 6898
13686 3 0 6883 6882 6208
13687 3 0 6883 6208 6902
13688 3 0 6902 6903 7171
13689 3 0 7171 6901 6900
13690 3 0 6900 6883 6902
13691 3 0 6902 7171 6900
13692 3 0 6773 6586 6893
13693 3 0 6893 6895 6906
13694 3 0 6906 6904 6773
13695 3 0 6773 6893 6906
13696 3 0 6904 6905 6914
13697 3 0 6914 6779 6778
13698 3 0 6778 6773 6904
13699 3 0 6904 6914 6778
13700 3 0 6906 6895 6907
13701 3 0 6906 6907 6908
13702 3 0 6904 6906 6908
13703 3 0 6904 6908 6909
13704 3 0 6908 6907 6897
13705 3 0 6908 6897 6910
13706 3 0 6909 6908 6910
13707 3 0 6909 6910 6911
13708 3 0 6905 6904 6909
13709 3 0 6909 6911 6929
13710 3 0 6929 6912 6905
13711 3 0 6905 6909 6929
13712 3 0 6913 6779 6914
13713 3 0 6913 6914 6915
13714 3 0 6782 6913 6915
13715 3 0 6782 6915 6916
13716 3 0 6915 6914 6905
13717 3 0 6915 6905 6917
13718 3 0 6916 6915 6917
13719 3 0 6916 6917 6918
13720 3 0 6783 6782 6916
13721 3 0 6916 6918 6921
13722 3 0 6921 6919 6783
13723 3 0 6783 6916 6921
13724 3 0 6912 6920 6922
13725 3 0 6922 6918 6917
13726 3 0 6917 6905 6912
13727 3 0 6912 6922 6917
13728 3 0 6921 6918 6922
13729 3 0 6921 6922 6923
13730 3 0 6919 6921 6923
13731 3 0 6919 6923 6924
13732 3 0 6923 6922 6920
13733 3 0 6923 6920 6925
13734 3 0 6924 6923 6925
13735 3 0 6924 6925 6926
13736 3 0 6927 6928 6930
13737 3 0 6930 6911 6910
13738 3 0 6910 6897 6927
13739 3 0 6927 6930 6910
13740 3 0 6929 6911 6930
13741 3 0 6929 6930 6931
13742 3 0 6912 6929 6931
13743 3 0 6912 6931 6932
13744 3 0 6931 6930 6928
13745 3 0 6931 6928 6933
13746 3 0 6932 6931 6933
13747 3 0 6932 6933 6934
13748 3 0 6928 6927 6899
13749 3 0 6928 6899 6935
13750 3 0 6935 6936 6940
13751 3 0 6940 6934 6933
13752 3 0 6933 6928 6935
13753 3 0 6935 6940 6933
13754 3 0 6920 6912 6932
13755 3 0 6932 6934 6939
13756 3 0 6939 6937 6920
13757 3 0 6920 6932 6939
13758 3 0 6937 6938 6960
13759 3 0 6960 6926 6925
13760 3 0 6925 6920 6937
13761 3 0 6937 6960 6925
13762 3 0 6939 6934 6940
13763 3 0 6939 6940 6941
13764 3 0 6937 6939 6941
13765 3 0 6937 6941 6942
13766 3 0 6941 6940 6936
13767 3 0 6941 6936 6943
13768 3 0 6942 6941 6943
13769 3 0 6942 6943 6944
13770 3 0 6938 6937 6942
13771 3 0 6938 6942 6945
13772 3 0 6945 6942 6944
13773 3 0 6817 6783 6919
13774 3 0 6817 6919 6946
13775 3 0 6817 6946 6949
13776 3 0 6817 6949 6818
13777 3 0 6818 6949 6947
13778 3 0 6950 6959 6948
13779 3 0 6959 6950 6924
13780 3 0 6924 6926 6959
13781 3 0 6946 6919 6924
13782 3 0 6946 6924 6950
13783 3 0 6949 6946 6950
13784 3 0 6949 6950 6951
13785 3 0 6947 6949 6951
13786 3 0 6947 6951 6952
13787 3 0 6951 6950 6948
13788 3 0 6951 6948 6953
13789 3 0 6952 6951 6953
13790 3 0 6952 6953 6954
13791 3 0 6955 6831 6830
13792 3 0 6955 6830 6947
13793 3 0 6947 6830 6818
13794 3 0 6955 6956 7019
13795 3 0 7019 6835 6834
13796 3 0 6834 6831 6955
13797 3 0 6955 7019 6834
13798 3 0 6955 6947 6952
13799 3 0 6952 6954 6973
13800 3 0 6973 6957 6955
13801 3 0 6955 6952 6973
13802 3 0 6955 6957 6979
13803 3 0 6955 6979 6956
13804 3 0 6956 6979 6958
13805 3 0 6959 6926 6960
13806 3 0 6959 6960 6961
13807 3 0 6948 6959 6961
13808 3 0 6948 6961 6962
13809 3 0 6961 6960 6938
13810 3 0 6961 6938 6963
13811 3 0 6962 6961 6963
13812 3 0 6962 6963 6964
13813 3 0 6974 6954 6953
13814 3 0 6953 6948 6962
13815 3 0 6962 6964 6967
13816 3 0 6967 6965 6974
13817 3 0 6974 6953 6962
13818 3 0 6974 6962 6967
13819 3 0 6963 6968 6964
13820 3 0 6968 6963 6995
13821 3 0 6995 6966 6968
13822 3 0 6938 6945 6995
13823 3 0 6938 6995 6963
13824 3 0 6967 6964 6968
13825 3 0 6967 6968 6969
13826 3 0 6965 6967 6969
13827 3 0 6965 6969 6970
13828 3 0 6969 6968 6966
13829 3 0 6969 6966 6971
13830 3 0 6970 6969 6971
13831 3 0 6970 6971 6972
13832 3 0 6973 6954 6974
13833 3 0 6973 6974 6975
13834 3 0 6957 6973 6975
13835 3 0 6957 6975 6976
13836 3 0 6975 6974 6965
13837 3 0 6975 6965 6977
13838 3 0 6976 6975 6977
13839 3 0 6976 6977 6978
13840 3 0 6979 6957 6976
13841 3 0 6979 6976 6980
13842 3 0 6958 6979 6980
13843 3 0 6958 6980 6981
13844 3 0 6980 6976 6978
13845 3 0 6980 6978 6982
13846 3 0 6981 6980 6982
13847 3 0 6981 6982 6983
13848 3 0 6984 6978 6977
13849 3 0 6977 6965 6970
13850 3 0 6970 6972 6984
13851 3 0 6984 6977 6970
13852 3 0 6984 6985 7067
13853 3 0 7067 6983 6982
13854 3 0 6982 6978 6984
13855 3 0 6984 7067 6982
13856 3 0 6986 6987 6988
13857 3 0 6988 6936 6935
13858 3 0 6935 6899 6986
13859 3 0 6986 6988 6935
13860 3 0 6989 6944 6943
13861 3 0 6989 6943 6988
13862 3 0 6988 6943 6936
13863 3 0 6989 6990 6996
13864 3 0 6989 6996 6944
13865 3 0 6944 6996 6945
13866 3 0 6989 6988 6987
13867 3 0 6989 6987 6991
13868 3 0 6990 6989 6991
13869 3 0 6990 6991 6992
13870 3 0 6987 6986 6901
13871 3 0 6987 6901 6993
13872 3 0 6994 6992 6991
13873 3 0 6994 6991 6993
13874 3 0 6993 6991 6987
13875 3 0 6995 6945 6996
13876 3 0 6995 6996 6997
13877 3 0 6966 6995 6997
13878 3 0 6966 6997 6998
13879 3 0 6997 6996 6990
13880 3 0 6997 6990 6999
13881 3 0 6998 6997 6999
13882 3 0 6998 6999 7000
13883 3 0 7001 6972 6971
13884 3 0 6971 6966 6998
13885 3 0 6998 7000 7001
13886 3 0 7001 6971 6998
13887 3 0 7002 7000 6999
13888 3 0 7002 6999 6992
13889 3 0 6992 6999 6990
13890 3 0 7002 7003 7007
13891 3 0 7002 7007 7000
13892 3 0 7000 7007 7001
13893 3 0 6972 7001 7006
13894 3 0 6972 7006 6984
13895 3 0 6984 7006 7004
13896 3 0 6985 6984 7004
13897 3 0 6985 7004 7005
13898 3 0 7006 7001 7007
13899 3 0 7006 7007 7008
13900 3 0 7004 7006 7008
13901 3 0 7004 7008 7009
13902 3 0 7008 7007 7003
13903 3 0 7008 7003 7010
13904 3 0 7009 7008 7010
13905 3 0 7009 7010 7011
13906 3 0 7005 7004 7009
13907 3 0 7005 7009 7012
13908 3 0 7012 7009 7011
13909 3 0 6994 7013 7014
13910 3 0 7014 7003 7002
13911 3 0 7002 6992 6994
13912 3 0 6994 7014 7002
13913 3 0 7015 7011 7010
13914 3 0 7015 7010 7014
13915 3 0 7014 7010 7003
13916 3 0 7012 7011 7015
13917 3 0 7012 7015 7016
13918 3 0 7015 7014 7013
13919 3 0 7015 7013 7017
13920 3 0 7016 7015 7017
13921 3 0 7016 7017 7018
13922 3 0 6860 6835 7019
13923 3 0 6860 7019 7020
13924 3 0 7020 7021 7025
13925 3 0 7025 6866 6865
13926 3 0 6865 6860 7020
13927 3 0 7020 7025 6865
13928 3 0 7020 7019 6956
13929 3 0 7020 6956 7022
13930 3 0 7021 7020 7022
13931 3 0 7021 7022 7023
13932 3 0 7024 6866 7025
13933 3 0 7024 7025 7026
13934 3 0 6870 7024 7026
13935 3 0 6870 7026 7027
13936 3 0 7026 7025 7021
13937 3 0 7026 7021 7028
13938 3 0 7027 7026 7028
13939 3 0 7027 7028 7029
13940 3 0 6871 6870 7027
13941 3 0 7027 7029 7032
13942 3 0 7032 7030 6871
13943 3 0 6871 7027 7032
13944 3 0 7023 7031 7033
13945 3 0 7033 7029 7028
13946 3 0 7028 7021 7023
13947 3 0 7023 7033 7028
13948 3 0 7032 7029 7033
13949 3 0 7032 7033 7034
13950 3 0 7030 7032 7034
13951 3 0 7030 7034 7035
13952 3 0 7034 7033 7031
13953 3 0 7034 7031 7036
13954 3 0 7035 7034 7036
13955 3 0 7035 7036 7037
13956 3 0 6958 7038 7039
13957 3 0 7039 7023 7022
13958 3 0 7022 6956 6958
13959 3 0 6958 7039 7022
13960 3 0 7031 7023 7039
13961 3 0 7031 7039 7040
13962 3 0 7041 7037 7036
13963 3 0 7041 7036 7040
13964 3 0 7040 7036 7031
13965 3 0 7040 7039 7038
13966 3 0 7040 7038 7042
13967 3 0 7041 7040 7042
13968 3 0 7041 7042 7043
13969 3 0 7044 6871 7030
13970 3 0 7044 7030 7045
13971 3 0 6875 7044 7045
13972 3 0 6875 7045 7046
13973 3 0 7045 7030 7035
13974 3 0 7045 7035 7047
13975 3 0 7047 7035 7037
13976 3 0 7046 7045 7047
13977 3 0 7046 7047 7048
13978 3 0 6876 6875 7046
13979 3 0 7046 7048 7054
13980 3 0 7054 7049 6876
13981 3 0 6876 7046 7054
13982 3 0 7047 7037 7041
13983 3 0 7047 7041 7050
13984 3 0 7048 7047 7050
13985 3 0 7048 7050 7051
13986 3 0 7050 7041 7043
13987 3 0 7050 7043 7052
13988 3 0 7051 7050 7052
13989 3 0 7051 7052 7053
13990 3 0 7054 7048 7051
13991 3 0 7054 7051 7055
13992 3 0 7054 7055 7058
13993 3 0 7054 7058 7049
13994 3 0 7049 7058 7056
13995 3 0 7053 7057 7059
13996 3 0 7053 7059 7051
13997 3 0 7051 7059 7055
13998 3 0 7058 7055 7059
13999 3 0 7058 7059 7060
14000 3 0 7056 7058 7060
14001 3 0 7056 7060 7061
14002 3 0 7060 7059 7057
14003 3 0 7060 7057 7062
14004 3 0 7061 7060 7062
14005 3 0 7061 7062 7063
14006 3 0 7038 6958 6981
14007 3 0 6981 6983 7066
14008 3 0 7066 7064 7038
14009 3 0 7038 6981 7066
14010 3 0 7065 7043 7042
14011 3 0 7042 7038 7064
14012 3 0 7072 7042 7064
14013 3 0 7065 7042 7072
14014 3 0 7066 6983 7067
14015 3 0 7066 7067 7068
14016 3 0 7064 7066 7068
14017 3 0 7064 7068 7069
14018 3 0 7068 7067 6985
14019 3 0 7068 6985 7070
14020 3 0 7069 7068 7070
14021 3 0 7069 7070 7071
14022 3 0 7072 7064 7069
14023 3 0 7072 7069 7073
14024 3 0 7065 7072 7073
14025 3 0 7065 7073 7074
14026 3 0 7073 7069 7071
14027 3 0 7073 7071 7075
14028 3 0 7074 7073 7075
14029 3 0 7074 7075 7076
14030 3 0 7065 7077 7078
14031 3 0 7078 7053 7052
14032 3 0 7052 7043 7065
14033 3 0 7065 7078 7052
14034 3 0 7057 7053 7078
14035 3 0 7057 7078 7079
14036 3 0 7080 7063 7062
14037 3 0 7080 7062 7079
14038 3 0 7079 7062 7057
14039 3 0 7079 7078 7077
14040 3 0 7079 7077 7081
14041 3 0 7080 7079 7081
14042 3 0 7080 7081 7082
14043 3 0 7077 7065 7074
14044 3 0 7074 7076 7131
14045 3 0 7131 7083 7077
14046 3 0 7077 7074 7131
14047 3 0 7084 7082 7081
14048 3 0 7081 7077 7083
14049 3 0 7137 7081 7083
14050 3 0 7084 7081 7137
14051 3 0 6876 7049 7088
14052 3 0 6876 7088 7085
14053 3 0 7085 7088 7086
14054 3 0 6880 7085 7086
14055 3 0 6880 7086 7087
14056 3 0 7088 7049 7056
14057 3 0 7088 7056 7089
14058 3 0 7086 7088 7089
14059 3 0 7086 7089 7090
14060 3 0 7089 7056 7061
14061 3 0 7089 7061 7091
14062 3 0 7091 7061 7063
14063 3 0 7089 7091 7100
14064 3 0 7089 7100 7090
14065 3 0 7090 7100 7092
14066 3 0 7087 7086 7090
14067 3 0 7090 7092 7108
14068 3 0 7108 7093 7087
14069 3 0 7087 7090 7108
14070 3 0 7094 6880 7087
14071 3 0 7094 7087 7095
14072 3 0 6881 7094 7095
14073 3 0 6881 7095 7096
14074 3 0 7087 7093 7115
14075 3 0 7087 7115 7095
14076 3 0 7095 7115 7097
14077 3 0 7095 7097 7120
14078 3 0 7095 7120 7096
14079 3 0 7096 7120 7098
14080 3 0 7080 7099 7101
14081 3 0 7080 7101 7063
14082 3 0 7063 7101 7091
14083 3 0 7100 7091 7101
14084 3 0 7100 7101 7102
14085 3 0 7092 7100 7102
14086 3 0 7092 7102 7103
14087 3 0 7102 7101 7099
14088 3 0 7102 7099 7104
14089 3 0 7103 7102 7104
14090 3 0 7103 7104 7105
14091 3 0 7099 7080 7082
14092 3 0 7099 7082 7106
14093 3 0 7107 7105 7104
14094 3 0 7107 7104 7106
14095 3 0 7106 7104 7099
14096 3 0 7108 7092 7103
14097 3 0 7108 7103 7109
14098 3 0 7109 7103 7105
14099 3 0 7093 7108 7109
14100 3 0 7093 7109 7110
14101 3 0 7109 7105 7107
14102 3 0 7109 7107 7111
14103 3 0 7110 7109 7111
14104 3 0 7110 7111 7112
14105 3 0 7113 7107 7106
14106 3 0 7113 7106 7084
14107 3 0 7084 7106 7082
14108 3 0 7114 7112 7111
14109 3 0 7114 7111 7113
14110 3 0 7113 7111 7107
14111 3 0 7115 7093 7110
14112 3 0 7115 7110 7116
14113 3 0 7097 7115 7116
14114 3 0 7097 7116 7117
14115 3 0 7116 7110 7112
14116 3 0 7116 7112 7118
14117 3 0 7117 7116 7118
14118 3 0 7117 7118 7119
14119 3 0 7120 7097 7117
14120 3 0 7120 7117 7121
14121 3 0 7098 7120 7121
14122 3 0 7098 7121 7122
14123 3 0 7121 7117 7119
14124 3 0 7121 7119 7123
14125 3 0 7122 7121 7123
14126 3 0 7122 7123 7124
14127 3 0 7125 7119 7118
14128 3 0 7125 7118 7114
14129 3 0 7114 7118 7112
14130 3 0 7126 7124 7123
14131 3 0 7126 7123 7125
14132 3 0 7125 7123 7119
14133 3 0 7127 7071 7070
14134 3 0 7127 7070 7005
14135 3 0 7005 7070 6985
14136 3 0 7127 7128 7132
14137 3 0 7132 7076 7075
14138 3 0 7075 7071 7127
14139 3 0 7127 7132 7075
14140 3 0 7127 7005 7012
14141 3 0 7127 7012 7129
14142 3 0 7128 7127 7129
14143 3 0 7128 7129 7130
14144 3 0 7131 7076 7132
14145 3 0 7131 7132 7133
14146 3 0 7083 7131 7133
14147 3 0 7083 7133 7134
14148 3 0 7133 7132 7128
14149 3 0 7133 7128 7135
14150 3 0 7134 7133 7135
14151 3 0 7134 7135 7136
14152 3 0 7137 7083 7134
14153 3 0 7137 7134 7138
14154 3 0 7084 7137 7138
14155 3 0 7084 7138 7139
14156 3 0 7138 7134 7136
14157 3 0 7138 7136 7140
14158 3 0 7139 7138 7140
14159 3 0 7139 7140 7141
14160 3 0 7142 7136 7135
14161 3 0 7142 7135 7130
14162 3 0 7130 7135 7128
14163 3 0 7143 7141 7140
14164 3 0 7143 7140 7142
14165 3 0 7142 7140 7136
14166 3 0 7129 7012 7016
14167 3 0 7129 7016 7144
14168 3 0 7130 7129 7144
14169 3 0 7130 7144 7145
14170 3 0 7144 7016 7018
14171 3 0 7144 7018 7146
14172 3 0 7145 7144 7146
14173 3 0 7145 7146 7147
14174 3 0 7162 7143 7142
14175 3 0 7142 7130 7145
14176 3 0 7145 7147 7181
14177 3 0 7181 7148 7162
14178 3 0 7162 7142 7145
14179 3 0 7162 7145 7181
14180 3 0 7113 7084 7139
14181 3 0 7113 7139 7149
14182 3 0 7149 7139 7141
14183 3 0 7113 7149 7152
14184 3 0 7113 7152 7114
14185 3 0 7114 7152 7150
14186 3 0 7143 7151 7153
14187 3 0 7143 7153 7141
14188 3 0 7141 7153 7149
14189 3 0 7152 7149 7153
14190 3 0 7152 7153 7154
14191 3 0 7150 7152 7154
14192 3 0 7150 7154 7155
14193 3 0 7154 7153 7151
14194 3 0 7154 7151 7156
14195 3 0 7155 7154 7156
14196 3 0 7155 7156 7157
14197 3 0 7125 7114 7150
14198 3 0 7125 7150 7158
14199 3 0 7126 7125 7158
14200 3 0 7126 7158 7159
14201 3 0 7158 7150 7155
14202 3 0 7158 7155 7160
14203 3 0 7160 7155 7157
14204 3 0 7159 7158 7160
14205 3 0 7159 7160 7161
14206 3 0 7151 7143 7162
14207 3 0 7151 7162 7163
14208 3 0 7164 7157 7156
14209 3 0 7164 7156 7163
14210 3 0 7163 7156 7151
14211 3 0 7163 7162 7148
14212 3 0 7163 7148 7165
14213 3 0 7164 7163 7165
14214 3 0 7164 7165 7166
14215 3 0 7160 7157 7164
14216 3 0 7160 7164 7167
14217 3 0 7161 7160 7167
14218 3 0 7161 7167 7168
14219 3 0 7167 7164 7166
14220 3 0 7167 7166 7169
14221 3 0 7168 7167 7169
14222 3 0 7168 7169 7170
14223 3 0 7171 7172 7173
14224 3 0 7173 6994 6993
14225 3 0 6993 6901 7171
14226 3 0 7171 7173 6993
14227 3 0 7013 6994 7173
14228 3 0 7013 7173 7174
14229 3 0 7175 7018 7017
14230 3 0 7175 7017 7174
14231 3 0 7174 7017 7013
14232 3 0 7174 7173 7172
14233 3 0 7174 7172 7176
14234 3 0 7175 7174 7176
14235 3 0 7175 7176 7177
14236 3 0 7172 7171 6903
14237 3 0 7172 6903 7178
14238 3 0 7179 7177 7176
14239 3 0 7179 7176 7178
14240 3 0 7178 7176 7172
14241 3 0 7175 7180 7182
14242 3 0 7182 7147 7146
14243 3 0 7146 7018 7175
14244 3 0 7175 7182 7146
14245 3 0 7181 7147 7182
14246 3 0 7181 7182 7183
14247 3 0 7148 7181 7183
14248 3 0 7148 7183 7184
14249 3 0 7183 7182 7180
14250 3 0 7183 7180 7185
14251 3 0 7184 7183 7185
14252 3 0 7184 7185 7186
14253 3 0 7180 7175 7177
14254 3 0 7180 7177 7187
14255 3 0 7188 7186 7185
14256 3 0 7188 7185 7187
14257 3 0 7187 7185 7180
14258 3 0 7165 7148 7184
14259 3 0 7165 7184 7189
14260 3 0 7166 7165 7189
14261 3 0 7166 7189 7190
14262 3 0 7189 7184 7186
14263 3 0 7189 7186 7191
14264 3 0 7190 7189 7191
14265 3 0 7190 7191 7192
14266 3 0 7169 7166 7190
14267 3 0 7169 7190 7193
14268 3 0 7170 7169 7193
14269 3 0 7170 7193 7194
14270 3 0 7193 7190 7192
14271 3 0 7193 7192 7195
14272 3 0 7194 7193 7195
14273 3 0 7194 7195 7196
14274 3 0 7197 7192 7191
14275 3 0 7197 7191 7188
14276 3 0 7188 7191 7186
14277 3 0 7197 7198 9991
14278 3 0 9991 7196 7195
14279 3 0 7195 7192 7197
14280 3 0 7197 9991 7195
14281 3 0 7199 7188 7187
14282 3 0 7199 7187 7179
14283 3 0 7179 7187 7177
14284 3 0 7199 7200 10030
14285 3 0 10030 7198 7197
14286 3 0 7197 7188 7199
14287 3 0 7199 10030 7197
14288 3 0 3401 1835 5449
14289 3 0 3401 5449 7201
14290 3 0 7201 5449 5451
14291 3 0 7201 7202 7205
14292 3 0 7205 3406 3405
14293 3 0 3405 3401 7201
14294 3 0 7201 7205 3405
14295 3 0 7201 5451 5460
14296 3 0 7201 5460 7203
14297 3 0 7202 7201 7203
14298 3 0 7202 7203 7204
14299 3 0 7205 7206 7207
14300 3 0 7207 3465 3464
14301 3 0 3464 3406 7205
14302 3 0 7205 7207 3464
14303 3 0 7207 7208 7209
14304 3 0 7209 3478 3477
14305 3 0 3477 3465 7207
14306 3 0 7207 7209 3477
14307 3 0 3486 3478 7209
14308 3 0 3486 7209 7210
14309 3 0 7210 7211 7219
14310 3 0 7219 3492 3491
14311 3 0 3491 3486 7210
14312 3 0 7210 7219 3491
14313 3 0 7210 7209 7208
14314 3 0 7210 7208 7212
14315 3 0 7211 7210 7212
14316 3 0 7211 7212 7213
14317 3 0 7208 7207 7206
14318 3 0 7208 7206 7214
14319 3 0 7215 7213 7212
14320 3 0 7215 7212 7214
14321 3 0 7214 7212 7208
14322 3 0 7206 7205 7202
14323 3 0 7206 7202 7216
14324 3 0 7216 7217 7256
14325 3 0 7256 7215 7214
14326 3 0 7214 7206 7216
14327 3 0 7216 7256 7214
14328 3 0 7218 3492 7219
14329 3 0 7218 7219 7220
14330 3 0 3514 7218 7220
14331 3 0 3514 7220 7221
14332 3 0 7220 7219 7211
14333 3 0 7220 7211 7222
14334 3 0 7221 7220 7222
14335 3 0 7221 7222 7223
14336 3 0 3515 3514 7221
14337 3 0 3515 7221 7224
14338 3 0 7224 7221 7223
14339 3 0 7225 7223 7222
14340 3 0 7225 7222 7213
14341 3 0 7213 7222 7211
14342 3 0 7224 7223 7225
14343 3 0 7224 7225 7226
14344 3 0 3518 3515 7224
14345 3 0 3518 7224 7227
14346 3 0 7228 3524 3523
14347 3 0 7228 3523 7227
14348 3 0 7227 3523 3518
14349 3 0 7227 7224 7226
14350 3 0 7227 7226 7229
14351 3 0 7228 7227 7229
14352 3 0 7228 7229 7230
14353 3 0 7215 7231 7232
14354 3 0 7232 7226 7225
14355 3 0 7225 7213 7215
14356 3 0 7215 7232 7225
14357 3 0 7229 7226 7232
14358 3 0 7229 7232 7233
14359 3 0 7230 7229 7233
14360 3 0 7230 7233 7234
14361 3 0 7233 7232 7231
14362 3 0 7233 7231 7235
14363 3 0 7233 7235 7260
14364 3 0 7233 7260 7234
14365 3 0 7234 7260 7236
14366 3 0 3533 3524 7228
14367 3 0 3533 7228 7237
14368 3 0 7238 3539 3538
14369 3 0 7238 3538 7237
14370 3 0 7237 3538 3533
14371 3 0 7237 7228 7230
14372 3 0 7237 7230 7239
14373 3 0 7238 7237 7239
14374 3 0 7238 7239 7240
14375 3 0 7238 7241 7243
14376 3 0 7238 7243 3539
14377 3 0 3539 7243 3543
14378 3 0 7242 3543 7243
14379 3 0 7242 7243 7244
14380 3 0 3544 7242 7244
14381 3 0 3544 7244 7245
14382 3 0 7244 7243 7241
14383 3 0 7244 7241 7246
14384 3 0 7245 7244 7246
14385 3 0 7245 7246 7247
14386 3 0 7241 7238 7240
14387 3 0 7241 7240 7248
14388 3 0 7248 7249 7386
14389 3 0 7386 7247 7246
14390 3 0 7246 7241 7248
14391 3 0 7248 7386 7246
14392 3 0 7251 7240 7239
14393 3 0 7239 7230 7234
14394 3 0 7234 7236 7270
14395 3 0 7270 7250 7251
14396 3 0 7251 7239 7234
14397 3 0 7251 7234 7270
14398 3 0 7248 7240 7251
14399 3 0 7248 7251 7252
14400 3 0 7249 7248 7252
14401 3 0 7249 7252 7253
14402 3 0 7252 7251 7250
14403 3 0 7252 7250 7254
14404 3 0 7253 7252 7254
14405 3 0 7253 7254 7255
14406 3 0 7256 7257 7258
14407 3 0 7256 7258 7215
14408 3 0 7215 7258 7231
14409 3 0 7258 7259 7261
14410 3 0 7258 7261 7231
14411 3 0 7231 7261 7235
14412 3 0 7260 7235 7261
14413 3 0 7260 7261 7262
14414 3 0 7236 7260 7262
14415 3 0 7236 7262 7263
14416 3 0 7262 7261 7259
14417 3 0 7262 7259 7264
14418 3 0 7263 7262 7264
14419 3 0 7263 7264 7265
14420 3 0 7259 7258 7257
14421 3 0 7259 7257 7266
14422 3 0 7267 7265 7264
14423 3 0 7267 7264 7266
14424 3 0 7266 7264 7259
14425 3 0 7257 7256 7217
14426 3 0 7257 7217 7268
14427 3 0 7269 7267 7266
14428 3 0 7269 7266 7268
14429 3 0 7268 7266 7257
14430 3 0 7270 7236 7263
14431 3 0 7270 7263 7271
14432 3 0 7271 7263 7265
14433 3 0 7250 7270 7271
14434 3 0 7250 7271 7272
14435 3 0 7271 7265 7267
14436 3 0 7271 7267 7273
14437 3 0 7272 7271 7273
14438 3 0 7272 7273 7274
14439 3 0 7275 7255 7254
14440 3 0 7254 7250 7272
14441 3 0 7272 7274 7275
14442 3 0 7275 7254 7272
14443 3 0 7276 7274 7273
14444 3 0 7276 7273 7269
14445 3 0 7269 7273 7267
14446 3 0 7275 7274 7276
14447 3 0 7275 7276 7277
14448 3 0 7216 7279 7217
14449 3 0 7279 7216 7293
14450 3 0 7293 7278 7279
14451 3 0 7202 7204 7293
14452 3 0 7202 7293 7216
14453 3 0 7280 7269 7268
14454 3 0 7280 7268 7279
14455 3 0 7279 7268 7217
14456 3 0 7281 7277 7276
14457 3 0 7281 7276 7280
14458 3 0 7280 7276 7269
14459 3 0 7280 7279 7278
14460 3 0 7280 7278 7282
14461 3 0 7281 7280 7282
14462 3 0 7281 7282 7283
14463 3 0 7203 5460 5531
14464 3 0 7203 5531 7284
14465 3 0 7203 7284 7287
14466 3 0 7287 7285 7294
14467 3 0 7294 7204 7203
14468 3 0 7203 7287 7294
14469 3 0 5536 7286 7288
14470 3 0 5536 7288 5531
14471 3 0 5531 7288 7284
14472 3 0 7287 7284 7288
14473 3 0 7287 7288 7289
14474 3 0 7285 7287 7289
14475 3 0 7285 7289 7290
14476 3 0 7289 7288 7286
14477 3 0 7289 7286 7291
14478 3 0 7291 7292 7325
14479 3 0 7291 7325 7289
14480 3 0 7289 7325 7290
14481 3 0 7293 7204 7294
14482 3 0 7293 7294 7295
14483 3 0 7278 7293 7295
14484 3 0 7278 7295 7296
14485 3 0 7295 7294 7285
14486 3 0 7295 7285 7297
14487 3 0 7295 7297 7318
14488 3 0 7318 7298 7302
14489 3 0 7302 7296 7295
14490 3 0 7295 7318 7302
14491 3 0 7278 7296 7301
14492 3 0 7278 7301 7282
14493 3 0 7282 7301 7299
14494 3 0 7282 7299 7307
14495 3 0 7282 7307 7283
14496 3 0 7283 7307 7300
14497 3 0 7301 7296 7302
14498 3 0 7301 7302 7303
14499 3 0 7299 7301 7303
14500 3 0 7299 7303 7304
14501 3 0 7303 7302 7298
14502 3 0 7303 7298 7305
14503 3 0 7305 7306 7311
14504 3 0 7305 7311 7303
14505 3 0 7303 7311 7304
14506 3 0 7299 7304 7310
14507 3 0 7299 7310 7307
14508 3 0 7307 7310 7308
14509 3 0 7300 7307 7308
14510 3 0 7300 7308 7309
14511 3 0 7310 7304 7311
14512 3 0 7310 7311 7312
14513 3 0 7308 7310 7312
14514 3 0 7308 7312 7313
14515 3 0 7312 7311 7306
14516 3 0 7312 7306 7314
14517 3 0 7313 7312 7314
14518 3 0 7313 7314 7315
14519 3 0 7309 7308 7313
14520 3 0 7309 7313 7316
14521 3 0 7316 7313 7315
14522 3 0 7285 7290 7324
14523 3 0 7324 7317 7319
14524 3 0 7319 7297 7285
14525 3 0 7285 7324 7319
14526 3 0 7318 7297 7319
14527 3 0 7318 7319 7320
14528 3 0 7298 7318 7320
14529 3 0 7298 7320 7321
14530 3 0 7320 7319 7317
14531 3 0 7320 7317 7322
14532 3 0 7322 7323 7346
14533 3 0 7322 7346 7320
14534 3 0 7320 7346 7321
14535 3 0 7324 7290 7325
14536 3 0 7324 7325 7326
14537 3 0 7317 7324 7326
14538 3 0 7317 7326 7327
14539 3 0 7326 7325 7292
14540 3 0 7326 7292 7328
14541 3 0 7328 7329 7333
14542 3 0 7328 7333 7326
14543 3 0 7326 7333 7327
14544 3 0 7317 7327 7332
14545 3 0 7317 7332 7322
14546 3 0 7322 7332 7330
14547 3 0 7322 7330 7338
14548 3 0 7338 7331 7368
14549 3 0 7368 7323 7322
14550 3 0 7322 7338 7368
14551 3 0 7332 7327 7333
14552 3 0 7332 7333 7334
14553 3 0 7330 7332 7334
14554 3 0 7330 7334 7335
14555 3 0 7334 7333 7329
14556 3 0 7334 7329 7336
14557 3 0 7335 7334 7336
14558 3 0 7335 7336 7337
14559 3 0 7338 7330 7335
14560 3 0 7338 7335 7339
14561 3 0 7331 7338 7339
14562 3 0 7331 7339 7340
14563 3 0 7339 7335 7337
14564 3 0 7339 7337 7341
14565 3 0 7340 7339 7341
14566 3 0 7340 7341 7342
14567 3 0 7298 7321 7345
14568 3 0 7298 7345 7305
14569 3 0 7305 7345 7343
14570 3 0 7305 7343 7351
14571 3 0 7305 7351 7306
14572 3 0 7306 7351 7344
14573 3 0 7345 7321 7346
14574 3 0 7345 7346 7347
14575 3 0 7343 7345 7347
14576 3 0 7343 7347 7348
14577 3 0 7347 7346 7323
14578 3 0 7347 7323 7349
14579 3 0 7348 7347 7349
14580 3 0 7348 7349 7350
14581 3 0 7351 7343 7348
14582 3 0 7351 7348 7352
14583 3 0 7344 7351 7352
14584 3 0 7344 7352 7353
14585 3 0 7352 7348 7350
14586 3 0 7352 7350 7354
14587 3 0 7353 7352 7354
14588 3 0 7353 7354 7355
14589 3 0 7356 7315 7314
14590 3 0 7314 7306 7344
14591 3 0 7358 7314 7344
14592 3 0 7356 7314 7358
14593 3 0 7315 7356 7363
14594 3 0 7315 7363 7316
14595 3 0 7316 7363 7357
14596 3 0 7358 7344 7353
14597 3 0 7358 7353 7359
14598 3 0 7356 7358 7359
14599 3 0 7356 7359 7360
14600 3 0 7359 7353 7355
14601 3 0 7359 7355 7361
14602 3 0 7360 7359 7361
14603 3 0 7360 7361 7362
14604 3 0 7363 7356 7360
14605 3 0 7363 7360 7364
14606 3 0 7357 7363 7364
14607 3 0 7357 7364 7365
14608 3 0 7364 7360 7362
14609 3 0 7364 7362 7366
14610 3 0 7365 7364 7366
14611 3 0 7365 7366 7367
14612 3 0 7349 7323 7368
14613 3 0 7349 7368 7369
14614 3 0 7350 7349 7369
14615 3 0 7350 7369 7370
14616 3 0 7369 7368 7331
14617 3 0 7369 7331 7371
14618 3 0 7370 7369 7371
14619 3 0 7370 7371 7372
14620 3 0 7373 7355 7354
14621 3 0 7354 7350 7370
14622 3 0 7370 7372 7373
14623 3 0 7373 7354 7370
14624 3 0 7371 7331 7340
14625 3 0 7371 7340 7374
14626 3 0 7372 7371 7374
14627 3 0 7372 7374 7375
14628 3 0 7374 7340 7342
14629 3 0 7374 7342 7376
14630 3 0 7375 7374 7376
14631 3 0 7375 7376 7377
14632 3 0 7373 7372 7375
14633 3 0 7373 7375 7378
14634 3 0 7378 7375 7377
14635 3 0 7379 7362 7361
14636 3 0 7379 7361 7373
14637 3 0 7373 7361 7355
14638 3 0 7379 7380 7433
14639 3 0 7433 7367 7366
14640 3 0 7366 7362 7379
14641 3 0 7379 7433 7366
14642 3 0 7379 7373 7378
14643 3 0 7379 7378 7381
14644 3 0 7381 7382 7439
14645 3 0 7381 7439 7379
14646 3 0 7379 7439 7380
14647 3 0 3660 3544 7245
14648 3 0 7245 7247 7385
14649 3 0 7385 7383 3660
14650 3 0 3660 7245 7385
14651 3 0 3661 3660 7383
14652 3 0 3661 7383 7384
14653 3 0 7385 7247 7386
14654 3 0 7385 7386 7387
14655 3 0 7383 7385 7387
14656 3 0 7383 7387 7388
14657 3 0 7387 7386 7249
14658 3 0 7387 7249 7389
14659 3 0 7388 7387 7389
14660 3 0 7388 7389 7390
14661 3 0 7384 7383 7388
14662 3 0 7384 7388 7391
14663 3 0 7391 7388 7390
14664 3 0 7392 3665 3664
14665 3 0 3664 3661 7384
14666 3 0 7384 7391 7392
14667 3 0 7392 3664 7384
14668 3 0 7393 7390 7389
14669 3 0 7393 7389 7253
14670 3 0 7253 7389 7249
14671 3 0 7391 7390 7393
14672 3 0 7391 7393 7394
14673 3 0 7393 7253 7255
14674 3 0 7393 7255 7395
14675 3 0 7394 7393 7395
14676 3 0 7394 7395 7396
14677 3 0 7392 7391 7394
14678 3 0 7392 7394 7397
14679 3 0 7397 7394 7396
14680 3 0 7398 3670 3669
14681 3 0 3669 3665 7392
14682 3 0 7392 7397 7398
14683 3 0 7398 3669 7392
14684 3 0 7399 7396 7395
14685 3 0 7399 7395 7275
14686 3 0 7275 7395 7255
14687 3 0 7397 7396 7399
14688 3 0 7397 7399 7400
14689 3 0 7399 7275 7277
14690 3 0 7399 7277 7401
14691 3 0 7400 7399 7401
14692 3 0 7400 7401 7402
14693 3 0 7398 7397 7400
14694 3 0 7398 7400 7403
14695 3 0 7403 7400 7402
14696 3 0 7404 3674 3673
14697 3 0 3673 3670 7398
14698 3 0 7398 7403 7404
14699 3 0 7404 3673 7398
14700 3 0 7405 7402 7401
14701 3 0 7405 7401 7281
14702 3 0 7281 7401 7277
14703 3 0 7403 7402 7405
14704 3 0 7403 7405 7406
14705 3 0 7405 7281 7283
14706 3 0 7405 7283 7407
14707 3 0 7406 7405 7407
14708 3 0 7406 7407 7408
14709 3 0 7404 7403 7406
14710 3 0 7404 7406 7409
14711 3 0 7409 7406 7408
14712 3 0 7404 7410 7411
14713 3 0 7411 3721 3720
14714 3 0 3720 3674 7404
14715 3 0 7404 7411 3720
14716 3 0 3724 3721 7411
14717 3 0 3724 7411 7412
14718 3 0 3725 3724 7412
14719 3 0 3725 7412 7413
14720 3 0 7412 7411 7410
14721 3 0 7412 7410 7414
14722 3 0 7414 7415 7965
14723 3 0 7414 7965 7412
14724 3 0 7412 7965 7413
14725 3 0 7410 7404 7409
14726 3 0 7410 7409 7416
14727 3 0 7416 7417 7996
14728 3 0 7996 7415 7414
14729 3 0 7414 7410 7416
14730 3 0 7416 7996 7414
14731 3 0 7407 7283 7300
14732 3 0 7407 7300 7418
14733 3 0 7408 7407 7418
14734 3 0 7408 7418 7419
14735 3 0 7418 7300 7309
14736 3 0 7309 7316 7423
14737 3 0 7423 7420 7418
14738 3 0 7418 7309 7423
14739 3 0 7419 7418 7420
14740 3 0 7419 7420 7421
14741 3 0 7409 7408 7419
14742 3 0 7409 7419 7422
14743 3 0 7422 7419 7421
14744 3 0 7316 7357 7426
14745 3 0 7316 7426 7423
14746 3 0 7423 7426 7424
14747 3 0 7420 7423 7424
14748 3 0 7420 7424 7425
14749 3 0 7426 7357 7365
14750 3 0 7426 7365 7427
14751 3 0 7424 7426 7427
14752 3 0 7424 7427 7428
14753 3 0 7427 7365 7367
14754 3 0 7427 7367 7429
14755 3 0 7428 7427 7429
14756 3 0 7428 7429 7430
14757 3 0 7425 7424 7428
14758 3 0 7425 7428 7431
14759 3 0 7431 7428 7430
14760 3 0 7421 7420 7425
14761 3 0 7421 7425 7432
14762 3 0 7432 7425 7431
14763 3 0 7429 7367 7433
14764 3 0 7429 7433 7434
14765 3 0 7430 7429 7434
14766 3 0 7430 7434 7435
14767 3 0 7434 7433 7380
14768 3 0 7434 7380 7436
14769 3 0 7435 7434 7436
14770 3 0 7435 7436 7437
14771 3 0 7431 7430 7435
14772 3 0 7431 7435 7438
14773 3 0 7438 7435 7437
14774 3 0 7436 7380 7439
14775 3 0 7436 7439 7440
14776 3 0 7437 7436 7440
14777 3 0 7437 7440 7441
14778 3 0 7440 7439 7382
14779 3 0 7440 7382 7442
14780 3 0 7441 7440 7442
14781 3 0 7441 7442 7443
14782 3 0 7438 7437 7441
14783 3 0 7441 7443 7741
14784 3 0 7741 7444 7438
14785 3 0 7438 7441 7741
14786 3 0 7432 7431 7438
14787 3 0 7438 7444 7755
14788 3 0 7755 7445 7432
14789 3 0 7432 7438 7755
14790 3 0 7422 7421 7432
14791 3 0 7432 7445 7789
14792 3 0 7789 7446 7422
14793 3 0 7422 7432 7789
14794 3 0 7416 7409 7422
14795 3 0 7416 7422 7447
14796 3 0 7447 7448 8100
14797 3 0 7447 8100 7416
14798 3 0 7416 8100 7417
14799 3 0 7447 7422 7446
14800 3 0 7447 7446 7449
14801 3 0 7449 7450 8143
14802 3 0 7449 8143 7447
14803 3 0 7447 8143 7448
14804 3 0 6095 7451 7452
14805 3 0 6095 7452 5536
14806 3 0 5536 7452 7286
14807 3 0 7291 7286 7452
14808 3 0 7291 7452 7453
14809 3 0 7453 7454 7463
14810 3 0 7453 7463 7291
14811 3 0 7291 7463 7292
14812 3 0 7453 7452 7451
14813 3 0 7453 7451 7455
14814 3 0 7455 7456 7489
14815 3 0 7455 7489 7453
14816 3 0 7453 7489 7454
14817 3 0 7458 7592 7457
14818 3 0 7592 7458 6117
14819 3 0 6117 6119 7592
14820 3 0 7451 6095 6117
14821 3 0 7451 6117 7458
14822 3 0 7455 7451 7458
14823 3 0 7455 7458 7459
14824 3 0 7456 7455 7459
14825 3 0 7456 7459 7460
14826 3 0 7458 7457 7602
14827 3 0 7458 7602 7459
14828 3 0 7459 7602 7461
14829 3 0 7459 7461 7608
14830 3 0 7459 7608 7460
14831 3 0 7460 7608 7462
14832 3 0 7328 7292 7463
14833 3 0 7328 7463 7464
14834 3 0 7464 7465 7468
14835 3 0 7464 7468 7328
14836 3 0 7328 7468 7329
14837 3 0 7464 7463 7454
14838 3 0 7464 7454 7466
14839 3 0 7466 7467 7474
14840 3 0 7466 7474 7464
14841 3 0 7464 7474 7465
14842 3 0 7336 7329 7468
14843 3 0 7336 7468 7469
14844 3 0 7337 7336 7469
14845 3 0 7337 7469 7470
14846 3 0 7469 7468 7465
14847 3 0 7469 7465 7471
14848 3 0 7470 7469 7471
14849 3 0 7470 7471 7472
14850 3 0 7518 7342 7341
14851 3 0 7341 7337 7470
14852 3 0 7470 7472 7479
14853 3 0 7479 7473 7518
14854 3 0 7518 7341 7470
14855 3 0 7518 7470 7479
14856 3 0 7471 7465 7474
14857 3 0 7471 7474 7475
14858 3 0 7472 7471 7475
14859 3 0 7472 7475 7476
14860 3 0 7475 7474 7467
14861 3 0 7475 7467 7477
14862 3 0 7477 7478 7483
14863 3 0 7477 7483 7475
14864 3 0 7475 7483 7476
14865 3 0 7472 7476 7482
14866 3 0 7472 7482 7479
14867 3 0 7479 7482 7480
14868 3 0 7473 7479 7480
14869 3 0 7473 7480 7481
14870 3 0 7482 7476 7483
14871 3 0 7482 7483 7484
14872 3 0 7480 7482 7484
14873 3 0 7480 7484 7485
14874 3 0 7484 7483 7478
14875 3 0 7484 7478 7486
14876 3 0 7485 7484 7486
14877 3 0 7485 7486 7487
14878 3 0 7481 7480 7485
14879 3 0 7481 7485 7488
14880 3 0 7488 7485 7487
14881 3 0 7466 7454 7489
14882 3 0 7466 7489 7490
14883 3 0 7490 7491 7494
14884 3 0 7490 7494 7466
14885 3 0 7466 7494 7467
14886 3 0 7490 7489 7456
14887 3 0 7490 7456 7492
14888 3 0 7491 7490 7492
14889 3 0 7491 7492 7493
14890 3 0 7477 7467 7494
14891 3 0 7477 7494 7495
14892 3 0 7495 7496 7499
14893 3 0 7495 7499 7477
14894 3 0 7477 7499 7478
14895 3 0 7495 7494 7491
14896 3 0 7495 7491 7497
14897 3 0 7496 7495 7497
14898 3 0 7496 7497 7498
14899 3 0 7486 7478 7499
14900 3 0 7486 7499 7500
14901 3 0 7487 7486 7500
14902 3 0 7487 7500 7501
14903 3 0 7500 7499 7496
14904 3 0 7500 7496 7502
14905 3 0 7501 7500 7502
14906 3 0 7501 7502 7503
14907 3 0 7488 7487 7501
14908 3 0 7488 7501 7504
14909 3 0 7504 7501 7503
14910 3 0 7505 7503 7502
14911 3 0 7505 7502 7498
14912 3 0 7498 7502 7496
14913 3 0 7503 7505 7510
14914 3 0 7503 7510 7504
14915 3 0 7504 7510 7506
14916 3 0 7493 7507 7508
14917 3 0 7508 7498 7497
14918 3 0 7497 7491 7493
14919 3 0 7493 7508 7497
14920 3 0 7508 7509 7511
14921 3 0 7508 7511 7498
14922 3 0 7498 7511 7505
14923 3 0 7510 7505 7511
14924 3 0 7510 7511 7512
14925 3 0 7506 7510 7512
14926 3 0 7506 7512 7513
14927 3 0 7512 7511 7509
14928 3 0 7512 7509 7514
14929 3 0 7513 7512 7514
14930 3 0 7513 7514 7515
14931 3 0 7509 7508 7507
14932 3 0 7509 7507 7516
14933 3 0 7517 7515 7514
14934 3 0 7517 7514 7516
14935 3 0 7516 7514 7509
14936 3 0 7376 7342 7518
14937 3 0 7376 7518 7519
14938 3 0 7377 7376 7519
14939 3 0 7377 7519 7520
14940 3 0 7519 7518 7473
14941 3 0 7519 7473 7521
14942 3 0 7520 7519 7521
14943 3 0 7520 7521 7522
14944 3 0 7378 7377 7520
14945 3 0 7378 7520 7523
14946 3 0 7523 7520 7522
14947 3 0 7521 7473 7481
14948 3 0 7521 7481 7524
14949 3 0 7522 7521 7524
14950 3 0 7522 7524 7525
14951 3 0 7524 7481 7488
14952 3 0 7524 7488 7526
14953 3 0 7525 7524 7526
14954 3 0 7525 7526 7527
14955 3 0 7523 7522 7525
14956 3 0 7523 7525 7528
14957 3 0 7528 7525 7527
14958 3 0 7381 7378 7523
14959 3 0 7381 7523 7529
14960 3 0 7529 7530 7736
14961 3 0 7529 7736 7381
14962 3 0 7381 7736 7382
14963 3 0 7529 7523 7528
14964 3 0 7529 7528 7531
14965 3 0 7529 7531 7546
14966 3 0 7546 7532 7746
14967 3 0 7746 7530 7529
14968 3 0 7529 7546 7746
14969 3 0 7535 7504 7506
14970 3 0 7504 7535 7526
14971 3 0 7526 7488 7504
14972 3 0 7533 7527 7526
14973 3 0 7533 7526 7535
14974 3 0 7527 7533 7540
14975 3 0 7527 7540 7528
14976 3 0 7528 7540 7534
14977 3 0 7535 7506 7513
14978 3 0 7535 7513 7536
14979 3 0 7536 7513 7515
14980 3 0 7533 7535 7536
14981 3 0 7533 7536 7537
14982 3 0 7536 7515 7517
14983 3 0 7536 7517 7538
14984 3 0 7537 7536 7538
14985 3 0 7537 7538 7539
14986 3 0 7540 7533 7537
14987 3 0 7540 7537 7541
14988 3 0 7534 7540 7541
14989 3 0 7534 7541 7542
14990 3 0 7541 7537 7539
14991 3 0 7541 7539 7543
14992 3 0 7543 7544 7556
14993 3 0 7543 7556 7541
14994 3 0 7541 7556 7542
14995 3 0 7528 7534 7552
14996 3 0 7552 7545 7547
14997 3 0 7547 7531 7528
14998 3 0 7528 7552 7547
14999 3 0 7546 7531 7547
15000 3 0 7546 7547 7548
15001 3 0 7532 7546 7548
15002 3 0 7532 7548 7549
15003 3 0 7548 7547 7545
15004 3 0 7548 7545 7550
15005 3 0 7549 7548 7550
15006 3 0 7549 7550 7551
15007 3 0 7534 7542 7555
15008 3 0 7534 7555 7552
15009 3 0 7552 7555 7553
15010 3 0 7545 7552 7553
15011 3 0 7545 7553 7554
15012 3 0 7555 7542 7556
15013 3 0 7555 7556 7557
15014 3 0 7553 7555 7557
15015 3 0 7553 7557 7558
15016 3 0 7557 7556 7544
15017 3 0 7557 7544 7559
15018 3 0 7558 7557 7559
15019 3 0 7558 7559 7560
15020 3 0 7554 7553 7558
15021 3 0 7554 7558 7561
15022 3 0 7561 7558 7560
15023 3 0 7550 7545 7554
15024 3 0 7550 7554 7562
15025 3 0 7551 7550 7562
15026 3 0 7551 7562 7563
15027 3 0 7562 7554 7561
15028 3 0 7562 7561 7564
15029 3 0 7563 7562 7564
15030 3 0 7563 7564 7565
15031 3 0 7460 7566 7567
15032 3 0 7567 7493 7492
15033 3 0 7492 7456 7460
15034 3 0 7460 7567 7492
15035 3 0 7567 7568 7569
15036 3 0 7567 7569 7493
15037 3 0 7493 7569 7507
15038 3 0 7516 7507 7569
15039 3 0 7516 7569 7570
15040 3 0 7517 7516 7570
15041 3 0 7517 7570 7571
15042 3 0 7570 7569 7568
15043 3 0 7570 7568 7572
15044 3 0 7571 7570 7572
15045 3 0 7571 7572 7573
15046 3 0 7568 7567 7566
15047 3 0 7568 7566 7574
15048 3 0 7575 7573 7572
15049 3 0 7575 7572 7574
15050 3 0 7574 7572 7568
15051 3 0 7566 7460 7462
15052 3 0 7566 7462 7576
15053 3 0 7577 7575 7574
15054 3 0 7577 7574 7576
15055 3 0 7576 7574 7566
15056 3 0 7578 7539 7538
15057 3 0 7538 7517 7571
15058 3 0 7571 7573 7578
15059 3 0 7578 7538 7571
15060 3 0 7578 7579 7582
15061 3 0 7582 7544 7543
15062 3 0 7543 7539 7578
15063 3 0 7578 7582 7543
15064 3 0 7578 7573 7575
15065 3 0 7578 7575 7580
15066 3 0 7579 7578 7580
15067 3 0 7579 7580 7581
15068 3 0 7583 7560 7559
15069 3 0 7583 7559 7582
15070 3 0 7582 7559 7544
15071 3 0 7561 7560 7583
15072 3 0 7561 7583 7584
15073 3 0 7583 7582 7579
15074 3 0 7583 7579 7585
15075 3 0 7584 7583 7585
15076 3 0 7584 7585 7586
15077 3 0 7584 7564 7561
15078 3 0 7564 7584 7794
15079 3 0 7794 7565 7564
15080 3 0 7586 7587 7794
15081 3 0 7586 7794 7584
15082 3 0 7588 7586 7585
15083 3 0 7588 7585 7581
15084 3 0 7581 7585 7579
15085 3 0 7588 7589 7800
15086 3 0 7588 7800 7586
15087 3 0 7586 7800 7587
15088 3 0 7590 7581 7580
15089 3 0 7590 7580 7577
15090 3 0 7577 7580 7575
15091 3 0 7590 7591 7807
15092 3 0 7807 7589 7588
15093 3 0 7588 7581 7590
15094 3 0 7590 7807 7588
15095 3 0 7592 6119 6190
15096 3 0 7592 6190 7593
15097 3 0 7592 7593 7596
15098 3 0 7596 7594 7603
15099 3 0 7603 7457 7592
15100 3 0 7592 7596 7603
15101 3 0 6192 7595 7597
15102 3 0 6192 7597 6190
15103 3 0 6190 7597 7593
15104 3 0 7596 7593 7597
15105 3 0 7596 7597 7598
15106 3 0 7594 7596 7598
15107 3 0 7594 7598 7599
15108 3 0 7598 7597 7595
15109 3 0 7598 7595 7600
15110 3 0 7600 7601 7621
15111 3 0 7600 7621 7598
15112 3 0 7598 7621 7599
15113 3 0 7602 7457 7603
15114 3 0 7602 7603 7604
15115 3 0 7461 7602 7604
15116 3 0 7461 7604 7605
15117 3 0 7604 7603 7594
15118 3 0 7604 7594 7606
15119 3 0 7604 7606 7614
15120 3 0 7604 7614 7605
15121 3 0 7605 7614 7607
15122 3 0 7608 7461 7605
15123 3 0 7608 7605 7609
15124 3 0 7462 7608 7609
15125 3 0 7462 7609 7610
15126 3 0 7605 7607 7645
15127 3 0 7605 7645 7609
15128 3 0 7609 7645 7611
15129 3 0 7610 7609 7611
15130 3 0 7610 7611 7612
15131 3 0 7594 7599 7620
15132 3 0 7620 7613 7615
15133 3 0 7615 7606 7594
15134 3 0 7594 7620 7615
15135 3 0 7614 7606 7615
15136 3 0 7614 7615 7616
15137 3 0 7607 7614 7616
15138 3 0 7607 7616 7617
15139 3 0 7615 7613 7631
15140 3 0 7615 7631 7616
15141 3 0 7616 7631 7618
15142 3 0 7617 7616 7618
15143 3 0 7617 7618 7619
15144 3 0 7620 7599 7621
15145 3 0 7620 7621 7622
15146 3 0 7620 7622 7625
15147 3 0 7625 7623 7632
15148 3 0 7632 7613 7620
15149 3 0 7620 7625 7632
15150 3 0 7601 7624 7626
15151 3 0 7601 7626 7621
15152 3 0 7621 7626 7622
15153 3 0 7625 7622 7626
15154 3 0 7625 7626 7627
15155 3 0 7623 7625 7627
15156 3 0 7623 7627 7628
15157 3 0 7627 7626 7624
15158 3 0 7627 7624 7629
15159 3 0 7628 7627 7629
15160 3 0 7628 7629 7630
15161 3 0 7631 7613 7632
15162 3 0 7631 7632 7633
15163 3 0 7618 7631 7633
15164 3 0 7618 7633 7634
15165 3 0 7633 7632 7623
15166 3 0 7633 7623 7635
15167 3 0 7634 7633 7635
15168 3 0 7634 7635 7636
15169 3 0 7652 7639 7637
15170 3 0 7639 7652 7634
15171 3 0 7634 7636 7639
15172 3 0 7619 7618 7634
15173 3 0 7619 7634 7652
15174 3 0 7640 7636 7635
15175 3 0 7635 7623 7628
15176 3 0 7628 7630 7679
15177 3 0 7679 7638 7640
15178 3 0 7640 7635 7628
15179 3 0 7640 7628 7679
15180 3 0 7639 7636 7640
15181 3 0 7639 7640 7641
15182 3 0 7637 7639 7641
15183 3 0 7637 7641 7642
15184 3 0 7641 7640 7638
15185 3 0 7641 7638 7643
15186 3 0 7642 7641 7643
15187 3 0 7642 7643 7644
15188 3 0 7645 7607 7617
15189 3 0 7645 7617 7646
15190 3 0 7611 7645 7646
15191 3 0 7611 7646 7647
15192 3 0 7617 7619 7651
15193 3 0 7617 7651 7646
15194 3 0 7646 7651 7648
15195 3 0 7647 7646 7648
15196 3 0 7647 7648 7649
15197 3 0 7612 7611 7647
15198 3 0 7612 7647 7650
15199 3 0 7650 7647 7649
15200 3 0 7651 7619 7652
15201 3 0 7651 7652 7653
15202 3 0 7648 7651 7653
15203 3 0 7648 7653 7654
15204 3 0 7653 7652 7637
15205 3 0 7653 7637 7655
15206 3 0 7654 7653 7655
15207 3 0 7654 7655 7656
15208 3 0 7649 7648 7654
15209 3 0 7649 7654 7657
15210 3 0 7657 7654 7656
15211 3 0 7658 7656 7655
15212 3 0 7655 7637 7642
15213 3 0 7642 7644 7658
15214 3 0 7658 7655 7642
15215 3 0 7657 7656 7658
15216 3 0 7657 7658 7659
15217 3 0 7650 7649 7657
15218 3 0 7650 7657 7660
15219 3 0 7660 7657 7659
15220 3 0 7661 7662 7663
15221 3 0 7661 7663 6192
15222 3 0 6192 7663 7595
15223 3 0 7600 7595 7663
15224 3 0 7600 7663 7664
15225 3 0 7664 7665 7670
15226 3 0 7664 7670 7600
15227 3 0 7600 7670 7601
15228 3 0 7664 7663 7662
15229 3 0 7664 7662 7666
15230 3 0 7665 7664 7666
15231 3 0 7665 7666 7667
15232 3 0 7662 7661 6194
15233 3 0 7662 6194 7668
15234 3 0 7669 7667 7666
15235 3 0 7669 7666 7668
15236 3 0 7668 7666 7662
15237 3 0 7670 7671 7672
15238 3 0 7670 7672 7601
15239 3 0 7601 7672 7624
15240 3 0 7629 7624 7672
15241 3 0 7629 7672 7673
15242 3 0 7630 7629 7673
15243 3 0 7630 7673 7674
15244 3 0 7673 7672 7671
15245 3 0 7673 7671 7675
15246 3 0 7674 7673 7675
15247 3 0 7674 7675 7676
15248 3 0 7671 7670 7665
15249 3 0 7671 7665 7677
15250 3 0 7678 7676 7675
15251 3 0 7678 7675 7677
15252 3 0 7677 7675 7671
15253 3 0 7679 7630 7674
15254 3 0 7679 7674 7680
15255 3 0 7638 7679 7680
15256 3 0 7638 7680 7681
15257 3 0 7680 7674 7676
15258 3 0 7680 7676 7682
15259 3 0 7681 7680 7682
15260 3 0 7681 7682 7683
15261 3 0 7684 7644 7643
15262 3 0 7643 7638 7681
15263 3 0 7681 7683 7684
15264 3 0 7684 7643 7681
15265 3 0 7685 7683 7682
15266 3 0 7685 7682 7678
15267 3 0 7678 7682 7676
15268 3 0 7684 7683 7685
15269 3 0 7684 7685 7686
15270 3 0 7687 7678 7677
15271 3 0 7687 7677 7667
15272 3 0 7667 7677 7665
15273 3 0 7688 7686 7685
15274 3 0 7688 7685 7687
15275 3 0 7687 7685 7678
15276 3 0 7689 7659 7658
15277 3 0 7658 7644 7684
15278 3 0 7684 7686 7689
15279 3 0 7689 7658 7684
15280 3 0 7660 7659 7689
15281 3 0 7660 7689 7690
15282 3 0 7689 7686 7688
15283 3 0 7689 7688 7691
15284 3 0 7690 7689 7691
15285 3 0 7690 7691 7692
15286 3 0 7693 7688 7687
15287 3 0 7693 7687 7669
15288 3 0 7669 7687 7667
15289 3 0 7694 7692 7691
15290 3 0 7694 7691 7693
15291 3 0 7693 7691 7688
15292 3 0 7576 7462 7610
15293 3 0 7576 7610 7695
15294 3 0 7695 7610 7612
15295 3 0 7577 7576 7695
15296 3 0 7577 7695 7696
15297 3 0 7695 7612 7650
15298 3 0 7695 7650 7697
15299 3 0 7697 7650 7660
15300 3 0 7696 7695 7697
15301 3 0 7696 7697 7698
15302 3 0 7590 7577 7696
15303 3 0 7590 7696 7699
15304 3 0 7591 7590 7699
15305 3 0 7591 7699 7700
15306 3 0 7696 7698 7707
15307 3 0 7696 7707 7699
15308 3 0 7699 7707 7701
15309 3 0 7699 7701 7713
15310 3 0 7699 7713 7700
15311 3 0 7700 7713 7702
15312 3 0 7697 7660 7690
15313 3 0 7697 7690 7703
15314 3 0 7703 7690 7692
15315 3 0 7703 7704 7708
15316 3 0 7703 7708 7697
15317 3 0 7697 7708 7698
15318 3 0 7703 7692 7694
15319 3 0 7703 7694 7705
15320 3 0 7705 7706 7723
15321 3 0 7705 7723 7703
15322 3 0 7703 7723 7704
15323 3 0 7707 7698 7708
15324 3 0 7707 7708 7709
15325 3 0 7701 7707 7709
15326 3 0 7701 7709 7710
15327 3 0 7709 7708 7704
15328 3 0 7709 7704 7711
15329 3 0 7711 7712 7717
15330 3 0 7711 7717 7709
15331 3 0 7709 7717 7710
15332 3 0 7701 7710 7716
15333 3 0 7701 7716 7713
15334 3 0 7713 7716 7714
15335 3 0 7702 7713 7714
15336 3 0 7702 7714 7715
15337 3 0 7716 7710 7717
15338 3 0 7716 7717 7718
15339 3 0 7714 7716 7718
15340 3 0 7714 7718 7719
15341 3 0 7718 7717 7712
15342 3 0 7718 7712 7720
15343 3 0 7719 7718 7720
15344 3 0 7719 7720 7721
15345 3 0 7715 7714 7719
15346 3 0 7715 7719 7722
15347 3 0 7722 7719 7721
15348 3 0 7711 7704 7723
15349 3 0 7711 7723 7724
15350 3 0 7724 7725 7728
15351 3 0 7724 7728 7711
15352 3 0 7711 7728 7712
15353 3 0 7724 7723 7706
15354 3 0 7724 7706 7726
15355 3 0 7725 7724 7726
15356 3 0 7725 7726 7727
15357 3 0 7720 7712 7728
15358 3 0 7720 7728 7729
15359 3 0 7721 7720 7729
15360 3 0 7721 7729 7730
15361 3 0 7729 7728 7725
15362 3 0 7729 7725 7731
15363 3 0 7730 7729 7731
15364 3 0 7730 7731 7732
15365 3 0 7722 7721 7730
15366 3 0 7722 7730 7733
15367 3 0 7733 7730 7732
15368 3 0 7734 7732 7731
15369 3 0 7734 7731 7727
15370 3 0 7727 7731 7725
15371 3 0 7733 7732 7734
15372 3 0 7733 7734 7735
15373 3 0 7442 7382 7736
15374 3 0 7442 7736 7737
15375 3 0 7443 7442 7737
15376 3 0 7443 7737 7738
15377 3 0 7737 7736 7530
15378 3 0 7737 7530 7739
15379 3 0 7738 7737 7739
15380 3 0 7738 7739 7740
15381 3 0 7741 7443 7738
15382 3 0 7741 7738 7742
15383 3 0 7444 7741 7742
15384 3 0 7444 7742 7743
15385 3 0 7742 7738 7740
15386 3 0 7742 7740 7744
15387 3 0 7743 7742 7744
15388 3 0 7743 7744 7745
15389 3 0 7739 7530 7746
15390 3 0 7739 7746 7747
15391 3 0 7740 7739 7747
15392 3 0 7740 7747 7748
15393 3 0 7747 7746 7532
15394 3 0 7747 7532 7749
15395 3 0 7748 7747 7749
15396 3 0 7748 7749 7750
15397 3 0 7744 7740 7748
15398 3 0 7744 7748 7751
15399 3 0 7745 7744 7751
15400 3 0 7745 7751 7752
15401 3 0 7748 7750 7764
15402 3 0 7748 7764 7751
15403 3 0 7751 7764 7753
15404 3 0 7752 7751 7753
15405 3 0 7752 7753 7754
15406 3 0 7755 7444 7743
15407 3 0 7755 7743 7756
15408 3 0 7756 7743 7745
15409 3 0 7445 7755 7756
15410 3 0 7445 7756 7757
15411 3 0 7756 7745 7752
15412 3 0 7756 7752 7758
15413 3 0 7758 7752 7754
15414 3 0 7757 7756 7758
15415 3 0 7757 7758 7759
15416 3 0 7749 7532 7549
15417 3 0 7749 7549 7760
15418 3 0 7760 7761 7765
15419 3 0 7760 7765 7749
15420 3 0 7749 7765 7750
15421 3 0 7760 7549 7551
15422 3 0 7760 7551 7762
15423 3 0 7762 7763 7771
15424 3 0 7762 7771 7760
15425 3 0 7760 7771 7761
15426 3 0 7764 7750 7765
15427 3 0 7764 7765 7766
15428 3 0 7753 7764 7766
15429 3 0 7753 7766 7767
15430 3 0 7766 7765 7761
15431 3 0 7766 7761 7768
15432 3 0 7767 7766 7768
15433 3 0 7767 7768 7769
15434 3 0 7754 7753 7767
15435 3 0 7754 7767 7770
15436 3 0 7770 7767 7769
15437 3 0 7768 7761 7771
15438 3 0 7768 7771 7772
15439 3 0 7769 7768 7772
15440 3 0 7769 7772 7773
15441 3 0 7772 7771 7763
15442 3 0 7772 7763 7774
15443 3 0 7773 7772 7774
15444 3 0 7773 7774 7775
15445 3 0 7770 7769 7773
15446 3 0 7770 7773 7776
15447 3 0 7776 7773 7775
15448 3 0 7762 7551 7563
15449 3 0 7762 7563 7777
15450 3 0 7763 7762 7777
15451 3 0 7763 7777 7778
15452 3 0 7777 7563 7565
15453 3 0 7777 7565 7779
15454 3 0 7778 7777 7779
15455 3 0 7778 7779 7780
15456 3 0 7781 7775 7774
15457 3 0 7781 7774 7778
15458 3 0 7778 7774 7763
15459 3 0 7776 7775 7781
15460 3 0 7776 7781 7782
15461 3 0 7781 7778 7780
15462 3 0 7781 7780 7783
15463 3 0 7782 7781 7783
15464 3 0 7782 7783 7784
15465 3 0 7758 7754 7770
15466 3 0 7758 7770 7785
15467 3 0 7785 7770 7776
15468 3 0 7759 7758 7785
15469 3 0 7759 7785 7786
15470 3 0 7785 7776 7782
15471 3 0 7785 7782 7787
15472 3 0 7787 7782 7784
15473 3 0 7786 7785 7787
15474 3 0 7786 7787 7788
15475 3 0 7789 7445 7757
15476 3 0 7789 7757 7790
15477 3 0 7790 7757 7759
15478 3 0 7446 7789 7790
15479 3 0 7446 7790 7791
15480 3 0 7790 7759 7786
15481 3 0 7790 7786 7792
15482 3 0 7792 7786 7788
15483 3 0 7791 7790 7792
15484 3 0 7791 7792 7793
15485 3 0 7779 7565 7794
15486 3 0 7779 7794 7795
15487 3 0 7780 7779 7795
15488 3 0 7780 7795 7796
15489 3 0 7795 7794 7587
15490 3 0 7795 7587 7797
15491 3 0 7796 7795 7797
15492 3 0 7796 7797 7798
15493 3 0 7799 7784 7783
15494 3 0 7783 7780 7796
15495 3 0 7796 7798 7799
15496 3 0 7799 7783 7796
15497 3 0 7797 7587 7800
15498 3 0 7797 7800 7801
15499 3 0 7798 7797 7801
15500 3 0 7798 7801 7802
15501 3 0 7801 7800 7589
15502 3 0 7801 7589 7803
15503 3 0 7802 7801 7803
15504 3 0 7802 7803 7804
15505 3 0 7799 7798 7802
15506 3 0 7802 7804 7809
15507 3 0 7809 7805 7799
15508 3 0 7799 7802 7809
15509 3 0 7817 7799 7805
15510 3 0 7799 7817 7787
15511 3 0 7787 7784 7799
15512 3 0 7806 7788 7787
15513 3 0 7806 7787 7817
15514 3 0 7807 7808 7810
15515 3 0 7810 7804 7803
15516 3 0 7803 7589 7807
15517 3 0 7807 7810 7803
15518 3 0 7809 7804 7810
15519 3 0 7809 7810 7811
15520 3 0 7805 7809 7811
15521 3 0 7805 7811 7812
15522 3 0 7811 7810 7808
15523 3 0 7811 7808 7813
15524 3 0 7812 7811 7813
15525 3 0 7812 7813 7814
15526 3 0 7808 7807 7591
15527 3 0 7808 7591 7815
15528 3 0 7816 7814 7813
15529 3 0 7816 7813 7815
15530 3 0 7815 7813 7808
15531 3 0 7817 7805 7812
15532 3 0 7817 7812 7818
15533 3 0 7818 7812 7814
15534 3 0 7806 7817 7818
15535 3 0 7806 7818 7819
15536 3 0 7818 7814 7816
15537 3 0 7818 7816 7820
15538 3 0 7819 7818 7820
15539 3 0 7819 7820 7821
15540 3 0 7792 7788 7806
15541 3 0 7792 7806 7822
15542 3 0 7793 7792 7822
15543 3 0 7793 7822 7823
15544 3 0 7822 7806 7819
15545 3 0 7822 7819 7824
15546 3 0 7824 7819 7821
15547 3 0 7822 7824 7840
15548 3 0 7822 7840 7823
15549 3 0 7823 7840 7825
15550 3 0 7449 7446 7791
15551 3 0 7449 7791 7826
15552 3 0 7826 7791 7793
15553 3 0 7449 7826 7829
15554 3 0 7829 7827 8611
15555 3 0 8611 7450 7449
15556 3 0 7449 7829 8611
15557 3 0 7830 7915 7828
15558 3 0 7915 7830 7823
15559 3 0 7823 7825 7915
15560 3 0 7826 7793 7823
15561 3 0 7826 7823 7830
15562 3 0 7829 7826 7830
15563 3 0 7829 7830 7831
15564 3 0 7827 7829 7831
15565 3 0 7827 7831 7832
15566 3 0 7831 7830 7828
15567 3 0 7831 7828 7833
15568 3 0 7831 7833 7925
15569 3 0 7831 7925 7832
15570 3 0 7832 7925 7834
15571 3 0 7835 7816 7815
15572 3 0 7835 7815 7700
15573 3 0 7700 7815 7591
15574 3 0 7836 7821 7820
15575 3 0 7836 7820 7835
15576 3 0 7835 7820 7816
15577 3 0 7835 7700 7702
15578 3 0 7835 7702 7837
15579 3 0 7837 7838 7847
15580 3 0 7837 7847 7835
15581 3 0 7835 7847 7836
15582 3 0 7821 7836 7846
15583 3 0 7846 7839 7841
15584 3 0 7841 7824 7821
15585 3 0 7821 7846 7841
15586 3 0 7840 7824 7841
15587 3 0 7840 7841 7842
15588 3 0 7825 7840 7842
15589 3 0 7825 7842 7843
15590 3 0 7841 7839 7857
15591 3 0 7841 7857 7842
15592 3 0 7842 7857 7844
15593 3 0 7843 7842 7844
15594 3 0 7843 7844 7845
15595 3 0 7846 7836 7847
15596 3 0 7846 7847 7848
15597 3 0 7846 7848 7851
15598 3 0 7851 7849 7858
15599 3 0 7858 7839 7846
15600 3 0 7846 7851 7858
15601 3 0 7838 7850 7852
15602 3 0 7838 7852 7847
15603 3 0 7847 7852 7848
15604 3 0 7851 7848 7852
15605 3 0 7851 7852 7853
15606 3 0 7849 7851 7853
15607 3 0 7849 7853 7854
15608 3 0 7853 7852 7850
15609 3 0 7853 7850 7855
15610 3 0 7855 7856 7872
15611 3 0 7855 7872 7853
15612 3 0 7853 7872 7854
15613 3 0 7857 7839 7858
15614 3 0 7857 7858 7859
15615 3 0 7844 7857 7859
15616 3 0 7844 7859 7860
15617 3 0 7859 7858 7849
15618 3 0 7859 7849 7861
15619 3 0 7859 7861 7865
15620 3 0 7859 7865 7860
15621 3 0 7860 7865 7862
15622 3 0 7845 7844 7860
15623 3 0 7860 7862 7878
15624 3 0 7878 7863 7845
15625 3 0 7845 7860 7878
15626 3 0 7849 7854 7871
15627 3 0 7871 7864 7866
15628 3 0 7866 7861 7849
15629 3 0 7849 7871 7866
15630 3 0 7865 7861 7866
15631 3 0 7865 7866 7867
15632 3 0 7862 7865 7867
15633 3 0 7862 7867 7868
15634 3 0 7867 7866 7864
15635 3 0 7867 7864 7869
15636 3 0 7868 7867 7869
15637 3 0 7868 7869 7870
15638 3 0 7871 7854 7872
15639 3 0 7871 7872 7873
15640 3 0 7864 7871 7873
15641 3 0 7864 7873 7874
15642 3 0 7873 7872 7856
15643 3 0 7873 7856 7875
15644 3 0 7874 7873 7875
15645 3 0 7874 7875 7876
15646 3 0 7882 7870 7869
15647 3 0 7869 7864 7874
15648 3 0 7874 7876 7899
15649 3 0 7899 7877 7882
15650 3 0 7882 7869 7874
15651 3 0 7882 7874 7899
15652 3 0 7878 7862 7868
15653 3 0 7868 7870 7881
15654 3 0 7881 7879 7878
15655 3 0 7878 7868 7881
15656 3 0 7863 7878 7879
15657 3 0 7863 7879 7880
15658 3 0 7881 7870 7882
15659 3 0 7881 7882 7883
15660 3 0 7879 7881 7883
15661 3 0 7879 7883 7884
15662 3 0 7883 7882 7877
15663 3 0 7883 7877 7885
15664 3 0 7884 7883 7885
15665 3 0 7884 7885 7886
15666 3 0 7880 7879 7884
15667 3 0 7880 7884 7887
15668 3 0 7887 7884 7886
15669 3 0 7837 7702 7715
15670 3 0 7837 7715 7888
15671 3 0 7888 7715 7722
15672 3 0 7888 7889 7892
15673 3 0 7888 7892 7837
15674 3 0 7837 7892 7838
15675 3 0 7888 7722 7733
15676 3 0 7888 7733 7890
15677 3 0 7890 7733 7735
15678 3 0 7889 7888 7890
15679 3 0 7889 7890 7891
15680 3 0 7850 7838 7892
15681 3 0 7850 7892 7893
15682 3 0 7893 7894 7897
15683 3 0 7897 7856 7855
15684 3 0 7855 7850 7893
15685 3 0 7893 7897 7855
15686 3 0 7893 7892 7889
15687 3 0 7893 7889 7895
15688 3 0 7894 7893 7895
15689 3 0 7894 7895 7896
15690 3 0 7897 7898 7900
15691 3 0 7900 7876 7875
15692 3 0 7875 7856 7897
15693 3 0 7897 7900 7875
15694 3 0 7899 7876 7900
15695 3 0 7899 7900 7901
15696 3 0 7877 7899 7901
15697 3 0 7877 7901 7902
15698 3 0 7901 7900 7898
15699 3 0 7901 7898 7903
15700 3 0 7902 7901 7903
15701 3 0 7902 7903 7904
15702 3 0 7898 7897 7894
15703 3 0 7898 7894 7905
15704 3 0 7906 7904 7903
15705 3 0 7906 7903 7905
15706 3 0 7905 7903 7898
15707 3 0 7907 7886 7885
15708 3 0 7885 7877 7902
15709 3 0 7902 7904 7907
15710 3 0 7907 7885 7902
15711 3 0 7887 7886 7907
15712 3 0 7887 7907 7908
15713 3 0 7907 7904 7906
15714 3 0 7907 7906 7909
15715 3 0 7908 7907 7909
15716 3 0 7908 7909 7910
15717 3 0 7911 7906 7905
15718 3 0 7911 7905 7896
15719 3 0 7896 7905 7894
15720 3 0 7912 7910 7909
15721 3 0 7912 7909 7911
15722 3 0 7911 7909 7906
15723 3 0 7913 7896 7895
15724 3 0 7913 7895 7891
15725 3 0 7891 7895 7889
15726 3 0 7914 7912 7911
15727 3 0 7914 7911 7913
15728 3 0 7913 7911 7896
15729 3 0 7915 7825 7843
15730 3 0 7843 7845 7918
15731 3 0 7918 7916 7915
15732 3 0 7915 7843 7918
15733 3 0 7828 7915 7916
15734 3 0 7828 7916 7917
15735 3 0 7918 7845 7863
15736 3 0 7918 7863 7919
15737 3 0 7916 7918 7919
15738 3 0 7916 7919 7920
15739 3 0 7919 7863 7880
15740 3 0 7919 7880 7921
15741 3 0 7921 7880 7887
15742 3 0 7920 7919 7921
15743 3 0 7920 7921 7922
15744 3 0 7917 7916 7920
15745 3 0 7917 7920 7923
15746 3 0 7923 7920 7922
15747 3 0 7917 7924 7926
15748 3 0 7917 7926 7828
15749 3 0 7828 7926 7833
15750 3 0 7925 7833 7926
15751 3 0 7925 7926 7927
15752 3 0 7925 7927 7930
15753 3 0 7925 7930 7834
15754 3 0 7834 7930 7928
15755 3 0 7924 7929 7931
15756 3 0 7924 7931 7926
15757 3 0 7926 7931 7927
15758 3 0 7930 7927 7931
15759 3 0 7930 7931 7932
15760 3 0 7928 7930 7932
15761 3 0 7928 7932 7933
15762 3 0 7932 7931 7929
15763 3 0 7932 7929 7934
15764 3 0 7933 7932 7934
15765 3 0 7933 7934 7935
15766 3 0 7923 7936 7937
15767 3 0 7923 7937 7917
15768 3 0 7917 7937 7924
15769 3 0 7937 7938 7939
15770 3 0 7937 7939 7924
15771 3 0 7924 7939 7929
15772 3 0 7934 7929 7939
15773 3 0 7934 7939 7940
15774 3 0 7935 7934 7940
15775 3 0 7935 7940 7941
15776 3 0 7940 7939 7938
15777 3 0 7940 7938 7942
15778 3 0 7941 7940 7942
15779 3 0 7941 7942 7943
15780 3 0 7938 7937 7936
15781 3 0 7938 7936 7944
15782 3 0 7945 7943 7942
15783 3 0 7945 7942 7944
15784 3 0 7944 7942 7938
15785 3 0 7921 7887 7908
15786 3 0 7921 7908 7946
15787 3 0 7946 7908 7910
15788 3 0 7922 7921 7946
15789 3 0 7922 7946 7947
15790 3 0 7946 7910 7912
15791 3 0 7946 7912 7948
15792 3 0 7947 7946 7948
15793 3 0 7947 7948 7949
15794 3 0 7923 7922 7947
15795 3 0 7923 7947 7950
15796 3 0 7950 7947 7949
15797 3 0 7951 7949 7948
15798 3 0 7951 7948 7914
15799 3 0 7914 7948 7912
15800 3 0 7950 7949 7951
15801 3 0 7950 7951 7952
15802 3 0 7936 7923 7950
15803 3 0 7936 7950 7953
15804 3 0 7954 7945 7944
15805 3 0 7954 7944 7953
15806 3 0 7953 7944 7936
15807 3 0 7953 7950 7952
15808 3 0 7953 7952 7955
15809 3 0 7954 7953 7955
15810 3 0 7954 7955 7956
15811 3 0 3725 7413 7964
15812 3 0 7964 7957 7959
15813 3 0 7959 4413 3725
15814 3 0 3725 7964 7959
15815 3 0 7958 4413 7959
15816 3 0 7958 7959 7960
15817 3 0 4414 7958 7960
15818 3 0 4414 7960 7961
15819 3 0 7959 7957 7970
15820 3 0 7959 7970 7960
15821 3 0 7960 7970 7962
15822 3 0 7961 7960 7962
15823 3 0 7961 7962 7963
15824 3 0 7964 7413 7965
15825 3 0 7964 7965 7966
15826 3 0 7966 7967 7971
15827 3 0 7966 7971 7964
15828 3 0 7964 7971 7957
15829 3 0 7966 7965 7415
15830 3 0 7966 7415 7968
15831 3 0 7968 7969 7977
15832 3 0 7968 7977 7966
15833 3 0 7966 7977 7967
15834 3 0 7970 7957 7971
15835 3 0 7970 7971 7972
15836 3 0 7962 7970 7972
15837 3 0 7962 7972 7973
15838 3 0 7972 7971 7967
15839 3 0 7972 7967 7974
15840 3 0 7973 7972 7974
15841 3 0 7973 7974 7975
15842 3 0 7963 7962 7973
15843 3 0 7973 7975 7982
15844 3 0 7982 7976 7963
15845 3 0 7963 7973 7982
15846 3 0 7974 7967 7977
15847 3 0 7974 7977 7978
15848 3 0 7975 7974 7978
15849 3 0 7975 7978 7979
15850 3 0 7978 7977 7969
15851 3 0 7978 7969 7980
15852 3 0 7979 7978 7980
15853 3 0 7979 7980 7981
15854 3 0 7982 7975 7979
15855 3 0 7982 7979 7983
15856 3 0 7976 7982 7983
15857 3 0 7976 7983 7984
15858 3 0 7983 7979 7981
15859 3 0 7983 7981 7985
15860 3 0 7984 7983 7985
15861 3 0 7984 7985 7986
15862 3 0 7987 4414 7961
15863 3 0 7961 7963 7990
15864 3 0 7990 7988 7987
15865 3 0 7987 7961 7990
15866 3 0 4415 7987 7988
15867 3 0 4415 7988 7989
15868 3 0 7990 7963 7976
15869 3 0 7990 7976 7991
15870 3 0 7988 7990 7991
15871 3 0 7988 7991 7992
15872 3 0 7991 7976 7984
15873 3 0 7984 7986 8009
15874 3 0 8009 7993 7991
15875 3 0 7991 7984 8009
15876 3 0 7992 7991 7993
15877 3 0 7992 7993 7994
15878 3 0 7989 7988 7992
15879 3 0 7992 7994 8022
15880 3 0 8022 7995 7989
15881 3 0 7989 7992 8022
15882 3 0 7996 7997 7998
15883 3 0 7998 7969 7968
15884 3 0 7968 7415 7996
15885 3 0 7996 7998 7968
15886 3 0 7998 7999 8000
15887 3 0 8000 7981 7980
15888 3 0 7980 7969 7998
15889 3 0 7998 8000 7980
15890 3 0 7985 7981 8000
15891 3 0 7985 8000 8001
15892 3 0 7986 7985 8001
15893 3 0 7986 8001 8002
15894 3 0 8001 8000 7999
15895 3 0 8001 7999 8003
15896 3 0 8002 8001 8003
15897 3 0 8002 8003 8004
15898 3 0 7999 7998 7997
15899 3 0 7999 7997 8005
15900 3 0 8006 8004 8003
15901 3 0 8006 8003 8005
15902 3 0 8005 8003 7999
15903 3 0 7997 7996 7417
15904 3 0 7997 7417 8007
15905 3 0 8007 8008 8027
15906 3 0 8027 8006 8005
15907 3 0 8005 7997 8007
15908 3 0 8007 8027 8005
15909 3 0 8009 7986 8002
15910 3 0 8009 8002 8010
15911 3 0 7993 8009 8010
15912 3 0 7993 8010 8011
15913 3 0 8010 8002 8004
15914 3 0 8010 8004 8012
15915 3 0 8011 8010 8012
15916 3 0 8011 8012 8013
15917 3 0 7994 7993 8011
15918 3 0 8011 8013 8016
15919 3 0 8016 8014 7994
15920 3 0 7994 8011 8016
15921 3 0 8006 8015 8017
15922 3 0 8017 8013 8012
15923 3 0 8012 8004 8006
15924 3 0 8006 8017 8012
15925 3 0 8016 8013 8017
15926 3 0 8016 8017 8018
15927 3 0 8014 8016 8018
15928 3 0 8014 8018 8019
15929 3 0 8018 8017 8015
15930 3 0 8018 8015 8020
15931 3 0 8019 8018 8020
15932 3 0 8019 8020 8021
15933 3 0 8022 7994 8014
15934 3 0 8022 8014 8023
15935 3 0 7995 8022 8023
15936 3 0 7995 8023 8024
15937 3 0 8023 8014 8019
15938 3 0 8023 8019 8025
15939 3 0 8025 8019 8021
15940 3 0 8024 8023 8025
15941 3 0 8024 8025 8026
15942 3 0 8027 8028 8029
15943 3 0 8027 8029 8006
15944 3 0 8006 8029 8015
15945 3 0 8020 8015 8029
15946 3 0 8020 8029 8030
15947 3 0 8021 8020 8030
15948 3 0 8021 8030 8031
15949 3 0 8030 8029 8028
15950 3 0 8030 8028 8032
15951 3 0 8031 8030 8032
15952 3 0 8031 8032 8033
15953 3 0 8028 8027 8008
15954 3 0 8028 8008 8034
15955 3 0 8035 8033 8032
15956 3 0 8035 8032 8034
15957 3 0 8034 8032 8028
15958 3 0 8025 8021 8031
15959 3 0 8025 8031 8036
15960 3 0 8036 8031 8033
15961 3 0 8026 8025 8036
15962 3 0 8026 8036 8037
15963 3 0 8036 8033 8035
15964 3 0 8036 8035 8038
15965 3 0 8037 8036 8038
15966 3 0 8037 8038 8039
15967 3 0 8040 4415 7989
15968 3 0 8040 7989 8041
15969 3 0 4418 8040 8041
15970 3 0 4418 8041 8042
15971 3 0 8041 7989 7995
15972 3 0 8041 7995 8043
15973 3 0 8041 8043 8051
15974 3 0 8041 8051 8042
15975 3 0 8042 8051 8044
15976 3 0 8045 4418 8042
15977 3 0 8045 8042 8046
15978 3 0 4419 8045 8046
15979 3 0 4419 8046 8047
15980 3 0 8042 8044 8068
15981 3 0 8042 8068 8046
15982 3 0 8046 8068 8048
15983 3 0 8047 8046 8048
15984 3 0 8047 8048 8049
15985 3 0 8043 7995 8024
15986 3 0 8024 8026 8050
15987 3 0 8052 8024 8050
15988 3 0 8043 8024 8052
15989 3 0 8051 8043 8052
15990 3 0 8051 8052 8053
15991 3 0 8051 8053 8056
15992 3 0 8051 8056 8044
15993 3 0 8044 8056 8054
15994 3 0 8050 8055 8057
15995 3 0 8050 8057 8052
15996 3 0 8052 8057 8053
15997 3 0 8056 8053 8057
15998 3 0 8056 8057 8058
15999 3 0 8054 8056 8058
16000 3 0 8054 8058 8059
16001 3 0 8058 8057 8055
16002 3 0 8058 8055 8060
16003 3 0 8059 8058 8060
16004 3 0 8059 8060 8061
16005 3 0 8063 8152 8062
16006 3 0 8152 8063 8037
16007 3 0 8037 8039 8152
16008 3 0 8050 8026 8037
16009 3 0 8050 8037 8063
16010 3 0 8055 8050 8063
16011 3 0 8055 8063 8064
16012 3 0 8064 8065 8078
16013 3 0 8078 8061 8060
16014 3 0 8060 8055 8064
16015 3 0 8064 8078 8060
16016 3 0 8064 8063 8062
16017 3 0 8064 8062 8066
16018 3 0 8065 8064 8066
16019 3 0 8065 8066 8067
16020 3 0 8044 8054 8071
16021 3 0 8044 8071 8068
16022 3 0 8068 8071 8069
16023 3 0 8048 8068 8069
16024 3 0 8048 8069 8070
16025 3 0 8071 8054 8059
16026 3 0 8071 8059 8072
16027 3 0 8069 8071 8072
16028 3 0 8069 8072 8073
16029 3 0 8072 8059 8061
16030 3 0 8072 8061 8074
16031 3 0 8073 8072 8074
16032 3 0 8073 8074 8075
16033 3 0 8070 8069 8073
16034 3 0 8073 8075 8083
16035 3 0 8083 8076 8070
16036 3 0 8070 8073 8083
16037 3 0 8049 8048 8070
16038 3 0 8070 8076 8090
16039 3 0 8090 8077 8049
16040 3 0 8049 8070 8090
16041 3 0 8074 8061 8078
16042 3 0 8074 8078 8079
16043 3 0 8075 8074 8079
16044 3 0 8075 8079 8080
16045 3 0 8079 8078 8065
16046 3 0 8079 8065 8081
16047 3 0 8080 8079 8081
16048 3 0 8080 8081 8082
16049 3 0 8083 8075 8080
16050 3 0 8083 8080 8084
16051 3 0 8076 8083 8084
16052 3 0 8076 8084 8085
16053 3 0 8084 8080 8082
16054 3 0 8084 8082 8086
16055 3 0 8085 8084 8086
16056 3 0 8085 8086 8087
16057 3 0 8088 8082 8081
16058 3 0 8088 8081 8067
16059 3 0 8067 8081 8065
16060 3 0 8089 8087 8086
16061 3 0 8089 8086 8088
16062 3 0 8088 8086 8082
16063 3 0 8090 8076 8085
16064 3 0 8090 8085 8091
16065 3 0 8091 8085 8087
16066 3 0 8090 8091 8094
16067 3 0 8090 8094 8077
16068 3 0 8077 8094 8092
16069 3 0 8089 8093 8095
16070 3 0 8089 8095 8087
16071 3 0 8087 8095 8091
16072 3 0 8094 8091 8095
16073 3 0 8094 8095 8096
16074 3 0 8092 8094 8096
16075 3 0 8092 8096 8097
16076 3 0 8096 8095 8093
16077 3 0 8096 8093 8098
16078 3 0 8097 8096 8098
16079 3 0 8097 8098 8099
16080 3 0 8007 7417 8100
16081 3 0 8007 8100 8101
16082 3 0 8101 8102 8105
16083 3 0 8101 8105 8007
16084 3 0 8007 8105 8008
16085 3 0 8101 8100 7448
16086 3 0 8101 7448 8103
16087 3 0 8103 8104 8127
16088 3 0 8103 8127 8101
16089 3 0 8101 8127 8102
16090 3 0 8034 8008 8105
16091 3 0 8034 8105 8106
16092 3 0 8034 8106 8109
16093 3 0 8034 8109 8035
16094 3 0 8035 8109 8107
16095 3 0 8102 8108 8110
16096 3 0 8102 8110 8105
16097 3 0 8105 8110 8106
16098 3 0 8109 8106 8110
16099 3 0 8109 8110 8111
16100 3 0 8107 8109 8111
16101 3 0 8107 8111 8112
16102 3 0 8111 8110 8108
16103 3 0 8111 8108 8113
16104 3 0 8112 8111 8113
16105 3 0 8112 8113 8114
16106 3 0 8035 8107 8117
16107 3 0 8035 8117 8038
16108 3 0 8038 8117 8115
16109 3 0 8038 8115 8122
16110 3 0 8038 8122 8039
16111 3 0 8039 8122 8116
16112 3 0 8117 8107 8112
16113 3 0 8117 8112 8118
16114 3 0 8115 8117 8118
16115 3 0 8115 8118 8119
16116 3 0 8118 8112 8114
16117 3 0 8118 8114 8120
16118 3 0 8119 8118 8120
16119 3 0 8119 8120 8121
16120 3 0 8122 8115 8119
16121 3 0 8122 8119 8123
16122 3 0 8116 8122 8123
16123 3 0 8116 8123 8124
16124 3 0 8123 8119 8121
16125 3 0 8123 8121 8125
16126 3 0 8124 8123 8125
16127 3 0 8124 8125 8126
16128 3 0 8127 8128 8129
16129 3 0 8127 8129 8102
16130 3 0 8102 8129 8108
16131 3 0 8113 8108 8129
16132 3 0 8113 8129 8130
16133 3 0 8114 8113 8130
16134 3 0 8114 8130 8131
16135 3 0 8130 8129 8128
16136 3 0 8130 8128 8132
16137 3 0 8131 8130 8132
16138 3 0 8131 8132 8133
16139 3 0 8128 8127 8104
16140 3 0 8128 8104 8134
16141 3 0 8135 8133 8132
16142 3 0 8135 8132 8134
16143 3 0 8134 8132 8128
16144 3 0 8120 8114 8131
16145 3 0 8120 8131 8136
16146 3 0 8121 8120 8136
16147 3 0 8121 8136 8137
16148 3 0 8136 8131 8133
16149 3 0 8136 8133 8138
16150 3 0 8137 8136 8138
16151 3 0 8137 8138 8139
16152 3 0 8140 8126 8125
16153 3 0 8125 8121 8137
16154 3 0 8137 8139 8140
16155 3 0 8140 8125 8137
16156 3 0 8141 8139 8138
16157 3 0 8141 8138 8135
16158 3 0 8135 8138 8133
16159 3 0 8140 8139 8141
16160 3 0 8140 8141 8142
16161 3 0 8103 7448 8143
16162 3 0 8103 8143 8144
16163 3 0 8104 8103 8144
16164 3 0 8104 8144 8145
16165 3 0 8144 8143 7450
16166 3 0 8144 7450 8146
16167 3 0 8144 8146 8613
16168 3 0 8144 8613 8145
16169 3 0 8145 8613 8147
16170 3 0 8148 8135 8134
16171 3 0 8148 8134 8145
16172 3 0 8145 8134 8104
16173 3 0 8148 8149 8184
16174 3 0 8184 8142 8141
16175 3 0 8141 8135 8148
16176 3 0 8148 8184 8141
16177 3 0 8145 8147 8630
16178 3 0 8145 8630 8148
16179 3 0 8148 8630 8150
16180 3 0 8149 8148 8150
16181 3 0 8149 8150 8151
16182 3 0 8152 8039 8116
16183 3 0 8152 8116 8153
16184 3 0 8062 8152 8153
16185 3 0 8062 8153 8154
16186 3 0 8153 8116 8124
16187 3 0 8153 8124 8155
16188 3 0 8155 8124 8126
16189 3 0 8154 8153 8155
16190 3 0 8154 8155 8156
16191 3 0 8167 8154 8156
16192 3 0 8154 8167 8066
16193 3 0 8066 8062 8154
16194 3 0 8157 8067 8066
16195 3 0 8157 8066 8167
16196 3 0 8155 8126 8140
16197 3 0 8155 8140 8158
16198 3 0 8155 8158 8161
16199 3 0 8155 8161 8156
16200 3 0 8156 8161 8159
16201 3 0 8142 8160 8162
16202 3 0 8142 8162 8140
16203 3 0 8140 8162 8158
16204 3 0 8161 8158 8162
16205 3 0 8161 8162 8163
16206 3 0 8159 8161 8163
16207 3 0 8159 8163 8164
16208 3 0 8163 8162 8160
16209 3 0 8163 8160 8165
16210 3 0 8164 8163 8165
16211 3 0 8164 8165 8166
16212 3 0 8156 8159 8170
16213 3 0 8156 8170 8167
16214 3 0 8167 8170 8168
16215 3 0 8157 8167 8168
16216 3 0 8157 8168 8169
16217 3 0 8170 8159 8164
16218 3 0 8170 8164 8171
16219 3 0 8168 8170 8171
16220 3 0 8168 8171 8172
16221 3 0 8171 8164 8166
16222 3 0 8171 8166 8173
16223 3 0 8172 8171 8173
16224 3 0 8172 8173 8174
16225 3 0 8169 8168 8172
16226 3 0 8169 8172 8175
16227 3 0 8175 8172 8174
16228 3 0 8157 8176 8177
16229 3 0 8177 8089 8088
16230 3 0 8088 8067 8157
16231 3 0 8157 8177 8088
16232 3 0 8093 8089 8177
16233 3 0 8093 8177 8178
16234 3 0 8179 8099 8098
16235 3 0 8179 8098 8178
16236 3 0 8178 8098 8093
16237 3 0 8178 8177 8176
16238 3 0 8178 8176 8180
16239 3 0 8179 8178 8180
16240 3 0 8179 8180 8181
16241 3 0 8176 8157 8169
16242 3 0 8176 8169 8182
16243 3 0 8182 8169 8175
16244 3 0 8183 8181 8180
16245 3 0 8183 8180 8182
16246 3 0 8182 8180 8176
16247 3 0 8160 8142 8184
16248 3 0 8160 8184 8185
16249 3 0 8186 8166 8165
16250 3 0 8186 8165 8185
16251 3 0 8185 8165 8160
16252 3 0 8185 8184 8149
16253 3 0 8185 8149 8187
16254 3 0 8186 8185 8187
16255 3 0 8186 8187 8188
16256 3 0 8189 8174 8173
16257 3 0 8189 8173 8186
16258 3 0 8186 8173 8166
16259 3 0 8175 8174 8189
16260 3 0 8175 8189 8190
16261 3 0 8189 8186 8188
16262 3 0 8189 8188 8191
16263 3 0 8190 8189 8191
16264 3 0 8190 8191 8192
16265 3 0 8193 8188 8187
16266 3 0 8193 8187 8151
16267 3 0 8151 8187 8149
16268 3 0 8194 8192 8191
16269 3 0 8191 8188 8193
16270 3 0 8691 8191 8193
16271 3 0 8194 8191 8691
16272 3 0 8182 8175 8190
16273 3 0 8182 8190 8195
16274 3 0 8195 8190 8192
16275 3 0 8195 8196 8444
16276 3 0 8195 8444 8182
16277 3 0 8182 8444 8183
16278 3 0 8192 8194 8699
16279 3 0 8192 8699 8195
16280 3 0 8195 8699 8197
16281 3 0 8195 8197 8713
16282 3 0 8713 8198 8486
16283 3 0 8486 8196 8195
16284 3 0 8195 8713 8486
16285 3 0 4739 4419 8047
16286 3 0 4739 8047 8199
16287 3 0 8199 8200 8203
16288 3 0 8199 8203 4739
16289 3 0 4739 8203 4740
16290 3 0 8199 8047 8049
16291 3 0 8199 8049 8201
16292 3 0 8201 8202 8221
16293 3 0 8201 8221 8199
16294 3 0 8199 8221 8200
16295 3 0 4765 4740 8203
16296 3 0 4765 8203 8204
16297 3 0 8204 8205 8209
16298 3 0 8204 8209 4765
16299 3 0 4765 8209 4766
16300 3 0 8204 8203 8200
16301 3 0 8204 8200 8206
16302 3 0 8206 8207 8215
16303 3 0 8206 8215 8204
16304 3 0 8204 8215 8205
16305 3 0 8208 4766 8209
16306 3 0 8208 8209 8210
16307 3 0 4769 8208 8210
16308 3 0 4769 8210 8211
16309 3 0 8210 8209 8205
16310 3 0 8210 8205 8212
16311 3 0 8211 8210 8212
16312 3 0 8211 8212 8213
16313 3 0 4770 4769 8211
16314 3 0 4770 8211 8214
16315 3 0 8214 8211 8213
16316 3 0 8212 8205 8215
16317 3 0 8212 8215 8216
16318 3 0 8213 8212 8216
16319 3 0 8213 8216 8217
16320 3 0 8216 8215 8207
16321 3 0 8216 8207 8218
16322 3 0 8217 8216 8218
16323 3 0 8217 8218 8219
16324 3 0 8214 8213 8217
16325 3 0 8214 8217 8220
16326 3 0 8220 8217 8219
16327 3 0 8206 8200 8221
16328 3 0 8206 8221 8222
16329 3 0 8222 8223 8226
16330 3 0 8222 8226 8206
16331 3 0 8206 8226 8207
16332 3 0 8222 8221 8202
16333 3 0 8222 8202 8224
16334 3 0 8224 8225 8232
16335 3 0 8224 8232 8222
16336 3 0 8222 8232 8223
16337 3 0 8218 8207 8226
16338 3 0 8218 8226 8227
16339 3 0 8219 8218 8227
16340 3 0 8219 8227 8228
16341 3 0 8227 8226 8223
16342 3 0 8227 8223 8229
16343 3 0 8228 8227 8229
16344 3 0 8228 8229 8230
16345 3 0 8220 8219 8228
16346 3 0 8220 8228 8231
16347 3 0 8231 8228 8230
16348 3 0 8229 8223 8232
16349 3 0 8229 8232 8233
16350 3 0 8230 8229 8233
16351 3 0 8230 8233 8234
16352 3 0 8233 8232 8225
16353 3 0 8233 8225 8235
16354 3 0 8234 8233 8235
16355 3 0 8234 8235 8236
16356 3 0 8231 8230 8234
16357 3 0 8231 8234 8237
16358 3 0 8237 8234 8236
16359 3 0 8049 8077 8240
16360 3 0 8049 8240 8201
16361 3 0 8201 8240 8238
16362 3 0 8238 8239 8246
16363 3 0 8238 8246 8201
16364 3 0 8201 8246 8202
16365 3 0 8240 8077 8092
16366 3 0 8240 8092 8241
16367 3 0 8238 8240 8241
16368 3 0 8238 8241 8242
16369 3 0 8241 8092 8097
16370 3 0 8241 8097 8243
16371 3 0 8243 8097 8099
16372 3 0 8242 8241 8243
16373 3 0 8242 8243 8244
16374 3 0 8259 8384 8245
16375 3 0 8384 8259 8242
16376 3 0 8242 8244 8384
16377 3 0 8239 8238 8242
16378 3 0 8239 8242 8259
16379 3 0 8224 8202 8246
16380 3 0 8224 8246 8247
16381 3 0 8247 8248 8251
16382 3 0 8247 8251 8224
16383 3 0 8224 8251 8225
16384 3 0 8247 8246 8239
16385 3 0 8247 8239 8249
16386 3 0 8248 8247 8249
16387 3 0 8248 8249 8250
16388 3 0 8235 8225 8251
16389 3 0 8235 8251 8252
16390 3 0 8236 8235 8252
16391 3 0 8236 8252 8253
16392 3 0 8252 8251 8248
16393 3 0 8252 8248 8254
16394 3 0 8253 8252 8254
16395 3 0 8253 8254 8255
16396 3 0 8237 8236 8253
16397 3 0 8237 8253 8256
16398 3 0 8256 8253 8255
16399 3 0 8257 8255 8254
16400 3 0 8257 8254 8250
16401 3 0 8250 8254 8248
16402 3 0 8256 8255 8257
16403 3 0 8256 8257 8258
16404 3 0 8249 8239 8259
16405 3 0 8249 8259 8260
16406 3 0 8249 8260 8263
16407 3 0 8249 8263 8250
16408 3 0 8250 8263 8261
16409 3 0 8245 8262 8264
16410 3 0 8245 8264 8259
16411 3 0 8259 8264 8260
16412 3 0 8263 8260 8264
16413 3 0 8263 8264 8265
16414 3 0 8261 8263 8265
16415 3 0 8261 8265 8266
16416 3 0 8265 8264 8262
16417 3 0 8265 8262 8267
16418 3 0 8266 8265 8267
16419 3 0 8266 8267 8268
16420 3 0 8257 8250 8261
16421 3 0 8257 8261 8269
16422 3 0 8258 8257 8269
16423 3 0 8258 8269 8270
16424 3 0 8269 8261 8266
16425 3 0 8269 8266 8271
16426 3 0 8271 8266 8268
16427 3 0 8270 8269 8271
16428 3 0 8270 8271 8272
16429 3 0 8214 8273 8274
16430 3 0 8214 8274 4770
16431 3 0 4770 8274 4872
16432 3 0 8274 8275 8277
16433 3 0 8274 8277 4872
16434 3 0 4872 8277 4876
16435 3 0 8276 4876 8277
16436 3 0 8276 8277 8278
16437 3 0 4877 8276 8278
16438 3 0 4877 8278 8279
16439 3 0 8278 8277 8275
16440 3 0 8278 8275 8280
16441 3 0 8279 8278 8280
16442 3 0 8279 8280 8281
16443 3 0 8273 8282 8283
16444 3 0 8273 8283 8274
16445 3 0 8274 8283 8275
16446 3 0 8280 8275 8283
16447 3 0 8280 8283 8284
16448 3 0 8281 8280 8284
16449 3 0 8281 8284 8285
16450 3 0 8284 8283 8282
16451 3 0 8284 8282 8286
16452 3 0 8285 8284 8286
16453 3 0 8285 8286 8287
16454 3 0 8220 8288 8289
16455 3 0 8220 8289 8214
16456 3 0 8214 8289 8273
16457 3 0 8282 8273 8289
16458 3 0 8282 8289 8290
16459 3 0 8291 8287 8286
16460 3 0 8286 8282 8290
16461 3 0 8293 8286 8290
16462 3 0 8291 8286 8293
16463 3 0 8288 8292 8294
16464 3 0 8288 8294 8289
16465 3 0 8289 8294 8290
16466 3 0 8293 8290 8294
16467 3 0 8293 8294 8295
16468 3 0 8291 8293 8295
16469 3 0 8291 8295 8296
16470 3 0 8295 8294 8292
16471 3 0 8295 8292 8297
16472 3 0 8296 8295 8297
16473 3 0 8296 8297 8298
16474 3 0 4885 4877 8279
16475 3 0 4885 8279 8299
16476 3 0 8299 8279 8281
16477 3 0 4886 4885 8299
16478 3 0 4886 8299 8300
16479 3 0 8299 8281 8285
16480 3 0 8299 8285 8301
16481 3 0 8301 8285 8287
16482 3 0 8300 8299 8301
16483 3 0 8300 8301 8302
16484 3 0 4887 4886 8300
16485 3 0 4887 8300 8303
16486 3 0 8303 8300 8302
16487 3 0 8301 8287 8291
16488 3 0 8301 8291 8304
16489 3 0 8302 8301 8304
16490 3 0 8302 8304 8305
16491 3 0 8304 8291 8296
16492 3 0 8304 8296 8306
16493 3 0 8306 8296 8298
16494 3 0 8305 8304 8306
16495 3 0 8305 8306 8307
16496 3 0 8303 8302 8305
16497 3 0 8303 8305 8308
16498 3 0 8308 8305 8307
16499 3 0 8231 8309 8310
16500 3 0 8231 8310 8220
16501 3 0 8220 8310 8288
16502 3 0 8310 8311 8312
16503 3 0 8310 8312 8288
16504 3 0 8288 8312 8292
16505 3 0 8297 8292 8312
16506 3 0 8297 8312 8313
16507 3 0 8298 8297 8313
16508 3 0 8298 8313 8314
16509 3 0 8313 8312 8311
16510 3 0 8313 8311 8315
16511 3 0 8314 8313 8315
16512 3 0 8314 8315 8316
16513 3 0 8309 8317 8318
16514 3 0 8309 8318 8310
16515 3 0 8310 8318 8311
16516 3 0 8315 8311 8318
16517 3 0 8315 8318 8319
16518 3 0 8316 8315 8319
16519 3 0 8316 8319 8320
16520 3 0 8319 8318 8317
16521 3 0 8319 8317 8321
16522 3 0 8320 8319 8321
16523 3 0 8320 8321 8322
16524 3 0 8237 8323 8324
16525 3 0 8237 8324 8231
16526 3 0 8231 8324 8309
16527 3 0 8324 8325 8326
16528 3 0 8324 8326 8309
16529 3 0 8309 8326 8317
16530 3 0 8321 8317 8326
16531 3 0 8321 8326 8327
16532 3 0 8322 8321 8327
16533 3 0 8322 8327 8328
16534 3 0 8327 8326 8325
16535 3 0 8327 8325 8329
16536 3 0 8328 8327 8329
16537 3 0 8328 8329 8330
16538 3 0 8325 8324 8323
16539 3 0 8325 8323 8331
16540 3 0 8332 8330 8329
16541 3 0 8332 8329 8331
16542 3 0 8331 8329 8325
16543 3 0 8306 8298 8314
16544 3 0 8306 8314 8333
16545 3 0 8333 8314 8316
16546 3 0 8307 8306 8333
16547 3 0 8307 8333 8334
16548 3 0 8333 8316 8320
16549 3 0 8333 8320 8335
16550 3 0 8335 8320 8322
16551 3 0 8334 8333 8335
16552 3 0 8334 8335 8336
16553 3 0 8308 8307 8334
16554 3 0 8308 8334 8337
16555 3 0 8337 8334 8336
16556 3 0 8335 8322 8328
16557 3 0 8335 8328 8338
16558 3 0 8338 8328 8330
16559 3 0 8336 8335 8338
16560 3 0 8336 8338 8339
16561 3 0 8338 8330 8332
16562 3 0 8338 8332 8340
16563 3 0 8339 8338 8340
16564 3 0 8339 8340 8341
16565 3 0 8337 8336 8339
16566 3 0 8337 8339 8342
16567 3 0 8342 8339 8341
16568 3 0 4890 4887 8303
16569 3 0 4890 8303 8343
16570 3 0 8343 8303 8308
16571 3 0 4891 4890 8343
16572 3 0 4891 8343 8344
16573 3 0 8343 8308 8337
16574 3 0 8343 8337 8345
16575 3 0 8345 8337 8342
16576 3 0 8344 8343 8345
16577 3 0 8344 8345 8346
16578 3 0 8323 8237 8256
16579 3 0 8323 8256 8347
16580 3 0 8347 8348 8351
16581 3 0 8351 8332 8331
16582 3 0 8331 8323 8347
16583 3 0 8347 8351 8331
16584 3 0 8347 8256 8258
16585 3 0 8347 8258 8349
16586 3 0 8349 8350 8357
16587 3 0 8349 8357 8347
16588 3 0 8347 8357 8348
16589 3 0 8340 8332 8351
16590 3 0 8340 8351 8352
16591 3 0 8341 8340 8352
16592 3 0 8341 8352 8353
16593 3 0 8352 8351 8348
16594 3 0 8352 8348 8354
16595 3 0 8353 8352 8354
16596 3 0 8353 8354 8355
16597 3 0 8342 8341 8353
16598 3 0 8342 8353 8356
16599 3 0 8356 8353 8355
16600 3 0 8354 8348 8357
16601 3 0 8354 8357 8358
16602 3 0 8355 8354 8358
16603 3 0 8355 8358 8359
16604 3 0 8358 8357 8350
16605 3 0 8358 8350 8360
16606 3 0 8359 8358 8360
16607 3 0 8359 8360 8361
16608 3 0 8356 8355 8359
16609 3 0 8356 8359 8362
16610 3 0 8362 8359 8361
16611 3 0 8349 8258 8270
16612 3 0 8349 8270 8363
16613 3 0 8363 8364 8367
16614 3 0 8363 8367 8349
16615 3 0 8349 8367 8350
16616 3 0 8363 8270 8272
16617 3 0 8363 8272 8365
16618 3 0 8365 8366 8373
16619 3 0 8365 8373 8363
16620 3 0 8363 8373 8364
16621 3 0 8360 8350 8367
16622 3 0 8360 8367 8368
16623 3 0 8361 8360 8368
16624 3 0 8361 8368 8369
16625 3 0 8368 8367 8364
16626 3 0 8368 8364 8370
16627 3 0 8369 8368 8370
16628 3 0 8369 8370 8371
16629 3 0 8362 8361 8369
16630 3 0 8362 8369 8372
16631 3 0 8372 8369 8371
16632 3 0 8370 8364 8373
16633 3 0 8370 8373 8374
16634 3 0 8371 8370 8374
16635 3 0 8371 8374 8375
16636 3 0 8374 8373 8366
16637 3 0 8374 8366 8376
16638 3 0 8375 8374 8376
16639 3 0 8375 8376 8377
16640 3 0 8372 8371 8375
16641 3 0 8372 8375 8378
16642 3 0 8378 8375 8377
16643 3 0 8345 8342 8356
16644 3 0 8345 8356 8379
16645 3 0 8379 8356 8362
16646 3 0 8346 8345 8379
16647 3 0 8346 8379 8380
16648 3 0 8379 8362 8372
16649 3 0 8372 8378 8555
16650 3 0 8555 8381 8379
16651 3 0 8379 8372 8555
16652 3 0 8380 8379 8381
16653 3 0 8380 8381 8382
16654 3 0 8179 8243 8099
16655 3 0 8243 8179 8385
16656 3 0 8385 8244 8243
16657 3 0 8181 8383 8385
16658 3 0 8181 8385 8179
16659 3 0 8384 8244 8385
16660 3 0 8384 8385 8386
16661 3 0 8245 8384 8386
16662 3 0 8245 8386 8387
16663 3 0 8386 8385 8383
16664 3 0 8386 8383 8388
16665 3 0 8386 8388 8393
16666 3 0 8386 8393 8387
16667 3 0 8387 8393 8389
16668 3 0 8181 8183 8443
16669 3 0 8443 8390 8391
16670 3 0 8391 8383 8181
16671 3 0 8181 8443 8391
16672 3 0 8391 8392 8394
16673 3 0 8391 8394 8383
16674 3 0 8383 8394 8388
16675 3 0 8393 8388 8394
16676 3 0 8393 8394 8395
16677 3 0 8389 8393 8395
16678 3 0 8389 8395 8396
16679 3 0 8395 8394 8392
16680 3 0 8395 8392 8397
16681 3 0 8395 8397 8402
16682 3 0 8402 8398 8430
16683 3 0 8430 8396 8395
16684 3 0 8395 8402 8430
16685 3 0 8391 8390 8454
16686 3 0 8454 8399 8400
16687 3 0 8400 8392 8391
16688 3 0 8391 8454 8400
16689 3 0 8400 8401 8403
16690 3 0 8400 8403 8392
16691 3 0 8392 8403 8397
16692 3 0 8402 8397 8403
16693 3 0 8402 8403 8404
16694 3 0 8398 8402 8404
16695 3 0 8398 8404 8405
16696 3 0 8404 8403 8401
16697 3 0 8404 8401 8406
16698 3 0 8405 8404 8406
16699 3 0 8405 8406 8407
16700 3 0 8399 8408 8409
16701 3 0 8399 8409 8400
16702 3 0 8400 8409 8401
16703 3 0 8406 8401 8409
16704 3 0 8406 8409 8410
16705 3 0 8407 8406 8410
16706 3 0 8407 8410 8411
16707 3 0 8410 8409 8408
16708 3 0 8410 8408 8412
16709 3 0 8411 8410 8412
16710 3 0 8411 8412 8413
16711 3 0 8387 8414 8415
16712 3 0 8387 8415 8245
16713 3 0 8245 8415 8262
16714 3 0 8267 8262 8415
16715 3 0 8267 8415 8416
16716 3 0 8268 8267 8416
16717 3 0 8268 8416 8417
16718 3 0 8416 8415 8414
16719 3 0 8416 8414 8418
16720 3 0 8417 8416 8418
16721 3 0 8417 8418 8419
16722 3 0 8387 8389 8426
16723 3 0 8387 8426 8414
16724 3 0 8414 8426 8420
16725 3 0 8421 8419 8418
16726 3 0 8421 8418 8420
16727 3 0 8420 8418 8414
16728 3 0 8271 8268 8417
16729 3 0 8271 8417 8422
16730 3 0 8422 8417 8419
16731 3 0 8272 8271 8422
16732 3 0 8272 8422 8423
16733 3 0 8422 8419 8421
16734 3 0 8422 8421 8424
16735 3 0 8423 8422 8424
16736 3 0 8423 8424 8425
16737 3 0 8389 8396 8429
16738 3 0 8389 8429 8426
16739 3 0 8426 8429 8427
16740 3 0 8420 8426 8427
16741 3 0 8420 8427 8428
16742 3 0 8429 8396 8430
16743 3 0 8429 8430 8431
16744 3 0 8427 8429 8431
16745 3 0 8427 8431 8432
16746 3 0 8431 8430 8398
16747 3 0 8431 8398 8433
16748 3 0 8432 8431 8433
16749 3 0 8432 8433 8434
16750 3 0 8428 8427 8432
16751 3 0 8428 8432 8435
16752 3 0 8435 8432 8434
16753 3 0 8421 8420 8428
16754 3 0 8421 8428 8436
16755 3 0 8436 8428 8435
16756 3 0 8437 8434 8433
16757 3 0 8433 8398 8405
16758 3 0 8405 8407 8437
16759 3 0 8437 8433 8405
16760 3 0 8435 8434 8437
16761 3 0 8435 8437 8438
16762 3 0 8437 8407 8411
16763 3 0 8437 8411 8439
16764 3 0 8439 8411 8413
16765 3 0 8438 8437 8439
16766 3 0 8438 8439 8440
16767 3 0 8436 8435 8438
16768 3 0 8436 8438 8441
16769 3 0 8441 8438 8440
16770 3 0 8442 8425 8424
16771 3 0 8424 8421 8436
16772 3 0 8436 8441 8442
16773 3 0 8442 8424 8436
16774 3 0 8443 8183 8444
16775 3 0 8443 8444 8445
16776 3 0 8443 8445 8448
16777 3 0 8448 8446 8455
16778 3 0 8455 8390 8443
16779 3 0 8443 8448 8455
16780 3 0 8196 8447 8449
16781 3 0 8196 8449 8444
16782 3 0 8444 8449 8445
16783 3 0 8448 8445 8449
16784 3 0 8448 8449 8450
16785 3 0 8446 8448 8450
16786 3 0 8446 8450 8451
16787 3 0 8450 8449 8447
16788 3 0 8450 8447 8452
16789 3 0 8451 8450 8452
16790 3 0 8451 8452 8453
16791 3 0 8454 8390 8455
16792 3 0 8454 8455 8456
16793 3 0 8399 8454 8456
16794 3 0 8399 8456 8457
16795 3 0 8456 8455 8446
16796 3 0 8456 8446 8458
16797 3 0 8458 8459 8463
16798 3 0 8458 8463 8456
16799 3 0 8456 8463 8457
16800 3 0 8399 8457 8462
16801 3 0 8399 8462 8408
16802 3 0 8408 8462 8460
16803 3 0 8461 8413 8412
16804 3 0 8461 8412 8460
16805 3 0 8460 8412 8408
16806 3 0 8462 8457 8463
16807 3 0 8462 8463 8464
16808 3 0 8460 8462 8464
16809 3 0 8460 8464 8465
16810 3 0 8464 8463 8459
16811 3 0 8464 8459 8466
16812 3 0 8465 8464 8466
16813 3 0 8465 8466 8467
16814 3 0 8461 8460 8465
16815 3 0 8461 8465 8468
16816 3 0 8468 8465 8467
16817 3 0 8458 8446 8451
16818 3 0 8458 8451 8469
16819 3 0 8458 8469 8472
16820 3 0 8472 8470 8478
16821 3 0 8478 8459 8458
16822 3 0 8458 8472 8478
16823 3 0 8453 8471 8473
16824 3 0 8453 8473 8451
16825 3 0 8451 8473 8469
16826 3 0 8472 8469 8473
16827 3 0 8472 8473 8474
16828 3 0 8470 8472 8474
16829 3 0 8470 8474 8475
16830 3 0 8474 8473 8471
16831 3 0 8474 8471 8476
16832 3 0 8475 8474 8476
16833 3 0 8475 8476 8477
16834 3 0 8466 8459 8478
16835 3 0 8466 8478 8479
16836 3 0 8467 8466 8479
16837 3 0 8467 8479 8480
16838 3 0 8479 8478 8470
16839 3 0 8479 8470 8481
16840 3 0 8480 8479 8481
16841 3 0 8480 8481 8482
16842 3 0 8468 8467 8480
16843 3 0 8468 8480 8483
16844 3 0 8483 8480 8482
16845 3 0 8484 8482 8481
16846 3 0 8481 8470 8475
16847 3 0 8475 8477 8484
16848 3 0 8484 8481 8475
16849 3 0 8483 8482 8484
16850 3 0 8483 8484 8485
16851 3 0 8486 8487 8488
16852 3 0 8486 8488 8196
16853 3 0 8196 8488 8447
16854 3 0 8452 8447 8488
16855 3 0 8452 8488 8489
16856 3 0 8453 8452 8489
16857 3 0 8453 8489 8490
16858 3 0 8489 8488 8487
16859 3 0 8489 8487 8491
16860 3 0 8489 8491 8496
16861 3 0 8496 8492 8511
16862 3 0 8511 8490 8489
16863 3 0 8489 8496 8511
16864 3 0 8486 8198 8957
16865 3 0 8957 8493 8494
16866 3 0 8494 8487 8486
16867 3 0 8486 8957 8494
16868 3 0 8494 8495 8497
16869 3 0 8494 8497 8487
16870 3 0 8487 8497 8491
16871 3 0 8496 8491 8497
16872 3 0 8496 8497 8498
16873 3 0 8492 8496 8498
16874 3 0 8492 8498 8499
16875 3 0 8498 8497 8495
16876 3 0 8498 8495 8500
16877 3 0 8499 8498 8500
16878 3 0 8499 8500 8501
16879 3 0 8494 8493 8963
16880 3 0 8963 8502 8503
16881 3 0 8503 8495 8494
16882 3 0 8494 8963 8503
16883 3 0 8500 8495 8503
16884 3 0 8500 8503 8504
16885 3 0 8501 8500 8504
16886 3 0 8501 8504 8505
16887 3 0 8504 8503 8502
16888 3 0 8504 8502 8506
16889 3 0 8505 8504 8506
16890 3 0 8505 8506 8507
16891 3 0 8453 8490 8510
16892 3 0 8453 8510 8471
16893 3 0 8471 8510 8508
16894 3 0 8509 8477 8476
16895 3 0 8509 8476 8508
16896 3 0 8508 8476 8471
16897 3 0 8510 8490 8511
16898 3 0 8510 8511 8512
16899 3 0 8508 8510 8512
16900 3 0 8508 8512 8513
16901 3 0 8512 8511 8492
16902 3 0 8512 8492 8514
16903 3 0 8513 8512 8514
16904 3 0 8513 8514 8515
16905 3 0 8509 8508 8513
16906 3 0 8509 8513 8516
16907 3 0 8516 8513 8515
16908 3 0 8517 8485 8484
16909 3 0 8484 8477 8509
16910 3 0 8509 8516 8517
16911 3 0 8517 8484 8509
16912 3 0 8518 8515 8514
16913 3 0 8514 8492 8499
16914 3 0 8499 8501 8518
16915 3 0 8518 8514 8499
16916 3 0 8516 8515 8518
16917 3 0 8516 8518 8519
16918 3 0 8518 8501 8505
16919 3 0 8518 8505 8520
16920 3 0 8520 8505 8507
16921 3 0 8519 8518 8520
16922 3 0 8519 8520 8521
16923 3 0 8517 8516 8519
16924 3 0 8517 8519 8522
16925 3 0 8522 8519 8521
16926 3 0 8523 8440 8439
16927 3 0 8439 8413 8461
16928 3 0 8461 8468 8523
16929 3 0 8523 8439 8461
16930 3 0 8441 8440 8523
16931 3 0 8441 8523 8524
16932 3 0 8523 8468 8483
16933 3 0 8523 8483 8525
16934 3 0 8525 8483 8485
16935 3 0 8524 8523 8525
16936 3 0 8524 8525 8526
16937 3 0 8442 8441 8524
16938 3 0 8442 8524 8527
16939 3 0 8527 8524 8526
16940 3 0 8528 8526 8525
16941 3 0 8525 8485 8517
16942 3 0 8517 8522 8528
16943 3 0 8528 8525 8517
16944 3 0 8528 8529 8581
16945 3 0 8528 8581 8526
16946 3 0 8526 8581 8527
16947 3 0 8423 8365 8272
16948 3 0 8365 8423 8531
16949 3 0 8531 8366 8365
16950 3 0 8425 8530 8531
16951 3 0 8425 8531 8423
16952 3 0 8532 8377 8376
16953 3 0 8532 8376 8531
16954 3 0 8531 8376 8366
16955 3 0 8377 8532 8535
16956 3 0 8377 8535 8378
16957 3 0 8378 8535 8533
16958 3 0 8530 8534 8536
16959 3 0 8530 8536 8531
16960 3 0 8531 8536 8532
16961 3 0 8535 8532 8536
16962 3 0 8535 8536 8537
16963 3 0 8533 8535 8537
16964 3 0 8533 8537 8538
16965 3 0 8537 8536 8534
16966 3 0 8537 8534 8539
16967 3 0 8538 8537 8539
16968 3 0 8538 8539 8540
16969 3 0 8442 8541 8542
16970 3 0 8442 8542 8425
16971 3 0 8425 8542 8530
16972 3 0 8542 8543 8544
16973 3 0 8542 8544 8530
16974 3 0 8530 8544 8534
16975 3 0 8539 8534 8544
16976 3 0 8539 8544 8545
16977 3 0 8540 8539 8545
16978 3 0 8540 8545 8546
16979 3 0 8545 8544 8543
16980 3 0 8545 8543 8547
16981 3 0 8546 8545 8547
16982 3 0 8546 8547 8548
16983 3 0 8541 8549 8550
16984 3 0 8541 8550 8542
16985 3 0 8542 8550 8543
16986 3 0 8547 8543 8550
16987 3 0 8547 8550 8551
16988 3 0 8548 8547 8551
16989 3 0 8548 8551 8552
16990 3 0 8551 8550 8549
16991 3 0 8551 8549 8553
16992 3 0 8552 8551 8553
16993 3 0 8552 8553 8554
16994 3 0 8555 8378 8533
16995 3 0 8555 8533 8556
16996 3 0 8381 8555 8556
16997 3 0 8381 8556 8557
16998 3 0 8556 8533 8538
16999 3 0 8556 8538 8558
17000 3 0 8558 8538 8540
17001 3 0 8557 8556 8558
17002 3 0 8557 8558 8559
17003 3 0 8382 8381 8557
17004 3 0 8382 8557 8560
17005 3 0 8560 8557 8559
17006 3 0 8558 8540 8546
17007 3 0 8558 8546 8561
17008 3 0 8561 8546 8548
17009 3 0 8559 8558 8561
17010 3 0 8559 8561 8562
17011 3 0 8561 8548 8552
17012 3 0 8561 8552 8563
17013 3 0 8563 8552 8554
17014 3 0 8562 8561 8563
17015 3 0 8562 8563 8564
17016 3 0 8560 8559 8562
17017 3 0 8560 8562 8565
17018 3 0 8565 8562 8564
17019 3 0 8442 8527 8580
17020 3 0 8580 8566 8567
17021 3 0 8567 8541 8442
17022 3 0 8442 8580 8567
17023 3 0 8567 8568 8569
17024 3 0 8567 8569 8541
17025 3 0 8541 8569 8549
17026 3 0 8553 8549 8569
17027 3 0 8553 8569 8570
17028 3 0 8554 8553 8570
17029 3 0 8554 8570 8571
17030 3 0 8570 8569 8568
17031 3 0 8570 8568 8572
17032 3 0 8571 8570 8572
17033 3 0 8571 8572 8573
17034 3 0 8566 8574 8575
17035 3 0 8566 8575 8567
17036 3 0 8567 8575 8568
17037 3 0 8572 8568 8575
17038 3 0 8572 8575 8576
17039 3 0 8573 8572 8576
17040 3 0 8573 8576 8577
17041 3 0 8576 8575 8574
17042 3 0 8576 8574 8578
17043 3 0 8577 8576 8578
17044 3 0 8577 8578 8579
17045 3 0 8580 8527 8581
17046 3 0 8580 8581 8582
17047 3 0 8580 8582 8585
17048 3 0 8580 8585 8566
17049 3 0 8566 8585 8583
17050 3 0 8529 8584 8586
17051 3 0 8529 8586 8581
17052 3 0 8581 8586 8582
17053 3 0 8585 8582 8586
17054 3 0 8585 8586 8587
17055 3 0 8585 8587 8590
17056 3 0 8585 8590 8583
17057 3 0 8583 8590 8588
17058 3 0 8584 8589 8591
17059 3 0 8584 8591 8586
17060 3 0 8586 8591 8587
17061 3 0 8590 8587 8591
17062 3 0 8590 8591 8592
17063 3 0 8588 8590 8592
17064 3 0 8588 8592 8593
17065 3 0 8592 8591 8589
17066 3 0 8592 8589 8594
17067 3 0 8593 8592 8594
17068 3 0 8593 8594 8595
17069 3 0 8566 8583 8598
17070 3 0 8566 8598 8574
17071 3 0 8574 8598 8596
17072 3 0 8597 8579 8578
17073 3 0 8597 8578 8596
17074 3 0 8596 8578 8574
17075 3 0 8598 8583 8588
17076 3 0 8598 8588 8599
17077 3 0 8596 8598 8599
17078 3 0 8596 8599 8600
17079 3 0 8599 8588 8593
17080 3 0 8599 8593 8601
17081 3 0 8601 8593 8595
17082 3 0 8600 8599 8601
17083 3 0 8600 8601 8602
17084 3 0 8597 8596 8600
17085 3 0 8597 8600 8603
17086 3 0 8603 8600 8602
17087 3 0 8563 8554 8571
17088 3 0 8563 8571 8604
17089 3 0 8604 8571 8573
17090 3 0 8564 8563 8604
17091 3 0 8564 8604 8605
17092 3 0 8604 8573 8577
17093 3 0 8604 8577 8606
17094 3 0 8606 8577 8579
17095 3 0 8605 8604 8606
17096 3 0 8605 8606 8607
17097 3 0 8565 8564 8605
17098 3 0 8565 8605 8608
17099 3 0 8608 8605 8607
17100 3 0 8609 8607 8606
17101 3 0 8606 8579 8597
17102 3 0 8597 8603 8609
17103 3 0 8609 8606 8597
17104 3 0 8608 8607 8609
17105 3 0 8608 8609 8610
17106 3 0 8611 8612 8614
17107 3 0 8611 8614 7450
17108 3 0 7450 8614 8146
17109 3 0 8613 8146 8614
17110 3 0 8613 8614 8615
17111 3 0 8147 8613 8615
17112 3 0 8147 8615 8616
17113 3 0 8615 8614 8612
17114 3 0 8615 8612 8617
17115 3 0 8615 8617 8622
17116 3 0 8615 8622 8616
17117 3 0 8616 8622 8618
17118 3 0 7827 8619 8620
17119 3 0 7827 8620 8611
17120 3 0 8611 8620 8612
17121 3 0 8620 8621 8623
17122 3 0 8620 8623 8612
17123 3 0 8612 8623 8617
17124 3 0 8622 8617 8623
17125 3 0 8622 8623 8624
17126 3 0 8618 8622 8624
17127 3 0 8618 8624 8625
17128 3 0 8624 8623 8621
17129 3 0 8624 8621 8626
17130 3 0 8625 8624 8626
17131 3 0 8625 8626 8627
17132 3 0 8621 8620 8619
17133 3 0 8621 8619 8628
17134 3 0 8629 8627 8626
17135 3 0 8629 8626 8628
17136 3 0 8628 8626 8621
17137 3 0 8630 8147 8616
17138 3 0 8630 8616 8631
17139 3 0 8150 8630 8631
17140 3 0 8150 8631 8632
17141 3 0 8616 8618 8636
17142 3 0 8616 8636 8631
17143 3 0 8631 8636 8633
17144 3 0 8632 8631 8633
17145 3 0 8632 8633 8634
17146 3 0 8151 8150 8632
17147 3 0 8151 8632 8635
17148 3 0 8635 8632 8634
17149 3 0 8636 8618 8625
17150 3 0 8636 8625 8637
17151 3 0 8633 8636 8637
17152 3 0 8633 8637 8638
17153 3 0 8637 8625 8627
17154 3 0 8637 8627 8639
17155 3 0 8638 8637 8639
17156 3 0 8638 8639 8640
17157 3 0 8634 8633 8638
17158 3 0 8634 8638 8641
17159 3 0 8641 8638 8640
17160 3 0 8642 8640 8639
17161 3 0 8642 8639 8629
17162 3 0 8629 8639 8627
17163 3 0 8641 8640 8642
17164 3 0 8641 8642 8643
17165 3 0 8635 8634 8641
17166 3 0 8641 8643 8654
17167 3 0 8654 8644 8635
17168 3 0 8635 8641 8654
17169 3 0 8619 7827 7832
17170 3 0 8619 7832 8645
17171 3 0 8645 8646 8649
17172 3 0 8649 8629 8628
17173 3 0 8628 8619 8645
17174 3 0 8645 8649 8628
17175 3 0 7832 7834 8819
17176 3 0 7832 8819 8645
17177 3 0 8645 8819 8647
17178 3 0 8647 8648 8668
17179 3 0 8647 8668 8645
17180 3 0 8645 8668 8646
17181 3 0 8642 8629 8649
17182 3 0 8642 8649 8650
17183 3 0 8643 8642 8650
17184 3 0 8643 8650 8651
17185 3 0 8650 8649 8646
17186 3 0 8650 8646 8652
17187 3 0 8650 8652 8670
17188 3 0 8670 8653 8658
17189 3 0 8658 8651 8650
17190 3 0 8650 8670 8658
17191 3 0 8643 8651 8657
17192 3 0 8643 8657 8654
17193 3 0 8654 8657 8655
17194 3 0 8654 8655 8663
17195 3 0 8654 8663 8644
17196 3 0 8644 8663 8656
17197 3 0 8657 8651 8658
17198 3 0 8657 8658 8659
17199 3 0 8655 8657 8659
17200 3 0 8655 8659 8660
17201 3 0 8659 8658 8653
17202 3 0 8659 8653 8661
17203 3 0 8660 8659 8661
17204 3 0 8660 8661 8662
17205 3 0 8663 8655 8660
17206 3 0 8663 8660 8664
17207 3 0 8656 8663 8664
17208 3 0 8656 8664 8665
17209 3 0 8664 8660 8662
17210 3 0 8664 8662 8666
17211 3 0 8665 8664 8666
17212 3 0 8665 8666 8667
17213 3 0 8668 8669 8671
17214 3 0 8668 8671 8646
17215 3 0 8646 8671 8652
17216 3 0 8670 8652 8671
17217 3 0 8670 8671 8672
17218 3 0 8653 8670 8672
17219 3 0 8653 8672 8673
17220 3 0 8672 8671 8669
17221 3 0 8672 8669 8674
17222 3 0 8673 8672 8674
17223 3 0 8673 8674 8675
17224 3 0 8648 8676 8677
17225 3 0 8648 8677 8668
17226 3 0 8668 8677 8669
17227 3 0 8674 8669 8677
17228 3 0 8674 8677 8678
17229 3 0 8675 8674 8678
17230 3 0 8675 8678 8679
17231 3 0 8678 8677 8676
17232 3 0 8678 8676 8680
17233 3 0 8679 8678 8680
17234 3 0 8679 8680 8681
17235 3 0 8684 8673 8675
17236 3 0 8673 8684 8661
17237 3 0 8661 8653 8673
17238 3 0 8682 8662 8661
17239 3 0 8682 8661 8684
17240 3 0 8683 8667 8666
17241 3 0 8683 8666 8682
17242 3 0 8682 8666 8662
17243 3 0 8684 8675 8679
17244 3 0 8684 8679 8685
17245 3 0 8682 8684 8685
17246 3 0 8682 8685 8686
17247 3 0 8685 8679 8681
17248 3 0 8685 8681 8687
17249 3 0 8686 8685 8687
17250 3 0 8686 8687 8688
17251 3 0 8683 8682 8686
17252 3 0 8683 8686 8689
17253 3 0 8689 8686 8688
17254 3 0 8635 8690 8692
17255 3 0 8635 8692 8151
17256 3 0 8151 8692 8193
17257 3 0 8691 8193 8692
17258 3 0 8691 8692 8693
17259 3 0 8194 8691 8693
17260 3 0 8194 8693 8694
17261 3 0 8693 8692 8690
17262 3 0 8693 8690 8695
17263 3 0 8695 8696 8703
17264 3 0 8695 8703 8693
17265 3 0 8693 8703 8694
17266 3 0 8635 8644 8749
17267 3 0 8635 8749 8690
17268 3 0 8690 8749 8697
17269 3 0 8697 8698 8723
17270 3 0 8723 8696 8695
17271 3 0 8695 8690 8697
17272 3 0 8697 8723 8695
17273 3 0 8194 8694 8702
17274 3 0 8194 8702 8699
17275 3 0 8699 8702 8700
17276 3 0 8699 8700 8708
17277 3 0 8699 8708 8197
17278 3 0 8197 8708 8701
17279 3 0 8702 8694 8703
17280 3 0 8702 8703 8704
17281 3 0 8700 8702 8704
17282 3 0 8700 8704 8705
17283 3 0 8704 8703 8696
17284 3 0 8704 8696 8706
17285 3 0 8705 8704 8706
17286 3 0 8705 8706 8707
17287 3 0 8708 8700 8705
17288 3 0 8708 8705 8709
17289 3 0 8701 8708 8709
17290 3 0 8701 8709 8710
17291 3 0 8709 8705 8707
17292 3 0 8709 8707 8711
17293 3 0 8710 8709 8711
17294 3 0 8710 8711 8712
17295 3 0 8713 8197 8701
17296 3 0 8713 8701 8714
17297 3 0 8713 8714 8717
17298 3 0 8717 8715 8958
17299 3 0 8958 8198 8713
17300 3 0 8713 8717 8958
17301 3 0 8714 8701 8710
17302 3 0 8710 8712 8716
17303 3 0 8718 8710 8716
17304 3 0 8714 8710 8718
17305 3 0 8717 8714 8718
17306 3 0 8717 8718 8719
17307 3 0 8715 8717 8719
17308 3 0 8715 8719 8720
17309 3 0 8719 8718 8716
17310 3 0 8719 8716 8721
17311 3 0 8720 8719 8721
17312 3 0 8720 8721 8722
17313 3 0 8723 8724 8725
17314 3 0 8725 8707 8706
17315 3 0 8706 8696 8723
17316 3 0 8723 8725 8706
17317 3 0 8711 8707 8725
17318 3 0 8711 8725 8726
17319 3 0 8712 8711 8726
17320 3 0 8712 8726 8727
17321 3 0 8726 8725 8724
17322 3 0 8726 8724 8728
17323 3 0 8727 8726 8728
17324 3 0 8727 8728 8729
17325 3 0 8724 8723 8698
17326 3 0 8724 8698 8730
17327 3 0 8731 8729 8728
17328 3 0 8731 8728 8730
17329 3 0 8730 8728 8724
17330 3 0 8716 8712 8727
17331 3 0 8727 8729 8732
17332 3 0 8733 8727 8732
17333 3 0 8716 8727 8733
17334 3 0 8721 8716 8733
17335 3 0 8721 8733 8734
17336 3 0 8722 8721 8734
17337 3 0 8722 8734 8735
17338 3 0 8734 8733 8732
17339 3 0 8734 8732 8736
17340 3 0 8736 8737 8982
17341 3 0 8736 8982 8734
17342 3 0 8734 8982 8735
17343 3 0 8731 8738 8739
17344 3 0 8731 8739 8729
17345 3 0 8729 8739 8732
17346 3 0 8736 8732 8739
17347 3 0 8736 8739 8740
17348 3 0 8736 8740 8743
17349 3 0 8743 8741 8989
17350 3 0 8989 8737 8736
17351 3 0 8736 8743 8989
17352 3 0 8738 8742 8744
17353 3 0 8738 8744 8739
17354 3 0 8739 8744 8740
17355 3 0 8743 8740 8744
17356 3 0 8743 8744 8745
17357 3 0 8741 8743 8745
17358 3 0 8741 8745 8746
17359 3 0 8745 8744 8742
17360 3 0 8745 8742 8747
17361 3 0 8746 8745 8747
17362 3 0 8746 8747 8748
17363 3 0 8749 8644 8656
17364 3 0 8749 8656 8750
17365 3 0 8697 8749 8750
17366 3 0 8697 8750 8751
17367 3 0 8750 8656 8665
17368 3 0 8750 8665 8752
17369 3 0 8752 8665 8667
17370 3 0 8751 8750 8752
17371 3 0 8751 8752 8753
17372 3 0 8764 8759 8754
17373 3 0 8759 8764 8751
17374 3 0 8751 8753 8759
17375 3 0 8698 8697 8751
17376 3 0 8698 8751 8764
17377 3 0 8752 8667 8683
17378 3 0 8752 8683 8755
17379 3 0 8753 8752 8755
17380 3 0 8753 8755 8756
17381 3 0 8755 8683 8689
17382 3 0 8755 8689 8757
17383 3 0 8756 8755 8757
17384 3 0 8756 8757 8758
17385 3 0 8759 8753 8756
17386 3 0 8759 8756 8760
17387 3 0 8760 8761 8786
17388 3 0 8760 8786 8759
17389 3 0 8759 8786 8754
17390 3 0 8760 8756 8758
17391 3 0 8760 8758 8762
17392 3 0 8762 8763 8796
17393 3 0 8762 8796 8760
17394 3 0 8760 8796 8761
17395 3 0 8730 8698 8764
17396 3 0 8730 8764 8765
17397 3 0 8731 8730 8765
17398 3 0 8731 8765 8766
17399 3 0 8764 8754 8785
17400 3 0 8764 8785 8765
17401 3 0 8765 8785 8767
17402 3 0 8765 8767 8791
17403 3 0 8765 8791 8766
17404 3 0 8766 8791 8768
17405 3 0 8766 8769 8770
17406 3 0 8766 8770 8731
17407 3 0 8731 8770 8738
17408 3 0 8770 8771 8772
17409 3 0 8770 8772 8738
17410 3 0 8738 8772 8742
17411 3 0 8747 8742 8772
17412 3 0 8747 8772 8773
17413 3 0 8748 8747 8773
17414 3 0 8748 8773 8774
17415 3 0 8773 8772 8771
17416 3 0 8773 8771 8775
17417 3 0 8774 8773 8775
17418 3 0 8774 8775 8776
17419 3 0 8771 8770 8769
17420 3 0 8771 8769 8777
17421 3 0 8778 8776 8775
17422 3 0 8778 8775 8777
17423 3 0 8777 8775 8771
17424 3 0 8766 8768 8805
17425 3 0 8805 8779 8780
17426 3 0 8780 8769 8766
17427 3 0 8766 8805 8780
17428 3 0 8777 8769 8780
17429 3 0 8777 8780 8781
17430 3 0 8778 8777 8781
17431 3 0 8778 8781 8782
17432 3 0 8781 8780 8779
17433 3 0 8781 8779 8783
17434 3 0 8782 8781 8783
17435 3 0 8782 8783 8784
17436 3 0 8785 8754 8786
17437 3 0 8785 8786 8787
17438 3 0 8767 8785 8787
17439 3 0 8767 8787 8788
17440 3 0 8787 8786 8761
17441 3 0 8787 8761 8789
17442 3 0 8788 8787 8789
17443 3 0 8788 8789 8790
17444 3 0 8791 8767 8788
17445 3 0 8791 8788 8792
17446 3 0 8768 8791 8792
17447 3 0 8768 8792 8793
17448 3 0 8792 8788 8790
17449 3 0 8792 8790 8794
17450 3 0 8793 8792 8794
17451 3 0 8793 8794 8795
17452 3 0 8789 8761 8796
17453 3 0 8789 8796 8797
17454 3 0 8790 8789 8797
17455 3 0 8790 8797 8798
17456 3 0 8797 8796 8763
17457 3 0 8797 8763 8799
17458 3 0 8798 8797 8799
17459 3 0 8798 8799 8800
17460 3 0 8794 8790 8798
17461 3 0 8794 8798 8801
17462 3 0 8795 8794 8801
17463 3 0 8795 8801 8802
17464 3 0 8801 8798 8800
17465 3 0 8801 8800 8803
17466 3 0 8802 8801 8803
17467 3 0 8802 8803 8804
17468 3 0 8805 8768 8793
17469 3 0 8805 8793 8806
17470 3 0 8779 8805 8806
17471 3 0 8779 8806 8807
17472 3 0 8806 8793 8795
17473 3 0 8806 8795 8808
17474 3 0 8807 8806 8808
17475 3 0 8807 8808 8809
17476 3 0 8783 8779 8807
17477 3 0 8783 8807 8810
17478 3 0 8784 8783 8810
17479 3 0 8784 8810 8811
17480 3 0 8810 8807 8809
17481 3 0 8810 8809 8812
17482 3 0 8811 8810 8812
17483 3 0 8811 8812 8813
17484 3 0 8808 8795 8802
17485 3 0 8808 8802 8814
17486 3 0 8809 8808 8814
17487 3 0 8809 8814 8815
17488 3 0 8814 8802 8804
17489 3 0 8814 8804 8816
17490 3 0 8815 8814 8816
17491 3 0 8815 8816 8817
17492 3 0 8818 8813 8812
17493 3 0 8812 8809 8815
17494 3 0 8815 8817 8818
17495 3 0 8818 8812 8815
17496 3 0 7834 7928 8822
17497 3 0 7834 8822 8819
17498 3 0 8819 8822 8820
17499 3 0 8647 8819 8820
17500 3 0 8647 8820 8821
17501 3 0 8822 7928 7933
17502 3 0 8822 7933 8823
17503 3 0 8820 8822 8823
17504 3 0 8820 8823 8824
17505 3 0 8823 7933 7935
17506 3 0 8823 7935 8825
17507 3 0 8824 8823 8825
17508 3 0 8824 8825 8826
17509 3 0 8821 8820 8824
17510 3 0 8821 8824 8827
17511 3 0 8827 8824 8826
17512 3 0 8648 8647 8821
17513 3 0 8821 8827 8828
17514 3 0 8834 8821 8828
17515 3 0 8648 8821 8834
17516 3 0 8829 8826 8825
17517 3 0 8825 7935 7941
17518 3 0 7941 7943 8829
17519 3 0 8829 8825 7941
17520 3 0 8827 8826 8829
17521 3 0 8827 8829 8830
17522 3 0 8829 7943 7945
17523 3 0 8829 7945 8831
17524 3 0 8830 8829 8831
17525 3 0 8830 8831 8832
17526 3 0 8828 8827 8830
17527 3 0 8828 8830 8833
17528 3 0 8833 8830 8832
17529 3 0 8676 8648 8834
17530 3 0 8676 8834 8835
17531 3 0 8836 8681 8680
17532 3 0 8836 8680 8835
17533 3 0 8835 8680 8676
17534 3 0 8835 8834 8828
17535 3 0 8835 8828 8837
17536 3 0 8836 8835 8837
17537 3 0 8836 8837 8838
17538 3 0 8839 8688 8687
17539 3 0 8839 8687 8836
17540 3 0 8836 8687 8681
17541 3 0 8689 8688 8839
17542 3 0 8689 8839 8840
17543 3 0 8839 8836 8838
17544 3 0 8839 8838 8841
17545 3 0 8840 8839 8841
17546 3 0 8840 8841 8842
17547 3 0 8843 8838 8837
17548 3 0 8843 8837 8833
17549 3 0 8833 8837 8828
17550 3 0 8841 8861 8842
17551 3 0 8861 8841 8850
17552 3 0 8850 8844 8861
17553 3 0 8838 8843 8850
17554 3 0 8838 8850 8841
17555 3 0 8845 8832 8831
17556 3 0 8845 8831 7954
17557 3 0 7954 8831 7945
17558 3 0 8833 8832 8845
17559 3 0 8833 8845 8846
17560 3 0 8845 7954 7956
17561 3 0 8845 7956 8847
17562 3 0 8846 8845 8847
17563 3 0 8846 8847 8848
17564 3 0 8846 8849 8851
17565 3 0 8846 8851 8833
17566 3 0 8833 8851 8843
17567 3 0 8850 8843 8851
17568 3 0 8850 8851 8852
17569 3 0 8852 8853 8883
17570 3 0 8852 8883 8850
17571 3 0 8850 8883 8844
17572 3 0 8852 8851 8849
17573 3 0 8852 8849 8854
17574 3 0 8854 8855 8893
17575 3 0 8854 8893 8852
17576 3 0 8852 8893 8853
17577 3 0 8849 8846 8848
17578 3 0 8849 8848 8856
17579 3 0 8856 8857 8911
17580 3 0 8911 8855 8854
17581 3 0 8854 8849 8856
17582 3 0 8856 8911 8854
17583 3 0 8860 8840 8842
17584 3 0 8840 8860 8757
17585 3 0 8757 8689 8840
17586 3 0 8858 8758 8757
17587 3 0 8858 8757 8860
17588 3 0 8858 8859 8867
17589 3 0 8867 8763 8762
17590 3 0 8762 8758 8858
17591 3 0 8858 8867 8762
17592 3 0 8860 8842 8861
17593 3 0 8860 8861 8862
17594 3 0 8858 8860 8862
17595 3 0 8858 8862 8863
17596 3 0 8861 8844 8882
17597 3 0 8861 8882 8862
17598 3 0 8862 8882 8864
17599 3 0 8862 8864 8888
17600 3 0 8862 8888 8863
17601 3 0 8863 8888 8865
17602 3 0 8859 8858 8863
17603 3 0 8863 8865 8902
17604 3 0 8902 8866 8859
17605 3 0 8859 8863 8902
17606 3 0 8868 8800 8799
17607 3 0 8868 8799 8867
17608 3 0 8867 8799 8763
17609 3 0 8869 8804 8803
17610 3 0 8869 8803 8868
17611 3 0 8868 8803 8800
17612 3 0 8868 8867 8859
17613 3 0 8868 8859 8870
17614 3 0 8869 8868 8870
17615 3 0 8869 8870 8871
17616 3 0 8872 8817 8816
17617 3 0 8872 8816 8869
17618 3 0 8869 8816 8804
17619 3 0 8818 8817 8872
17620 3 0 8818 8872 8873
17621 3 0 8872 8869 8871
17622 3 0 8872 8871 8874
17623 3 0 8873 8872 8874
17624 3 0 8873 8874 8875
17625 3 0 8866 8876 8877
17626 3 0 8877 8871 8870
17627 3 0 8870 8859 8866
17628 3 0 8866 8877 8870
17629 3 0 8874 8871 8877
17630 3 0 8874 8877 8878
17631 3 0 8875 8874 8878
17632 3 0 8875 8878 8879
17633 3 0 8878 8877 8876
17634 3 0 8878 8876 8880
17635 3 0 8879 8878 8880
17636 3 0 8879 8880 8881
17637 3 0 8882 8844 8883
17638 3 0 8882 8883 8884
17639 3 0 8864 8882 8884
17640 3 0 8864 8884 8885
17641 3 0 8884 8883 8853
17642 3 0 8884 8853 8886
17643 3 0 8885 8884 8886
17644 3 0 8885 8886 8887
17645 3 0 8888 8864 8885
17646 3 0 8888 8885 8889
17647 3 0 8865 8888 8889
17648 3 0 8865 8889 8890
17649 3 0 8889 8885 8887
17650 3 0 8889 8887 8891
17651 3 0 8890 8889 8891
17652 3 0 8890 8891 8892
17653 3 0 8886 8853 8893
17654 3 0 8886 8893 8894
17655 3 0 8887 8886 8894
17656 3 0 8887 8894 8895
17657 3 0 8894 8893 8855
17658 3 0 8894 8855 8896
17659 3 0 8895 8894 8896
17660 3 0 8895 8896 8897
17661 3 0 8891 8887 8895
17662 3 0 8891 8895 8898
17663 3 0 8892 8891 8898
17664 3 0 8892 8898 8899
17665 3 0 8898 8895 8897
17666 3 0 8898 8897 8900
17667 3 0 8899 8898 8900
17668 3 0 8899 8900 8901
17669 3 0 8902 8865 8890
17670 3 0 8890 8892 8905
17671 3 0 8905 8903 8902
17672 3 0 8902 8890 8905
17673 3 0 8866 8902 8903
17674 3 0 8866 8903 8904
17675 3 0 8905 8892 8899
17676 3 0 8905 8899 8906
17677 3 0 8903 8905 8906
17678 3 0 8903 8906 8907
17679 3 0 8906 8899 8901
17680 3 0 8906 8901 8908
17681 3 0 8907 8906 8908
17682 3 0 8907 8908 8909
17683 3 0 8904 8903 8907
17684 3 0 8904 8907 8910
17685 3 0 8910 8907 8909
17686 3 0 8912 8897 8896
17687 3 0 8912 8896 8911
17688 3 0 8911 8896 8855
17689 3 0 8913 8901 8900
17690 3 0 8913 8900 8912
17691 3 0 8912 8900 8897
17692 3 0 8912 8911 8857
17693 3 0 8912 8857 8914
17694 3 0 8913 8912 8914
17695 3 0 8913 8914 8915
17696 3 0 8916 8909 8908
17697 3 0 8916 8908 8913
17698 3 0 8913 8908 8901
17699 3 0 8910 8909 8916
17700 3 0 8910 8916 8917
17701 3 0 8916 8913 8915
17702 3 0 8916 8915 8918
17703 3 0 8917 8916 8918
17704 3 0 8917 8918 8919
17705 3 0 8921 8926 8920
17706 3 0 8926 8921 8904
17707 3 0 8904 8910 8926
17708 3 0 8876 8866 8904
17709 3 0 8876 8904 8921
17710 3 0 8880 8876 8921
17711 3 0 8880 8921 8922
17712 3 0 8881 8880 8922
17713 3 0 8881 8922 8923
17714 3 0 8921 8920 8931
17715 3 0 8921 8931 8922
17716 3 0 8922 8931 8924
17717 3 0 8923 8922 8924
17718 3 0 8923 8924 8925
17719 3 0 8926 8910 8917
17720 3 0 8926 8917 8927
17721 3 0 8927 8928 8932
17722 3 0 8927 8932 8926
17723 3 0 8926 8932 8920
17724 3 0 8927 8917 8919
17725 3 0 8927 8919 8929
17726 3 0 8929 8930 8938
17727 3 0 8929 8938 8927
17728 3 0 8927 8938 8928
17729 3 0 8931 8920 8932
17730 3 0 8931 8932 8933
17731 3 0 8924 8931 8933
17732 3 0 8924 8933 8934
17733 3 0 8933 8932 8928
17734 3 0 8933 8928 8935
17735 3 0 8933 8935 8940
17736 3 0 8933 8940 8934
17737 3 0 8934 8940 8936
17738 3 0 8925 8924 8934
17739 3 0 8934 8936 8952
17740 3 0 8952 8937 8925
17741 3 0 8925 8934 8952
17742 3 0 8938 8939 8941
17743 3 0 8938 8941 8928
17744 3 0 8928 8941 8935
17745 3 0 8940 8935 8941
17746 3 0 8940 8941 8942
17747 3 0 8936 8940 8942
17748 3 0 8936 8942 8943
17749 3 0 8942 8941 8939
17750 3 0 8942 8939 8944
17751 3 0 8943 8942 8944
17752 3 0 8943 8944 8945
17753 3 0 8930 8946 8947
17754 3 0 8930 8947 8938
17755 3 0 8938 8947 8939
17756 3 0 8944 8939 8947
17757 3 0 8944 8947 8948
17758 3 0 8945 8944 8948
17759 3 0 8945 8948 8949
17760 3 0 8948 8947 8946
17761 3 0 8948 8946 8950
17762 3 0 8949 8948 8950
17763 3 0 8949 8950 8951
17764 3 0 8952 8936 8943
17765 3 0 8952 8943 8953
17766 3 0 8953 8943 8945
17767 3 0 8937 8952 8953
17768 3 0 8937 8953 8954
17769 3 0 8953 8945 8949
17770 3 0 8953 8949 8955
17771 3 0 8955 8949 8951
17772 3 0 8954 8953 8955
17773 3 0 8954 8955 8956
17774 3 0 8957 8198 8958
17775 3 0 8957 8958 8959
17776 3 0 8959 8960 8964
17777 3 0 8959 8964 8957
17778 3 0 8957 8964 8493
17779 3 0 8959 8958 8715
17780 3 0 8959 8715 8961
17781 3 0 8960 8959 8961
17782 3 0 8960 8961 8962
17783 3 0 8963 8493 8964
17784 3 0 8963 8964 8965
17785 3 0 8502 8963 8965
17786 3 0 8502 8965 8966
17787 3 0 8965 8964 8960
17788 3 0 8965 8960 8967
17789 3 0 8966 8965 8967
17790 3 0 8966 8967 8968
17791 3 0 8969 8507 8506
17792 3 0 8506 8502 8966
17793 3 0 8966 8968 8969
17794 3 0 8969 8506 8966
17795 3 0 8970 8968 8967
17796 3 0 8970 8967 8962
17797 3 0 8962 8967 8960
17798 3 0 8969 8968 8970
17799 3 0 8969 8970 8971
17800 3 0 8978 8720 8722
17801 3 0 8720 8978 8961
17802 3 0 8961 8715 8720
17803 3 0 8972 8962 8961
17804 3 0 8972 8961 8978
17805 3 0 8973 8971 8970
17806 3 0 8973 8970 8972
17807 3 0 8972 8970 8962
17808 3 0 8974 8521 8520
17809 3 0 8520 8507 8969
17810 3 0 8969 8971 8974
17811 3 0 8974 8520 8969
17812 3 0 8522 8521 8974
17813 3 0 8522 8974 8975
17814 3 0 8974 8971 8973
17815 3 0 8974 8973 8976
17816 3 0 8975 8974 8976
17817 3 0 8975 8976 8977
17818 3 0 8722 8735 8981
17819 3 0 8722 8981 8978
17820 3 0 8978 8981 8979
17821 3 0 8972 8978 8979
17822 3 0 8972 8979 8980
17823 3 0 8981 8735 8982
17824 3 0 8981 8982 8983
17825 3 0 8979 8981 8983
17826 3 0 8979 8983 8984
17827 3 0 8983 8982 8737
17828 3 0 8983 8737 8985
17829 3 0 8984 8983 8985
17830 3 0 8984 8985 8986
17831 3 0 8980 8979 8984
17832 3 0 8980 8984 8987
17833 3 0 8987 8984 8986
17834 3 0 8973 8972 8980
17835 3 0 8973 8980 8988
17836 3 0 8988 8980 8987
17837 3 0 8985 8737 8989
17838 3 0 8985 8989 8990
17839 3 0 8986 8985 8990
17840 3 0 8986 8990 8991
17841 3 0 8990 8989 8741
17842 3 0 8990 8741 8992
17843 3 0 8991 8990 8992
17844 3 0 8991 8992 8993
17845 3 0 8987 8986 8991
17846 3 0 8987 8991 8994
17847 3 0 8994 8991 8993
17848 3 0 8995 8993 8992
17849 3 0 8992 8741 8746
17850 3 0 8746 8748 8995
17851 3 0 8995 8992 8746
17852 3 0 8994 8993 8995
17853 3 0 8994 8995 8996
17854 3 0 8988 8987 8994
17855 3 0 8988 8994 8997
17856 3 0 8997 8994 8996
17857 3 0 8998 8977 8976
17858 3 0 8976 8973 8988
17859 3 0 8988 8997 8998
17860 3 0 8998 8976 8988
17861 3 0 8528 8522 8975
17862 3 0 8528 8975 8999
17863 3 0 8999 8975 8977
17864 3 0 8528 8999 9002
17865 3 0 9002 9000 9038
17866 3 0 9038 8529 8528
17867 3 0 8528 9002 9038
17868 3 0 8998 9001 9003
17869 3 0 8998 9003 8977
17870 3 0 8977 9003 8999
17871 3 0 9002 8999 9003
17872 3 0 9002 9003 9004
17873 3 0 9004 9005 9074
17874 3 0 9004 9074 9002
17875 3 0 9002 9074 9000
17876 3 0 9004 9003 9001
17877 3 0 9004 9001 9006
17878 3 0 9006 9007 9088
17879 3 0 9006 9088 9004
17880 3 0 9004 9088 9005
17881 3 0 8995 8748 8774
17882 3 0 8995 8774 9008
17883 3 0 9008 8774 8776
17884 3 0 8996 8995 9008
17885 3 0 8996 9008 9009
17886 3 0 9008 8776 8778
17887 3 0 9008 8778 9010
17888 3 0 9009 9008 9010
17889 3 0 9009 9010 9011
17890 3 0 8997 8996 9009
17891 3 0 8997 9009 9012
17892 3 0 9012 9009 9011
17893 3 0 9013 9011 9010
17894 3 0 9010 8778 8782
17895 3 0 8782 8784 9013
17896 3 0 9013 9010 8782
17897 3 0 9012 9011 9013
17898 3 0 9012 9013 9014
17899 3 0 8998 8997 9012
17900 3 0 8998 9012 9015
17901 3 0 9015 9012 9014
17902 3 0 9013 8784 8811
17903 3 0 9013 8811 9016
17904 3 0 9016 8811 8813
17905 3 0 9014 9013 9016
17906 3 0 9014 9016 9017
17907 3 0 9016 8813 8818
17908 3 0 9016 8818 9018
17909 3 0 9017 9016 9018
17910 3 0 9017 9018 9019
17911 3 0 9015 9014 9017
17912 3 0 9015 9017 9020
17913 3 0 9020 9017 9019
17914 3 0 9015 9021 9022
17915 3 0 9015 9022 8998
17916 3 0 8998 9022 9001
17917 3 0 9006 9001 9022
17918 3 0 9006 9022 9023
17919 3 0 9023 9024 9119
17920 3 0 9023 9119 9006
17921 3 0 9006 9119 9007
17922 3 0 9023 9022 9021
17923 3 0 9023 9021 9025
17924 3 0 9025 9026 9128
17925 3 0 9025 9128 9023
17926 3 0 9023 9128 9024
17927 3 0 9015 9020 9184
17928 3 0 9184 9027 9028
17929 3 0 9028 9021 9015
17930 3 0 9015 9184 9028
17931 3 0 9025 9021 9028
17932 3 0 9025 9028 9029
17933 3 0 9025 9029 9032
17934 3 0 9032 9030 9150
17935 3 0 9150 9026 9025
17936 3 0 9025 9032 9150
17937 3 0 9027 9031 9033
17938 3 0 9027 9033 9028
17939 3 0 9028 9033 9029
17940 3 0 9032 9029 9033
17941 3 0 9032 9033 9034
17942 3 0 9034 9035 9160
17943 3 0 9034 9160 9032
17944 3 0 9032 9160 9030
17945 3 0 9034 9033 9031
17946 3 0 9034 9031 9036
17947 3 0 9035 9034 9036
17948 3 0 9035 9036 9037
17949 3 0 9038 9039 9040
17950 3 0 9038 9040 8529
17951 3 0 8529 9040 8584
17952 3 0 9040 9041 9042
17953 3 0 9040 9042 8584
17954 3 0 8584 9042 8589
17955 3 0 8594 8589 9042
17956 3 0 8594 9042 9043
17957 3 0 8595 8594 9043
17958 3 0 8595 9043 9044
17959 3 0 9043 9042 9041
17960 3 0 9043 9041 9045
17961 3 0 9044 9043 9045
17962 3 0 9044 9045 9046
17963 3 0 9039 9047 9048
17964 3 0 9039 9048 9040
17965 3 0 9040 9048 9041
17966 3 0 9045 9041 9048
17967 3 0 9045 9048 9049
17968 3 0 9046 9045 9049
17969 3 0 9046 9049 9050
17970 3 0 9049 9048 9047
17971 3 0 9049 9047 9051
17972 3 0 9050 9049 9051
17973 3 0 9050 9051 9052
17974 3 0 9038 9000 9073
17975 3 0 9073 9053 9054
17976 3 0 9054 9039 9038
17977 3 0 9038 9073 9054
17978 3 0 9054 9055 9056
17979 3 0 9054 9056 9039
17980 3 0 9039 9056 9047
17981 3 0 9051 9047 9056
17982 3 0 9051 9056 9057
17983 3 0 9052 9051 9057
17984 3 0 9052 9057 9058
17985 3 0 9057 9056 9055
17986 3 0 9057 9055 9059
17987 3 0 9058 9057 9059
17988 3 0 9058 9059 9060
17989 3 0 9055 9054 9053
17990 3 0 9055 9053 9061
17991 3 0 9062 9060 9059
17992 3 0 9062 9059 9061
17993 3 0 9061 9059 9055
17994 3 0 8601 8595 9044
17995 3 0 8601 9044 9063
17996 3 0 9063 9044 9046
17997 3 0 8602 8601 9063
17998 3 0 8602 9063 9064
17999 3 0 9063 9046 9050
18000 3 0 9063 9050 9065
18001 3 0 9065 9050 9052
18002 3 0 9064 9063 9065
18003 3 0 9064 9065 9066
18004 3 0 8603 8602 9064
18005 3 0 8603 9064 9067
18006 3 0 9067 9064 9066
18007 3 0 9065 9052 9058
18008 3 0 9065 9058 9068
18009 3 0 9068 9058 9060
18010 3 0 9066 9065 9068
18011 3 0 9066 9068 9069
18012 3 0 9068 9060 9062
18013 3 0 9068 9062 9070
18014 3 0 9069 9068 9070
18015 3 0 9069 9070 9071
18016 3 0 9067 9066 9069
18017 3 0 9067 9069 9072
18018 3 0 9072 9069 9071
18019 3 0 9073 9000 9074
18020 3 0 9073 9074 9075
18021 3 0 9053 9073 9075
18022 3 0 9053 9075 9076
18023 3 0 9075 9074 9005
18024 3 0 9075 9005 9077
18025 3 0 9077 9078 9082
18026 3 0 9077 9082 9075
18027 3 0 9075 9082 9076
18028 3 0 9053 9076 9081
18029 3 0 9053 9081 9061
18030 3 0 9061 9081 9079
18031 3 0 9062 9061 9079
18032 3 0 9062 9079 9080
18033 3 0 9081 9076 9082
18034 3 0 9081 9082 9083
18035 3 0 9079 9081 9083
18036 3 0 9079 9083 9084
18037 3 0 9083 9082 9078
18038 3 0 9083 9078 9085
18039 3 0 9084 9083 9085
18040 3 0 9084 9085 9086
18041 3 0 9080 9079 9084
18042 3 0 9080 9084 9087
18043 3 0 9087 9084 9086
18044 3 0 9077 9005 9088
18045 3 0 9077 9088 9089
18046 3 0 9089 9090 9093
18047 3 0 9089 9093 9077
18048 3 0 9077 9093 9078
18049 3 0 9089 9088 9007
18050 3 0 9089 9007 9091
18051 3 0 9091 9092 9099
18052 3 0 9091 9099 9089
18053 3 0 9089 9099 9090
18054 3 0 9085 9078 9093
18055 3 0 9085 9093 9094
18056 3 0 9086 9085 9094
18057 3 0 9086 9094 9095
18058 3 0 9094 9093 9090
18059 3 0 9094 9090 9096
18060 3 0 9095 9094 9096
18061 3 0 9095 9096 9097
18062 3 0 9087 9086 9095
18063 3 0 9087 9095 9098
18064 3 0 9098 9095 9097
18065 3 0 9096 9090 9099
18066 3 0 9096 9099 9100
18067 3 0 9097 9096 9100
18068 3 0 9097 9100 9101
18069 3 0 9100 9099 9092
18070 3 0 9100 9092 9102
18071 3 0 9101 9100 9102
18072 3 0 9101 9102 9103
18073 3 0 9098 9097 9101
18074 3 0 9098 9101 9104
18075 3 0 9104 9101 9103
18076 3 0 9070 9062 9080
18077 3 0 9070 9080 9105
18078 3 0 9071 9070 9105
18079 3 0 9071 9105 9106
18080 3 0 9105 9080 9087
18081 3 0 9105 9087 9107
18082 3 0 9106 9105 9107
18083 3 0 9106 9107 9108
18084 3 0 9072 9071 9106
18085 3 0 9072 9106 9109
18086 3 0 9109 9106 9108
18087 3 0 9107 9087 9098
18088 3 0 9107 9098 9110
18089 3 0 9108 9107 9110
18090 3 0 9108 9110 9111
18091 3 0 9110 9098 9104
18092 3 0 9110 9104 9112
18093 3 0 9111 9110 9112
18094 3 0 9111 9112 9113
18095 3 0 9109 9108 9111
18096 3 0 9109 9111 9114
18097 3 0 9114 9111 9113
18098 3 0 8609 8603 9067
18099 3 0 8609 9067 9115
18100 3 0 9115 9067 9072
18101 3 0 8610 8609 9115
18102 3 0 8610 9115 9116
18103 3 0 9115 9072 9109
18104 3 0 9115 9109 9117
18105 3 0 9117 9109 9114
18106 3 0 9116 9115 9117
18107 3 0 9116 9117 9118
18108 3 0 9091 9007 9119
18109 3 0 9091 9119 9120
18110 3 0 9092 9091 9120
18111 3 0 9092 9120 9121
18112 3 0 9120 9119 9024
18113 3 0 9120 9024 9122
18114 3 0 9120 9122 9130
18115 3 0 9120 9130 9121
18116 3 0 9121 9130 9123
18117 3 0 9124 9103 9102
18118 3 0 9124 9102 9121
18119 3 0 9121 9102 9092
18120 3 0 9104 9103 9124
18121 3 0 9104 9124 9125
18122 3 0 9124 9121 9123
18123 3 0 9124 9123 9126
18124 3 0 9125 9124 9126
18125 3 0 9125 9126 9127
18126 3 0 9128 9129 9131
18127 3 0 9128 9131 9024
18128 3 0 9024 9131 9122
18129 3 0 9130 9122 9131
18130 3 0 9130 9131 9132
18131 3 0 9123 9130 9132
18132 3 0 9123 9132 9133
18133 3 0 9132 9131 9129
18134 3 0 9132 9129 9134
18135 3 0 9133 9132 9134
18136 3 0 9133 9134 9135
18137 3 0 9026 9136 9137
18138 3 0 9026 9137 9128
18139 3 0 9128 9137 9129
18140 3 0 9134 9129 9137
18141 3 0 9134 9137 9138
18142 3 0 9135 9134 9138
18143 3 0 9135 9138 9139
18144 3 0 9138 9137 9136
18145 3 0 9138 9136 9140
18146 3 0 9139 9138 9140
18147 3 0 9139 9140 9141
18148 3 0 9126 9123 9133
18149 3 0 9126 9133 9142
18150 3 0 9142 9133 9135
18151 3 0 9127 9126 9142
18152 3 0 9127 9142 9143
18153 3 0 9142 9135 9139
18154 3 0 9142 9139 9144
18155 3 0 9144 9139 9141
18156 3 0 9143 9142 9144
18157 3 0 9143 9144 9145
18158 3 0 9146 9113 9112
18159 3 0 9112 9104 9125
18160 3 0 9125 9127 9146
18161 3 0 9146 9112 9125
18162 3 0 9114 9113 9146
18163 3 0 9114 9146 9147
18164 3 0 9146 9127 9143
18165 3 0 9146 9143 9148
18166 3 0 9148 9143 9145
18167 3 0 9147 9146 9148
18168 3 0 9147 9148 9149
18169 3 0 9136 9026 9150
18170 3 0 9136 9150 9151
18171 3 0 9152 9141 9140
18172 3 0 9152 9140 9151
18173 3 0 9151 9140 9136
18174 3 0 9150 9030 9159
18175 3 0 9150 9159 9151
18176 3 0 9151 9159 9153
18177 3 0 9152 9151 9153
18178 3 0 9152 9153 9154
18179 3 0 9144 9141 9152
18180 3 0 9144 9152 9155
18181 3 0 9145 9144 9155
18182 3 0 9145 9155 9156
18183 3 0 9155 9152 9154
18184 3 0 9155 9154 9157
18185 3 0 9156 9155 9157
18186 3 0 9156 9157 9158
18187 3 0 9159 9030 9160
18188 3 0 9159 9160 9161
18189 3 0 9153 9159 9161
18190 3 0 9153 9161 9162
18191 3 0 9161 9160 9035
18192 3 0 9161 9035 9163
18193 3 0 9162 9161 9163
18194 3 0 9162 9163 9164
18195 3 0 9154 9153 9162
18196 3 0 9154 9162 9165
18197 3 0 9165 9162 9164
18198 3 0 9166 9164 9163
18199 3 0 9166 9163 9037
18200 3 0 9037 9163 9035
18201 3 0 9165 9164 9166
18202 3 0 9165 9166 9167
18203 3 0 9157 9154 9165
18204 3 0 9157 9165 9168
18205 3 0 9158 9157 9168
18206 3 0 9158 9168 9169
18207 3 0 9168 9165 9167
18208 3 0 9168 9167 9170
18209 3 0 9169 9168 9170
18210 3 0 9169 9170 9171
18211 3 0 9148 9145 9156
18212 3 0 9148 9156 9172
18213 3 0 9172 9156 9158
18214 3 0 9149 9148 9172
18215 3 0 9149 9172 9173
18216 3 0 9172 9158 9169
18217 3 0 9172 9169 9174
18218 3 0 9174 9169 9171
18219 3 0 9173 9172 9174
18220 3 0 9173 9174 9175
18221 3 0 9117 9114 9147
18222 3 0 9117 9147 9176
18223 3 0 9176 9147 9149
18224 3 0 9118 9117 9176
18225 3 0 9118 9176 9177
18226 3 0 9176 9149 9173
18227 3 0 9176 9173 9178
18228 3 0 9178 9173 9175
18229 3 0 9177 9176 9178
18230 3 0 9177 9178 9179
18231 3 0 9180 9019 9018
18232 3 0 9018 8818 8873
18233 3 0 8873 8875 9180
18234 3 0 9180 9018 8873
18235 3 0 9180 9181 9185
18236 3 0 9180 9185 9019
18237 3 0 9019 9185 9020
18238 3 0 9180 8875 8879
18239 3 0 9180 8879 9182
18240 3 0 9182 8879 8881
18241 3 0 9182 9183 9224
18242 3 0 9182 9224 9180
18243 3 0 9180 9224 9181
18244 3 0 9184 9020 9185
18245 3 0 9184 9185 9186
18246 3 0 9184 9186 9189
18247 3 0 9184 9189 9027
18248 3 0 9027 9189 9187
18249 3 0 9181 9188 9190
18250 3 0 9181 9190 9185
18251 3 0 9185 9190 9186
18252 3 0 9189 9186 9190
18253 3 0 9189 9190 9191
18254 3 0 9187 9189 9191
18255 3 0 9187 9191 9192
18256 3 0 9191 9190 9188
18257 3 0 9191 9188 9193
18258 3 0 9193 9194 9210
18259 3 0 9193 9210 9191
18260 3 0 9191 9210 9192
18261 3 0 9027 9187 9206
18262 3 0 9206 9195 9196
18263 3 0 9196 9031 9027
18264 3 0 9027 9206 9196
18265 3 0 9036 9031 9196
18266 3 0 9036 9196 9197
18267 3 0 9036 9197 9200
18268 3 0 9036 9200 9037
18269 3 0 9037 9200 9198
18270 3 0 9195 9199 9201
18271 3 0 9195 9201 9196
18272 3 0 9196 9201 9197
18273 3 0 9200 9197 9201
18274 3 0 9200 9201 9202
18275 3 0 9198 9200 9202
18276 3 0 9198 9202 9203
18277 3 0 9202 9201 9199
18278 3 0 9202 9199 9204
18279 3 0 9203 9202 9204
18280 3 0 9203 9204 9205
18281 3 0 9187 9192 9209
18282 3 0 9187 9209 9206
18283 3 0 9206 9209 9207
18284 3 0 9206 9207 9215
18285 3 0 9206 9215 9195
18286 3 0 9195 9215 9208
18287 3 0 9209 9192 9210
18288 3 0 9209 9210 9211
18289 3 0 9207 9209 9211
18290 3 0 9207 9211 9212
18291 3 0 9211 9210 9194
18292 3 0 9211 9194 9213
18293 3 0 9212 9211 9213
18294 3 0 9212 9213 9214
18295 3 0 9215 9207 9212
18296 3 0 9215 9212 9216
18297 3 0 9208 9215 9216
18298 3 0 9208 9216 9217
18299 3 0 9216 9212 9214
18300 3 0 9216 9214 9218
18301 3 0 9217 9216 9218
18302 3 0 9217 9218 9219
18303 3 0 9199 9195 9208
18304 3 0 9199 9208 9220
18305 3 0 9221 9205 9204
18306 3 0 9221 9204 9220
18307 3 0 9220 9204 9199
18308 3 0 9220 9208 9217
18309 3 0 9217 9219 9244
18310 3 0 9244 9222 9220
18311 3 0 9220 9217 9244
18312 3 0 9221 9220 9222
18313 3 0 9221 9222 9223
18314 3 0 9224 9225 9226
18315 3 0 9224 9226 9181
18316 3 0 9181 9226 9188
18317 3 0 9193 9188 9226
18318 3 0 9193 9226 9227
18319 3 0 9227 9228 9233
18320 3 0 9227 9233 9193
18321 3 0 9193 9233 9194
18322 3 0 9227 9226 9225
18323 3 0 9227 9225 9229
18324 3 0 9228 9227 9229
18325 3 0 9228 9229 9230
18326 3 0 9225 9224 9183
18327 3 0 9225 9183 9231
18328 3 0 9229 9256 9230
18329 3 0 9256 9229 9284
18330 3 0 9284 9232 9256
18331 3 0 9225 9231 9284
18332 3 0 9225 9284 9229
18333 3 0 9213 9194 9233
18334 3 0 9213 9233 9234
18335 3 0 9214 9213 9234
18336 3 0 9214 9234 9235
18337 3 0 9234 9233 9228
18338 3 0 9234 9228 9236
18339 3 0 9235 9234 9236
18340 3 0 9235 9236 9237
18341 3 0 9218 9214 9235
18342 3 0 9218 9235 9238
18343 3 0 9219 9218 9238
18344 3 0 9219 9238 9239
18345 3 0 9238 9235 9237
18346 3 0 9238 9237 9240
18347 3 0 9239 9238 9240
18348 3 0 9239 9240 9241
18349 3 0 9242 9237 9236
18350 3 0 9242 9236 9230
18351 3 0 9230 9236 9228
18352 3 0 9240 9250 9241
18353 3 0 9250 9240 9258
18354 3 0 9258 9243 9250
18355 3 0 9237 9242 9258
18356 3 0 9237 9258 9240
18357 3 0 9244 9219 9239
18358 3 0 9244 9239 9245
18359 3 0 9222 9244 9245
18360 3 0 9222 9245 9246
18361 3 0 9245 9239 9241
18362 3 0 9245 9241 9247
18363 3 0 9246 9245 9247
18364 3 0 9246 9247 9248
18365 3 0 9223 9222 9246
18366 3 0 9223 9246 9249
18367 3 0 9249 9246 9248
18368 3 0 9247 9241 9250
18369 3 0 9247 9250 9251
18370 3 0 9248 9247 9251
18371 3 0 9248 9251 9252
18372 3 0 9251 9250 9243
18373 3 0 9251 9243 9253
18374 3 0 9252 9251 9253
18375 3 0 9252 9253 9254
18376 3 0 9249 9248 9252
18377 3 0 9249 9252 9255
18378 3 0 9255 9252 9254
18379 3 0 9256 9257 9259
18380 3 0 9256 9259 9230
18381 3 0 9230 9259 9242
18382 3 0 9258 9242 9259
18383 3 0 9258 9259 9260
18384 3 0 9243 9258 9260
18385 3 0 9243 9260 9261
18386 3 0 9260 9259 9257
18387 3 0 9260 9257 9262
18388 3 0 9261 9260 9262
18389 3 0 9261 9262 9263
18390 3 0 9257 9256 9232
18391 3 0 9257 9232 9264
18392 3 0 9265 9263 9262
18393 3 0 9265 9262 9264
18394 3 0 9264 9262 9257
18395 3 0 9266 9254 9253
18396 3 0 9253 9243 9261
18397 3 0 9261 9263 9266
18398 3 0 9266 9253 9261
18399 3 0 9255 9254 9266
18400 3 0 9255 9266 9267
18401 3 0 9266 9263 9265
18402 3 0 9266 9265 9268
18403 3 0 9267 9266 9268
18404 3 0 9267 9268 9269
18405 3 0 9182 8881 8923
18406 3 0 8923 8925 9272
18407 3 0 9272 9270 9182
18408 3 0 9182 8923 9272
18409 3 0 9182 9270 9277
18410 3 0 9277 9271 9282
18411 3 0 9282 9183 9182
18412 3 0 9182 9277 9282
18413 3 0 9272 8925 8937
18414 3 0 9272 8937 9273
18415 3 0 9270 9272 9273
18416 3 0 9270 9273 9274
18417 3 0 9273 8937 8954
18418 3 0 9273 8954 9275
18419 3 0 9275 8954 8956
18420 3 0 9274 9273 9275
18421 3 0 9274 9275 9276
18422 3 0 9277 9270 9274
18423 3 0 9277 9274 9278
18424 3 0 9271 9277 9278
18425 3 0 9271 9278 9279
18426 3 0 9278 9274 9276
18427 3 0 9278 9276 9280
18428 3 0 9278 9280 11194
18429 3 0 11194 9281 9334
18430 3 0 9334 9279 9278
18431 3 0 9278 11194 9334
18432 3 0 9282 9283 9285
18433 3 0 9282 9285 9183
18434 3 0 9183 9285 9231
18435 3 0 9284 9231 9285
18436 3 0 9284 9285 9286
18437 3 0 9232 9284 9286
18438 3 0 9232 9286 9287
18439 3 0 9286 9285 9283
18440 3 0 9286 9283 9288
18441 3 0 9288 9289 9304
18442 3 0 9288 9304 9286
18443 3 0 9286 9304 9287
18444 3 0 9271 9290 9291
18445 3 0 9271 9291 9282
18446 3 0 9282 9291 9283
18447 3 0 9288 9283 9291
18448 3 0 9288 9291 9292
18449 3 0 9288 9292 9295
18450 3 0 9288 9295 9289
18451 3 0 9289 9295 9293
18452 3 0 9290 9294 9296
18453 3 0 9290 9296 9291
18454 3 0 9291 9296 9292
18455 3 0 9295 9292 9296
18456 3 0 9295 9296 9297
18457 3 0 9293 9295 9297
18458 3 0 9293 9297 9298
18459 3 0 9297 9296 9294
18460 3 0 9297 9294 9299
18461 3 0 9298 9297 9299
18462 3 0 9298 9299 9300
18463 3 0 9232 9287 9303
18464 3 0 9232 9303 9264
18465 3 0 9264 9303 9301
18466 3 0 9265 9264 9301
18467 3 0 9265 9301 9302
18468 3 0 9303 9287 9304
18469 3 0 9303 9304 9305
18470 3 0 9301 9303 9305
18471 3 0 9301 9305 9306
18472 3 0 9305 9304 9289
18473 3 0 9305 9289 9307
18474 3 0 9306 9305 9307
18475 3 0 9306 9307 9308
18476 3 0 9302 9301 9306
18477 3 0 9306 9308 9309
18478 3 0 9313 9306 9309
18479 3 0 9302 9306 9313
18480 3 0 9265 9302 9312
18481 3 0 9265 9312 9268
18482 3 0 9268 9312 9310
18483 3 0 9269 9268 9310
18484 3 0 9269 9310 9311
18485 3 0 9312 9302 9313
18486 3 0 9312 9313 9314
18487 3 0 9310 9312 9314
18488 3 0 9310 9314 9315
18489 3 0 9314 9313 9309
18490 3 0 9314 9309 9316
18491 3 0 9315 9314 9316
18492 3 0 9315 9316 9317
18493 3 0 9311 9310 9315
18494 3 0 9311 9315 9318
18495 3 0 9318 9315 9317
18496 3 0 9319 9308 9307
18497 3 0 9319 9307 9293
18498 3 0 9293 9307 9289
18499 3 0 9309 9308 9319
18500 3 0 9309 9319 9320
18501 3 0 9319 9293 9298
18502 3 0 9319 9298 9321
18503 3 0 9321 9298 9300
18504 3 0 9320 9319 9321
18505 3 0 9320 9321 9322
18506 3 0 9323 9317 9316
18507 3 0 9323 9316 9320
18508 3 0 9320 9316 9309
18509 3 0 9318 9317 9323
18510 3 0 9318 9323 9324
18511 3 0 9323 9320 9322
18512 3 0 9323 9322 9325
18513 3 0 9324 9323 9325
18514 3 0 9324 9325 9326
18515 3 0 9271 9279 9333
18516 3 0 9333 9327 9328
18517 3 0 9328 9290 9271
18518 3 0 9271 9333 9328
18519 3 0 9294 9290 9328
18520 3 0 9294 9328 9329
18521 3 0 9330 9300 9299
18522 3 0 9330 9299 9329
18523 3 0 9329 9299 9294
18524 3 0 9328 9327 9339
18525 3 0 9328 9339 9329
18526 3 0 9329 9339 9331
18527 3 0 9330 9329 9331
18528 3 0 9330 9331 9332
18529 3 0 9333 9279 9334
18530 3 0 9333 9334 9335
18531 3 0 9335 9336 9340
18532 3 0 9335 9340 9333
18533 3 0 9333 9340 9327
18534 3 0 9335 9334 9281
18535 3 0 9335 9281 9337
18536 3 0 9336 9335 9337
18537 3 0 9336 9337 9338
18538 3 0 9339 9327 9340
18539 3 0 9339 9340 9341
18540 3 0 9331 9339 9341
18541 3 0 9331 9341 9342
18542 3 0 9341 9340 9336
18543 3 0 9341 9336 9343
18544 3 0 9342 9341 9343
18545 3 0 9342 9343 9344
18546 3 0 9332 9331 9342
18547 3 0 9332 9342 9345
18548 3 0 9345 9342 9344
18549 3 0 9346 9344 9343
18550 3 0 9346 9343 9338
18551 3 0 9338 9343 9336
18552 3 0 9345 9344 9346
18553 3 0 9345 9346 9347
18554 3 0 9321 9300 9330
18555 3 0 9321 9330 9348
18556 3 0 9322 9321 9348
18557 3 0 9322 9348 9349
18558 3 0 9348 9330 9332
18559 3 0 9348 9332 9350
18560 3 0 9349 9348 9350
18561 3 0 9349 9350 9351
18562 3 0 9352 9326 9325
18563 3 0 9325 9322 9349
18564 3 0 9349 9351 9352
18565 3 0 9352 9325 9349
18566 3 0 9350 9332 9345
18567 3 0 9350 9345 9353
18568 3 0 9351 9350 9353
18569 3 0 9351 9353 9354
18570 3 0 9353 9345 9347
18571 3 0 9353 9347 9355
18572 3 0 9354 9353 9355
18573 3 0 9354 9355 9356
18574 3 0 9352 9351 9354
18575 3 0 9352 9354 9357
18576 3 0 9357 9354 9356
18577 3 0 9166 9037 9198
18578 3 0 9166 9198 9358
18579 3 0 9167 9166 9358
18580 3 0 9167 9358 9359
18581 3 0 9358 9198 9203
18582 3 0 9358 9203 9360
18583 3 0 9360 9203 9205
18584 3 0 9359 9358 9360
18585 3 0 9359 9360 9361
18586 3 0 9362 9171 9170
18587 3 0 9170 9167 9359
18588 3 0 9359 9361 9362
18589 3 0 9362 9170 9359
18590 3 0 9360 9205 9221
18591 3 0 9360 9221 9363
18592 3 0 9361 9360 9363
18593 3 0 9361 9363 9364
18594 3 0 9363 9221 9223
18595 3 0 9363 9223 9365
18596 3 0 9364 9363 9365
18597 3 0 9364 9365 9366
18598 3 0 9362 9361 9364
18599 3 0 9362 9364 9367
18600 3 0 9367 9364 9366
18601 3 0 9368 9175 9174
18602 3 0 9174 9171 9362
18603 3 0 9362 9367 9368
18604 3 0 9368 9174 9362
18605 3 0 9365 9223 9249
18606 3 0 9365 9249 9369
18607 3 0 9366 9365 9369
18608 3 0 9366 9369 9370
18609 3 0 9369 9249 9255
18610 3 0 9369 9255 9371
18611 3 0 9370 9369 9371
18612 3 0 9370 9371 9372
18613 3 0 9367 9366 9370
18614 3 0 9367 9370 9373
18615 3 0 9373 9370 9372
18616 3 0 9374 9372 9371
18617 3 0 9371 9255 9267
18618 3 0 9267 9269 9374
18619 3 0 9374 9371 9267
18620 3 0 9373 9372 9374
18621 3 0 9373 9374 9375
18622 3 0 9368 9367 9373
18623 3 0 9368 9373 9376
18624 3 0 9376 9373 9375
18625 3 0 9377 9179 9178
18626 3 0 9178 9175 9368
18627 3 0 9368 9376 9377
18628 3 0 9377 9178 9368
18629 3 0 9374 9269 9311
18630 3 0 9374 9311 9378
18631 3 0 9378 9311 9318
18632 3 0 9375 9374 9378
18633 3 0 9375 9378 9379
18634 3 0 9378 9318 9324
18635 3 0 9378 9324 9380
18636 3 0 9380 9324 9326
18637 3 0 9379 9378 9380
18638 3 0 9379 9380 9381
18639 3 0 9376 9375 9379
18640 3 0 9376 9379 9382
18641 3 0 9382 9379 9381
18642 3 0 9383 9381 9380
18643 3 0 9380 9326 9352
18644 3 0 9352 9357 9383
18645 3 0 9383 9380 9352
18646 3 0 9382 9381 9383
18647 3 0 9382 9383 9384
18648 3 0 9377 9376 9382
18649 3 0 9377 9382 9385
18650 3 0 9385 9382 9384
18651 3 0 9386 7669 7668
18652 3 0 9386 7668 6680
18653 3 0 6680 7668 6194
18654 3 0 9387 7694 7693
18655 3 0 9387 7693 9386
18656 3 0 9386 7693 7669
18657 3 0 9386 6680 6686
18658 3 0 9386 6686 9388
18659 3 0 9388 9389 9397
18660 3 0 9388 9397 9386
18661 3 0 9386 9397 9387
18662 3 0 7705 9391 7706
18663 3 0 9391 7705 9396
18664 3 0 9396 9390 9391
18665 3 0 7694 9387 9396
18666 3 0 7694 9396 7705
18667 3 0 9392 7727 7726
18668 3 0 9392 7726 9391
18669 3 0 9391 7726 7706
18670 3 0 9393 7735 7734
18671 3 0 9393 7734 9392
18672 3 0 9392 7734 7727
18673 3 0 9392 9391 9390
18674 3 0 9392 9390 9394
18675 3 0 9392 9394 9403
18676 3 0 9392 9403 9393
18677 3 0 9393 9403 9395
18678 3 0 9396 9387 9397
18679 3 0 9396 9397 9398
18680 3 0 9390 9396 9398
18681 3 0 9390 9398 9399
18682 3 0 9398 9397 9389
18683 3 0 9398 9389 9400
18684 3 0 9400 9401 9410
18685 3 0 9400 9410 9398
18686 3 0 9398 9410 9399
18687 3 0 9390 9399 9409
18688 3 0 9409 9402 9404
18689 3 0 9404 9394 9390
18690 3 0 9390 9409 9404
18691 3 0 9403 9394 9404
18692 3 0 9403 9404 9405
18693 3 0 9395 9403 9405
18694 3 0 9395 9405 9406
18695 3 0 9404 9402 9420
18696 3 0 9404 9420 9405
18697 3 0 9405 9420 9407
18698 3 0 9406 9405 9407
18699 3 0 9406 9407 9408
18700 3 0 9409 9399 9410
18701 3 0 9409 9410 9411
18702 3 0 9409 9411 9414
18703 3 0 9414 9412 9421
18704 3 0 9421 9402 9409
18705 3 0 9409 9414 9421
18706 3 0 9401 9413 9415
18707 3 0 9401 9415 9410
18708 3 0 9410 9415 9411
18709 3 0 9414 9411 9415
18710 3 0 9414 9415 9416
18711 3 0 9412 9414 9416
18712 3 0 9412 9416 9417
18713 3 0 9416 9415 9413
18714 3 0 9416 9413 9418
18715 3 0 9418 9419 9430
18716 3 0 9418 9430 9416
18717 3 0 9416 9430 9417
18718 3 0 9420 9402 9421
18719 3 0 9420 9421 9422
18720 3 0 9407 9420 9422
18721 3 0 9407 9422 9423
18722 3 0 9422 9421 9412
18723 3 0 9422 9412 9424
18724 3 0 9423 9422 9424
18725 3 0 9423 9424 9425
18726 3 0 9408 9407 9423
18727 3 0 9423 9425 9436
18728 3 0 9436 9426 9408
18729 3 0 9408 9423 9436
18730 3 0 9412 9417 9429
18731 3 0 9412 9429 9424
18732 3 0 9424 9429 9427
18733 3 0 9425 9424 9427
18734 3 0 9425 9427 9428
18735 3 0 9429 9417 9430
18736 3 0 9429 9430 9431
18737 3 0 9427 9429 9431
18738 3 0 9427 9431 9432
18739 3 0 9431 9430 9419
18740 3 0 9431 9419 9433
18741 3 0 9432 9431 9433
18742 3 0 9432 9433 9434
18743 3 0 9428 9427 9432
18744 3 0 9432 9434 9472
18745 3 0 9472 9435 9428
18746 3 0 9428 9432 9472
18747 3 0 9436 9425 9428
18748 3 0 9436 9428 9437
18749 3 0 9426 9436 9437
18750 3 0 9426 9437 9438
18751 3 0 9437 9428 9435
18752 3 0 9437 9435 9439
18753 3 0 9438 9437 9439
18754 3 0 9438 9439 9440
18755 3 0 6686 6840 9443
18756 3 0 6686 9443 9388
18757 3 0 9388 9443 9441
18758 3 0 9388 9441 9448
18759 3 0 9448 9442 9453
18760 3 0 9453 9389 9388
18761 3 0 9388 9448 9453
18762 3 0 9443 6840 6879
18763 3 0 9443 6879 9444
18764 3 0 9441 9443 9444
18765 3 0 9441 9444 9445
18766 3 0 6879 6881 9589
18767 3 0 6879 9589 9444
18768 3 0 9444 9589 9446
18769 3 0 9444 9446 9594
18770 3 0 9444 9594 9445
18771 3 0 9445 9594 9447
18772 3 0 9448 9441 9445
18773 3 0 9448 9445 9449
18774 3 0 9442 9448 9449
18775 3 0 9442 9449 9450
18776 3 0 9445 9447 9632
18777 3 0 9445 9632 9449
18778 3 0 9449 9632 9451
18779 3 0 9449 9451 9637
18780 3 0 9449 9637 9450
18781 3 0 9450 9637 9452
18782 3 0 9400 9389 9453
18783 3 0 9400 9453 9454
18784 3 0 9454 9455 9458
18785 3 0 9454 9458 9400
18786 3 0 9400 9458 9401
18787 3 0 9454 9453 9442
18788 3 0 9454 9442 9456
18789 3 0 9456 9457 9485
18790 3 0 9456 9485 9454
18791 3 0 9454 9485 9455
18792 3 0 9458 9459 9460
18793 3 0 9458 9460 9401
18794 3 0 9401 9460 9413
18795 3 0 9418 9413 9460
18796 3 0 9418 9460 9461
18797 3 0 9461 9462 9467
18798 3 0 9461 9467 9418
18799 3 0 9418 9467 9419
18800 3 0 9461 9460 9459
18801 3 0 9461 9459 9463
18802 3 0 9462 9461 9463
18803 3 0 9462 9463 9464
18804 3 0 9459 9458 9455
18805 3 0 9459 9455 9465
18806 3 0 9466 9464 9463
18807 3 0 9466 9463 9465
18808 3 0 9465 9463 9459
18809 3 0 9433 9419 9467
18810 3 0 9433 9467 9468
18811 3 0 9434 9433 9468
18812 3 0 9434 9468 9469
18813 3 0 9468 9467 9462
18814 3 0 9468 9462 9470
18815 3 0 9469 9468 9470
18816 3 0 9469 9470 9471
18817 3 0 9472 9434 9469
18818 3 0 9472 9469 9473
18819 3 0 9435 9472 9473
18820 3 0 9435 9473 9474
18821 3 0 9473 9469 9471
18822 3 0 9473 9471 9475
18823 3 0 9474 9473 9475
18824 3 0 9474 9475 9476
18825 3 0 9477 9471 9470
18826 3 0 9477 9470 9464
18827 3 0 9464 9470 9462
18828 3 0 9478 9476 9475
18829 3 0 9478 9475 9477
18830 3 0 9477 9475 9471
18831 3 0 9439 9435 9474
18832 3 0 9439 9474 9479
18833 3 0 9479 9474 9476
18834 3 0 9440 9439 9479
18835 3 0 9440 9479 9480
18836 3 0 9479 9476 9478
18837 3 0 9479 9478 9481
18838 3 0 9480 9479 9481
18839 3 0 9480 9481 9482
18840 3 0 9483 9478 9477
18841 3 0 9483 9477 9466
18842 3 0 9466 9477 9464
18843 3 0 9484 9482 9481
18844 3 0 9484 9481 9483
18845 3 0 9483 9481 9478
18846 3 0 9465 9455 9485
18847 3 0 9465 9485 9486
18848 3 0 9466 9465 9486
18849 3 0 9466 9486 9487
18850 3 0 9486 9485 9457
18851 3 0 9486 9457 9488
18852 3 0 9487 9486 9488
18853 3 0 9487 9488 9489
18854 3 0 9505 9487 9489
18855 3 0 9487 9505 9483
18856 3 0 9483 9466 9487
18857 3 0 9490 9484 9483
18858 3 0 9490 9483 9505
18859 3 0 9456 9442 9450
18860 3 0 9456 9450 9491
18861 3 0 9491 9492 9495
18862 3 0 9491 9495 9456
18863 3 0 9456 9495 9457
18864 3 0 9491 9450 9452
18865 3 0 9491 9452 9493
18866 3 0 9493 9494 9510
18867 3 0 9493 9510 9491
18868 3 0 9491 9510 9492
18869 3 0 9488 9457 9495
18870 3 0 9488 9495 9496
18871 3 0 9488 9496 9499
18872 3 0 9488 9499 9489
18873 3 0 9489 9499 9497
18874 3 0 9492 9498 9500
18875 3 0 9492 9500 9495
18876 3 0 9495 9500 9496
18877 3 0 9499 9496 9500
18878 3 0 9499 9500 9501
18879 3 0 9497 9499 9501
18880 3 0 9497 9501 9502
18881 3 0 9501 9500 9498
18882 3 0 9501 9498 9503
18883 3 0 9502 9501 9503
18884 3 0 9502 9503 9504
18885 3 0 9505 9489 9497
18886 3 0 9505 9497 9506
18887 3 0 9490 9505 9506
18888 3 0 9490 9506 9507
18889 3 0 9506 9497 9502
18890 3 0 9506 9502 9508
18891 3 0 9508 9502 9504
18892 3 0 9507 9506 9508
18893 3 0 9507 9508 9509
18894 3 0 9498 9492 9510
18895 3 0 9498 9510 9511
18896 3 0 9512 9504 9503
18897 3 0 9512 9503 9511
18898 3 0 9511 9503 9498
18899 3 0 9511 9510 9494
18900 3 0 9511 9494 9513
18901 3 0 9513 9514 9518
18902 3 0 9513 9518 9511
18903 3 0 9511 9518 9512
18904 3 0 9504 9512 9517
18905 3 0 9504 9517 9508
18906 3 0 9508 9517 9515
18907 3 0 9509 9508 9515
18908 3 0 9509 9515 9516
18909 3 0 9517 9512 9518
18910 3 0 9517 9518 9519
18911 3 0 9515 9517 9519
18912 3 0 9515 9519 9520
18913 3 0 9519 9518 9514
18914 3 0 9519 9514 9521
18915 3 0 9520 9519 9521
18916 3 0 9520 9521 9522
18917 3 0 9516 9515 9520
18918 3 0 9520 9522 9779
18919 3 0 9779 9523 9516
18920 3 0 9516 9520 9779
18921 3 0 9526 9393 9395
18922 3 0 9393 9526 7890
18923 3 0 7890 7735 9393
18924 3 0 9524 7891 7890
18925 3 0 9524 7890 9526
18926 3 0 9525 7914 7913
18927 3 0 7913 7891 9524
18928 3 0 9535 7913 9524
18929 3 0 9525 7913 9535
18930 3 0 9526 9395 9406
18931 3 0 9406 9408 9529
18932 3 0 9529 9527 9526
18933 3 0 9526 9406 9529
18934 3 0 9524 9526 9527
18935 3 0 9524 9527 9528
18936 3 0 9529 9408 9426
18937 3 0 9529 9426 9530
18938 3 0 9527 9529 9530
18939 3 0 9527 9530 9531
18940 3 0 9530 9426 9438
18941 3 0 9530 9438 9532
18942 3 0 9532 9438 9440
18943 3 0 9531 9530 9532
18944 3 0 9531 9532 9533
18945 3 0 9528 9527 9531
18946 3 0 9528 9531 9534
18947 3 0 9534 9531 9533
18948 3 0 9535 9524 9528
18949 3 0 9535 9528 9536
18950 3 0 9525 9535 9536
18951 3 0 9525 9536 9537
18952 3 0 9536 9528 9534
18953 3 0 9536 9534 9538
18954 3 0 9537 9536 9538
18955 3 0 9537 9538 9539
18956 3 0 9540 7952 7951
18957 3 0 9540 7951 9525
18958 3 0 9525 7951 7914
18959 3 0 9541 7956 7955
18960 3 0 9541 7955 9540
18961 3 0 9540 7955 7952
18962 3 0 9540 9525 9537
18963 3 0 9540 9537 9542
18964 3 0 9542 9537 9539
18965 3 0 9540 9542 9564
18966 3 0 9540 9564 9541
18967 3 0 9541 9564 9543
18968 3 0 9532 9440 9480
18969 3 0 9532 9480 9544
18970 3 0 9544 9480 9482
18971 3 0 9533 9532 9544
18972 3 0 9533 9544 9545
18973 3 0 9544 9482 9484
18974 3 0 9544 9484 9546
18975 3 0 9545 9544 9546
18976 3 0 9545 9546 9547
18977 3 0 9534 9533 9545
18978 3 0 9534 9545 9548
18979 3 0 9548 9545 9547
18980 3 0 9549 9547 9546
18981 3 0 9549 9546 9490
18982 3 0 9490 9546 9484
18983 3 0 9548 9547 9549
18984 3 0 9548 9549 9550
18985 3 0 9538 9534 9548
18986 3 0 9538 9548 9551
18987 3 0 9539 9538 9551
18988 3 0 9539 9551 9552
18989 3 0 9551 9548 9550
18990 3 0 9551 9550 9553
18991 3 0 9552 9551 9553
18992 3 0 9552 9553 9554
18993 3 0 9549 9490 9507
18994 3 0 9549 9507 9555
18995 3 0 9555 9507 9509
18996 3 0 9550 9549 9555
18997 3 0 9550 9555 9556
18998 3 0 9555 9509 9516
18999 3 0 9516 9523 10130
19000 3 0 10130 9557 9555
19001 3 0 9555 9516 10130
19002 3 0 9556 9555 9557
19003 3 0 9556 9557 9558
19004 3 0 9553 9550 9556
19005 3 0 9553 9556 9559
19006 3 0 9554 9553 9559
19007 3 0 9554 9559 9560
19008 3 0 9556 9558 10149
19009 3 0 9556 10149 9559
19010 3 0 9559 10149 9561
19011 3 0 9560 9559 9561
19012 3 0 9560 9561 9562
19013 3 0 9542 9539 9552
19014 3 0 9552 9554 9563
19015 3 0 9565 9552 9563
19016 3 0 9542 9552 9565
19017 3 0 9564 9542 9565
19018 3 0 9564 9565 9566
19019 3 0 9564 9566 9569
19020 3 0 9564 9569 9543
19021 3 0 9543 9569 9567
19022 3 0 9563 9568 9570
19023 3 0 9563 9570 9565
19024 3 0 9565 9570 9566
19025 3 0 9569 9566 9570
19026 3 0 9569 9570 9571
19027 3 0 9567 9569 9571
19028 3 0 9567 9571 9572
19029 3 0 9571 9570 9568
19030 3 0 9571 9568 9573
19031 3 0 9572 9571 9573
19032 3 0 9572 9573 9574
19033 3 0 9576 10307 9575
19034 3 0 10307 9576 9560
19035 3 0 9560 9562 10307
19036 3 0 9563 9554 9560
19037 3 0 9563 9560 9576
19038 3 0 9576 9577 9578
19039 3 0 9576 9578 9563
19040 3 0 9563 9578 9568
19041 3 0 9573 9568 9578
19042 3 0 9573 9578 9579
19043 3 0 9574 9573 9579
19044 3 0 9574 9579 9580
19045 3 0 9579 9578 9577
19046 3 0 9579 9577 9581
19047 3 0 9580 9579 9581
19048 3 0 9580 9581 9582
19049 3 0 9576 9575 10320
19050 3 0 10320 9583 9584
19051 3 0 9584 9577 9576
19052 3 0 9576 10320 9584
19053 3 0 9581 9577 9584
19054 3 0 9581 9584 9585
19055 3 0 9582 9581 9585
19056 3 0 9582 9585 9586
19057 3 0 9585 9584 9583
19058 3 0 9585 9583 9587
19059 3 0 9585 9587 10327
19060 3 0 10327 9588 10871
19061 3 0 10871 9586 9585
19062 3 0 9585 10327 10871
19063 3 0 9589 6881 7096
19064 3 0 9589 7096 9590
19065 3 0 9446 9589 9590
19066 3 0 9446 9590 9591
19067 3 0 7096 7098 9599
19068 3 0 7096 9599 9590
19069 3 0 9590 9599 9592
19070 3 0 9590 9592 9604
19071 3 0 9590 9604 9591
19072 3 0 9591 9604 9593
19073 3 0 9594 9446 9591
19074 3 0 9594 9591 9595
19075 3 0 9447 9594 9595
19076 3 0 9447 9595 9596
19077 3 0 9591 9593 9611
19078 3 0 9591 9611 9595
19079 3 0 9595 9611 9597
19080 3 0 9595 9597 9616
19081 3 0 9595 9616 9596
19082 3 0 9596 9616 9598
19083 3 0 9599 7098 7122
19084 3 0 9599 7122 9600
19085 3 0 9592 9599 9600
19086 3 0 9592 9600 9601
19087 3 0 9600 7122 7124
19088 3 0 9600 7124 9602
19089 3 0 9601 9600 9602
19090 3 0 9601 9602 9603
19091 3 0 9604 9592 9601
19092 3 0 9604 9601 9605
19093 3 0 9593 9604 9605
19094 3 0 9593 9605 9606
19095 3 0 9605 9601 9603
19096 3 0 9605 9603 9607
19097 3 0 9606 9605 9607
19098 3 0 9606 9607 9608
19099 3 0 9609 9603 9602
19100 3 0 9609 9602 7126
19101 3 0 7126 9602 7124
19102 3 0 9610 9608 9607
19103 3 0 9610 9607 9609
19104 3 0 9609 9607 9603
19105 3 0 9611 9593 9606
19106 3 0 9611 9606 9612
19107 3 0 9597 9611 9612
19108 3 0 9597 9612 9613
19109 3 0 9612 9606 9608
19110 3 0 9612 9608 9614
19111 3 0 9613 9612 9614
19112 3 0 9613 9614 9615
19113 3 0 9616 9597 9613
19114 3 0 9616 9613 9617
19115 3 0 9616 9617 9620
19116 3 0 9616 9620 9598
19117 3 0 9598 9620 9618
19118 3 0 9615 9619 9621
19119 3 0 9615 9621 9613
19120 3 0 9613 9621 9617
19121 3 0 9620 9617 9621
19122 3 0 9620 9621 9622
19123 3 0 9618 9620 9622
19124 3 0 9618 9622 9623
19125 3 0 9622 9621 9619
19126 3 0 9622 9619 9624
19127 3 0 9623 9622 9624
19128 3 0 9623 9624 9625
19129 3 0 9610 9626 9627
19130 3 0 9627 9615 9614
19131 3 0 9614 9608 9610
19132 3 0 9610 9627 9614
19133 3 0 9619 9615 9627
19134 3 0 9619 9627 9628
19135 3 0 9629 9625 9624
19136 3 0 9629 9624 9628
19137 3 0 9628 9624 9619
19138 3 0 9628 9627 9626
19139 3 0 9628 9626 9630
19140 3 0 9629 9628 9630
19141 3 0 9629 9630 9631
19142 3 0 9632 9447 9596
19143 3 0 9632 9596 9633
19144 3 0 9451 9632 9633
19145 3 0 9451 9633 9634
19146 3 0 9596 9598 9642
19147 3 0 9596 9642 9633
19148 3 0 9633 9642 9635
19149 3 0 9634 9633 9635
19150 3 0 9634 9635 9636
19151 3 0 9637 9451 9634
19152 3 0 9637 9634 9638
19153 3 0 9452 9637 9638
19154 3 0 9452 9638 9639
19155 3 0 9634 9636 9655
19156 3 0 9634 9655 9638
19157 3 0 9638 9655 9640
19158 3 0 9639 9638 9640
19159 3 0 9639 9640 9641
19160 3 0 9642 9598 9618
19161 3 0 9642 9618 9643
19162 3 0 9635 9642 9643
19163 3 0 9635 9643 9644
19164 3 0 9643 9618 9623
19165 3 0 9643 9623 9645
19166 3 0 9645 9623 9625
19167 3 0 9644 9643 9645
19168 3 0 9644 9645 9646
19169 3 0 9656 9649 9647
19170 3 0 9649 9656 9644
19171 3 0 9644 9646 9649
19172 3 0 9636 9635 9644
19173 3 0 9636 9644 9656
19174 3 0 9650 9646 9645
19175 3 0 9645 9625 9629
19176 3 0 9629 9631 9702
19177 3 0 9702 9648 9650
19178 3 0 9650 9645 9629
19179 3 0 9650 9629 9702
19180 3 0 9649 9646 9650
19181 3 0 9649 9650 9651
19182 3 0 9647 9649 9651
19183 3 0 9647 9651 9652
19184 3 0 9651 9650 9648
19185 3 0 9651 9648 9653
19186 3 0 9652 9651 9653
19187 3 0 9652 9653 9654
19188 3 0 9655 9636 9656
19189 3 0 9655 9656 9657
19190 3 0 9640 9655 9657
19191 3 0 9640 9657 9658
19192 3 0 9657 9656 9647
19193 3 0 9657 9647 9659
19194 3 0 9658 9657 9659
19195 3 0 9658 9659 9660
19196 3 0 9641 9640 9658
19197 3 0 9641 9658 9661
19198 3 0 9661 9658 9660
19199 3 0 9659 9647 9652
19200 3 0 9659 9652 9662
19201 3 0 9660 9659 9662
19202 3 0 9660 9662 9663
19203 3 0 9662 9652 9654
19204 3 0 9662 9654 9664
19205 3 0 9663 9662 9664
19206 3 0 9663 9664 9665
19207 3 0 9661 9660 9663
19208 3 0 9661 9663 9666
19209 3 0 9666 9663 9665
19210 3 0 9609 7126 7159
19211 3 0 9609 7159 9667
19212 3 0 9609 9667 9670
19213 3 0 9609 9670 9610
19214 3 0 9610 9670 9668
19215 3 0 7161 9669 9671
19216 3 0 7161 9671 7159
19217 3 0 7159 9671 9667
19218 3 0 9670 9667 9671
19219 3 0 9670 9671 9672
19220 3 0 9668 9670 9672
19221 3 0 9668 9672 9673
19222 3 0 9672 9671 9669
19223 3 0 9672 9669 9674
19224 3 0 9673 9672 9674
19225 3 0 9673 9674 9675
19226 3 0 9668 9676 9677
19227 3 0 9668 9677 9610
19228 3 0 9610 9677 9626
19229 3 0 9630 9626 9677
19230 3 0 9630 9677 9678
19231 3 0 9631 9630 9678
19232 3 0 9631 9678 9679
19233 3 0 9678 9677 9676
19234 3 0 9678 9676 9680
19235 3 0 9679 9678 9680
19236 3 0 9679 9680 9681
19237 3 0 9676 9668 9673
19238 3 0 9676 9673 9682
19239 3 0 9682 9673 9675
19240 3 0 9683 9681 9680
19241 3 0 9680 9676 9682
19242 3 0 9694 9680 9682
19243 3 0 9683 9680 9694
19244 3 0 9669 7161 7168
19245 3 0 9669 7168 9684
19246 3 0 9685 9675 9674
19247 3 0 9674 9669 9684
19248 3 0 9687 9674 9684
19249 3 0 9685 9674 9687
19250 3 0 7170 9686 9688
19251 3 0 7170 9688 7168
19252 3 0 7168 9688 9684
19253 3 0 9687 9684 9688
19254 3 0 9687 9688 9689
19255 3 0 9685 9687 9689
19256 3 0 9685 9689 9690
19257 3 0 9689 9688 9686
19258 3 0 9689 9686 9691
19259 3 0 9690 9689 9691
19260 3 0 9690 9691 9692
19261 3 0 9685 9693 9695
19262 3 0 9685 9695 9675
19263 3 0 9675 9695 9682
19264 3 0 9694 9682 9695
19265 3 0 9694 9695 9696
19266 3 0 9683 9694 9696
19267 3 0 9683 9696 9697
19268 3 0 9696 9695 9693
19269 3 0 9696 9693 9698
19270 3 0 9697 9696 9698
19271 3 0 9697 9698 9699
19272 3 0 9693 9685 9690
19273 3 0 9693 9690 9700
19274 3 0 9700 9690 9692
19275 3 0 9701 9699 9698
19276 3 0 9701 9698 9700
19277 3 0 9700 9698 9693
19278 3 0 9702 9631 9679
19279 3 0 9702 9679 9703
19280 3 0 9648 9702 9703
19281 3 0 9648 9703 9704
19282 3 0 9703 9679 9681
19283 3 0 9703 9681 9705
19284 3 0 9704 9703 9705
19285 3 0 9704 9705 9706
19286 3 0 9707 9654 9653
19287 3 0 9653 9648 9704
19288 3 0 9704 9706 9707
19289 3 0 9707 9653 9704
19290 3 0 9708 9706 9705
19291 3 0 9705 9681 9683
19292 3 0 9723 9705 9683
19293 3 0 9708 9705 9723
19294 3 0 9706 9708 9728
19295 3 0 9728 9709 9713
19296 3 0 9713 9707 9706
19297 3 0 9706 9728 9713
19298 3 0 9710 9665 9664
19299 3 0 9664 9654 9707
19300 3 0 9712 9664 9707
19301 3 0 9710 9664 9712
19302 3 0 9665 9710 9718
19303 3 0 9718 9711 9854
19304 3 0 9854 9666 9665
19305 3 0 9665 9718 9854
19306 3 0 9712 9707 9713
19307 3 0 9712 9713 9714
19308 3 0 9710 9712 9714
19309 3 0 9710 9714 9715
19310 3 0 9714 9713 9709
19311 3 0 9714 9709 9716
19312 3 0 9715 9714 9716
19313 3 0 9715 9716 9717
19314 3 0 9718 9710 9715
19315 3 0 9718 9715 9719
19316 3 0 9711 9718 9719
19317 3 0 9711 9719 9720
19318 3 0 9719 9715 9717
19319 3 0 9719 9717 9721
19320 3 0 9720 9719 9721
19321 3 0 9720 9721 9722
19322 3 0 9723 9683 9697
19323 3 0 9723 9697 9724
19324 3 0 9708 9723 9724
19325 3 0 9708 9724 9725
19326 3 0 9724 9697 9699
19327 3 0 9724 9699 9726
19328 3 0 9725 9724 9726
19329 3 0 9725 9726 9727
19330 3 0 9728 9708 9725
19331 3 0 9728 9725 9729
19332 3 0 9709 9728 9729
19333 3 0 9709 9729 9730
19334 3 0 9729 9725 9727
19335 3 0 9729 9727 9731
19336 3 0 9730 9729 9731
19337 3 0 9730 9731 9732
19338 3 0 9733 9727 9726
19339 3 0 9726 9699 9701
19340 3 0 10000 9726 9701
19341 3 0 9733 9726 10000
19342 3 0 9734 9732 9731
19343 3 0 9731 9727 9733
19344 3 0 10006 9731 9733
19345 3 0 9734 9731 10006
19346 3 0 9716 9709 9730
19347 3 0 9716 9730 9735
19348 3 0 9717 9716 9735
19349 3 0 9717 9735 9736
19350 3 0 9735 9730 9732
19351 3 0 9735 9732 9737
19352 3 0 9736 9735 9737
19353 3 0 9736 9737 9738
19354 3 0 9739 9722 9721
19355 3 0 9721 9717 9736
19356 3 0 9736 9738 9739
19357 3 0 9739 9721 9736
19358 3 0 9740 9738 9737
19359 3 0 9740 9737 9734
19360 3 0 9734 9737 9732
19361 3 0 9740 9741 9898
19362 3 0 9740 9898 9738
19363 3 0 9738 9898 9739
19364 3 0 9493 9452 9639
19365 3 0 9639 9641 9744
19366 3 0 9744 9742 9493
19367 3 0 9493 9639 9744
19368 3 0 9493 9742 9754
19369 3 0 9754 9743 9764
19370 3 0 9764 9494 9493
19371 3 0 9493 9754 9764
19372 3 0 9744 9641 9661
19373 3 0 9744 9661 9745
19374 3 0 9744 9745 9748
19375 3 0 9744 9748 9742
19376 3 0 9742 9748 9746
19377 3 0 9661 9666 9853
19378 3 0 9853 9747 9749
19379 3 0 9749 9745 9661
19380 3 0 9661 9853 9749
19381 3 0 9748 9745 9749
19382 3 0 9748 9749 9750
19383 3 0 9746 9748 9750
19384 3 0 9746 9750 9751
19385 3 0 9749 9747 9859
19386 3 0 9749 9859 9750
19387 3 0 9750 9859 9752
19388 3 0 9750 9752 9865
19389 3 0 9750 9865 9751
19390 3 0 9751 9865 9753
19391 3 0 9754 9742 9746
19392 3 0 9754 9746 9755
19393 3 0 9754 9755 9758
19394 3 0 9754 9758 9743
19395 3 0 9743 9758 9756
19396 3 0 9759 9880 9757
19397 3 0 9880 9759 9751
19398 3 0 9751 9753 9880
19399 3 0 9755 9746 9751
19400 3 0 9755 9751 9759
19401 3 0 9758 9755 9759
19402 3 0 9758 9759 9760
19403 3 0 9756 9758 9760
19404 3 0 9756 9760 9761
19405 3 0 9760 9759 9757
19406 3 0 9760 9757 9762
19407 3 0 9762 9763 9812
19408 3 0 9762 9812 9760
19409 3 0 9760 9812 9761
19410 3 0 9513 9494 9764
19411 3 0 9513 9764 9765
19412 3 0 9765 9766 9769
19413 3 0 9765 9769 9513
19414 3 0 9513 9769 9514
19415 3 0 9765 9764 9743
19416 3 0 9765 9743 9767
19417 3 0 9765 9767 9802
19418 3 0 9802 9768 9784
19419 3 0 9784 9766 9765
19420 3 0 9765 9802 9784
19421 3 0 9521 9514 9769
19422 3 0 9521 9769 9770
19423 3 0 9521 9770 9773
19424 3 0 9521 9773 9522
19425 3 0 9522 9773 9771
19426 3 0 9766 9772 9774
19427 3 0 9766 9774 9769
19428 3 0 9769 9774 9770
19429 3 0 9773 9770 9774
19430 3 0 9773 9774 9775
19431 3 0 9771 9773 9775
19432 3 0 9771 9775 9776
19433 3 0 9775 9774 9772
19434 3 0 9775 9772 9777
19435 3 0 9776 9775 9777
19436 3 0 9776 9777 9778
19437 3 0 9779 9522 9771
19438 3 0 9779 9771 9780
19439 3 0 9523 9779 9780
19440 3 0 9523 9780 9781
19441 3 0 9780 9771 9776
19442 3 0 9780 9776 9782
19443 3 0 9782 9776 9778
19444 3 0 9781 9780 9782
19445 3 0 9781 9782 9783
19446 3 0 9784 9785 9786
19447 3 0 9784 9786 9766
19448 3 0 9766 9786 9772
19449 3 0 9777 9772 9786
19450 3 0 9777 9786 9787
19451 3 0 9778 9777 9787
19452 3 0 9778 9787 9788
19453 3 0 9787 9786 9785
19454 3 0 9787 9785 9789
19455 3 0 9788 9787 9789
19456 3 0 9788 9789 9790
19457 3 0 9768 9791 9792
19458 3 0 9768 9792 9784
19459 3 0 9784 9792 9785
19460 3 0 9789 9785 9792
19461 3 0 9789 9792 9793
19462 3 0 9790 9789 9793
19463 3 0 9790 9793 9794
19464 3 0 9793 9792 9791
19465 3 0 9793 9791 9795
19466 3 0 9794 9793 9795
19467 3 0 9794 9795 9796
19468 3 0 9782 9778 9788
19469 3 0 9782 9788 9797
19470 3 0 9797 9788 9790
19471 3 0 9783 9782 9797
19472 3 0 9783 9797 9798
19473 3 0 9797 9790 9794
19474 3 0 9797 9794 9799
19475 3 0 9799 9794 9796
19476 3 0 9798 9797 9799
19477 3 0 9798 9799 9800
19478 3 0 9743 9756 9808
19479 3 0 9808 9801 9803
19480 3 0 9803 9767 9743
19481 3 0 9743 9808 9803
19482 3 0 9802 9767 9803
19483 3 0 9802 9803 9804
19484 3 0 9768 9802 9804
19485 3 0 9768 9804 9805
19486 3 0 9804 9803 9801
19487 3 0 9804 9801 9806
19488 3 0 9805 9804 9806
19489 3 0 9805 9806 9807
19490 3 0 9756 9761 9811
19491 3 0 9756 9811 9808
19492 3 0 9808 9811 9809
19493 3 0 9801 9808 9809
19494 3 0 9801 9809 9810
19495 3 0 9811 9761 9812
19496 3 0 9811 9812 9813
19497 3 0 9809 9811 9813
19498 3 0 9809 9813 9814
19499 3 0 9813 9812 9763
19500 3 0 9813 9763 9815
19501 3 0 9814 9813 9815
19502 3 0 9814 9815 9816
19503 3 0 9821 9925 9817
19504 3 0 9925 9821 9814
19505 3 0 9814 9816 9925
19506 3 0 9810 9809 9814
19507 3 0 9810 9814 9821
19508 3 0 9801 9810 9820
19509 3 0 9801 9820 9806
19510 3 0 9806 9820 9818
19511 3 0 9807 9806 9818
19512 3 0 9807 9818 9819
19513 3 0 9820 9810 9821
19514 3 0 9820 9821 9822
19515 3 0 9818 9820 9822
19516 3 0 9818 9822 9823
19517 3 0 9822 9821 9817
19518 3 0 9822 9817 9824
19519 3 0 9823 9822 9824
19520 3 0 9823 9824 9825
19521 3 0 9819 9818 9823
19522 3 0 9819 9823 9826
19523 3 0 9826 9823 9825
19524 3 0 9791 9768 9805
19525 3 0 9791 9805 9827
19526 3 0 9828 9796 9795
19527 3 0 9828 9795 9827
19528 3 0 9827 9795 9791
19529 3 0 9827 9805 9807
19530 3 0 9827 9807 9829
19531 3 0 9828 9827 9829
19532 3 0 9828 9829 9830
19533 3 0 9799 9796 9828
19534 3 0 9799 9828 9831
19535 3 0 9800 9799 9831
19536 3 0 9800 9831 9832
19537 3 0 9828 9830 9839
19538 3 0 9828 9839 9831
19539 3 0 9831 9839 9833
19540 3 0 9832 9831 9833
19541 3 0 9832 9833 9834
19542 3 0 9829 9807 9819
19543 3 0 9829 9819 9835
19544 3 0 9835 9836 9840
19545 3 0 9835 9840 9829
19546 3 0 9829 9840 9830
19547 3 0 9835 9819 9826
19548 3 0 9835 9826 9837
19549 3 0 9836 9835 9837
19550 3 0 9836 9837 9838
19551 3 0 9839 9830 9840
19552 3 0 9839 9840 9841
19553 3 0 9833 9839 9841
19554 3 0 9833 9841 9842
19555 3 0 9841 9840 9836
19556 3 0 9841 9836 9843
19557 3 0 9842 9841 9843
19558 3 0 9842 9843 9844
19559 3 0 9834 9833 9842
19560 3 0 9842 9844 9847
19561 3 0 9847 9845 9834
19562 3 0 9834 9842 9847
19563 3 0 9838 9846 9848
19564 3 0 9848 9844 9843
19565 3 0 9843 9836 9838
19566 3 0 9838 9848 9843
19567 3 0 9847 9844 9848
19568 3 0 9847 9848 9849
19569 3 0 9845 9847 9849
19570 3 0 9845 9849 9850
19571 3 0 9849 9848 9846
19572 3 0 9849 9846 9851
19573 3 0 9850 9849 9851
19574 3 0 9850 9851 9852
19575 3 0 9853 9666 9854
19576 3 0 9853 9854 9855
19577 3 0 9855 9856 9860
19578 3 0 9855 9860 9853
19579 3 0 9853 9860 9747
19580 3 0 9855 9854 9711
19581 3 0 9855 9711 9857
19582 3 0 9856 9855 9857
19583 3 0 9856 9857 9858
19584 3 0 9859 9747 9860
19585 3 0 9859 9860 9861
19586 3 0 9752 9859 9861
19587 3 0 9752 9861 9862
19588 3 0 9861 9860 9856
19589 3 0 9861 9856 9863
19590 3 0 9862 9861 9863
19591 3 0 9862 9863 9864
19592 3 0 9865 9752 9862
19593 3 0 9865 9862 9866
19594 3 0 9753 9865 9866
19595 3 0 9753 9866 9867
19596 3 0 9866 9862 9864
19597 3 0 9866 9864 9868
19598 3 0 9867 9866 9868
19599 3 0 9867 9868 9869
19600 3 0 9870 9864 9863
19601 3 0 9870 9863 9858
19602 3 0 9858 9863 9856
19603 3 0 9871 9869 9868
19604 3 0 9871 9868 9870
19605 3 0 9870 9868 9864
19606 3 0 9857 9711 9720
19607 3 0 9857 9720 9872
19608 3 0 9858 9857 9872
19609 3 0 9858 9872 9873
19610 3 0 9872 9720 9722
19611 3 0 9872 9722 9874
19612 3 0 9873 9872 9874
19613 3 0 9873 9874 9875
19614 3 0 9870 9858 9873
19615 3 0 9870 9873 9876
19616 3 0 9871 9870 9876
19617 3 0 9871 9876 9877
19618 3 0 9876 9873 9875
19619 3 0 9876 9875 9878
19620 3 0 9877 9876 9878
19621 3 0 9877 9878 9879
19622 3 0 9880 9753 9867
19623 3 0 9880 9867 9881
19624 3 0 9881 9867 9869
19625 3 0 9757 9880 9881
19626 3 0 9757 9881 9882
19627 3 0 9881 9869 9871
19628 3 0 9881 9871 9883
19629 3 0 9882 9881 9883
19630 3 0 9882 9883 9884
19631 3 0 9762 9757 9882
19632 3 0 9762 9882 9885
19633 3 0 9885 9886 9920
19634 3 0 9885 9920 9762
19635 3 0 9762 9920 9763
19636 3 0 9885 9882 9884
19637 3 0 9885 9884 9887
19638 3 0 9886 9885 9887
19639 3 0 9886 9887 9888
19640 3 0 9877 9883 9871
19641 3 0 9883 9877 9890
19642 3 0 9890 9884 9883
19643 3 0 9879 9889 9890
19644 3 0 9879 9890 9877
19645 3 0 9887 9884 9890
19646 3 0 9887 9890 9891
19647 3 0 9888 9887 9891
19648 3 0 9888 9891 9892
19649 3 0 9891 9890 9889
19650 3 0 9891 9889 9893
19651 3 0 9892 9891 9893
19652 3 0 9892 9893 9894
19653 3 0 9895 9875 9874
19654 3 0 9874 9722 9739
19655 3 0 9897 9874 9739
19656 3 0 9895 9874 9897
19657 3 0 9896 9879 9878
19658 3 0 9878 9875 9895
19659 3 0 9903 9878 9895
19660 3 0 9896 9878 9903
19661 3 0 9897 9739 9898
19662 3 0 9897 9898 9899
19663 3 0 9895 9897 9899
19664 3 0 9895 9899 9900
19665 3 0 9899 9898 9741
19666 3 0 9899 9741 9901
19667 3 0 9900 9899 9901
19668 3 0 9900 9901 9902
19669 3 0 9903 9895 9900
19670 3 0 9903 9900 9904
19671 3 0 9896 9903 9904
19672 3 0 9896 9904 9905
19673 3 0 9904 9900 9902
19674 3 0 9904 9902 9906
19675 3 0 9905 9904 9906
19676 3 0 9905 9906 9907
19677 3 0 9879 9896 9910
19678 3 0 9879 9910 9889
19679 3 0 9889 9910 9908
19680 3 0 9909 9894 9893
19681 3 0 9893 9889 9908
19682 3 0 9915 9893 9908
19683 3 0 9909 9893 9915
19684 3 0 9910 9896 9905
19685 3 0 9910 9905 9911
19686 3 0 9908 9910 9911
19687 3 0 9908 9911 9912
19688 3 0 9911 9905 9907
19689 3 0 9911 9907 9913
19690 3 0 9912 9911 9913
19691 3 0 9912 9913 9914
19692 3 0 9915 9908 9912
19693 3 0 9915 9912 9916
19694 3 0 9909 9915 9916
19695 3 0 9909 9916 9917
19696 3 0 9916 9912 9914
19697 3 0 9916 9914 9918
19698 3 0 9917 9916 9918
19699 3 0 9917 9918 9919
19700 3 0 9815 9763 9920
19701 3 0 9815 9920 9921
19702 3 0 9816 9815 9921
19703 3 0 9816 9921 9922
19704 3 0 9921 9920 9886
19705 3 0 9921 9886 9923
19706 3 0 9922 9921 9923
19707 3 0 9922 9923 9924
19708 3 0 9925 9816 9922
19709 3 0 9925 9922 9926
19710 3 0 9817 9925 9926
19711 3 0 9817 9926 9927
19712 3 0 9926 9922 9924
19713 3 0 9926 9924 9928
19714 3 0 9927 9926 9928
19715 3 0 9927 9928 9929
19716 3 0 9930 9924 9923
19717 3 0 9930 9923 9888
19718 3 0 9888 9923 9886
19719 3 0 9931 9929 9928
19720 3 0 9931 9928 9930
19721 3 0 9930 9928 9924
19722 3 0 9932 9825 9824
19723 3 0 9824 9817 9927
19724 3 0 9927 9929 9932
19725 3 0 9932 9824 9927
19726 3 0 9826 9825 9932
19727 3 0 9826 9932 9933
19728 3 0 9932 9929 9931
19729 3 0 9932 9931 9934
19730 3 0 9933 9932 9934
19731 3 0 9933 9934 9935
19732 3 0 9930 9888 9892
19733 3 0 9930 9892 9936
19734 3 0 9931 9930 9936
19735 3 0 9931 9936 9937
19736 3 0 9936 9892 9894
19737 3 0 9936 9894 9938
19738 3 0 9937 9936 9938
19739 3 0 9937 9938 9939
19740 3 0 9934 9931 9937
19741 3 0 9934 9937 9940
19742 3 0 9935 9934 9940
19743 3 0 9935 9940 9941
19744 3 0 9940 9937 9939
19745 3 0 9940 9939 9942
19746 3 0 9941 9940 9942
19747 3 0 9941 9942 9943
19748 3 0 9945 9838 9837
19749 3 0 9837 9826 9933
19750 3 0 9933 9935 9950
19751 3 0 9950 9944 9945
19752 3 0 9945 9837 9933
19753 3 0 9945 9933 9950
19754 3 0 9846 9838 9945
19755 3 0 9846 9945 9946
19756 3 0 9946 9947 10175
19757 3 0 10175 9852 9851
19758 3 0 9851 9846 9946
19759 3 0 9946 10175 9851
19760 3 0 9946 9945 9944
19761 3 0 9946 9944 9948
19762 3 0 9947 9946 9948
19763 3 0 9947 9948 9949
19764 3 0 9950 9935 9941
19765 3 0 9950 9941 9951
19766 3 0 9944 9950 9951
19767 3 0 9944 9951 9952
19768 3 0 9951 9941 9943
19769 3 0 9951 9943 9953
19770 3 0 9952 9951 9953
19771 3 0 9952 9953 9954
19772 3 0 9948 9944 9952
19773 3 0 9948 9952 9955
19774 3 0 9949 9948 9955
19775 3 0 9949 9955 9956
19776 3 0 9955 9952 9954
19777 3 0 9955 9954 9957
19778 3 0 9956 9955 9957
19779 3 0 9956 9957 9958
19780 3 0 9959 9939 9938
19781 3 0 9938 9894 9909
19782 3 0 9961 9938 9909
19783 3 0 9959 9938 9961
19784 3 0 9960 9943 9942
19785 3 0 9942 9939 9959
19786 3 0 9966 9942 9959
19787 3 0 9960 9942 9966
19788 3 0 9961 9909 9917
19789 3 0 9961 9917 9962
19790 3 0 9959 9961 9962
19791 3 0 9959 9962 9963
19792 3 0 9962 9917 9919
19793 3 0 9962 9919 9964
19794 3 0 9963 9962 9964
19795 3 0 9963 9964 9965
19796 3 0 9966 9959 9963
19797 3 0 9966 9963 9967
19798 3 0 9960 9966 9967
19799 3 0 9960 9967 9968
19800 3 0 9967 9963 9965
19801 3 0 9967 9965 9969
19802 3 0 9968 9967 9969
19803 3 0 9968 9969 9970
19804 3 0 9971 9954 9953
19805 3 0 9953 9943 9960
19806 3 0 9973 9953 9960
19807 3 0 9971 9953 9973
19808 3 0 9972 9958 9957
19809 3 0 9957 9954 9971
19810 3 0 9978 9957 9971
19811 3 0 9972 9957 9978
19812 3 0 9973 9960 9968
19813 3 0 9973 9968 9974
19814 3 0 9971 9973 9974
19815 3 0 9971 9974 9975
19816 3 0 9974 9968 9970
19817 3 0 9974 9970 9976
19818 3 0 9975 9974 9976
19819 3 0 9975 9976 9977
19820 3 0 9978 9971 9975
19821 3 0 9978 9975 9979
19822 3 0 9972 9978 9979
19823 3 0 9972 9979 9980
19824 3 0 9979 9975 9977
19825 3 0 9979 9977 9981
19826 3 0 9980 9979 9981
19827 3 0 9980 9981 9982
19828 3 0 9686 7170 7194
19829 3 0 9686 7194 9983
19830 3 0 9984 9692 9691
19831 3 0 9984 9691 9983
19832 3 0 9983 9691 9686
19833 3 0 9983 7194 7196
19834 3 0 9983 7196 9985
19835 3 0 9984 9983 9985
19836 3 0 9984 9985 9986
19837 3 0 9700 9692 9984
19838 3 0 9700 9984 9987
19839 3 0 9987 9988 10001
19840 3 0 9987 10001 9700
19841 3 0 9700 10001 9701
19842 3 0 9987 9984 9986
19843 3 0 9987 9986 9989
19844 3 0 9988 9987 9989
19845 3 0 9988 9989 9990
19846 3 0 9985 7196 9991
19847 3 0 9985 9991 9992
19848 3 0 9986 9985 9992
19849 3 0 9986 9992 9993
19850 3 0 9992 9991 7198
19851 3 0 9992 7198 9994
19852 3 0 9993 9992 9994
19853 3 0 9993 9994 9995
19854 3 0 9989 9986 9993
19855 3 0 9989 9993 9996
19856 3 0 9990 9989 9996
19857 3 0 9990 9996 9997
19858 3 0 9996 9993 9995
19859 3 0 9996 9995 9998
19860 3 0 9997 9996 9998
19861 3 0 9997 9998 9999
19862 3 0 10000 9701 10001
19863 3 0 10000 10001 10002
19864 3 0 9733 10000 10002
19865 3 0 9733 10002 10003
19866 3 0 10002 10001 9988
19867 3 0 10002 9988 10004
19868 3 0 10003 10002 10004
19869 3 0 10003 10004 10005
19870 3 0 10006 9733 10003
19871 3 0 10006 10003 10007
19872 3 0 9734 10006 10007
19873 3 0 9734 10007 10008
19874 3 0 10007 10003 10005
19875 3 0 10007 10005 10009
19876 3 0 10008 10007 10009
19877 3 0 10008 10009 10010
19878 3 0 10011 10005 10004
19879 3 0 10011 10004 9990
19880 3 0 9990 10004 9988
19881 3 0 10012 10010 10009
19882 3 0 10012 10009 10011
19883 3 0 10011 10009 10005
19884 3 0 9740 9734 10008
19885 3 0 9740 10008 10013
19886 3 0 10013 10008 10010
19887 3 0 9740 10013 10016
19888 3 0 9740 10016 9741
19889 3 0 9741 10016 10014
19890 3 0 10012 10015 10017
19891 3 0 10012 10017 10010
19892 3 0 10010 10017 10013
19893 3 0 10016 10013 10017
19894 3 0 10016 10017 10018
19895 3 0 10014 10016 10018
19896 3 0 10014 10018 10019
19897 3 0 10018 10017 10015
19898 3 0 10018 10015 10020
19899 3 0 10019 10018 10020
19900 3 0 10019 10020 10021
19901 3 0 10011 9990 9997
19902 3 0 10011 9997 10022
19903 3 0 10012 10011 10022
19904 3 0 10012 10022 10023
19905 3 0 10022 9997 9999
19906 3 0 10022 9999 10024
19907 3 0 10023 10022 10024
19908 3 0 10023 10024 10025
19909 3 0 10015 10012 10023
19910 3 0 10015 10023 10026
19911 3 0 10026 10027 10061
19912 3 0 10061 10021 10020
19913 3 0 10020 10015 10026
19914 3 0 10026 10061 10020
19915 3 0 10026 10023 10025
19916 3 0 10026 10025 10028
19917 3 0 10028 10029 10067
19918 3 0 10028 10067 10026
19919 3 0 10026 10067 10027
19920 3 0 10031 9995 9994
19921 3 0 10031 9994 10030
19922 3 0 10030 9994 7198
19923 3 0 10032 9999 9998
19924 3 0 10032 9998 10031
19925 3 0 10031 9998 9995
19926 3 0 10031 10030 7200
19927 3 0 10031 7200 10033
19928 3 0 10032 10031 10033
19929 3 0 10032 10033 10034
19930 3 0 10035 10025 10024
19931 3 0 10035 10024 10032
19932 3 0 10032 10024 9999
19933 3 0 10035 10036 10114
19934 3 0 10114 10029 10028
19935 3 0 10028 10025 10035
19936 3 0 10035 10114 10028
19937 3 0 10035 10032 10034
19938 3 0 10035 10034 10037
19939 3 0 10036 10035 10037
19940 3 0 10036 10037 10038
19941 3 0 10039 9902 9901
19942 3 0 10039 9901 10014
19943 3 0 10014 9901 9741
19944 3 0 10040 9907 9906
19945 3 0 9906 9902 10039
19946 3 0 10042 9906 10039
19947 3 0 10040 9906 10042
19948 3 0 10043 10060 10041
19949 3 0 10060 10043 10019
19950 3 0 10019 10021 10060
19951 3 0 10039 10014 10019
19952 3 0 10039 10019 10043
19953 3 0 10042 10039 10043
19954 3 0 10042 10043 10044
19955 3 0 10040 10042 10044
19956 3 0 10040 10044 10045
19957 3 0 10044 10043 10041
19958 3 0 10044 10041 10046
19959 3 0 10045 10044 10046
19960 3 0 10045 10046 10047
19961 3 0 10048 9914 9913
19962 3 0 9913 9907 10040
19963 3 0 10050 9913 10040
19964 3 0 10048 9913 10050
19965 3 0 10049 9919 9918
19966 3 0 9918 9914 10048
19967 3 0 10055 9918 10048
19968 3 0 10049 9918 10055
19969 3 0 10050 10040 10045
19970 3 0 10050 10045 10051
19971 3 0 10048 10050 10051
19972 3 0 10048 10051 10052
19973 3 0 10051 10045 10047
19974 3 0 10051 10047 10053
19975 3 0 10052 10051 10053
19976 3 0 10052 10053 10054
19977 3 0 10055 10048 10052
19978 3 0 10055 10052 10056
19979 3 0 10049 10055 10056
19980 3 0 10049 10056 10057
19981 3 0 10056 10052 10054
19982 3 0 10056 10054 10058
19983 3 0 10057 10056 10058
19984 3 0 10057 10058 10059
19985 3 0 10060 10021 10061
19986 3 0 10060 10061 10062
19987 3 0 10041 10060 10062
19988 3 0 10041 10062 10063
19989 3 0 10062 10061 10027
19990 3 0 10062 10027 10064
19991 3 0 10063 10062 10064
19992 3 0 10063 10064 10065
19993 3 0 10066 10047 10046
19994 3 0 10046 10041 10063
19995 3 0 10063 10065 10066
19996 3 0 10066 10046 10063
19997 3 0 10064 10027 10067
19998 3 0 10064 10067 10068
19999 3 0 10065 10064 10068
20000 3 0 10065 10068 10069
20001 3 0 10068 10067 10029
20002 3 0 10068 10029 10070
20003 3 0 10069 10068 10070
20004 3 0 10069 10070 10071
20005 3 0 10066 10065 10069
20006 3 0 10066 10069 10072
20007 3 0 10072 10069 10071
20008 3 0 10073 10054 10053
20009 3 0 10073 10053 10066
20010 3 0 10066 10053 10047
20011 3 0 10074 10059 10058
20012 3 0 10074 10058 10073
20013 3 0 10073 10058 10054
20014 3 0 10073 10066 10072
20015 3 0 10073 10072 10075
20016 3 0 10074 10073 10075
20017 3 0 10074 10075 10076
20018 3 0 10077 9965 9964
20019 3 0 9964 9919 10049
20020 3 0 10079 9964 10049
20021 3 0 10077 9964 10079
20022 3 0 10078 9970 9969
20023 3 0 9969 9965 10077
20024 3 0 10084 9969 10077
20025 3 0 10078 9969 10084
20026 3 0 10079 10049 10057
20027 3 0 10079 10057 10080
20028 3 0 10077 10079 10080
20029 3 0 10077 10080 10081
20030 3 0 10080 10057 10059
20031 3 0 10080 10059 10082
20032 3 0 10081 10080 10082
20033 3 0 10081 10082 10083
20034 3 0 10084 10077 10081
20035 3 0 10084 10081 10085
20036 3 0 10078 10084 10085
20037 3 0 10078 10085 10086
20038 3 0 10085 10081 10083
20039 3 0 10085 10083 10087
20040 3 0 10086 10085 10087
20041 3 0 10086 10087 10088
20042 3 0 10089 9977 9976
20043 3 0 9976 9970 10078
20044 3 0 10091 9976 10078
20045 3 0 10089 9976 10091
20046 3 0 10090 9982 9981
20047 3 0 9981 9977 10089
20048 3 0 10096 9981 10089
20049 3 0 10090 9981 10096
20050 3 0 10091 10078 10086
20051 3 0 10091 10086 10092
20052 3 0 10089 10091 10092
20053 3 0 10089 10092 10093
20054 3 0 10092 10086 10088
20055 3 0 10092 10088 10094
20056 3 0 10093 10092 10094
20057 3 0 10093 10094 10095
20058 3 0 10096 10089 10093
20059 3 0 10096 10093 10097
20060 3 0 10090 10096 10097
20061 3 0 10090 10097 10098
20062 3 0 10097 10093 10095
20063 3 0 10097 10095 10099
20064 3 0 10098 10097 10099
20065 3 0 10098 10099 10100
20066 3 0 10101 10083 10082
20067 3 0 10101 10082 10074
20068 3 0 10074 10082 10059
20069 3 0 10102 10088 10087
20070 3 0 10102 10087 10101
20071 3 0 10101 10087 10083
20072 3 0 10101 10074 10076
20073 3 0 10101 10076 10103
20074 3 0 10102 10101 10103
20075 3 0 10102 10103 10104
20076 3 0 10105 10095 10094
20077 3 0 10105 10094 10102
20078 3 0 10102 10094 10088
20079 3 0 10106 10100 10099
20080 3 0 10099 10095 10105
20081 3 0 10108 10099 10105
20082 3 0 10106 10099 10108
20083 3 0 10104 10107 10109
20084 3 0 10104 10109 10102
20085 3 0 10102 10109 10105
20086 3 0 10108 10105 10109
20087 3 0 10108 10109 10110
20088 3 0 10106 10108 10110
20089 3 0 10106 10110 10111
20090 3 0 10110 10109 10107
20091 3 0 10110 10107 10112
20092 3 0 10111 10110 10112
20093 3 0 10111 10112 10113
20094 3 0 10115 10071 10070
20095 3 0 10115 10070 10114
20096 3 0 10114 10070 10029
20097 3 0 10072 10071 10115
20098 3 0 10072 10115 10116
20099 3 0 10115 10114 10036
20100 3 0 10115 10036 10117
20101 3 0 10116 10115 10117
20102 3 0 10116 10117 10118
20103 3 0 10119 10076 10075
20104 3 0 10075 10072 10116
20105 3 0 10116 10118 10119
20106 3 0 10119 10075 10116
20107 3 0 10120 10118 10117
20108 3 0 10120 10117 10038
20109 3 0 10038 10117 10036
20110 3 0 10119 10118 10120
20111 3 0 10119 10120 10121
20112 3 0 10119 10122 10123
20113 3 0 10123 10104 10103
20114 3 0 10103 10076 10119
20115 3 0 10119 10123 10103
20116 3 0 10107 10104 10123
20117 3 0 10107 10123 10124
20118 3 0 10125 10113 10112
20119 3 0 10125 10112 10124
20120 3 0 10124 10112 10107
20121 3 0 10124 10123 10122
20122 3 0 10124 10122 10126
20123 3 0 10125 10124 10126
20124 3 0 10125 10126 10127
20125 3 0 10122 10119 10121
20126 3 0 10122 10121 10128
20127 3 0 10129 10127 10126
20128 3 0 10129 10126 10128
20129 3 0 10128 10126 10122
20130 3 0 10130 9523 9781
20131 3 0 10130 9781 10131
20132 3 0 10131 9781 9783
20133 3 0 9557 10130 10131
20134 3 0 9557 10131 10132
20135 3 0 10131 9783 9798
20136 3 0 10131 9798 10133
20137 3 0 10133 9798 9800
20138 3 0 10132 10131 10133
20139 3 0 10132 10133 10134
20140 3 0 10150 10144 10135
20141 3 0 10144 10150 10132
20142 3 0 10132 10134 10144
20143 3 0 9558 9557 10132
20144 3 0 9558 10132 10150
20145 3 0 10133 9800 9832
20146 3 0 9832 9834 10138
20147 3 0 10138 10136 10133
20148 3 0 10133 9832 10138
20149 3 0 10134 10133 10136
20150 3 0 10134 10136 10137
20151 3 0 10138 9834 9845
20152 3 0 10138 9845 10139
20153 3 0 10136 10138 10139
20154 3 0 10136 10139 10140
20155 3 0 10139 9845 9850
20156 3 0 9850 9852 10174
20157 3 0 10174 10141 10139
20158 3 0 10139 9850 10174
20159 3 0 10140 10139 10141
20160 3 0 10140 10141 10142
20161 3 0 10137 10136 10140
20162 3 0 10140 10142 10183
20163 3 0 10183 10143 10137
20164 3 0 10137 10140 10183
20165 3 0 10144 10134 10137
20166 3 0 10144 10137 10145
20167 3 0 10135 10144 10145
20168 3 0 10135 10145 10146
20169 3 0 10137 10143 10205
20170 3 0 10137 10205 10145
20171 3 0 10145 10205 10147
20172 3 0 10145 10147 10218
20173 3 0 10145 10218 10146
20174 3 0 10146 10218 10148
20175 3 0 10149 9558 10150
20176 3 0 10149 10150 10151
20177 3 0 9561 10149 10151
20178 3 0 9561 10151 10152
20179 3 0 10151 10150 10135
20180 3 0 10151 10135 10153
20181 3 0 10152 10151 10153
20182 3 0 10152 10153 10154
20183 3 0 9562 9561 10152
20184 3 0 10152 10154 10165
20185 3 0 10165 10155 9562
20186 3 0 9562 10152 10165
20187 3 0 10153 10135 10146
20188 3 0 10153 10146 10156
20189 3 0 10153 10156 10159
20190 3 0 10153 10159 10154
20191 3 0 10154 10159 10157
20192 3 0 10146 10148 10255
20193 3 0 10255 10158 10160
20194 3 0 10160 10156 10146
20195 3 0 10146 10255 10160
20196 3 0 10159 10156 10160
20197 3 0 10159 10160 10161
20198 3 0 10157 10159 10161
20199 3 0 10157 10161 10162
20200 3 0 10161 10160 10158
20201 3 0 10161 10158 10163
20202 3 0 10162 10161 10163
20203 3 0 10162 10163 10164
20204 3 0 10154 10157 10168
20205 3 0 10154 10168 10165
20206 3 0 10165 10168 10166
20207 3 0 10155 10165 10166
20208 3 0 10155 10166 10167
20209 3 0 10168 10157 10162
20210 3 0 10168 10162 10169
20211 3 0 10166 10168 10169
20212 3 0 10166 10169 10170
20213 3 0 10169 10162 10164
20214 3 0 10169 10164 10171
20215 3 0 10170 10169 10171
20216 3 0 10170 10171 10172
20217 3 0 10167 10166 10170
20218 3 0 10170 10172 10272
20219 3 0 10272 10173 10167
20220 3 0 10167 10170 10272
20221 3 0 10174 9852 10175
20222 3 0 10174 10175 10176
20223 3 0 10141 10174 10176
20224 3 0 10141 10176 10177
20225 3 0 10176 10175 9947
20226 3 0 10176 9947 10178
20227 3 0 10177 10176 10178
20228 3 0 10177 10178 10179
20229 3 0 10142 10141 10177
20230 3 0 10142 10177 10180
20231 3 0 10180 10177 10179
20232 3 0 10181 10179 10178
20233 3 0 10181 10178 9949
20234 3 0 9949 10178 9947
20235 3 0 10181 10182 10187
20236 3 0 10181 10187 10179
20237 3 0 10179 10187 10180
20238 3 0 10142 10180 10186
20239 3 0 10142 10186 10183
20240 3 0 10183 10186 10184
20241 3 0 10183 10184 10192
20242 3 0 10183 10192 10143
20243 3 0 10143 10192 10185
20244 3 0 10186 10180 10187
20245 3 0 10186 10187 10188
20246 3 0 10184 10186 10188
20247 3 0 10184 10188 10189
20248 3 0 10188 10187 10182
20249 3 0 10188 10182 10190
20250 3 0 10189 10188 10190
20251 3 0 10189 10190 10191
20252 3 0 10192 10184 10189
20253 3 0 10192 10189 10193
20254 3 0 10185 10192 10193
20255 3 0 10185 10193 10194
20256 3 0 10193 10189 10191
20257 3 0 10193 10191 10195
20258 3 0 10194 10193 10195
20259 3 0 10194 10195 10196
20260 3 0 10181 9949 9956
20261 3 0 10181 9956 10197
20262 3 0 10182 10181 10197
20263 3 0 10182 10197 10198
20264 3 0 10197 9956 9958
20265 3 0 10197 9958 10199
20266 3 0 10198 10197 10199
20267 3 0 10198 10199 10200
20268 3 0 10201 10191 10190
20269 3 0 10201 10190 10198
20270 3 0 10198 10190 10182
20271 3 0 10202 10196 10195
20272 3 0 10202 10195 10201
20273 3 0 10201 10195 10191
20274 3 0 10201 10198 10200
20275 3 0 10201 10200 10203
20276 3 0 10202 10201 10203
20277 3 0 10202 10203 10204
20278 3 0 10143 10185 10208
20279 3 0 10143 10208 10205
20280 3 0 10205 10208 10206
20281 3 0 10205 10206 10213
20282 3 0 10205 10213 10147
20283 3 0 10147 10213 10207
20284 3 0 10208 10185 10194
20285 3 0 10208 10194 10209
20286 3 0 10206 10208 10209
20287 3 0 10206 10209 10210
20288 3 0 10209 10194 10196
20289 3 0 10209 10196 10211
20290 3 0 10210 10209 10211
20291 3 0 10210 10211 10212
20292 3 0 10213 10206 10210
20293 3 0 10213 10210 10214
20294 3 0 10207 10213 10214
20295 3 0 10207 10214 10215
20296 3 0 10214 10210 10212
20297 3 0 10214 10212 10216
20298 3 0 10215 10214 10216
20299 3 0 10215 10216 10217
20300 3 0 10218 10147 10207
20301 3 0 10218 10207 10219
20302 3 0 10148 10218 10219
20303 3 0 10148 10219 10220
20304 3 0 10219 10207 10215
20305 3 0 10219 10215 10221
20306 3 0 10221 10215 10217
20307 3 0 10220 10219 10221
20308 3 0 10220 10221 10222
20309 3 0 10223 10212 10211
20310 3 0 10223 10211 10202
20311 3 0 10202 10211 10196
20312 3 0 10224 10217 10216
20313 3 0 10224 10216 10223
20314 3 0 10223 10216 10212
20315 3 0 10223 10202 10204
20316 3 0 10223 10204 10225
20317 3 0 10224 10223 10225
20318 3 0 10224 10225 10226
20319 3 0 10221 10217 10224
20320 3 0 10221 10224 10227
20321 3 0 10227 10228 10262
20322 3 0 10227 10262 10221
20323 3 0 10221 10262 10222
20324 3 0 10227 10224 10226
20325 3 0 10227 10226 10229
20326 3 0 10228 10227 10229
20327 3 0 10228 10229 10230
20328 3 0 10231 10200 10199
20329 3 0 10199 9958 9972
20330 3 0 10233 10199 9972
20331 3 0 10231 10199 10233
20332 3 0 10232 10204 10203
20333 3 0 10203 10200 10231
20334 3 0 10238 10203 10231
20335 3 0 10232 10203 10238
20336 3 0 10233 9972 9980
20337 3 0 10233 9980 10234
20338 3 0 10231 10233 10234
20339 3 0 10231 10234 10235
20340 3 0 10234 9980 9982
20341 3 0 10234 9982 10236
20342 3 0 10235 10234 10236
20343 3 0 10235 10236 10237
20344 3 0 10238 10231 10235
20345 3 0 10238 10235 10239
20346 3 0 10232 10238 10239
20347 3 0 10232 10239 10240
20348 3 0 10239 10235 10237
20349 3 0 10239 10237 10241
20350 3 0 10240 10239 10241
20351 3 0 10240 10241 10242
20352 3 0 10243 10226 10225
20353 3 0 10225 10204 10232
20354 3 0 10245 10225 10232
20355 3 0 10243 10225 10245
20356 3 0 10244 10230 10229
20357 3 0 10229 10226 10243
20358 3 0 10250 10229 10243
20359 3 0 10244 10229 10250
20360 3 0 10245 10232 10240
20361 3 0 10245 10240 10246
20362 3 0 10243 10245 10246
20363 3 0 10243 10246 10247
20364 3 0 10246 10240 10242
20365 3 0 10246 10242 10248
20366 3 0 10247 10246 10248
20367 3 0 10247 10248 10249
20368 3 0 10250 10243 10247
20369 3 0 10250 10247 10251
20370 3 0 10244 10250 10251
20371 3 0 10244 10251 10252
20372 3 0 10251 10247 10249
20373 3 0 10251 10249 10253
20374 3 0 10252 10251 10253
20375 3 0 10252 10253 10254
20376 3 0 10255 10148 10220
20377 3 0 10255 10220 10256
20378 3 0 10158 10255 10256
20379 3 0 10158 10256 10257
20380 3 0 10220 10222 10261
20381 3 0 10220 10261 10256
20382 3 0 10256 10261 10258
20383 3 0 10257 10256 10258
20384 3 0 10257 10258 10259
20385 3 0 10260 10164 10163
20386 3 0 10163 10158 10257
20387 3 0 10257 10259 10260
20388 3 0 10260 10163 10257
20389 3 0 10261 10222 10262
20390 3 0 10261 10262 10263
20391 3 0 10258 10261 10263
20392 3 0 10258 10263 10264
20393 3 0 10263 10262 10228
20394 3 0 10263 10228 10265
20395 3 0 10264 10263 10265
20396 3 0 10264 10265 10266
20397 3 0 10259 10258 10264
20398 3 0 10259 10264 10267
20399 3 0 10267 10264 10266
20400 3 0 10268 10266 10265
20401 3 0 10268 10265 10230
20402 3 0 10230 10265 10228
20403 3 0 10267 10266 10268
20404 3 0 10267 10268 10269
20405 3 0 10279 10289 10270
20406 3 0 10289 10279 10267
20407 3 0 10267 10269 10289
20408 3 0 10260 10259 10267
20409 3 0 10260 10267 10279
20410 3 0 10171 10273 10172
20411 3 0 10273 10171 10278
20412 3 0 10278 10271 10273
20413 3 0 10164 10260 10278
20414 3 0 10164 10278 10171
20415 3 0 10272 10172 10273
20416 3 0 10272 10273 10274
20417 3 0 10173 10272 10274
20418 3 0 10173 10274 10275
20419 3 0 10274 10273 10271
20420 3 0 10274 10271 10276
20421 3 0 10275 10274 10276
20422 3 0 10275 10276 10277
20423 3 0 10278 10260 10279
20424 3 0 10278 10279 10280
20425 3 0 10271 10278 10280
20426 3 0 10271 10280 10281
20427 3 0 10280 10279 10270
20428 3 0 10280 10270 10282
20429 3 0 10281 10280 10282
20430 3 0 10281 10282 10283
20431 3 0 10276 10271 10281
20432 3 0 10276 10281 10284
20433 3 0 10277 10276 10284
20434 3 0 10277 10284 10285
20435 3 0 10284 10281 10283
20436 3 0 10284 10283 10286
20437 3 0 10285 10284 10286
20438 3 0 10285 10286 10287
20439 3 0 10244 10288 10290
20440 3 0 10290 10269 10268
20441 3 0 10268 10230 10244
20442 3 0 10244 10290 10268
20443 3 0 10289 10269 10290
20444 3 0 10289 10290 10291
20445 3 0 10270 10289 10291
20446 3 0 10270 10291 10292
20447 3 0 10291 10290 10288
20448 3 0 10291 10288 10293
20449 3 0 10292 10291 10293
20450 3 0 10292 10293 10294
20451 3 0 10288 10244 10252
20452 3 0 10288 10252 10295
20453 3 0 10295 10252 10254
20454 3 0 10296 10294 10293
20455 3 0 10296 10293 10295
20456 3 0 10295 10293 10288
20457 3 0 10282 10270 10292
20458 3 0 10282 10292 10297
20459 3 0 10283 10282 10297
20460 3 0 10283 10297 10298
20461 3 0 10297 10292 10294
20462 3 0 10297 10294 10299
20463 3 0 10298 10297 10299
20464 3 0 10298 10299 10300
20465 3 0 10286 10283 10298
20466 3 0 10286 10298 10301
20467 3 0 10301 10302 10420
20468 3 0 10301 10420 10286
20469 3 0 10286 10420 10287
20470 3 0 10301 10298 10300
20471 3 0 10301 10300 10303
20472 3 0 10302 10301 10303
20473 3 0 10302 10303 10304
20474 3 0 10305 10300 10299
20475 3 0 10305 10299 10296
20476 3 0 10296 10299 10294
20477 3 0 10306 10304 10303
20478 3 0 10303 10300 10305
20479 3 0 10530 10303 10305
20480 3 0 10306 10303 10530
20481 3 0 9562 10155 10310
20482 3 0 9562 10310 10307
20483 3 0 10307 10310 10308
20484 3 0 10307 10308 10315
20485 3 0 10315 10309 10321
20486 3 0 10321 9575 10307
20487 3 0 10307 10315 10321
20488 3 0 10310 10155 10167
20489 3 0 10310 10167 10311
20490 3 0 10308 10310 10311
20491 3 0 10308 10311 10312
20492 3 0 10167 10173 10388
20493 3 0 10167 10388 10311
20494 3 0 10311 10388 10313
20495 3 0 10311 10313 10393
20496 3 0 10311 10393 10312
20497 3 0 10312 10393 10314
20498 3 0 10315 10308 10312
20499 3 0 10315 10312 10316
20500 3 0 10316 10317 10349
20501 3 0 10316 10349 10315
20502 3 0 10315 10349 10309
20503 3 0 10312 10314 10403
20504 3 0 10312 10403 10316
20505 3 0 10316 10403 10318
20506 3 0 10316 10318 10408
20507 3 0 10316 10408 10317
20508 3 0 10317 10408 10319
20509 3 0 10320 9575 10321
20510 3 0 10320 10321 10322
20511 3 0 9583 10320 10322
20512 3 0 9583 10322 10323
20513 3 0 10321 10309 10348
20514 3 0 10321 10348 10322
20515 3 0 10322 10348 10324
20516 3 0 10322 10324 10354
20517 3 0 10354 10325 10334
20518 3 0 10334 10323 10322
20519 3 0 10322 10354 10334
20520 3 0 9583 10323 10333
20521 3 0 10333 10326 10328
20522 3 0 10328 9587 9583
20523 3 0 9583 10333 10328
20524 3 0 10327 9587 10328
20525 3 0 10327 10328 10329
20526 3 0 9588 10327 10329
20527 3 0 9588 10329 10330
20528 3 0 10329 10328 10326
20529 3 0 10329 10326 10331
20530 3 0 10330 10329 10331
20531 3 0 10330 10331 10332
20532 3 0 10333 10323 10334
20533 3 0 10333 10334 10335
20534 3 0 10326 10333 10335
20535 3 0 10326 10335 10336
20536 3 0 10335 10334 10325
20537 3 0 10335 10325 10337
20538 3 0 10335 10337 10371
20539 3 0 10335 10371 10336
20540 3 0 10336 10371 10338
20541 3 0 10331 10326 10336
20542 3 0 10331 10336 10339
20543 3 0 10331 10339 10342
20544 3 0 10342 10340 11396
20545 3 0 11396 10332 10331
20546 3 0 10331 10342 11396
20547 3 0 10338 10341 10343
20548 3 0 10338 10343 10336
20549 3 0 10336 10343 10339
20550 3 0 10342 10339 10343
20551 3 0 10342 10343 10344
20552 3 0 10340 10342 10344
20553 3 0 10340 10344 10345
20554 3 0 10344 10343 10341
20555 3 0 10344 10341 10346
20556 3 0 10345 10344 10346
20557 3 0 10345 10346 10347
20558 3 0 10348 10309 10349
20559 3 0 10348 10349 10350
20560 3 0 10324 10348 10350
20561 3 0 10324 10350 10351
20562 3 0 10350 10349 10317
20563 3 0 10350 10317 10352
20564 3 0 10352 10353 10358
20565 3 0 10352 10358 10350
20566 3 0 10350 10358 10351
20567 3 0 10324 10351 10357
20568 3 0 10324 10357 10354
20569 3 0 10354 10357 10355
20570 3 0 10325 10354 10355
20571 3 0 10325 10355 10356
20572 3 0 10357 10351 10358
20573 3 0 10357 10358 10359
20574 3 0 10355 10357 10359
20575 3 0 10355 10359 10360
20576 3 0 10359 10358 10353
20577 3 0 10359 10353 10361
20578 3 0 10360 10359 10361
20579 3 0 10360 10361 10362
20580 3 0 10356 10355 10360
20581 3 0 10356 10360 10363
20582 3 0 10363 10360 10362
20583 3 0 10352 10365 10353
20584 3 0 10365 10352 10444
20585 3 0 10444 10364 10365
20586 3 0 10317 10319 10444
20587 3 0 10317 10444 10352
20588 3 0 10366 10362 10361
20589 3 0 10366 10361 10365
20590 3 0 10365 10361 10353
20591 3 0 10363 10362 10366
20592 3 0 10363 10366 10367
20593 3 0 10366 10365 10364
20594 3 0 10366 10364 10368
20595 3 0 10367 10366 10368
20596 3 0 10367 10368 10369
20597 3 0 10356 10370 10372
20598 3 0 10356 10372 10325
20599 3 0 10325 10372 10337
20600 3 0 10371 10337 10372
20601 3 0 10371 10372 10373
20602 3 0 10338 10371 10373
20603 3 0 10338 10373 10374
20604 3 0 10373 10372 10370
20605 3 0 10373 10370 10375
20606 3 0 10374 10373 10375
20607 3 0 10374 10375 10376
20608 3 0 10370 10356 10363
20609 3 0 10370 10363 10377
20610 3 0 10378 10376 10375
20611 3 0 10378 10375 10377
20612 3 0 10377 10375 10370
20613 3 0 10341 10338 10374
20614 3 0 10341 10374 10379
20615 3 0 10379 10374 10376
20616 3 0 10380 10347 10346
20617 3 0 10380 10346 10379
20618 3 0 10379 10346 10341
20619 3 0 10379 10376 10378
20620 3 0 10379 10378 10381
20621 3 0 10380 10379 10381
20622 3 0 10380 10381 10382
20623 3 0 10377 10363 10367
20624 3 0 10377 10367 10383
20625 3 0 10378 10377 10383
20626 3 0 10378 10383 10384
20627 3 0 10383 10367 10369
20628 3 0 10383 10369 10385
20629 3 0 10384 10383 10385
20630 3 0 10384 10385 10386
20631 3 0 10387 10382 10381
20632 3 0 10381 10378 10384
20633 3 0 10384 10386 10387
20634 3 0 10387 10381 10384
20635 3 0 10388 10173 10275
20636 3 0 10388 10275 10389
20637 3 0 10313 10388 10389
20638 3 0 10313 10389 10390
20639 3 0 10389 10275 10277
20640 3 0 10389 10277 10391
20641 3 0 10390 10389 10391
20642 3 0 10390 10391 10392
20643 3 0 10393 10313 10390
20644 3 0 10393 10390 10394
20645 3 0 10314 10393 10394
20646 3 0 10314 10394 10395
20647 3 0 10394 10390 10392
20648 3 0 10394 10392 10396
20649 3 0 10395 10394 10396
20650 3 0 10395 10396 10397
20651 3 0 10391 10277 10285
20652 3 0 10391 10285 10398
20653 3 0 10392 10391 10398
20654 3 0 10392 10398 10399
20655 3 0 10285 10287 10419
20656 3 0 10285 10419 10398
20657 3 0 10398 10419 10400
20658 3 0 10399 10398 10400
20659 3 0 10399 10400 10401
20660 3 0 10399 10396 10392
20661 3 0 10396 10399 10413
20662 3 0 10413 10397 10396
20663 3 0 10401 10402 10413
20664 3 0 10401 10413 10399
20665 3 0 10403 10314 10395
20666 3 0 10403 10395 10404
20667 3 0 10318 10403 10404
20668 3 0 10318 10404 10405
20669 3 0 10404 10395 10397
20670 3 0 10404 10397 10406
20671 3 0 10405 10404 10406
20672 3 0 10405 10406 10407
20673 3 0 10408 10318 10405
20674 3 0 10408 10405 10409
20675 3 0 10319 10408 10409
20676 3 0 10319 10409 10410
20677 3 0 10409 10405 10407
20678 3 0 10409 10407 10411
20679 3 0 10410 10409 10411
20680 3 0 10410 10411 10412
20681 3 0 10406 10397 10413
20682 3 0 10406 10413 10414
20683 3 0 10407 10406 10414
20684 3 0 10407 10414 10415
20685 3 0 10414 10413 10402
20686 3 0 10414 10402 10416
20687 3 0 10415 10414 10416
20688 3 0 10415 10416 10417
20689 3 0 10418 10412 10411
20690 3 0 10411 10407 10415
20691 3 0 10415 10417 10418
20692 3 0 10418 10411 10415
20693 3 0 10419 10287 10420
20694 3 0 10419 10420 10421
20695 3 0 10400 10419 10421
20696 3 0 10400 10421 10422
20697 3 0 10421 10420 10302
20698 3 0 10421 10302 10423
20699 3 0 10422 10421 10423
20700 3 0 10422 10423 10424
20701 3 0 10401 10400 10422
20702 3 0 10401 10422 10425
20703 3 0 10425 10422 10424
20704 3 0 10426 10424 10423
20705 3 0 10426 10423 10304
20706 3 0 10304 10423 10302
20707 3 0 10425 10424 10426
20708 3 0 10425 10426 10427
20709 3 0 10402 10401 10425
20710 3 0 10402 10425 10428
20711 3 0 10428 10425 10427
20712 3 0 10429 10427 10426
20713 3 0 10426 10304 10306
20714 3 0 10566 10426 10306
20715 3 0 10429 10426 10566
20716 3 0 10429 10430 10434
20717 3 0 10429 10434 10427
20718 3 0 10427 10434 10428
20719 3 0 10431 10417 10416
20720 3 0 10416 10402 10428
20721 3 0 10433 10416 10428
20722 3 0 10431 10416 10433
20723 3 0 10417 10431 10439
20724 3 0 10439 10432 10466
20725 3 0 10466 10418 10417
20726 3 0 10417 10439 10466
20727 3 0 10433 10428 10434
20728 3 0 10433 10434 10435
20729 3 0 10431 10433 10435
20730 3 0 10431 10435 10436
20731 3 0 10435 10434 10430
20732 3 0 10435 10430 10437
20733 3 0 10436 10435 10437
20734 3 0 10436 10437 10438
20735 3 0 10439 10431 10436
20736 3 0 10439 10436 10440
20737 3 0 10432 10439 10440
20738 3 0 10432 10440 10441
20739 3 0 10440 10436 10438
20740 3 0 10440 10438 10442
20741 3 0 10441 10440 10442
20742 3 0 10441 10442 10443
20743 3 0 10444 10319 10410
20744 3 0 10444 10410 10445
20745 3 0 10364 10444 10445
20746 3 0 10364 10445 10446
20747 3 0 10445 10410 10412
20748 3 0 10445 10412 10447
20749 3 0 10446 10445 10447
20750 3 0 10446 10447 10448
20751 3 0 10449 10369 10368
20752 3 0 10368 10364 10446
20753 3 0 10446 10448 10449
20754 3 0 10449 10368 10446
20755 3 0 10450 10448 10447
20756 3 0 10447 10412 10418
20757 3 0 10465 10447 10418
20758 3 0 10450 10447 10465
20759 3 0 10450 10451 10455
20760 3 0 10450 10455 10448
20761 3 0 10448 10455 10449
20762 3 0 10452 10386 10385
20763 3 0 10385 10369 10449
20764 3 0 10454 10385 10449
20765 3 0 10452 10385 10454
20766 3 0 10386 10452 10460
20767 3 0 10386 10460 10387
20768 3 0 10387 10460 10453
20769 3 0 10454 10449 10455
20770 3 0 10454 10455 10456
20771 3 0 10452 10454 10456
20772 3 0 10452 10456 10457
20773 3 0 10456 10455 10451
20774 3 0 10456 10451 10458
20775 3 0 10457 10456 10458
20776 3 0 10457 10458 10459
20777 3 0 10460 10452 10457
20778 3 0 10460 10457 10461
20779 3 0 10453 10460 10461
20780 3 0 10453 10461 10462
20781 3 0 10461 10457 10459
20782 3 0 10461 10459 10463
20783 3 0 10462 10461 10463
20784 3 0 10462 10463 10464
20785 3 0 10465 10418 10466
20786 3 0 10465 10466 10467
20787 3 0 10450 10465 10467
20788 3 0 10450 10467 10468
20789 3 0 10467 10466 10432
20790 3 0 10467 10432 10469
20791 3 0 10468 10467 10469
20792 3 0 10468 10469 10470
20793 3 0 10451 10450 10468
20794 3 0 10468 10470 10473
20795 3 0 10473 10471 10451
20796 3 0 10451 10468 10473
20797 3 0 10441 10469 10432
20798 3 0 10469 10441 10474
20799 3 0 10474 10470 10469
20800 3 0 10443 10472 10474
20801 3 0 10443 10474 10441
20802 3 0 10473 10470 10474
20803 3 0 10473 10474 10475
20804 3 0 10471 10473 10475
20805 3 0 10471 10475 10476
20806 3 0 10475 10474 10472
20807 3 0 10475 10472 10477
20808 3 0 10476 10475 10477
20809 3 0 10476 10477 10478
20810 3 0 10479 10459 10458
20811 3 0 10479 10458 10471
20812 3 0 10471 10458 10451
20813 3 0 10480 10464 10463
20814 3 0 10480 10463 10479
20815 3 0 10479 10463 10459
20816 3 0 10479 10471 10476
20817 3 0 10476 10478 10611
20818 3 0 10611 10481 10479
20819 3 0 10479 10476 10611
20820 3 0 10481 10482 11507
20821 3 0 10481 11507 10479
20822 3 0 10479 11507 10480
20823 3 0 10483 10237 10236
20824 3 0 10236 9982 10090
20825 3 0 10485 10236 10090
20826 3 0 10483 10236 10485
20827 3 0 10484 10242 10241
20828 3 0 10484 10241 10483
20829 3 0 10483 10241 10237
20830 3 0 10485 10090 10098
20831 3 0 10485 10098 10486
20832 3 0 10483 10485 10486
20833 3 0 10483 10486 10487
20834 3 0 10486 10098 10100
20835 3 0 10486 10100 10488
20836 3 0 10487 10486 10488
20837 3 0 10487 10488 10489
20838 3 0 10484 10483 10487
20839 3 0 10484 10487 10490
20840 3 0 10490 10487 10489
20841 3 0 10491 10249 10248
20842 3 0 10491 10248 10484
20843 3 0 10484 10248 10242
20844 3 0 10492 10254 10253
20845 3 0 10492 10253 10491
20846 3 0 10491 10253 10249
20847 3 0 10491 10484 10490
20848 3 0 10491 10490 10493
20849 3 0 10491 10493 10500
20850 3 0 10500 10494 10519
20851 3 0 10519 10492 10491
20852 3 0 10491 10500 10519
20853 3 0 10495 10489 10488
20854 3 0 10495 10488 10106
20855 3 0 10106 10488 10100
20856 3 0 10490 10489 10495
20857 3 0 10490 10495 10496
20858 3 0 10495 10106 10111
20859 3 0 10495 10111 10497
20860 3 0 10497 10111 10113
20861 3 0 10497 10498 10507
20862 3 0 10497 10507 10495
20863 3 0 10495 10507 10496
20864 3 0 10490 10496 10506
20865 3 0 10506 10499 10501
20866 3 0 10501 10493 10490
20867 3 0 10490 10506 10501
20868 3 0 10500 10493 10501
20869 3 0 10500 10501 10502
20870 3 0 10494 10500 10502
20871 3 0 10494 10502 10503
20872 3 0 10502 10501 10499
20873 3 0 10502 10499 10504
20874 3 0 10503 10502 10504
20875 3 0 10503 10504 10505
20876 3 0 10506 10496 10507
20877 3 0 10506 10507 10508
20878 3 0 10499 10506 10508
20879 3 0 10499 10508 10509
20880 3 0 10508 10507 10498
20881 3 0 10508 10498 10510
20882 3 0 10509 10508 10510
20883 3 0 10509 10510 10511
20884 3 0 10504 10499 10509
20885 3 0 10504 10509 10512
20886 3 0 10505 10504 10512
20887 3 0 10505 10512 10513
20888 3 0 10512 10509 10511
20889 3 0 10512 10511 10514
20890 3 0 10513 10512 10514
20891 3 0 10513 10514 10515
20892 3 0 10254 10492 10518
20893 3 0 10254 10518 10295
20894 3 0 10295 10518 10516
20895 3 0 10295 10516 10524
20896 3 0 10295 10524 10296
20897 3 0 10296 10524 10517
20898 3 0 10518 10492 10519
20899 3 0 10518 10519 10520
20900 3 0 10516 10518 10520
20901 3 0 10516 10520 10521
20902 3 0 10520 10519 10494
20903 3 0 10520 10494 10522
20904 3 0 10521 10520 10522
20905 3 0 10521 10522 10523
20906 3 0 10524 10516 10521
20907 3 0 10524 10521 10525
20908 3 0 10517 10524 10525
20909 3 0 10517 10525 10526
20910 3 0 10525 10521 10523
20911 3 0 10525 10523 10527
20912 3 0 10526 10525 10527
20913 3 0 10526 10527 10528
20914 3 0 10517 10529 10531
20915 3 0 10517 10531 10296
20916 3 0 10296 10531 10305
20917 3 0 10530 10305 10531
20918 3 0 10530 10531 10532
20919 3 0 10306 10530 10532
20920 3 0 10306 10532 10533
20921 3 0 10532 10531 10529
20922 3 0 10532 10529 10534
20923 3 0 10533 10532 10534
20924 3 0 10533 10534 10535
20925 3 0 10529 10517 10526
20926 3 0 10529 10526 10536
20927 3 0 10536 10526 10528
20928 3 0 10537 10535 10534
20929 3 0 10534 10529 10536
20930 3 0 10546 10534 10536
20931 3 0 10537 10534 10546
20932 3 0 10522 10494 10503
20933 3 0 10522 10503 10538
20934 3 0 10523 10522 10538
20935 3 0 10523 10538 10539
20936 3 0 10538 10503 10505
20937 3 0 10538 10505 10540
20938 3 0 10539 10538 10540
20939 3 0 10539 10540 10541
20940 3 0 10542 10528 10527
20941 3 0 10527 10523 10539
20942 3 0 10539 10541 10542
20943 3 0 10542 10527 10539
20944 3 0 10543 10541 10540
20945 3 0 10540 10505 10513
20946 3 0 10513 10515 10543
20947 3 0 10543 10540 10513
20948 3 0 10542 10541 10543
20949 3 0 10542 10543 10544
20950 3 0 10542 10545 10547
20951 3 0 10542 10547 10528
20952 3 0 10528 10547 10536
20953 3 0 10546 10536 10547
20954 3 0 10546 10547 10548
20955 3 0 10537 10546 10548
20956 3 0 10537 10548 10549
20957 3 0 10548 10547 10545
20958 3 0 10548 10545 10550
20959 3 0 10549 10548 10550
20960 3 0 10549 10550 10551
20961 3 0 10545 10542 10544
20962 3 0 10545 10544 10552
20963 3 0 10553 10551 10550
20964 3 0 10553 10550 10552
20965 3 0 10552 10550 10545
20966 3 0 10125 10497 10113
20967 3 0 10497 10125 10555
20968 3 0 10555 10498 10497
20969 3 0 10127 10554 10555
20970 3 0 10127 10555 10125
20971 3 0 10556 10511 10510
20972 3 0 10556 10510 10555
20973 3 0 10555 10510 10498
20974 3 0 10557 10515 10514
20975 3 0 10557 10514 10556
20976 3 0 10556 10514 10511
20977 3 0 10556 10555 10554
20978 3 0 10556 10554 10558
20979 3 0 10557 10556 10558
20980 3 0 10557 10558 10559
20981 3 0 10554 10127 10129
20982 3 0 10554 10129 10560
20983 3 0 10561 10559 10558
20984 3 0 10561 10558 10560
20985 3 0 10560 10558 10554
20986 3 0 10562 10544 10543
20987 3 0 10543 10515 10557
20988 3 0 10557 10559 10562
20989 3 0 10562 10543 10557
20990 3 0 10563 10553 10552
20991 3 0 10563 10552 10562
20992 3 0 10562 10552 10544
20993 3 0 10562 10559 10561
20994 3 0 10562 10561 10564
20995 3 0 10563 10562 10564
20996 3 0 10563 10564 10565
20997 3 0 10566 10306 10533
20998 3 0 10566 10533 10567
20999 3 0 10429 10566 10567
21000 3 0 10429 10567 10568
21001 3 0 10567 10533 10535
21002 3 0 10567 10535 10569
21003 3 0 10568 10567 10569
21004 3 0 10568 10569 10570
21005 3 0 10430 10429 10568
21006 3 0 10430 10568 10571
21007 3 0 10571 10568 10570
21008 3 0 10572 10570 10569
21009 3 0 10569 10535 10537
21010 3 0 10583 10569 10537
21011 3 0 10572 10569 10583
21012 3 0 10570 10572 10588
21013 3 0 10570 10588 10571
21014 3 0 10571 10588 10573
21015 3 0 10574 10438 10437
21016 3 0 10574 10437 10571
21017 3 0 10571 10437 10430
21018 3 0 10575 10443 10442
21019 3 0 10442 10438 10574
21020 3 0 10577 10442 10574
21021 3 0 10575 10442 10577
21022 3 0 10573 10576 10578
21023 3 0 10573 10578 10571
21024 3 0 10571 10578 10574
21025 3 0 10577 10574 10578
21026 3 0 10577 10578 10579
21027 3 0 10575 10577 10579
21028 3 0 10575 10579 10580
21029 3 0 10579 10578 10576
21030 3 0 10579 10576 10581
21031 3 0 10580 10579 10581
21032 3 0 10580 10581 10582
21033 3 0 10583 10537 10549
21034 3 0 10583 10549 10584
21035 3 0 10572 10583 10584
21036 3 0 10572 10584 10585
21037 3 0 10584 10549 10551
21038 3 0 10584 10551 10586
21039 3 0 10585 10584 10586
21040 3 0 10585 10586 10587
21041 3 0 10588 10572 10585
21042 3 0 10588 10585 10589
21043 3 0 10573 10588 10589
21044 3 0 10573 10589 10590
21045 3 0 10589 10585 10587
21046 3 0 10589 10587 10591
21047 3 0 10590 10589 10591
21048 3 0 10590 10591 10592
21049 3 0 10593 10587 10586
21050 3 0 10593 10586 10553
21051 3 0 10553 10586 10551
21052 3 0 10594 10592 10591
21053 3 0 10594 10591 10593
21054 3 0 10593 10591 10587
21055 3 0 10576 10573 10590
21056 3 0 10576 10590 10595
21057 3 0 10595 10590 10592
21058 3 0 10596 10582 10581
21059 3 0 10596 10581 10595
21060 3 0 10595 10581 10576
21061 3 0 10595 10592 10594
21062 3 0 10595 10594 10597
21063 3 0 10596 10595 10597
21064 3 0 10596 10597 10598
21065 3 0 10443 10575 10605
21066 3 0 10605 10599 10600
21067 3 0 10600 10472 10443
21068 3 0 10443 10605 10600
21069 3 0 10477 10472 10600
21070 3 0 10477 10600 10601
21071 3 0 10478 10477 10601
21072 3 0 10478 10601 10602
21073 3 0 10601 10600 10599
21074 3 0 10601 10599 10603
21075 3 0 10602 10601 10603
21076 3 0 10602 10603 10604
21077 3 0 10605 10575 10580
21078 3 0 10605 10580 10606
21079 3 0 10599 10605 10606
21080 3 0 10599 10606 10607
21081 3 0 10606 10580 10582
21082 3 0 10606 10582 10608
21083 3 0 10607 10606 10608
21084 3 0 10607 10608 10609
21085 3 0 10610 10604 10603
21086 3 0 10603 10599 10607
21087 3 0 10607 10609 10610
21088 3 0 10610 10603 10607
21089 3 0 10611 10478 10602
21090 3 0 10611 10602 10612
21091 3 0 10481 10611 10612
21092 3 0 10481 10612 10613
21093 3 0 10612 10602 10604
21094 3 0 10612 10604 10614
21095 3 0 10613 10612 10614
21096 3 0 10613 10614 10615
21097 3 0 10482 10481 10613
21098 3 0 10482 10613 10616
21099 3 0 10616 10613 10615
21100 3 0 10617 10615 10614
21101 3 0 10617 10614 10610
21102 3 0 10610 10614 10604
21103 3 0 10616 10615 10617
21104 3 0 10616 10617 10618
21105 3 0 10619 10609 10608
21106 3 0 10619 10608 10596
21107 3 0 10596 10608 10582
21108 3 0 10610 10609 10619
21109 3 0 10610 10619 10620
21110 3 0 10619 10596 10598
21111 3 0 10619 10598 10621
21112 3 0 10620 10619 10621
21113 3 0 10620 10621 10622
21114 3 0 10623 10618 10617
21115 3 0 10617 10610 10620
21116 3 0 10620 10622 10623
21117 3 0 10623 10617 10620
21118 3 0 10624 10594 10593
21119 3 0 10624 10593 10563
21120 3 0 10563 10593 10553
21121 3 0 10625 10598 10597
21122 3 0 10625 10597 10624
21123 3 0 10624 10597 10594
21124 3 0 10624 10563 10565
21125 3 0 10624 10565 10626
21126 3 0 10625 10624 10626
21127 3 0 10625 10626 10627
21128 3 0 10628 10622 10621
21129 3 0 10628 10621 10625
21130 3 0 10625 10621 10598
21131 3 0 10623 10622 10628
21132 3 0 10623 10628 10629
21133 3 0 10628 10625 10627
21134 3 0 10628 10627 10630
21135 3 0 10629 10628 10630
21136 3 0 10629 10630 10631
21137 3 0 9541 10632 10633
21138 3 0 10633 8848 8847
21139 3 0 8847 7956 9541
21140 3 0 9541 10633 8847
21141 3 0 8856 8848 10633
21142 3 0 8856 10633 10634
21143 3 0 8856 10634 10637
21144 3 0 8856 10637 8857
21145 3 0 8857 10637 10635
21146 3 0 10632 10636 10638
21147 3 0 10632 10638 10633
21148 3 0 10633 10638 10634
21149 3 0 10637 10634 10638
21150 3 0 10637 10638 10639
21151 3 0 10635 10637 10639
21152 3 0 10635 10639 10640
21153 3 0 10639 10638 10636
21154 3 0 10639 10636 10641
21155 3 0 10639 10641 10648
21156 3 0 10639 10648 10640
21157 3 0 10640 10648 10642
21158 3 0 9541 9543 10841
21159 3 0 10841 10643 10644
21160 3 0 10644 10632 9541
21161 3 0 9541 10841 10644
21162 3 0 10644 10645 10646
21163 3 0 10644 10646 10632
21164 3 0 10632 10646 10636
21165 3 0 10646 10647 10649
21166 3 0 10646 10649 10636
21167 3 0 10636 10649 10641
21168 3 0 10648 10641 10649
21169 3 0 10648 10649 10650
21170 3 0 10642 10648 10650
21171 3 0 10642 10650 10651
21172 3 0 10650 10649 10647
21173 3 0 10650 10647 10652
21174 3 0 10651 10650 10652
21175 3 0 10651 10652 10653
21176 3 0 10647 10646 10645
21177 3 0 10647 10645 10654
21178 3 0 10655 10653 10652
21179 3 0 10655 10652 10654
21180 3 0 10654 10652 10647
21181 3 0 10645 10644 10643
21182 3 0 10645 10643 10656
21183 3 0 10656 10657 10762
21184 3 0 10762 10655 10654
21185 3 0 10654 10645 10656
21186 3 0 10656 10762 10654
21187 3 0 10658 8915 8914
21188 3 0 8914 8857 10635
21189 3 0 10660 8914 10635
21190 3 0 10658 8914 10660
21191 3 0 10658 10659 10666
21192 3 0 10666 8919 8918
21193 3 0 8918 8915 10658
21194 3 0 10658 10666 8918
21195 3 0 10660 10635 10640
21196 3 0 10660 10640 10661
21197 3 0 10658 10660 10661
21198 3 0 10658 10661 10662
21199 3 0 10640 10642 10735
21200 3 0 10640 10735 10661
21201 3 0 10661 10735 10663
21202 3 0 10662 10661 10663
21203 3 0 10662 10663 10664
21204 3 0 10701 10743 10665
21205 3 0 10743 10701 10662
21206 3 0 10662 10664 10743
21207 3 0 10659 10658 10662
21208 3 0 10659 10662 10701
21209 3 0 8929 8919 10666
21210 3 0 8929 10666 10667
21211 3 0 10667 10668 10671
21212 3 0 10667 10671 8929
21213 3 0 8929 10671 8930
21214 3 0 10667 10666 10659
21215 3 0 10667 10659 10669
21216 3 0 10667 10669 10703
21217 3 0 10703 10670 10688
21218 3 0 10688 10668 10667
21219 3 0 10667 10703 10688
21220 3 0 10671 10672 10673
21221 3 0 10671 10673 8930
21222 3 0 8930 10673 8946
21223 3 0 8950 8946 10673
21224 3 0 8950 10673 10674
21225 3 0 8951 8950 10674
21226 3 0 8951 10674 10675
21227 3 0 10674 10673 10672
21228 3 0 10674 10672 10676
21229 3 0 10675 10674 10676
21230 3 0 10675 10676 10677
21231 3 0 10668 10678 10679
21232 3 0 10668 10679 10671
21233 3 0 10671 10679 10672
21234 3 0 10676 10672 10679
21235 3 0 10676 10679 10680
21236 3 0 10677 10676 10680
21237 3 0 10677 10680 10681
21238 3 0 10680 10679 10678
21239 3 0 10680 10678 10682
21240 3 0 10681 10680 10682
21241 3 0 10681 10682 10683
21242 3 0 8955 8951 10675
21243 3 0 8955 10675 10684
21244 3 0 10684 10675 10677
21245 3 0 8956 8955 10684
21246 3 0 8956 10684 10685
21247 3 0 10684 10677 10681
21248 3 0 10684 10681 10686
21249 3 0 10686 10681 10683
21250 3 0 10685 10684 10686
21251 3 0 10685 10686 10687
21252 3 0 10688 10689 10690
21253 3 0 10688 10690 10668
21254 3 0 10668 10690 10678
21255 3 0 10682 10678 10690
21256 3 0 10682 10690 10691
21257 3 0 10683 10682 10691
21258 3 0 10683 10691 10692
21259 3 0 10691 10690 10689
21260 3 0 10691 10689 10693
21261 3 0 10692 10691 10693
21262 3 0 10692 10693 10694
21263 3 0 10689 10688 10670
21264 3 0 10689 10670 10695
21265 3 0 10696 10694 10693
21266 3 0 10696 10693 10695
21267 3 0 10695 10693 10689
21268 3 0 10686 10683 10692
21269 3 0 10686 10692 10697
21270 3 0 10697 10692 10694
21271 3 0 10687 10686 10697
21272 3 0 10687 10697 10698
21273 3 0 10697 10694 10696
21274 3 0 10697 10696 10699
21275 3 0 10698 10697 10699
21276 3 0 10698 10699 10700
21277 3 0 10701 10702 10704
21278 3 0 10701 10704 10659
21279 3 0 10659 10704 10669
21280 3 0 10703 10669 10704
21281 3 0 10703 10704 10705
21282 3 0 10670 10703 10705
21283 3 0 10670 10705 10706
21284 3 0 10705 10704 10702
21285 3 0 10705 10702 10707
21286 3 0 10707 10708 10723
21287 3 0 10707 10723 10705
21288 3 0 10705 10723 10706
21289 3 0 10701 10665 10790
21290 3 0 10790 10709 10710
21291 3 0 10710 10702 10701
21292 3 0 10701 10790 10710
21293 3 0 10707 10702 10710
21294 3 0 10707 10710 10711
21295 3 0 10707 10711 10714
21296 3 0 10707 10714 10708
21297 3 0 10708 10714 10712
21298 3 0 10710 10709 10801
21299 3 0 10801 10713 10715
21300 3 0 10715 10711 10710
21301 3 0 10710 10801 10715
21302 3 0 10714 10711 10715
21303 3 0 10714 10715 10716
21304 3 0 10712 10714 10716
21305 3 0 10712 10716 10717
21306 3 0 10716 10715 10713
21307 3 0 10716 10713 10718
21308 3 0 10717 10716 10718
21309 3 0 10717 10718 10719
21310 3 0 10670 10706 10722
21311 3 0 10670 10722 10695
21312 3 0 10695 10722 10720
21313 3 0 10696 10695 10720
21314 3 0 10696 10720 10721
21315 3 0 10722 10706 10723
21316 3 0 10722 10723 10724
21317 3 0 10720 10722 10724
21318 3 0 10720 10724 10725
21319 3 0 10724 10723 10708
21320 3 0 10724 10708 10726
21321 3 0 10725 10724 10726
21322 3 0 10725 10726 10727
21323 3 0 10721 10720 10725
21324 3 0 10721 10725 10728
21325 3 0 10728 10725 10727
21326 3 0 10729 10700 10699
21327 3 0 10699 10696 10721
21328 3 0 10721 10728 10729
21329 3 0 10729 10699 10721
21330 3 0 10730 10727 10726
21331 3 0 10730 10726 10712
21332 3 0 10712 10726 10708
21333 3 0 10728 10727 10730
21334 3 0 10728 10730 10731
21335 3 0 10730 10712 10717
21336 3 0 10730 10717 10732
21337 3 0 10732 10717 10719
21338 3 0 10731 10730 10732
21339 3 0 10731 10732 10733
21340 3 0 10729 10728 10731
21341 3 0 10729 10731 10734
21342 3 0 10734 10731 10733
21343 3 0 10735 10642 10651
21344 3 0 10735 10651 10736
21345 3 0 10663 10735 10736
21346 3 0 10663 10736 10737
21347 3 0 10736 10651 10653
21348 3 0 10736 10653 10738
21349 3 0 10737 10736 10738
21350 3 0 10737 10738 10739
21351 3 0 10664 10663 10737
21352 3 0 10664 10737 10740
21353 3 0 10740 10737 10739
21354 3 0 10741 10739 10738
21355 3 0 10741 10738 10655
21356 3 0 10655 10738 10653
21357 3 0 10741 10742 10747
21358 3 0 10741 10747 10739
21359 3 0 10739 10747 10740
21360 3 0 10664 10740 10746
21361 3 0 10664 10746 10743
21362 3 0 10743 10746 10744
21363 3 0 10743 10744 10752
21364 3 0 10752 10745 10791
21365 3 0 10791 10665 10743
21366 3 0 10743 10752 10791
21367 3 0 10746 10740 10747
21368 3 0 10746 10747 10748
21369 3 0 10744 10746 10748
21370 3 0 10744 10748 10749
21371 3 0 10748 10747 10742
21372 3 0 10748 10742 10750
21373 3 0 10749 10748 10750
21374 3 0 10749 10750 10751
21375 3 0 10752 10744 10749
21376 3 0 10752 10749 10753
21377 3 0 10752 10753 10756
21378 3 0 10756 10754 10811
21379 3 0 10811 10745 10752
21380 3 0 10752 10756 10811
21381 3 0 10749 10751 10772
21382 3 0 10772 10755 10757
21383 3 0 10757 10753 10749
21384 3 0 10749 10772 10757
21385 3 0 10756 10753 10757
21386 3 0 10756 10757 10758
21387 3 0 10754 10756 10758
21388 3 0 10754 10758 10759
21389 3 0 10758 10757 10755
21390 3 0 10758 10755 10760
21391 3 0 10759 10758 10760
21392 3 0 10759 10760 10761
21393 3 0 10741 10655 10762
21394 3 0 10741 10762 10763
21395 3 0 10763 10764 10767
21396 3 0 10763 10767 10741
21397 3 0 10741 10767 10742
21398 3 0 10763 10762 10657
21399 3 0 10763 10657 10765
21400 3 0 10765 10766 10781
21401 3 0 10765 10781 10763
21402 3 0 10763 10781 10764
21403 3 0 10750 10742 10767
21404 3 0 10750 10767 10768
21405 3 0 10768 10769 10773
21406 3 0 10768 10773 10750
21407 3 0 10750 10773 10751
21408 3 0 10768 10767 10764
21409 3 0 10768 10764 10770
21410 3 0 10769 10768 10770
21411 3 0 10769 10770 10771
21412 3 0 10772 10751 10773
21413 3 0 10772 10773 10774
21414 3 0 10755 10772 10774
21415 3 0 10755 10774 10775
21416 3 0 10774 10773 10769
21417 3 0 10774 10769 10776
21418 3 0 10775 10774 10776
21419 3 0 10775 10776 10777
21420 3 0 10778 10761 10760
21421 3 0 10760 10755 10775
21422 3 0 10775 10777 10778
21423 3 0 10778 10760 10775
21424 3 0 10779 10777 10776
21425 3 0 10779 10776 10771
21426 3 0 10771 10776 10769
21427 3 0 10778 10777 10779
21428 3 0 10778 10779 10780
21429 3 0 10770 10764 10781
21430 3 0 10770 10781 10782
21431 3 0 10771 10770 10782
21432 3 0 10771 10782 10783
21433 3 0 10782 10781 10766
21434 3 0 10782 10766 10784
21435 3 0 10783 10782 10784
21436 3 0 10783 10784 10785
21437 3 0 10779 10771 10783
21438 3 0 10779 10783 10786
21439 3 0 10780 10779 10786
21440 3 0 10780 10786 10787
21441 3 0 10786 10783 10785
21442 3 0 10786 10785 10788
21443 3 0 10787 10786 10788
21444 3 0 10787 10788 10789
21445 3 0 10790 10665 10791
21446 3 0 10790 10791 10792
21447 3 0 10790 10792 10795
21448 3 0 10795 10793 10802
21449 3 0 10802 10709 10790
21450 3 0 10790 10795 10802
21451 3 0 10791 10745 10810
21452 3 0 10810 10794 10796
21453 3 0 10796 10792 10791
21454 3 0 10791 10810 10796
21455 3 0 10795 10792 10796
21456 3 0 10795 10796 10797
21457 3 0 10793 10795 10797
21458 3 0 10793 10797 10798
21459 3 0 10797 10796 10794
21460 3 0 10797 10794 10799
21461 3 0 10798 10797 10799
21462 3 0 10798 10799 10800
21463 3 0 10801 10709 10802
21464 3 0 10801 10802 10803
21465 3 0 10713 10801 10803
21466 3 0 10713 10803 10804
21467 3 0 10803 10802 10793
21468 3 0 10803 10793 10805
21469 3 0 10804 10803 10805
21470 3 0 10804 10805 10806
21471 3 0 10807 10719 10718
21472 3 0 10718 10713 10804
21473 3 0 10804 10806 10807
21474 3 0 10807 10718 10804
21475 3 0 10808 10806 10805
21476 3 0 10805 10793 10798
21477 3 0 10798 10800 10808
21478 3 0 10808 10805 10798
21479 3 0 10807 10806 10808
21480 3 0 10807 10808 10809
21481 3 0 10810 10745 10811
21482 3 0 10810 10811 10812
21483 3 0 10794 10810 10812
21484 3 0 10794 10812 10813
21485 3 0 10812 10811 10754
21486 3 0 10812 10754 10814
21487 3 0 10813 10812 10814
21488 3 0 10813 10814 10815
21489 3 0 10816 10800 10799
21490 3 0 10799 10794 10813
21491 3 0 10813 10815 10816
21492 3 0 10816 10799 10813
21493 3 0 10817 10815 10814
21494 3 0 10814 10754 10759
21495 3 0 10759 10761 10817
21496 3 0 10817 10814 10759
21497 3 0 10816 10815 10817
21498 3 0 10816 10817 10818
21499 3 0 10819 10809 10808
21500 3 0 10808 10800 10816
21501 3 0 10816 10818 10819
21502 3 0 10819 10808 10816
21503 3 0 10820 10733 10732
21504 3 0 10732 10719 10807
21505 3 0 10807 10809 10820
21506 3 0 10820 10732 10807
21507 3 0 10734 10733 10820
21508 3 0 10734 10820 10821
21509 3 0 10820 10809 10819
21510 3 0 10820 10819 10822
21511 3 0 10821 10820 10822
21512 3 0 10821 10822 10823
21513 3 0 10826 10778 10780
21514 3 0 10778 10826 10817
21515 3 0 10817 10761 10778
21516 3 0 10824 10818 10817
21517 3 0 10824 10817 10826
21518 3 0 10819 10818 10824
21519 3 0 10819 10824 10825
21520 3 0 10826 10780 10787
21521 3 0 10826 10787 10827
21522 3 0 10824 10826 10827
21523 3 0 10824 10827 10828
21524 3 0 10827 10787 10789
21525 3 0 10827 10789 10829
21526 3 0 10828 10827 10829
21527 3 0 10828 10829 10830
21528 3 0 10825 10824 10828
21529 3 0 10825 10828 10831
21530 3 0 10831 10828 10830
21531 3 0 10822 10819 10825
21532 3 0 10822 10825 10832
21533 3 0 10822 10832 10835
21534 3 0 10835 10833 11298
21535 3 0 11298 10823 10822
21536 3 0 10822 10835 11298
21537 3 0 10825 10831 11033
21538 3 0 11033 10834 10836
21539 3 0 10836 10832 10825
21540 3 0 10825 11033 10836
21541 3 0 10835 10832 10836
21542 3 0 10835 10836 10837
21543 3 0 10833 10835 10837
21544 3 0 10833 10837 10838
21545 3 0 10837 10836 10834
21546 3 0 10837 10834 10839
21547 3 0 10838 10837 10839
21548 3 0 10838 10839 10840
21549 3 0 10841 9543 9567
21550 3 0 10841 9567 10842
21551 3 0 10643 10841 10842
21552 3 0 10643 10842 10843
21553 3 0 10842 9567 9572
21554 3 0 10842 9572 10844
21555 3 0 10844 9572 9574
21556 3 0 10843 10842 10844
21557 3 0 10843 10844 10845
21558 3 0 10656 10643 10843
21559 3 0 10656 10843 10846
21560 3 0 10656 10846 10849
21561 3 0 10849 10847 10967
21562 3 0 10967 10657 10656
21563 3 0 10656 10849 10967
21564 3 0 10843 10845 10887
21565 3 0 10887 10848 10850
21566 3 0 10850 10846 10843
21567 3 0 10843 10887 10850
21568 3 0 10849 10846 10850
21569 3 0 10849 10850 10851
21570 3 0 10849 10851 10854
21571 3 0 10854 10852 10987
21572 3 0 10987 10847 10849
21573 3 0 10849 10854 10987
21574 3 0 10850 10848 10903
21575 3 0 10903 10853 10855
21576 3 0 10855 10851 10850
21577 3 0 10850 10903 10855
21578 3 0 10854 10851 10855
21579 3 0 10854 10855 10856
21580 3 0 10854 10856 10859
21581 3 0 10859 10857 11007
21582 3 0 11007 10852 10854
21583 3 0 10854 10859 11007
21584 3 0 10855 10853 10914
21585 3 0 10914 10858 10860
21586 3 0 10860 10856 10855
21587 3 0 10855 10914 10860
21588 3 0 10859 10856 10860
21589 3 0 10859 10860 10861
21590 3 0 10857 10859 10861
21591 3 0 10857 10861 10862
21592 3 0 10861 10860 10858
21593 3 0 10861 10858 10863
21594 3 0 10862 10861 10863
21595 3 0 10862 10863 10864
21596 3 0 10844 9574 9580
21597 3 0 9580 9582 10867
21598 3 0 10867 10865 10844
21599 3 0 10844 9580 10867
21600 3 0 10844 10865 10877
21601 3 0 10877 10866 10888
21602 3 0 10888 10845 10844
21603 3 0 10844 10877 10888
21604 3 0 9582 9586 10870
21605 3 0 9582 10870 10867
21606 3 0 10867 10870 10868
21607 3 0 10865 10867 10868
21608 3 0 10865 10868 10869
21609 3 0 10870 9586 10871
21610 3 0 10870 10871 10872
21611 3 0 10868 10870 10872
21612 3 0 10868 10872 10873
21613 3 0 10872 10871 9588
21614 3 0 10872 9588 10874
21615 3 0 10873 10872 10874
21616 3 0 10873 10874 10875
21617 3 0 10869 10868 10873
21618 3 0 10873 10875 11385
21619 3 0 11385 10876 10869
21620 3 0 10869 10873 11385
21621 3 0 10877 10865 10869
21622 3 0 10877 10869 10878
21623 3 0 10877 10878 10881
21624 3 0 10881 10879 10934
21625 3 0 10934 10866 10877
21626 3 0 10877 10881 10934
21627 3 0 10869 10876 11412
21628 3 0 11412 10880 10882
21629 3 0 10882 10878 10869
21630 3 0 10869 11412 10882
21631 3 0 10881 10878 10882
21632 3 0 10881 10882 10883
21633 3 0 10879 10881 10883
21634 3 0 10879 10883 10884
21635 3 0 10882 10880 11421
21636 3 0 10882 11421 10883
21637 3 0 10883 11421 10885
21638 3 0 10885 10886 10956
21639 3 0 10885 10956 10883
21640 3 0 10883 10956 10884
21641 3 0 10887 10845 10888
21642 3 0 10887 10888 10889
21643 3 0 10887 10889 10892
21644 3 0 10892 10890 10904
21645 3 0 10904 10848 10887
21646 3 0 10887 10892 10904
21647 3 0 10888 10866 10933
21648 3 0 10933 10891 10893
21649 3 0 10893 10889 10888
21650 3 0 10888 10933 10893
21651 3 0 10892 10889 10893
21652 3 0 10892 10893 10894
21653 3 0 10892 10894 10897
21654 3 0 10897 10895 10924
21655 3 0 10924 10890 10892
21656 3 0 10892 10897 10924
21657 3 0 10893 10891 10944
21658 3 0 10944 10896 10898
21659 3 0 10898 10894 10893
21660 3 0 10893 10944 10898
21661 3 0 10897 10894 10898
21662 3 0 10897 10898 10899
21663 3 0 10895 10897 10899
21664 3 0 10895 10899 10900
21665 3 0 10899 10898 10896
21666 3 0 10899 10896 10901
21667 3 0 10900 10899 10901
21668 3 0 10900 10901 10902
21669 3 0 10903 10848 10904
21670 3 0 10903 10904 10905
21671 3 0 10903 10905 10908
21672 3 0 10908 10906 10915
21673 3 0 10915 10853 10903
21674 3 0 10903 10908 10915
21675 3 0 10904 10890 10923
21676 3 0 10923 10907 10909
21677 3 0 10909 10905 10904
21678 3 0 10904 10923 10909
21679 3 0 10908 10905 10909
21680 3 0 10908 10909 10910
21681 3 0 10906 10908 10910
21682 3 0 10906 10910 10911
21683 3 0 10910 10909 10907
21684 3 0 10910 10907 10912
21685 3 0 10911 10910 10912
21686 3 0 10911 10912 10913
21687 3 0 10914 10853 10915
21688 3 0 10914 10915 10916
21689 3 0 10858 10914 10916
21690 3 0 10858 10916 10917
21691 3 0 10916 10915 10906
21692 3 0 10916 10906 10918
21693 3 0 10917 10916 10918
21694 3 0 10917 10918 10919
21695 3 0 10920 10864 10863
21696 3 0 10863 10858 10917
21697 3 0 10917 10919 10920
21698 3 0 10920 10863 10917
21699 3 0 10921 10919 10918
21700 3 0 10918 10906 10911
21701 3 0 10911 10913 10921
21702 3 0 10921 10918 10911
21703 3 0 10920 10919 10921
21704 3 0 10920 10921 10922
21705 3 0 10923 10890 10924
21706 3 0 10923 10924 10925
21707 3 0 10907 10923 10925
21708 3 0 10907 10925 10926
21709 3 0 10925 10924 10895
21710 3 0 10925 10895 10927
21711 3 0 10926 10925 10927
21712 3 0 10926 10927 10928
21713 3 0 10929 10913 10912
21714 3 0 10912 10907 10926
21715 3 0 10926 10928 10929
21716 3 0 10929 10912 10926
21717 3 0 10930 10928 10927
21718 3 0 10927 10895 10900
21719 3 0 10900 10902 10930
21720 3 0 10930 10927 10900
21721 3 0 10929 10928 10930
21722 3 0 10929 10930 10931
21723 3 0 10932 10922 10921
21724 3 0 10921 10913 10929
21725 3 0 10929 10931 10932
21726 3 0 10932 10921 10929
21727 3 0 10933 10866 10934
21728 3 0 10933 10934 10935
21729 3 0 10933 10935 10938
21730 3 0 10938 10936 10945
21731 3 0 10945 10891 10933
21732 3 0 10933 10938 10945
21733 3 0 10879 10937 10939
21734 3 0 10879 10939 10934
21735 3 0 10934 10939 10935
21736 3 0 10938 10935 10939
21737 3 0 10938 10939 10940
21738 3 0 10936 10938 10940
21739 3 0 10936 10940 10941
21740 3 0 10940 10939 10937
21741 3 0 10940 10937 10942
21742 3 0 10941 10940 10942
21743 3 0 10941 10942 10943
21744 3 0 10944 10891 10945
21745 3 0 10944 10945 10946
21746 3 0 10896 10944 10946
21747 3 0 10896 10946 10947
21748 3 0 10946 10945 10936
21749 3 0 10946 10936 10948
21750 3 0 10947 10946 10948
21751 3 0 10947 10948 10949
21752 3 0 10950 10902 10901
21753 3 0 10901 10896 10947
21754 3 0 10947 10949 10950
21755 3 0 10950 10901 10947
21756 3 0 10951 10949 10948
21757 3 0 10948 10936 10941
21758 3 0 10941 10943 10951
21759 3 0 10951 10948 10941
21760 3 0 10950 10949 10951
21761 3 0 10950 10951 10952
21762 3 0 10879 10884 10955
21763 3 0 10879 10955 10937
21764 3 0 10937 10955 10953
21765 3 0 10954 10943 10942
21766 3 0 10954 10942 10953
21767 3 0 10953 10942 10937
21768 3 0 10955 10884 10956
21769 3 0 10955 10956 10957
21770 3 0 10953 10955 10957
21771 3 0 10953 10957 10958
21772 3 0 10957 10956 10886
21773 3 0 10957 10886 10959
21774 3 0 10958 10957 10959
21775 3 0 10958 10959 10960
21776 3 0 10954 10953 10958
21777 3 0 10954 10958 10961
21778 3 0 10961 10958 10960
21779 3 0 10962 10952 10951
21780 3 0 10951 10943 10954
21781 3 0 10954 10961 10962
21782 3 0 10962 10951 10954
21783 3 0 10963 10931 10930
21784 3 0 10930 10902 10950
21785 3 0 10950 10952 10963
21786 3 0 10963 10930 10950
21787 3 0 10932 10931 10963
21788 3 0 10932 10963 10964
21789 3 0 10963 10952 10962
21790 3 0 10963 10962 10965
21791 3 0 10963 10965 11456
21792 3 0 11456 10966 11132
21793 3 0 11132 10964 10963
21794 3 0 10963 11456 11132
21795 3 0 10765 10657 10967
21796 3 0 10765 10967 10968
21797 3 0 10765 10968 10971
21798 3 0 10765 10971 10766
21799 3 0 10766 10971 10969
21800 3 0 10967 10847 10986
21801 3 0 10986 10970 10972
21802 3 0 10972 10968 10967
21803 3 0 10967 10986 10972
21804 3 0 10971 10968 10972
21805 3 0 10971 10972 10973
21806 3 0 10969 10971 10973
21807 3 0 10969 10973 10974
21808 3 0 10972 10970 10997
21809 3 0 10972 10997 10973
21810 3 0 10973 10997 10975
21811 3 0 10974 10973 10975
21812 3 0 10974 10975 10976
21813 3 0 10977 10785 10784
21814 3 0 10977 10784 10969
21815 3 0 10969 10784 10766
21816 3 0 10788 11020 10789
21817 3 0 11020 10788 10980
21818 3 0 10980 10978 11020
21819 3 0 10785 10977 10980
21820 3 0 10785 10980 10788
21821 3 0 10977 10969 10974
21822 3 0 10974 10976 10979
21823 3 0 10981 10974 10979
21824 3 0 10977 10974 10981
21825 3 0 10980 10977 10981
21826 3 0 10980 10981 10982
21827 3 0 10978 10980 10982
21828 3 0 10978 10982 10983
21829 3 0 10982 10981 10979
21830 3 0 10982 10979 10984
21831 3 0 10983 10982 10984
21832 3 0 10983 10984 10985
21833 3 0 10986 10847 10987
21834 3 0 10986 10987 10988
21835 3 0 10986 10988 10991
21836 3 0 10991 10989 10998
21837 3 0 10998 10970 10986
21838 3 0 10986 10991 10998
21839 3 0 10987 10852 11006
21840 3 0 11006 10990 10992
21841 3 0 10992 10988 10987
21842 3 0 10987 11006 10992
21843 3 0 10991 10988 10992
21844 3 0 10991 10992 10993
21845 3 0 10989 10991 10993
21846 3 0 10989 10993 10994
21847 3 0 10993 10992 10990
21848 3 0 10993 10990 10995
21849 3 0 10994 10993 10995
21850 3 0 10994 10995 10996
21851 3 0 10997 10970 10998
21852 3 0 10997 10998 10999
21853 3 0 10975 10997 10999
21854 3 0 10975 10999 11000
21855 3 0 10999 10998 10989
21856 3 0 10999 10989 11001
21857 3 0 11000 10999 11001
21858 3 0 11000 11001 11002
21859 3 0 10976 10975 11000
21860 3 0 10976 11000 11003
21861 3 0 11003 11000 11002
21862 3 0 11004 11002 11001
21863 3 0 11001 10989 10994
21864 3 0 10994 10996 11004
21865 3 0 11004 11001 10994
21866 3 0 11003 11002 11004
21867 3 0 11003 11004 11005
21868 3 0 11006 10852 11007
21869 3 0 11006 11007 11008
21870 3 0 10990 11006 11008
21871 3 0 10990 11008 11009
21872 3 0 11008 11007 10857
21873 3 0 11008 10857 11010
21874 3 0 11009 11008 11010
21875 3 0 11009 11010 11011
21876 3 0 11012 10996 10995
21877 3 0 10995 10990 11009
21878 3 0 11009 11011 11012
21879 3 0 11012 10995 11009
21880 3 0 11013 11011 11010
21881 3 0 11010 10857 10862
21882 3 0 10862 10864 11013
21883 3 0 11013 11010 10862
21884 3 0 11012 11011 11013
21885 3 0 11012 11013 11014
21886 3 0 11095 11012 11014
21887 3 0 11012 11095 11004
21888 3 0 11004 10996 11012
21889 3 0 11015 11005 11004
21890 3 0 11015 11004 11095
21891 3 0 10979 10976 11003
21892 3 0 10979 11003 11016
21893 3 0 11016 11003 11005
21894 3 0 11017 10985 10984
21895 3 0 11017 10984 11016
21896 3 0 11016 10984 10979
21897 3 0 11016 11005 11015
21898 3 0 11016 11015 11018
21899 3 0 11016 11018 11103
21900 3 0 11103 11019 11068
21901 3 0 11068 11017 11016
21902 3 0 11016 11103 11068
21903 3 0 10829 10789 11020
21904 3 0 10829 11020 11021
21905 3 0 10830 10829 11021
21906 3 0 10830 11021 11022
21907 3 0 11021 11020 10978
21908 3 0 11021 10978 11023
21909 3 0 11022 11021 11023
21910 3 0 11022 11023 11024
21911 3 0 11034 11027 11025
21912 3 0 11027 11034 11022
21913 3 0 11022 11024 11027
21914 3 0 10831 10830 11022
21915 3 0 10831 11022 11034
21916 3 0 10983 11023 10978
21917 3 0 11023 10983 11028
21918 3 0 11028 11024 11023
21919 3 0 10985 11026 11028
21920 3 0 10985 11028 10983
21921 3 0 11027 11024 11028
21922 3 0 11027 11028 11029
21923 3 0 11025 11027 11029
21924 3 0 11025 11029 11030
21925 3 0 11029 11028 11026
21926 3 0 11029 11026 11031
21927 3 0 11031 11032 11051
21928 3 0 11031 11051 11029
21929 3 0 11029 11051 11030
21930 3 0 11033 10831 11034
21931 3 0 11033 11034 11035
21932 3 0 10834 11033 11035
21933 3 0 10834 11035 11036
21934 3 0 11035 11034 11025
21935 3 0 11035 11025 11037
21936 3 0 11035 11037 11044
21937 3 0 11035 11044 11036
21938 3 0 11036 11044 11038
21939 3 0 10839 10834 11036
21940 3 0 10839 11036 11039
21941 3 0 10840 10839 11039
21942 3 0 10840 11039 11040
21943 3 0 11039 11036 11038
21944 3 0 11039 11038 11041
21945 3 0 11040 11039 11041
21946 3 0 11040 11041 11042
21947 3 0 11025 11030 11050
21948 3 0 11050 11043 11045
21949 3 0 11045 11037 11025
21950 3 0 11025 11050 11045
21951 3 0 11044 11037 11045
21952 3 0 11044 11045 11046
21953 3 0 11038 11044 11046
21954 3 0 11038 11046 11047
21955 3 0 11046 11045 11043
21956 3 0 11046 11043 11048
21957 3 0 11047 11046 11048
21958 3 0 11047 11048 11049
21959 3 0 11050 11030 11051
21960 3 0 11050 11051 11052
21961 3 0 11043 11050 11052
21962 3 0 11043 11052 11053
21963 3 0 11052 11051 11032
21964 3 0 11052 11032 11054
21965 3 0 11053 11052 11054
21966 3 0 11053 11054 11055
21967 3 0 11056 11049 11048
21968 3 0 11048 11043 11053
21969 3 0 11053 11055 11056
21970 3 0 11056 11048 11053
21971 3 0 11041 11038 11047
21972 3 0 11041 11047 11057
21973 3 0 11057 11047 11049
21974 3 0 11042 11041 11057
21975 3 0 11042 11057 11058
21976 3 0 11057 11049 11056
21977 3 0 11057 11056 11059
21978 3 0 11058 11057 11059
21979 3 0 11058 11059 11060
21980 3 0 10985 11017 11067
21981 3 0 11067 11061 11062
21982 3 0 11062 11026 10985
21983 3 0 10985 11067 11062
21984 3 0 11031 11026 11062
21985 3 0 11031 11062 11063
21986 3 0 11032 11031 11063
21987 3 0 11032 11063 11064
21988 3 0 11063 11062 11061
21989 3 0 11063 11061 11065
21990 3 0 11064 11063 11065
21991 3 0 11064 11065 11066
21992 3 0 11067 11017 11068
21993 3 0 11067 11068 11069
21994 3 0 11061 11067 11069
21995 3 0 11061 11069 11070
21996 3 0 11069 11068 11019
21997 3 0 11069 11019 11071
21998 3 0 11070 11069 11071
21999 3 0 11070 11071 11072
22000 3 0 11070 11065 11061
22001 3 0 11065 11070 11082
22002 3 0 11082 11066 11065
22003 3 0 11072 11073 11082
22004 3 0 11072 11082 11070
22005 3 0 11074 11055 11054
22006 3 0 11074 11054 11064
22007 3 0 11064 11054 11032
22008 3 0 11056 11055 11074
22009 3 0 11056 11074 11075
22010 3 0 11074 11064 11066
22011 3 0 11074 11066 11076
22012 3 0 11075 11074 11076
22013 3 0 11075 11076 11077
22014 3 0 11059 11056 11075
22015 3 0 11059 11075 11078
22016 3 0 11060 11059 11078
22017 3 0 11060 11078 11079
22018 3 0 11078 11075 11077
22019 3 0 11078 11077 11080
22020 3 0 11079 11078 11080
22021 3 0 11079 11080 11081
22022 3 0 11076 11066 11082
22023 3 0 11076 11082 11083
22024 3 0 11077 11076 11083
22025 3 0 11077 11083 11084
22026 3 0 11083 11082 11073
22027 3 0 11083 11073 11085
22028 3 0 11084 11083 11085
22029 3 0 11084 11085 11086
22030 3 0 11080 11077 11084
22031 3 0 11080 11084 11087
22032 3 0 11081 11080 11087
22033 3 0 11081 11087 11088
22034 3 0 11087 11084 11086
22035 3 0 11087 11086 11089
22036 3 0 11088 11087 11089
22037 3 0 11088 11089 11090
22038 3 0 11013 10864 10920
22039 3 0 11013 10920 11091
22040 3 0 11014 11013 11091
22041 3 0 11014 11091 11092
22042 3 0 11091 10920 10922
22043 3 0 11091 10922 11093
22044 3 0 11092 11091 11093
22045 3 0 11092 11093 11094
22046 3 0 11095 11014 11092
22047 3 0 11095 11092 11096
22048 3 0 11015 11095 11096
22049 3 0 11015 11096 11097
22050 3 0 11096 11092 11094
22051 3 0 11096 11094 11098
22052 3 0 11097 11096 11098
22053 3 0 11097 11098 11099
22054 3 0 11100 11094 11093
22055 3 0 11100 11093 10932
22056 3 0 10932 11093 10922
22057 3 0 11098 11110 11099
22058 3 0 11110 11098 11120
22059 3 0 11120 11101 11110
22060 3 0 11094 11100 11120
22061 3 0 11094 11120 11098
22062 3 0 11104 11109 11102
22063 3 0 11109 11104 11097
22064 3 0 11097 11099 11109
22065 3 0 11018 11015 11097
22066 3 0 11018 11097 11104
22067 3 0 11103 11018 11104
22068 3 0 11103 11104 11105
22069 3 0 11019 11103 11105
22070 3 0 11019 11105 11106
22071 3 0 11105 11104 11102
22072 3 0 11105 11102 11107
22073 3 0 11106 11105 11107
22074 3 0 11106 11107 11108
22075 3 0 11109 11099 11110
22076 3 0 11109 11110 11111
22077 3 0 11102 11109 11111
22078 3 0 11102 11111 11112
22079 3 0 11111 11110 11101
22080 3 0 11111 11101 11113
22081 3 0 11112 11111 11113
22082 3 0 11112 11113 11114
22083 3 0 11107 11102 11112
22084 3 0 11107 11112 11115
22085 3 0 11108 11107 11115
22086 3 0 11108 11115 11116
22087 3 0 11115 11112 11114
22088 3 0 11115 11114 11117
22089 3 0 11116 11115 11117
22090 3 0 11116 11117 11118
22091 3 0 10932 10964 11131
22092 3 0 11131 11119 11121
22093 3 0 11121 11100 10932
22094 3 0 10932 11131 11121
22095 3 0 11120 11100 11121
22096 3 0 11120 11121 11122
22097 3 0 11120 11122 11125
22098 3 0 11120 11125 11101
22099 3 0 11101 11125 11123
22100 3 0 11119 11124 11126
22101 3 0 11119 11126 11121
22102 3 0 11121 11126 11122
22103 3 0 11125 11122 11126
22104 3 0 11125 11126 11127
22105 3 0 11123 11125 11127
22106 3 0 11123 11127 11128
22107 3 0 11127 11126 11124
22108 3 0 11127 11124 11129
22109 3 0 11128 11127 11129
22110 3 0 11128 11129 11130
22111 3 0 11131 10964 11132
22112 3 0 11131 11132 11133
22113 3 0 11119 11131 11133
22114 3 0 11119 11133 11134
22115 3 0 11133 11132 10966
22116 3 0 11133 10966 11135
22117 3 0 11134 11133 11135
22118 3 0 11134 11135 11136
22119 3 0 11124 11119 11134
22120 3 0 11124 11134 11137
22121 3 0 11138 11130 11129
22122 3 0 11138 11129 11137
22123 3 0 11137 11129 11124
22124 3 0 11137 11134 11136
22125 3 0 11137 11136 11139
22126 3 0 11138 11137 11139
22127 3 0 11138 11139 11140
22128 3 0 11113 11101 11123
22129 3 0 11113 11123 11141
22130 3 0 11114 11113 11141
22131 3 0 11114 11141 11142
22132 3 0 11141 11123 11128
22133 3 0 11141 11128 11143
22134 3 0 11143 11128 11130
22135 3 0 11142 11141 11143
22136 3 0 11142 11143 11144
22137 3 0 11174 11118 11117
22138 3 0 11117 11114 11142
22139 3 0 11142 11144 11147
22140 3 0 11147 11145 11174
22141 3 0 11174 11117 11142
22142 3 0 11174 11142 11147
22143 3 0 11148 11144 11143
22144 3 0 11143 11130 11138
22145 3 0 11138 11140 11549
22146 3 0 11549 11146 11148
22147 3 0 11148 11143 11138
22148 3 0 11148 11138 11549
22149 3 0 11147 11144 11148
22150 3 0 11147 11148 11149
22151 3 0 11145 11147 11149
22152 3 0 11145 11149 11150
22153 3 0 11149 11148 11146
22154 3 0 11149 11146 11151
22155 3 0 11150 11149 11151
22156 3 0 11150 11151 11152
22157 3 0 11071 11019 11106
22158 3 0 11071 11106 11153
22159 3 0 11072 11071 11153
22160 3 0 11072 11153 11154
22161 3 0 11153 11106 11108
22162 3 0 11153 11108 11155
22163 3 0 11154 11153 11155
22164 3 0 11154 11155 11156
22165 3 0 11165 11159 11157
22166 3 0 11159 11165 11154
22167 3 0 11154 11156 11159
22168 3 0 11073 11072 11154
22169 3 0 11073 11154 11165
22170 3 0 11160 11156 11155
22171 3 0 11155 11108 11116
22172 3 0 11116 11118 11173
22173 3 0 11173 11158 11160
22174 3 0 11160 11155 11116
22175 3 0 11160 11116 11173
22176 3 0 11159 11156 11160
22177 3 0 11159 11160 11161
22178 3 0 11157 11159 11161
22179 3 0 11157 11161 11162
22180 3 0 11161 11160 11158
22181 3 0 11161 11158 11163
22182 3 0 11162 11161 11163
22183 3 0 11162 11163 11164
22184 3 0 11085 11073 11165
22185 3 0 11085 11165 11166
22186 3 0 11086 11085 11166
22187 3 0 11086 11166 11167
22188 3 0 11166 11165 11157
22189 3 0 11166 11157 11168
22190 3 0 11167 11166 11168
22191 3 0 11167 11168 11169
22192 3 0 11170 11090 11089
22193 3 0 11089 11086 11167
22194 3 0 11167 11169 11170
22195 3 0 11170 11089 11167
22196 3 0 11171 11169 11168
22197 3 0 11168 11157 11162
22198 3 0 11162 11164 11171
22199 3 0 11171 11168 11162
22200 3 0 11170 11169 11171
22201 3 0 11170 11171 11172
22202 3 0 11173 11118 11174
22203 3 0 11173 11174 11175
22204 3 0 11158 11173 11175
22205 3 0 11158 11175 11176
22206 3 0 11175 11174 11145
22207 3 0 11175 11145 11177
22208 3 0 11176 11175 11177
22209 3 0 11176 11177 11178
22210 3 0 11163 11158 11176
22211 3 0 11163 11176 11179
22212 3 0 11164 11163 11179
22213 3 0 11164 11179 11180
22214 3 0 11179 11176 11178
22215 3 0 11179 11178 11181
22216 3 0 11180 11179 11181
22217 3 0 11180 11181 11182
22218 3 0 11183 11178 11177
22219 3 0 11177 11145 11150
22220 3 0 11150 11152 11183
22221 3 0 11183 11177 11150
22222 3 0 11184 11182 11181
22223 3 0 11184 11181 11183
22224 3 0 11183 11181 11178
22225 3 0 11171 11164 11180
22226 3 0 11171 11180 11185
22227 3 0 11185 11180 11182
22228 3 0 11172 11171 11185
22229 3 0 11172 11185 11186
22230 3 0 11185 11182 11184
22231 3 0 11185 11184 11187
22232 3 0 11186 11185 11187
22233 3 0 11186 11187 11188
22234 3 0 9275 8956 10685
22235 3 0 9275 10685 11189
22236 3 0 11189 10685 10687
22237 3 0 9276 9275 11189
22238 3 0 9276 11189 11190
22239 3 0 11189 10687 10698
22240 3 0 11189 10698 11191
22241 3 0 11191 10698 10700
22242 3 0 11190 11189 11191
22243 3 0 11190 11191 11192
22244 3 0 11190 11193 11195
22245 3 0 11190 11195 9276
22246 3 0 9276 11195 9280
22247 3 0 11194 9280 11195
22248 3 0 11194 11195 11196
22249 3 0 9281 11194 11196
22250 3 0 9281 11196 11197
22251 3 0 11196 11195 11193
22252 3 0 11196 11193 11198
22253 3 0 11198 11199 11237
22254 3 0 11198 11237 11196
22255 3 0 11196 11237 11197
22256 3 0 11190 11192 11210
22257 3 0 11210 11200 11201
22258 3 0 11201 11193 11190
22259 3 0 11190 11210 11201
22260 3 0 11198 11193 11201
22261 3 0 11198 11201 11202
22262 3 0 11202 11203 11247
22263 3 0 11202 11247 11198
22264 3 0 11198 11247 11199
22265 3 0 11202 11201 11200
22266 3 0 11202 11200 11204
22267 3 0 11203 11202 11204
22268 3 0 11203 11204 11205
22269 3 0 11191 10700 10729
22270 3 0 11191 10729 11206
22271 3 0 11206 11207 11211
22272 3 0 11206 11211 11191
22273 3 0 11191 11211 11192
22274 3 0 11206 10729 10734
22275 3 0 11206 10734 11208
22276 3 0 11208 11209 11225
22277 3 0 11208 11225 11206
22278 3 0 11206 11225 11207
22279 3 0 11210 11192 11211
22280 3 0 11210 11211 11212
22281 3 0 11200 11210 11212
22282 3 0 11200 11212 11213
22283 3 0 11212 11211 11207
22284 3 0 11212 11207 11214
22285 3 0 11214 11215 11219
22286 3 0 11214 11219 11212
22287 3 0 11212 11219 11213
22288 3 0 11200 11213 11218
22289 3 0 11200 11218 11204
22290 3 0 11204 11218 11216
22291 3 0 11205 11204 11216
22292 3 0 11205 11216 11217
22293 3 0 11218 11213 11219
22294 3 0 11218 11219 11220
22295 3 0 11216 11218 11220
22296 3 0 11216 11220 11221
22297 3 0 11220 11219 11215
22298 3 0 11220 11215 11222
22299 3 0 11221 11220 11222
22300 3 0 11221 11222 11223
22301 3 0 11217 11216 11221
22302 3 0 11217 11221 11224
22303 3 0 11224 11221 11223
22304 3 0 11214 11207 11225
22305 3 0 11214 11225 11226
22306 3 0 11215 11214 11226
22307 3 0 11215 11226 11227
22308 3 0 11226 11225 11209
22309 3 0 11226 11209 11228
22310 3 0 11227 11226 11228
22311 3 0 11227 11228 11229
22312 3 0 11230 11223 11222
22313 3 0 11230 11222 11227
22314 3 0 11227 11222 11215
22315 3 0 11224 11223 11230
22316 3 0 11224 11230 11231
22317 3 0 11230 11227 11229
22318 3 0 11230 11229 11232
22319 3 0 11231 11230 11232
22320 3 0 11231 11232 11233
22321 3 0 9281 11197 11236
22322 3 0 9281 11236 9337
22323 3 0 9337 11236 11234
22324 3 0 9338 9337 11234
22325 3 0 9338 11234 11235
22326 3 0 11236 11197 11237
22327 3 0 11236 11237 11238
22328 3 0 11234 11236 11238
22329 3 0 11234 11238 11239
22330 3 0 11238 11237 11199
22331 3 0 11238 11199 11240
22332 3 0 11239 11238 11240
22333 3 0 11239 11240 11241
22334 3 0 11235 11234 11239
22335 3 0 11235 11239 11242
22336 3 0 11242 11239 11241
22337 3 0 9346 9338 11235
22338 3 0 9346 11235 11243
22339 3 0 9347 9346 11243
22340 3 0 9347 11243 11244
22341 3 0 11243 11235 11242
22342 3 0 11243 11242 11245
22343 3 0 11244 11243 11245
22344 3 0 11244 11245 11246
22345 3 0 11240 11199 11247
22346 3 0 11240 11247 11248
22347 3 0 11241 11240 11248
22348 3 0 11241 11248 11249
22349 3 0 11248 11247 11203
22350 3 0 11248 11203 11250
22351 3 0 11249 11248 11250
22352 3 0 11249 11250 11251
22353 3 0 11242 11241 11249
22354 3 0 11242 11249 11252
22355 3 0 11252 11249 11251
22356 3 0 11253 11251 11250
22357 3 0 11253 11250 11205
22358 3 0 11205 11250 11203
22359 3 0 11252 11251 11253
22360 3 0 11252 11253 11254
22361 3 0 11245 11242 11252
22362 3 0 11245 11252 11255
22363 3 0 11246 11245 11255
22364 3 0 11246 11255 11256
22365 3 0 11255 11252 11254
22366 3 0 11255 11254 11257
22367 3 0 11256 11255 11257
22368 3 0 11256 11257 11258
22369 3 0 11259 9356 9355
22370 3 0 9355 9347 11244
22371 3 0 11244 11246 11259
22372 3 0 11259 9355 11244
22373 3 0 9357 9356 11259
22374 3 0 9357 11259 11260
22375 3 0 11259 11246 11256
22376 3 0 11259 11256 11261
22377 3 0 11261 11256 11258
22378 3 0 11260 11259 11261
22379 3 0 11260 11261 11262
22380 3 0 11253 11205 11217
22381 3 0 11253 11217 11263
22382 3 0 11254 11253 11263
22383 3 0 11254 11263 11264
22384 3 0 11263 11217 11224
22385 3 0 11263 11224 11265
22386 3 0 11264 11263 11265
22387 3 0 11264 11265 11266
22388 3 0 11267 11258 11257
22389 3 0 11257 11254 11264
22390 3 0 11264 11266 11267
22391 3 0 11267 11257 11264
22392 3 0 11265 11224 11231
22393 3 0 11265 11231 11268
22394 3 0 11266 11265 11268
22395 3 0 11266 11268 11269
22396 3 0 11268 11231 11233
22397 3 0 11268 11233 11270
22398 3 0 11269 11268 11270
22399 3 0 11269 11270 11271
22400 3 0 11267 11266 11269
22401 3 0 11267 11269 11272
22402 3 0 11272 11269 11271
22403 3 0 11273 11262 11261
22404 3 0 11261 11258 11267
22405 3 0 11267 11272 11273
22406 3 0 11273 11261 11267
22407 3 0 11208 10734 10821
22408 3 0 11208 10821 11274
22409 3 0 11208 11274 11277
22410 3 0 11277 11275 11283
22411 3 0 11283 11209 11208
22412 3 0 11208 11277 11283
22413 3 0 10821 10823 11297
22414 3 0 11297 11276 11278
22415 3 0 11278 11274 10821
22416 3 0 10821 11297 11278
22417 3 0 11277 11274 11278
22418 3 0 11277 11278 11279
22419 3 0 11275 11277 11279
22420 3 0 11275 11279 11280
22421 3 0 11279 11278 11276
22422 3 0 11279 11276 11281
22423 3 0 11280 11279 11281
22424 3 0 11280 11281 11282
22425 3 0 11228 11209 11283
22426 3 0 11228 11283 11284
22427 3 0 11229 11228 11284
22428 3 0 11229 11284 11285
22429 3 0 11284 11283 11275
22430 3 0 11284 11275 11286
22431 3 0 11285 11284 11286
22432 3 0 11285 11286 11287
22433 3 0 11232 11229 11285
22434 3 0 11232 11285 11288
22435 3 0 11233 11232 11288
22436 3 0 11233 11288 11289
22437 3 0 11288 11285 11287
22438 3 0 11288 11287 11290
22439 3 0 11289 11288 11290
22440 3 0 11289 11290 11291
22441 3 0 11286 11275 11280
22442 3 0 11286 11280 11292
22443 3 0 11287 11286 11292
22444 3 0 11287 11292 11293
22445 3 0 11280 11282 11320
22446 3 0 11280 11320 11292
22447 3 0 11292 11320 11294
22448 3 0 11293 11292 11294
22449 3 0 11293 11294 11295
22450 3 0 11296 11291 11290
22451 3 0 11290 11287 11293
22452 3 0 11293 11295 11296
22453 3 0 11296 11290 11293
22454 3 0 11297 10823 11298
22455 3 0 11297 11298 11299
22456 3 0 11276 11297 11299
22457 3 0 11276 11299 11300
22458 3 0 11299 11298 10833
22459 3 0 11299 10833 11301
22460 3 0 11300 11299 11301
22461 3 0 11300 11301 11302
22462 3 0 11281 11276 11300
22463 3 0 11281 11300 11303
22464 3 0 11303 11304 11321
22465 3 0 11303 11321 11281
22466 3 0 11281 11321 11282
22467 3 0 11303 11300 11302
22468 3 0 11303 11302 11305
22469 3 0 11303 11305 11312
22470 3 0 11303 11312 11304
22471 3 0 11304 11312 11306
22472 3 0 11301 10833 10838
22473 3 0 11301 10838 11307
22474 3 0 11302 11301 11307
22475 3 0 11302 11307 11308
22476 3 0 11307 10838 10840
22477 3 0 11307 10840 11309
22478 3 0 11308 11307 11309
22479 3 0 11308 11309 11310
22480 3 0 11308 11311 11313
22481 3 0 11308 11313 11302
22482 3 0 11302 11313 11305
22483 3 0 11312 11305 11313
22484 3 0 11312 11313 11314
22485 3 0 11306 11312 11314
22486 3 0 11306 11314 11315
22487 3 0 11314 11313 11311
22488 3 0 11314 11311 11316
22489 3 0 11315 11314 11316
22490 3 0 11315 11316 11317
22491 3 0 11311 11308 11310
22492 3 0 11311 11310 11318
22493 3 0 11319 11317 11316
22494 3 0 11319 11316 11318
22495 3 0 11318 11316 11311
22496 3 0 11320 11282 11321
22497 3 0 11320 11321 11322
22498 3 0 11294 11320 11322
22499 3 0 11294 11322 11323
22500 3 0 11322 11321 11304
22501 3 0 11322 11304 11324
22502 3 0 11323 11322 11324
22503 3 0 11323 11324 11325
22504 3 0 11295 11294 11323
22505 3 0 11295 11323 11326
22506 3 0 11326 11323 11325
22507 3 0 11327 11325 11324
22508 3 0 11327 11324 11306
22509 3 0 11306 11324 11304
22510 3 0 11326 11325 11327
22511 3 0 11326 11327 11328
22512 3 0 11296 11295 11326
22513 3 0 11296 11326 11329
22514 3 0 11329 11326 11328
22515 3 0 11327 11306 11315
22516 3 0 11327 11315 11330
22517 3 0 11330 11315 11317
22518 3 0 11328 11327 11330
22519 3 0 11328 11330 11331
22520 3 0 11330 11317 11319
22521 3 0 11330 11319 11332
22522 3 0 11331 11330 11332
22523 3 0 11331 11332 11333
22524 3 0 11329 11328 11331
22525 3 0 11329 11331 11334
22526 3 0 11334 11331 11333
22527 3 0 11335 11271 11270
22528 3 0 11270 11233 11289
22529 3 0 11289 11291 11335
22530 3 0 11335 11270 11289
22531 3 0 11272 11271 11335
22532 3 0 11272 11335 11336
22533 3 0 11335 11291 11296
22534 3 0 11335 11296 11337
22535 3 0 11336 11335 11337
22536 3 0 11336 11337 11338
22537 3 0 11273 11272 11336
22538 3 0 11273 11336 11339
22539 3 0 11339 11336 11338
22540 3 0 11340 11338 11337
22541 3 0 11337 11296 11329
22542 3 0 11329 11334 11340
22543 3 0 11340 11337 11329
22544 3 0 11339 11338 11340
22545 3 0 11339 11340 11341
22546 3 0 9383 9357 11260
22547 3 0 9383 11260 11342
22548 3 0 11342 11260 11262
22549 3 0 9384 9383 11342
22550 3 0 9384 11342 11343
22551 3 0 11342 11262 11273
22552 3 0 11342 11273 11344
22553 3 0 11343 11342 11344
22554 3 0 11343 11344 11345
22555 3 0 9385 9384 11343
22556 3 0 9385 11343 11346
22557 3 0 11346 11343 11345
22558 3 0 11347 11345 11344
22559 3 0 11344 11273 11339
22560 3 0 11339 11341 11347
22561 3 0 11347 11344 11339
22562 3 0 11346 11345 11347
22563 3 0 11346 11347 11348
22564 3 0 11309 10840 11040
22565 3 0 11309 11040 11349
22566 3 0 11310 11309 11349
22567 3 0 11310 11349 11350
22568 3 0 11349 11040 11042
22569 3 0 11349 11042 11351
22570 3 0 11350 11349 11351
22571 3 0 11350 11351 11352
22572 3 0 11353 11319 11318
22573 3 0 11318 11310 11350
22574 3 0 11350 11352 11353
22575 3 0 11353 11318 11350
22576 3 0 11351 11042 11058
22577 3 0 11351 11058 11354
22578 3 0 11352 11351 11354
22579 3 0 11352 11354 11355
22580 3 0 11354 11058 11060
22581 3 0 11354 11060 11356
22582 3 0 11355 11354 11356
22583 3 0 11355 11356 11357
22584 3 0 11353 11352 11355
22585 3 0 11353 11355 11358
22586 3 0 11358 11355 11357
22587 3 0 11359 11333 11332
22588 3 0 11359 11332 11353
22589 3 0 11353 11332 11319
22590 3 0 11334 11333 11359
22591 3 0 11334 11359 11360
22592 3 0 11359 11353 11358
22593 3 0 11359 11358 11361
22594 3 0 11360 11359 11361
22595 3 0 11360 11361 11362
22596 3 0 11363 11357 11356
22597 3 0 11356 11060 11079
22598 3 0 11079 11081 11363
22599 3 0 11363 11356 11079
22600 3 0 11358 11357 11363
22601 3 0 11358 11363 11364
22602 3 0 11363 11081 11088
22603 3 0 11363 11088 11365
22604 3 0 11365 11088 11090
22605 3 0 11364 11363 11365
22606 3 0 11364 11365 11366
22607 3 0 11367 11362 11361
22608 3 0 11361 11358 11364
22609 3 0 11364 11366 11367
22610 3 0 11367 11361 11364
22611 3 0 11340 11334 11360
22612 3 0 11340 11360 11368
22613 3 0 11368 11360 11362
22614 3 0 11341 11340 11368
22615 3 0 11341 11368 11369
22616 3 0 11368 11362 11367
22617 3 0 11368 11367 11370
22618 3 0 11369 11368 11370
22619 3 0 11369 11370 11371
22620 3 0 11372 11366 11365
22621 3 0 11365 11090 11170
22622 3 0 11170 11172 11372
22623 3 0 11372 11365 11170
22624 3 0 11367 11366 11372
22625 3 0 11367 11372 11373
22626 3 0 11372 11172 11186
22627 3 0 11372 11186 11374
22628 3 0 11374 11186 11188
22629 3 0 11373 11372 11374
22630 3 0 11373 11374 11375
22631 3 0 11376 11371 11370
22632 3 0 11370 11367 11373
22633 3 0 11373 11375 11376
22634 3 0 11376 11370 11373
22635 3 0 11347 11341 11369
22636 3 0 11347 11369 11377
22637 3 0 11377 11369 11371
22638 3 0 11348 11347 11377
22639 3 0 11348 11377 11378
22640 3 0 11377 11371 11376
22641 3 0 11377 11376 11379
22642 3 0 11378 11377 11379
22643 3 0 11378 11379 11380
22644 3 0 10874 9588 10330
22645 3 0 10874 10330 11381
22646 3 0 10875 10874 11381
22647 3 0 10875 11381 11382
22648 3 0 10330 10332 11395
22649 3 0 10330 11395 11381
22650 3 0 11381 11395 11383
22651 3 0 11381 11383 11401
22652 3 0 11381 11401 11382
22653 3 0 11382 11401 11384
22654 3 0 11385 10875 11382
22655 3 0 11385 11382 11386
22656 3 0 11385 11386 11389
22657 3 0 11385 11389 10876
22658 3 0 10876 11389 11387
22659 3 0 11384 11388 11390
22660 3 0 11384 11390 11382
22661 3 0 11382 11390 11386
22662 3 0 11389 11386 11390
22663 3 0 11389 11390 11391
22664 3 0 11387 11389 11391
22665 3 0 11387 11391 11392
22666 3 0 11391 11390 11388
22667 3 0 11391 11388 11393
22668 3 0 11392 11391 11393
22669 3 0 11392 11393 11394
22670 3 0 11395 10332 11396
22671 3 0 11395 11396 11397
22672 3 0 11383 11395 11397
22673 3 0 11383 11397 11398
22674 3 0 11397 11396 10340
22675 3 0 11397 10340 11399
22676 3 0 11398 11397 11399
22677 3 0 11398 11399 11400
22678 3 0 11401 11383 11398
22679 3 0 11401 11398 11402
22680 3 0 11384 11401 11402
22681 3 0 11384 11402 11403
22682 3 0 11402 11398 11400
22683 3 0 11402 11400 11404
22684 3 0 11403 11402 11404
22685 3 0 11403 11404 11405
22686 3 0 11406 11400 11399
22687 3 0 11399 10340 10345
22688 3 0 10345 10347 11406
22689 3 0 11406 11399 10345
22690 3 0 11407 11405 11404
22691 3 0 11407 11404 11406
22692 3 0 11406 11404 11400
22693 3 0 11388 11384 11403
22694 3 0 11388 11403 11408
22695 3 0 11408 11403 11405
22696 3 0 11409 11394 11393
22697 3 0 11409 11393 11408
22698 3 0 11408 11393 11388
22699 3 0 11408 11405 11407
22700 3 0 11408 11407 11410
22701 3 0 11409 11408 11410
22702 3 0 11409 11410 11411
22703 3 0 10876 11387 11415
22704 3 0 10876 11415 11412
22705 3 0 11412 11415 11413
22706 3 0 11413 11414 11422
22707 3 0 11413 11422 11412
22708 3 0 11412 11422 10880
22709 3 0 11415 11387 11392
22710 3 0 11415 11392 11416
22711 3 0 11413 11415 11416
22712 3 0 11413 11416 11417
22713 3 0 11416 11392 11394
22714 3 0 11416 11394 11418
22715 3 0 11417 11416 11418
22716 3 0 11417 11418 11419
22717 3 0 11414 11413 11417
22718 3 0 11414 11417 11420
22719 3 0 11420 11417 11419
22720 3 0 11421 10880 11422
22721 3 0 11421 11422 11423
22722 3 0 10885 11421 11423
22723 3 0 10885 11423 11424
22724 3 0 11423 11422 11414
22725 3 0 11423 11414 11425
22726 3 0 11424 11423 11425
22727 3 0 11424 11425 11426
22728 3 0 10886 10885 11424
22729 3 0 10886 11424 11427
22730 3 0 11427 11424 11426
22731 3 0 11428 11426 11425
22732 3 0 11428 11425 11420
22733 3 0 11420 11425 11414
22734 3 0 11427 11426 11428
22735 3 0 11427 11428 11429
22736 3 0 11430 11419 11418
22737 3 0 11430 11418 11409
22738 3 0 11409 11418 11394
22739 3 0 11420 11419 11430
22740 3 0 11420 11430 11431
22741 3 0 11430 11409 11411
22742 3 0 11430 11411 11432
22743 3 0 11431 11430 11432
22744 3 0 11431 11432 11433
22745 3 0 11440 11431 11433
22746 3 0 11431 11440 11428
22747 3 0 11428 11420 11431
22748 3 0 11434 11429 11428
22749 3 0 11434 11428 11440
22750 3 0 11435 11407 11406
22751 3 0 11406 10347 10380
22752 3 0 10380 10382 11435
22753 3 0 11435 11406 10380
22754 3 0 11436 11411 11410
22755 3 0 11436 11410 11435
22756 3 0 11435 11410 11407
22757 3 0 11435 10382 10387
22758 3 0 11435 10387 11437
22759 3 0 11436 11435 11437
22760 3 0 11436 11437 11438
22761 3 0 11436 11439 11441
22762 3 0 11441 11433 11432
22763 3 0 11432 11411 11436
22764 3 0 11436 11441 11432
22765 3 0 11440 11433 11441
22766 3 0 11440 11441 11442
22767 3 0 11434 11440 11442
22768 3 0 11434 11442 11443
22769 3 0 11442 11441 11439
22770 3 0 11442 11439 11444
22771 3 0 11443 11442 11444
22772 3 0 11443 11444 11445
22773 3 0 11439 11436 11438
22774 3 0 11439 11438 11446
22775 3 0 11446 11447 11477
22776 3 0 11477 11445 11444
22777 3 0 11444 11439 11446
22778 3 0 11446 11477 11444
22779 3 0 11448 10960 10959
22780 3 0 11448 10959 11427
22781 3 0 11427 10959 10886
22782 3 0 10961 10960 11448
22783 3 0 10961 11448 11449
22784 3 0 11448 11427 11429
22785 3 0 11448 11429 11450
22786 3 0 11449 11448 11450
22787 3 0 11449 11450 11451
22788 3 0 10962 10961 11449
22789 3 0 10962 11449 11452
22790 3 0 11452 11449 11451
22791 3 0 11453 11451 11450
22792 3 0 11453 11450 11434
22793 3 0 11434 11450 11429
22794 3 0 11451 11453 11470
22795 3 0 11470 11454 11463
22796 3 0 11463 11452 11451
22797 3 0 11451 11470 11463
22798 3 0 10962 11452 11462
22799 3 0 11462 11455 11457
22800 3 0 11457 10965 10962
22801 3 0 10962 11462 11457
22802 3 0 11456 10965 11457
22803 3 0 11456 11457 11458
22804 3 0 10966 11456 11458
22805 3 0 10966 11458 11459
22806 3 0 11458 11457 11455
22807 3 0 11458 11455 11460
22808 3 0 11459 11458 11460
22809 3 0 11459 11460 11461
22810 3 0 11462 11452 11463
22811 3 0 11462 11463 11464
22812 3 0 11455 11462 11464
22813 3 0 11455 11464 11465
22814 3 0 11464 11463 11454
22815 3 0 11464 11454 11466
22816 3 0 11465 11464 11466
22817 3 0 11465 11466 11467
22818 3 0 11468 11461 11460
22819 3 0 11460 11455 11465
22820 3 0 11465 11467 11468
22821 3 0 11468 11460 11465
22822 3 0 11471 11476 11469
22823 3 0 11476 11471 11443
22824 3 0 11443 11445 11476
22825 3 0 11453 11434 11443
22826 3 0 11453 11443 11471
22827 3 0 11470 11453 11471
22828 3 0 11470 11471 11472
22829 3 0 11454 11470 11472
22830 3 0 11454 11472 11473
22831 3 0 11472 11471 11469
22832 3 0 11472 11469 11474
22833 3 0 11473 11472 11474
22834 3 0 11473 11474 11475
22835 3 0 11476 11445 11477
22836 3 0 11476 11477 11478
22837 3 0 11469 11476 11478
22838 3 0 11469 11478 11479
22839 3 0 11478 11477 11447
22840 3 0 11478 11447 11480
22841 3 0 11479 11478 11480
22842 3 0 11479 11480 11481
22843 3 0 11486 11475 11474
22844 3 0 11474 11469 11479
22845 3 0 11479 11481 11523
22846 3 0 11523 11482 11486
22847 3 0 11486 11474 11479
22848 3 0 11486 11479 11523
22849 3 0 11485 11473 11475
22850 3 0 11473 11485 11466
22851 3 0 11466 11454 11473
22852 3 0 11483 11467 11466
22853 3 0 11483 11466 11485
22854 3 0 11467 11483 11491
22855 3 0 11491 11484 11565
22856 3 0 11565 11468 11467
22857 3 0 11467 11491 11565
22858 3 0 11485 11475 11486
22859 3 0 11485 11486 11487
22860 3 0 11483 11485 11487
22861 3 0 11483 11487 11488
22862 3 0 11487 11486 11482
22863 3 0 11487 11482 11489
22864 3 0 11488 11487 11489
22865 3 0 11488 11489 11490
22866 3 0 11491 11483 11488
22867 3 0 11491 11488 11492
22868 3 0 11484 11491 11492
22869 3 0 11484 11492 11493
22870 3 0 11492 11488 11490
22871 3 0 11492 11490 11494
22872 3 0 11493 11492 11494
22873 3 0 11493 11494 11495
22874 3 0 11437 10387 10453
22875 3 0 11437 10453 11496
22876 3 0 11438 11437 11496
22877 3 0 11438 11496 11497
22878 3 0 11496 10453 10462
22879 3 0 11496 10462 11498
22880 3 0 11498 10462 10464
22881 3 0 11497 11496 11498
22882 3 0 11497 11498 11499
22883 3 0 11446 11438 11497
22884 3 0 11446 11497 11500
22885 3 0 11447 11446 11500
22886 3 0 11447 11500 11501
22887 3 0 11497 11499 11513
22888 3 0 11497 11513 11500
22889 3 0 11500 11513 11502
22890 3 0 11501 11500 11502
22891 3 0 11501 11502 11503
22892 3 0 10464 10480 11506
22893 3 0 10464 11506 11498
22894 3 0 11498 11506 11504
22895 3 0 11504 11505 11514
22896 3 0 11504 11514 11498
22897 3 0 11498 11514 11499
22898 3 0 11506 10480 11507
22899 3 0 11506 11507 11508
22900 3 0 11504 11506 11508
22901 3 0 11504 11508 11509
22902 3 0 11508 11507 10482
22903 3 0 11508 10482 11510
22904 3 0 11509 11508 11510
22905 3 0 11509 11510 11511
22906 3 0 11505 11504 11509
22907 3 0 11505 11509 11512
22908 3 0 11512 11509 11511
22909 3 0 11513 11499 11514
22910 3 0 11513 11514 11515
22911 3 0 11502 11513 11515
22912 3 0 11502 11515 11516
22913 3 0 11515 11514 11505
22914 3 0 11515 11505 11517
22915 3 0 11516 11515 11517
22916 3 0 11516 11517 11518
22917 3 0 11503 11502 11516
22918 3 0 11503 11516 11519
22919 3 0 11519 11516 11518
22920 3 0 11520 11518 11517
22921 3 0 11520 11517 11512
22922 3 0 11512 11517 11505
22923 3 0 11519 11518 11520
22924 3 0 11519 11520 11521
22925 3 0 11501 11522 11524
22926 3 0 11524 11481 11480
22927 3 0 11480 11447 11501
22928 3 0 11501 11524 11480
22929 3 0 11523 11481 11524
22930 3 0 11523 11524 11525
22931 3 0 11482 11523 11525
22932 3 0 11482 11525 11526
22933 3 0 11525 11524 11522
22934 3 0 11525 11522 11527
22935 3 0 11526 11525 11527
22936 3 0 11526 11527 11528
22937 3 0 11522 11501 11503
22938 3 0 11522 11503 11529
22939 3 0 11530 11528 11527
22940 3 0 11530 11527 11529
22941 3 0 11529 11527 11522
22942 3 0 11531 11490 11489
22943 3 0 11489 11482 11526
22944 3 0 11526 11528 11531
22945 3 0 11531 11489 11526
22946 3 0 11532 11495 11494
22947 3 0 11532 11494 11531
22948 3 0 11531 11494 11490
22949 3 0 11531 11528 11530
22950 3 0 11531 11530 11533
22951 3 0 11532 11531 11533
22952 3 0 11532 11533 11534
22953 3 0 11535 11530 11529
22954 3 0 11529 11503 11519
22955 3 0 11519 11521 11535
22956 3 0 11535 11529 11519
22957 3 0 11536 11534 11533
22958 3 0 11536 11533 11535
22959 3 0 11535 11533 11530
22960 3 0 11135 10966 11459
22961 3 0 11135 11459 11537
22962 3 0 11136 11135 11537
22963 3 0 11136 11537 11538
22964 3 0 11537 11459 11461
22965 3 0 11537 11461 11539
22966 3 0 11538 11537 11539
22967 3 0 11538 11539 11540
22968 3 0 11550 11140 11139
22969 3 0 11139 11136 11538
22970 3 0 11538 11540 11543
22971 3 0 11543 11541 11550
22972 3 0 11550 11139 11538
22973 3 0 11550 11538 11543
22974 3 0 11539 11544 11540
22975 3 0 11544 11539 11564
22976 3 0 11564 11542 11544
22977 3 0 11461 11468 11564
22978 3 0 11461 11564 11539
22979 3 0 11543 11540 11544
22980 3 0 11543 11544 11545
22981 3 0 11541 11543 11545
22982 3 0 11541 11545 11546
22983 3 0 11545 11544 11542
22984 3 0 11545 11542 11547
22985 3 0 11546 11545 11547
22986 3 0 11546 11547 11548
22987 3 0 11549 11140 11550
22988 3 0 11549 11550 11551
22989 3 0 11146 11549 11551
22990 3 0 11146 11551 11552
22991 3 0 11551 11550 11541
22992 3 0 11551 11541 11553
22993 3 0 11552 11551 11553
22994 3 0 11552 11553 11554
22995 3 0 11151 11146 11552
22996 3 0 11151 11552 11555
22997 3 0 11152 11151 11555
22998 3 0 11152 11555 11556
22999 3 0 11555 11552 11554
23000 3 0 11555 11554 11557
23001 3 0 11556 11555 11557
23002 3 0 11556 11557 11558
23003 3 0 11553 11541 11546
23004 3 0 11553 11546 11559
23005 3 0 11554 11553 11559
23006 3 0 11554 11559 11560
23007 3 0 11559 11546 11548
23008 3 0 11559 11548 11561
23009 3 0 11560 11559 11561
23010 3 0 11560 11561 11562
23011 3 0 11563 11558 11557
23012 3 0 11557 11554 11560
23013 3 0 11560 11562 11563
23014 3 0 11563 11557 11560
23015 3 0 11564 11468 11565
23016 3 0 11564 11565 11566
23017 3 0 11542 11564 11566
23018 3 0 11542 11566 11567
23019 3 0 11566 11565 11484
23020 3 0 11566 11484 11568
23021 3 0 11567 11566 11568
23022 3 0 11567 11568 11569
23023 3 0 11570 11548 11547
23024 3 0 11547 11542 11567
23025 3 0 11567 11569 11570
23026 3 0 11570 11547 11567
23027 3 0 11571 11569 11568
23028 3 0 11568 11484 11493
23029 3 0 11493 11495 11571
23030 3 0 11571 11568 11493
23031 3 0 11570 11569 11571
23032 3 0 11570 11571 11572
23033 3 0 11573 11562 11561
23034 3 0 11573 11561 11570
23035 3 0 11570 11561 11548
23036 3 0 11563 11562 11573
23037 3 0 11563 11573 11574
23038 3 0 11573 11570 11572
23039 3 0 11573 11572 11575
23040 3 0 11574 11573 11575
23041 3 0 11574 11575 11576
23042 3 0 11183 11152 11556
23043 3 0 11183 11556 11577
23044 3 0 11577 11556 11558
23045 3 0 11184 11183 11577
23046 3 0 11184 11577 11578
23047 3 0 11577 11558 11563
23048 3 0 11577 11563 11579
23049 3 0 11578 11577 11579
23050 3 0 11578 11579 11580
23051 3 0 11581 11188 11187
23052 3 0 11187 11184 11578
23053 3 0 11578 11580 11581
23054 3 0 11581 11187 11578
23055 3 0 11582 11580 11579
23056 3 0 11579 11563 11574
23057 3 0 11574 11576 11582
23058 3 0 11582 11579 11574
23059 3 0 11581 11580 11582
23060 3 0 11581 11582 11583
23061 3 0 11584 11572 11571
23062 3 0 11571 11495 11532
23063 3 0 11532 11534 11584
23064 3 0 11584 11571 11532
23065 3 0 11585 11576 11575
23066 3 0 11585 11575 11584
23067 3 0 11584 11575 11572
23068 3 0 11584 11534 11536
23069 3 0 11584 11536 11586
23070 3 0 11585 11584 11586
23071 3 0 11585 11586 11587
23072 3 0 11588 11583 11582
23073 3 0 11582 11576 11585
23074 3 0 11585 11587 11588
23075 3 0 11588 11582 11585
23076 3 0 11589 11511 11510
23077 3 0 11589 11510 10616
23078 3 0 10616 11510 10482
23079 3 0 11512 11511 11589
23080 3 0 11512 11589 11590
23081 3 0 11589 10616 10618
23082 3 0 11589 10618 11591
23083 3 0 11590 11589 11591
23084 3 0 11590 11591 11592
23085 3 0 11593 11521 11520
23086 3 0 11520 11512 11590
23087 3 0 11590 11592 11593
23088 3 0 11593 11520 11590
23089 3 0 11594 11592 11591
23090 3 0 11594 11591 10623
23091 3 0 10623 11591 10618
23092 3 0 11593 11592 11594
23093 3 0 11593 11594 11595
23094 3 0 11596 11536 11535
23095 3 0 11535 11521 11593
23096 3 0 11593 11595 11596
23097 3 0 11596 11535 11593
23098 3 0 11597 11595 11594
23099 3 0 11594 10623 10629
23100 3 0 10629 10631 11597
23101 3 0 11597 11594 10629
23102 3 0 11596 11595 11597
23103 3 0 11596 11597 11598
23104 3 0 11599 11587 11586
23105 3 0 11599 11586 11596
23106 3 0 11596 11586 11536
23107 3 0 11588 11587 11599
23108 3 0 11588 11599 11600
23109 3 0 11599 11596 11598
23110 3 0 11599 11598 11601
23111 3 0 11600 11599 11601
23112 3 0 11600 11601 11602
23113 3 0 11603 11375 11374
23114 3 0 11374 11188 11581
23115 3 0 11581 11583 11603
23116 3 0 11603 11374 11581
23117 3 0 11376 11375 11603
23118 3 0 11376 11603 11604
23119 3 0 11603 11583 11588
23120 3 0 11603 11588 11605
23121 3 0 11604 11603 11605
23122 3 0 11604 11605 11606
23123 3 0 11607 11380 11379
23124 3 0 11379 11376 11604
23125 3 0 11604 11606 11607
23126 3 0 11607 11379 11604
23127 3 0 11608 11606 11605
23128 3 0 11605 11588 11600
23129 3 0 11600 11602 11608
23130 3 0 11608 11605 11600
23131 3 0 11607 11606 11608
23132 3 0 11607 11608 11609
