1.0 0.3
1.0 0.3
1.0 0.3
1.0 0.3
1.0 0.3
1.0 0.3
1.0 0.3
1.0 0.3
1.0 0.3
1.0 0.3
1.0 0.3
1.0 0.3
1.0 0.3
1.0 0.3
1.0 0.3
269.5546875 0.3
269.5546875 0.3
269.5546875 0.3
1.0 0.3
1.0 0.3
1.0 0.3
1.0 0.3
1.0 0.3
1.0 0.3
70.3359375 0.3
70.3359375 0.3
70.3359375 0.3
1.0 0.3
1.0 0.3
1.0 0.3
1.0 0.3
1.0 0.3
1020.5312499999999 0.3
1020.5312499999999 0.3
1020.5312499999999 0.3
1020.5312499999999 0.3
1.0 0.3
1.0 0.3
1.0 0.3
1.0 0.3
1633.8125 0.3
1633.8125 0.3
1633.8125 0.3
1126.0 0.3
1126.0 0.3
1126.0 0.3
434.59375 0.3
434.59375 0.3
434.59375 0.3
434.59375 0.3
1118.1875 0.3
1118.1875 0.3
2829.125 0.3
2829.125 0.3
2825.21875 0.3
2825.21875 0.3
1879.90625 0.3
1879.90625 0.3
1879.90625 0.3
1879.90625 0.3
1692.40625 0.3
1692.40625 0.3
2485.375 0.3
2485.375 0.3
2653.34375 0.3
2653.34375 0.3
2008.8125 0.3
2008.8125 0.3
2008.8125 0.3
2008.8125 0.3
1618.1875 0.3
1618.1875 0.3
1618.1875 0.3
1618.1875 0.3
1172.875 0.3
1172.875 0.3
1485.375 0.3
1485.375 0.3
1485.375 0.3
3282.25 0.3
3282.25 0.3
3282.25 0.3
3282.25 0.3
4001.0000000000005 0.3
4001.0000000000005 0.3
18626.0 0.3
18626.0 0.3
24313.5 0.3
24313.5 0.3
37376.0 0.3
37376.0 0.3
37376.0 0.3
1501.0 0.3
1501.0 0.3
6344.75 0.3
6344.75 0.3
6344.75 0.3
6344.75 0.3
5266.625 0.3
5266.625 0.3
5266.625 0.3
5266.625 0.3
18626.0 0.3
18626.0 0.3
32750.999999999996 0.3
32750.999999999996 0.3
32750.999999999996 0.3
34126.0 0.3
34126.0 0.3
34126.0 0.3
34126.0 0.3
42001.0 0.3
42001.0 0.3
64501.00000000001 0.3
64501.00000000001 0.3
78001.0 0.3
78001.0 0.3
92751.0 0.3
92751.0 0.3
11126.0 0.3
11126.0 0.3
28376.0 0.3
28376.0 0.3
32000.999999999996 0.3
32000.999999999996 0.3
55626.0 0.3
55626.0 0.3
55626.0 0.3
38563.5 0.3
38563.5 0.3
38563.5 0.3
38563.5 0.3
52251.0 0.3
52251.0 0.3
69001.0 0.3
69001.0 0.3
74751.0 0.3
74751.0 0.3
107251.0 0.3
107251.0 0.3
70751.0 0.3
70751.0 0.3
84501.0 0.3
84501.0 0.3
105251.0 0.3
105251.0 0.3
124751.0 0.3
124751.0 0.3
118251.0 0.3
118251.0 0.3
129501.0 0.3
129501.0 0.3
158001.0 0.3
158001.0 0.3
143251.0 0.3
143251.0 0.3
58251.0 0.3
58251.0 0.3
102938.5 0.3
102938.5 0.3
102938.5 0.3
117688.5 0.3
117688.5 0.3
117688.5 0.3
136251.0 0.3
136251.0 0.3
109251.0 0.3
109251.0 0.3
116251.0 0.3
116251.0 0.3
91251.0 0.3
91251.0 0.3
69751.0 0.3
69751.0 0.3
69751.0 0.3
174751.0 0.3
174751.0 0.3
174751.0 0.3
176251.0 0.3
176251.0 0.3
117001.0 0.3
117001.0 0.3
169001.0 0.3
169001.0 0.3
92001.0 0.3
92001.0 0.3
136001.0 0.3
136001.0 0.3
187251.0 0.3
187251.0 0.3
187251.0 0.3
130751.0 0.3
130751.0 0.3
130751.0 0.3
130751.0 0.3
130751.0 0.3
122001.0 0.3
122001.0 0.3
122001.0 0.3
154501.0 0.3
154501.0 0.3
146251.0 0.3
146251.0 0.3
129251.0 0.3
129251.0 0.3
2563.5 0.3
2563.5 0.3
2563.5 0.3
1395.53125 0.3
1395.53125 0.3
1395.53125 0.3
1395.53125 0.3
1985.375 0.3
1985.375 0.3
579.125 0.3
579.125 0.3
1813.5 0.3
1813.5 0.3
4469.75 0.3
4469.75 0.3
4469.75 0.3
4469.75 0.3
1297.875 0.3
1297.875 0.3
1297.875 0.3
6110.375 0.3
6110.375 0.3
6110.375 0.3
6110.375 0.3
4188.5 0.3
4188.5 0.3
8000.999999999999 0.3
8000.999999999999 0.3
24313.5 0.3
24313.5 0.3
33376.0 0.3
33376.0 0.3
33376.0 0.3
22688.5 0.3
22688.5 0.3
39626.0 0.3
39626.0 0.3
39626.0 0.3
39626.0 0.3
58938.5 0.3
58938.5 0.3
58938.5 0.3
62501.0 0.3
62501.0 0.3
90251.0 0.3
90251.0 0.3
101001.0 0.3
101001.0 0.3
124501.0 0.3
124501.0 0.3
1282.25 0.3
1282.25 0.3
1063.5 0.3
1063.5 0.3
1563.5 0.3
1563.5 0.3
1563.5 0.3
4141.625 0.3
4141.625 0.3
4141.625 0.3
4141.625 0.3
672.875 0.3
672.875 0.3
672.875 0.3
1594.75 0.3
1594.75 0.3
1594.75 0.3
2751.0 0.3
2751.0 0.3
3938.5 0.3
3938.5 0.3
21126.0 0.3
21126.0 0.3
32250.999999999996 0.3
32250.999999999996 0.3
32250.999999999996 0.3
11001.0 0.3
11001.0 0.3
21688.5 0.3
21688.5 0.3
44501.0 0.3
44501.0 0.3
44501.0 0.3
60938.5 0.3
60938.5 0.3
6188.5 0.3
6188.5 0.3
15501.0 0.3
15501.0 0.3
28938.5 0.3
28938.5 0.3
28938.5 0.3
45313.5 0.3
45313.5 0.3
45313.5 0.3
29438.5 0.3
29438.5 0.3
29438.5 0.3
42188.5 0.3
42188.5 0.3
42188.5 0.3
47001.0 0.3
47001.0 0.3
59501.0 0.3
59501.0 0.3
81251.0 0.3
81251.0 0.3
104751.0 0.3
104751.0 0.3
77501.0 0.3
77501.0 0.3
96251.0 0.3
96251.0 0.3
127001.0 0.3
127001.0 0.3
135251.0 0.3
135251.0 0.3
48251.0 0.3
48251.0 0.3
61501.0 0.3
61501.0 0.3
82251.0 0.3
82251.0 0.3
103251.0 0.3
103251.0 0.3
114501.0 0.3
114501.0 0.3
114501.0 0.3
135313.5 0.3
135313.5 0.3
135313.5 0.3
135313.5 0.3
141438.5 0.3
141438.5 0.3
141438.5 0.3
141438.5 0.3
133438.5 0.3
133438.5 0.3
133438.5 0.3
133438.5 0.3
147626.0 0.3
147626.0 0.3
147626.0 0.3
147626.0 0.3
143501.0 0.3
143501.0 0.3
144001.0 0.3
144001.0 0.3
144251.0 0.3
144251.0 0.3
136251.0 0.3
136251.0 0.3
136251.0 0.3
144501.0 0.3
144501.0 0.3
136501.0 0.3
136501.0 0.3
136501.0 0.3
120751.0 0.3
120751.0 0.3
120751.0 0.3
106001.0 0.3
106001.0 0.3
79001.0 0.3
79001.0 0.3
56001.0 0.3
56001.0 0.3
27001.0 0.3
27001.0 0.3
60063.5 0.3
60063.5 0.3
60063.5 0.3
55251.0 0.3
55251.0 0.3
62251.0 0.3
62251.0 0.3
91751.0 0.3
91751.0 0.3
106001.0 0.3
106001.0 0.3
125376.0 0.3
125376.0 0.3
125376.0 0.3
140001.0 0.3
140001.0 0.3
140001.0 0.3
140001.0 0.3
82501.0 0.3
82501.0 0.3
102751.0 0.3
102751.0 0.3
126251.0 0.3
126251.0 0.3
127751.0 0.3
127751.0 0.3
134626.0 0.3
134626.0 0.3
134626.0 0.3
147126.0 0.3
147126.0 0.3
147126.0 0.3
147126.0 0.3
144438.5 0.3
144438.5 0.3
144438.5 0.3
144438.5 0.3
132126.0 0.3
132126.0 0.3
132126.0 0.3
132126.0 0.3
147751.0 0.3
147751.0 0.3
140751.0 0.3
140751.0 0.3
113001.0 0.3
113001.0 0.3
82501.0 0.3
82501.0 0.3
100001.0 0.3
100001.0 0.3
33001.0 0.3
33001.0 0.3
28501.0 0.3
28501.0 0.3
28501.0 0.3
9001.0 0.3
9001.0 0.3
11188.5 0.3
11188.5 0.3
11188.5 0.3
11188.5 0.3
116501.0 0.3
116501.0 0.3
97001.0 0.3
97001.0 0.3
47751.0 0.3
47751.0 0.3
22001.0 0.3
22001.0 0.3
77251.0 0.3
77251.0 0.3
61751.0 0.3
61751.0 0.3
3501.0 0.3
3501.0 0.3
6001.0 0.3
6001.0 0.3
4251.0 0.3
4251.0 0.3
4251.0 0.3
4313.5 0.3
4313.5 0.3
4313.5 0.3
11001.0 0.3
11001.0 0.3
11001.0 0.3
11001.0 0.3
16188.500000000002 0.3
16188.500000000002 0.3
34376.0 0.3
34376.0 0.3
37001.0 0.3
37001.0 0.3
37001.0 0.3
70626.0 0.3
70626.0 0.3
70626.0 0.3
34501.0 0.3
34501.0 0.3
53376.0 0.3
53376.0 0.3
53376.0 0.3
68688.5 0.3
68688.5 0.3
68688.5 0.3
102313.5 0.3
102313.5 0.3
63001.0 0.3
63001.0 0.3
87251.0 0.3
87251.0 0.3
92001.0 0.3
92001.0 0.3
111751.0 0.3
111751.0 0.3
135188.5 0.3
135188.5 0.3
135188.5 0.3
134001.0 0.3
134001.0 0.3
134001.0 0.3
140126.0 0.3
140126.0 0.3
50751.0 0.3
50751.0 0.3
50751.0 0.3
50751.0 0.3
55501.0 0.3
55501.0 0.3
75251.0 0.3
75251.0 0.3
87001.0 0.3
87001.0 0.3
110501.0 0.3
110501.0 0.3
83001.0 0.3
83001.0 0.3
103001.0 0.3
103001.0 0.3
120501.0 0.3
120501.0 0.3
150751.0 0.3
150751.0 0.3
137876.0 0.3
137876.0 0.3
137876.0 0.3
137876.0 0.3
123563.5 0.3
123563.5 0.3
123563.5 0.3
138376.0 0.3
138376.0 0.3
138376.0 0.3
138376.0 0.3
141313.5 0.3
141313.5 0.3
141313.5 0.3
141313.5 0.3
143251.0 0.3
143251.0 0.3
146251.0 0.3
146251.0 0.3
145501.0 0.3
145501.0 0.3
147001.0 0.3
147001.0 0.3
147001.0 0.3
147001.0 0.3
142688.5 0.3
142688.5 0.3
142688.5 0.3
138313.5 0.3
138313.5 0.3
138313.5 0.3
138313.5 0.3
137251.0 0.3
137251.0 0.3
137251.0 0.3
137251.0 0.3
142251.0 0.3
142251.0 0.3
141251.0 0.3
141251.0 0.3
141251.0 0.3
147251.0 0.3
147251.0 0.3
147251.0 0.3
147251.0 0.3
141001.0 0.3
141001.0 0.3
115001.0 0.3
115001.0 0.3
101001.0 0.3
101001.0 0.3
60001.0 0.3
60001.0 0.3
135751.0 0.3
135751.0 0.3
142001.0 0.3
142001.0 0.3
140001.0 0.3
140001.0 0.3
127251.0 0.3
127251.0 0.3
127251.0 0.3
127251.0 0.3
129251.0 0.3
129251.0 0.3
129251.0 0.3
129251.0 0.3
121001.0 0.3
121001.0 0.3
87001.0 0.3
87001.0 0.3
68001.0 0.3
68001.0 0.3
38001.0 0.3
38001.0 0.3
109001.0 0.3
109001.0 0.3
64001.00000000001 0.3
64001.00000000001 0.3
55001.0 0.3
55001.0 0.3
22001.0 0.3
22001.0 0.3
10501.0 0.3
10501.0 0.3
10501.0 0.3
10501.0 0.3
115501.0 0.3
115501.0 0.3
115501.0 0.3
88001.0 0.3
88001.0 0.3
42001.0 0.3
42001.0 0.3
27001.0 0.3
27001.0 0.3
6001.0 0.3
6001.0 0.3
34251.0 0.3
34251.0 0.3
34251.0 0.3
7001.0 0.3
7001.0 0.3
7001.0 0.3
5001.0 0.3
5001.0 0.3
5001.0 0.3
5001.0 0.3
3001.0 0.3
3001.0 0.3
4501.0 0.3
4501.0 0.3
3501.0 0.3
3501.0 0.3
84751.0 0.3
84751.0 0.3
117001.0 0.3
117001.0 0.3
144501.0 0.3
144501.0 0.3
143501.0 0.3
143501.0 0.3
141876.0 0.3
141876.0 0.3
141876.0 0.3
140938.5 0.3
140938.5 0.3
140938.5 0.3
140938.5 0.3
140813.5 0.3
140813.5 0.3
140813.5 0.3
140813.5 0.3
142688.5 0.3
142688.5 0.3
142688.5 0.3
136438.5 0.3
136438.5 0.3
136438.5 0.3
136438.5 0.3
142251.0 0.3
142251.0 0.3
141251.0 0.3
141251.0 0.3
141251.0 0.3
141251.0 0.3
141251.0 0.3
123251.0 0.3
123251.0 0.3
123251.0 0.3
140251.0 0.3
140251.0 0.3
140251.0 0.3
103501.0 0.3
103501.0 0.3
123001.0 0.3
123001.0 0.3
90001.0 0.3
90001.0 0.3
82001.0 0.3
82001.0 0.3
51001.0 0.3
51001.0 0.3
29251.0 0.3
29251.0 0.3
29251.0 0.3
143688.5 0.3
143688.5 0.3
143688.5 0.3
143688.5 0.3
143688.5 0.3
133751.0 0.3
133751.0 0.3
135751.0 0.3
135751.0 0.3
135751.0 0.3
135751.0 0.3
126001.0 0.3
126001.0 0.3
126001.0 0.3
126001.0 0.3
121001.0 0.3
121001.0 0.3
76001.0 0.3
76001.0 0.3
67001.0 0.3
67001.0 0.3
25001.0 0.3
25001.0 0.3
128251.0 0.3
128251.0 0.3
99751.0 0.3
99751.0 0.3
99751.0 0.3
84001.0 0.3
84001.0 0.3
33001.0 0.3
33001.0 0.3
93001.0 0.3
93001.0 0.3
47001.0 0.3
47001.0 0.3
46001.0 0.3
46001.0 0.3
22001.0 0.3
22001.0 0.3
14751.0 0.3
14751.0 0.3
14751.0 0.3
14751.0 0.3
20251.0 0.3
20251.0 0.3
20251.0 0.3
21751.0 0.3
21751.0 0.3
140001.0 0.3
140001.0 0.3
118001.0 0.3
118001.0 0.3
98001.0 0.3
98001.0 0.3
69001.0 0.3
69001.0 0.3
54251.0 0.3
54251.0 0.3
54251.0 0.3
20001.0 0.3
20001.0 0.3
20001.0 0.3
20001.0 0.3
16251.000000000002 0.3
16251.000000000002 0.3
20501.0 0.3
20501.0 0.3
20501.0 0.3
10501.0 0.3
10501.0 0.3
9501.0 0.3
9501.0 0.3
6001.0 0.3
6001.0 0.3
7876.0 0.3
7876.0 0.3
7876.0 0.3
7876.0 0.3
5438.5 0.3
5438.5 0.3
5438.5 0.3
136001.0 0.3
136001.0 0.3
130251.0 0.3
130251.0 0.3
130251.0 0.3
130251.0 0.3
115001.0 0.3
115001.0 0.3
115001.0 0.3
103001.0 0.3
103001.0 0.3
60001.0 0.3
60001.0 0.3
52001.0 0.3
52001.0 0.3
20001.0 0.3
20001.0 0.3
126001.0 0.3
126001.0 0.3
86001.0 0.3
86001.0 0.3
74001.0 0.3
74001.0 0.3
35001.0 0.3
35001.0 0.3
19751.0 0.3
19751.0 0.3
19751.0 0.3
19751.0 0.3
13251.0 0.3
13251.0 0.3
13251.0 0.3
13251.0 0.3
4251.0 0.3
4251.0 0.3
39001.0 0.3
39001.0 0.3
12501.0 0.3
12501.0 0.3
12501.0 0.3
9001.0 0.3
9001.0 0.3
9001.0 0.3
9001.0 0.3
5438.5 0.3
5438.5 0.3
5438.5 0.3
5438.5 0.3
5501.0 0.3
5501.0 0.3
5501.0 0.3
5501.0 0.3
4063.5000000000005 0.3
4063.5000000000005 0.3
4063.5000000000005 0.3
4563.5 0.3
4563.5 0.3
6876.0 0.3
6876.0 0.3
4001.0000000000005 0.3
4001.0000000000005 0.3
4001.0000000000005 0.3
4001.0000000000005 0.3
20813.5 0.3
20813.5 0.3
29626.0 0.3
29626.0 0.3
20751.0 0.3
20751.0 0.3
18501.0 0.3
18501.0 0.3
4626.0 0.3
4626.0 0.3
4626.0 0.3
4626.0 0.3
8125.999999999999 0.3
8125.999999999999 0.3
8125.999999999999 0.3
8125.999999999999 0.3
15501.0 0.3
15501.0 0.3
66251.0 0.3
66251.0 0.3
76251.0 0.3
76251.0 0.3
79251.0 0.3
79251.0 0.3
141501.0 0.3
141501.0 0.3
141501.0 0.3
141501.0 0.3
140001.0 0.3
140001.0 0.3
144001.0 0.3
144001.0 0.3
144001.0 0.3
138501.0 0.3
138501.0 0.3
138501.0 0.3
138501.0 0.3
136001.0 0.3
136001.0 0.3
106001.0 0.3
106001.0 0.3
105001.0 0.3
105001.0 0.3
61001.0 0.3
61001.0 0.3
148751.0 0.3
148751.0 0.3
148751.0 0.3
120251.0 0.3
120251.0 0.3
120251.0 0.3
120251.0 0.3
153001.0 0.3
153001.0 0.3
132001.0 0.3
132001.0 0.3
111001.0 0.3
111001.0 0.3
78001.0 0.3
78001.0 0.3
84001.0 0.3
84001.0 0.3
33001.0 0.3
33001.0 0.3
36001.0 0.3
36001.0 0.3
10001.0 0.3
10001.0 0.3
99001.0 0.3
99001.0 0.3
70001.0 0.3
70001.0 0.3
50001.0 0.3
50001.0 0.3
24001.0 0.3
24001.0 0.3
17251.0 0.3
17251.0 0.3
17251.0 0.3
17251.0 0.3
5001.0 0.3
5001.0 0.3
5001.0 0.3
5001.0 0.3
5751.0 0.3
5751.0 0.3
111501.0 0.3
111501.0 0.3
111501.0 0.3
98001.0 0.3
98001.0 0.3
81001.0 0.3
81001.0 0.3
52001.0 0.3
52001.0 0.3
27001.0 0.3
27001.0 0.3
37001.0 0.3
37001.0 0.3
37001.0 0.3
5751.0 0.3
5751.0 0.3
5751.0 0.3
31251.0 0.3
31251.0 0.3
31251.0 0.3
9251.0 0.3
9251.0 0.3
9251.0 0.3
4001.0000000000005 0.3
4001.0000000000005 0.3
2001.0 0.3
2001.0 0.3
3063.5 0.3
3063.5 0.3
3063.5 0.3
3063.5 0.3
8751.0 0.3
8751.0 0.3
8751.0 0.3
24001.0 0.3
24001.0 0.3
24001.0 0.3
24001.0 0.3
2001.0 0.3
2001.0 0.3
2001.0 0.3
4501.0 0.3
4501.0 0.3
3001.0 0.3
3001.0 0.3
5001.0 0.3
5001.0 0.3
5001.0 0.3
5001.0 0.3
3126.0 0.3
3126.0 0.3
3126.0 0.3
3126.0 0.3
13751.0 0.3
13751.0 0.3
37516.625 0.3
37516.625 0.3
37516.625 0.3
37516.625 0.3
37516.625 0.3
37516.625 0.3
3751.0 0.3
3751.0 0.3
3751.0 0.3
3751.0 0.3
7251.0 0.3
7251.0 0.3
25876.0 0.3
25876.0 0.3
37063.5 0.3
37063.5 0.3
40954.125 0.3
40954.125 0.3
40954.125 0.3
40954.125 0.3
40954.125 0.3
46313.5 0.3
46313.5 0.3
37751.0 0.3
37751.0 0.3
15063.5 0.3
15063.5 0.3
15063.5 0.3
2688.5 0.3
2688.5 0.3
2688.5 0.3
22501.0 0.3
22501.0 0.3
12938.5 0.3
12938.5 0.3
10251.0 0.3
10251.0 0.3
31126.0 0.3
31126.0 0.3
31126.0 0.3
5251.0 0.3
5251.0 0.3
3251.0 0.3
3251.0 0.3
2876.0 0.3
2876.0 0.3
2876.0 0.3
10813.5 0.3
10813.5 0.3
10813.5 0.3
3688.5 0.3
3688.5 0.3
3688.5 0.3
2938.5 0.3
2938.5 0.3
2938.5 0.3
5501.0 0.3
5501.0 0.3
24501.0 0.3
24501.0 0.3
59501.0 0.3
59501.0 0.3
75251.0 0.3
75251.0 0.3
64563.50000000001 0.3
64563.50000000001 0.3
64563.50000000001 0.3
3501.0 0.3
3501.0 0.3
29001.0 0.3
29001.0 0.3
52501.0 0.3
52501.0 0.3
79501.0 0.3
79501.0 0.3
74563.5 0.3
74563.5 0.3
74563.5 0.3
74063.5 0.3
74063.5 0.3
74063.5 0.3
74063.5 0.3
68501.0 0.3
68501.0 0.3
70876.0 0.3
70876.0 0.3
70876.0 0.3
64313.50000000001 0.3
64313.50000000001 0.3
64751.00000000001 0.3
64751.00000000001 0.3
58063.5 0.3
58063.5 0.3
251.0 0.3
251.0 0.3
3251.0 0.3
3251.0 0.3
22251.0 0.3
22251.0 0.3
52001.0 0.3
52001.0 0.3
15001.0 0.3
15001.0 0.3
47251.0 0.3
47251.0 0.3
98751.0 0.3
98751.0 0.3
127751.0 0.3
127751.0 0.3
70063.5 0.3
70063.5 0.3
70063.5 0.3
70063.5 0.3
80751.0 0.3
80751.0 0.3
127001.0 0.3
127001.0 0.3
68001.0 0.3
68001.0 0.3
85501.0 0.3
85501.0 0.3
68876.0 0.3
68876.0 0.3
68876.0 0.3
62001.0 0.3
62001.0 0.3
76438.5 0.3
76438.5 0.3
76438.5 0.3
57688.5 0.3
57688.5 0.3
60876.0 0.3
60876.0 0.3
66813.5 0.3
66813.5 0.3
66813.5 0.3
50876.0 0.3
50876.0 0.3
59313.5 0.3
59313.5 0.3
79735.375 0.3
79735.375 0.3
79735.375 0.3
79735.375 0.3
1.0 0.3
1.0 0.3
1.0 0.3
1.0 0.3
1.0 0.3
1116.234375 0.3
1116.234375 0.3
1116.234375 0.3
1116.234375 0.3
1.0 0.3
1.0 0.3
1.0 0.3
1.0 0.3
1.0 0.3
2481.46875 0.3
2481.46875 0.3
2481.46875 0.3
1.0 0.3
1.0 0.3
1340.84375 0.3
1340.84375 0.3
1340.84375 0.3
1.0 0.3
1.0 0.3
1.0 0.3
1.0 0.3
1.0 0.3
1.0 0.3
1.0 0.3
1.0 0.3
938.5 0.3
938.5 0.3
938.5 0.3
938.5 0.3
1.0 0.3
1.0 0.3
1.0 0.3
782.25 0.3
782.25 0.3
1047.875 0.3
1047.875 0.3
516.625 0.3
516.625 0.3
1563.5 0.3
1563.5 0.3
1563.5 0.3
1.0 0.3
1.0 0.3
1.0 0.3
1.0 0.3
1.0 0.3
1.0 0.3
985.375 0.3
985.375 0.3
1469.75 0.3
1469.75 0.3
1469.75 0.3
376.0 0.3
376.0 0.3
1501.0 0.3
1501.0 0.3
1501.0 0.3
1.0 0.3
1.0 0.3
1.0 0.3
782.25 0.3
782.25 0.3
1579.125 0.3
1579.125 0.3
1579.125 0.3
438.5 0.3
438.5 0.3
1985.375 0.3
1985.375 0.3
1985.375 0.3
3040.0625 0.3
3040.0625 0.3
3040.0625 0.3
1532.25 0.3
1532.25 0.3
2016.625 0.3
2016.625 0.3
2016.625 0.3
2016.625 0.3
1094.75 0.3
1094.75 0.3
1094.75 0.3
1938.5 0.3
1938.5 0.3
12313.5 0.3
12313.5 0.3
3063.5 0.3
3063.5 0.3
27001.0 0.3
27001.0 0.3
27001.0 0.3
1790.0625 0.3
1790.0625 0.3
1790.0625 0.3
1790.0625 0.3
2094.75 0.3
2094.75 0.3
2094.75 0.3
14188.5 0.3
14188.5 0.3
38938.5 0.3
38938.5 0.3
38938.5 0.3
27063.5 0.3
27063.5 0.3
27063.5 0.3
31751.0 0.3
31751.0 0.3
70001.0 0.3
70001.0 0.3
50751.0 0.3
50751.0 0.3
94501.0 0.3
94501.0 0.3
14563.5 0.3
14563.5 0.3
14563.5 0.3
14563.5 0.3
40501.0 0.3
40501.0 0.3
93626.0 0.3
93626.0 0.3
93626.0 0.3
70063.5 0.3
70063.5 0.3
130813.5 0.3
130813.5 0.3
7813.5 0.3
7813.5 0.3
32625.999999999996 0.3
32625.999999999996 0.3
32625.999999999996 0.3
27626.0 0.3
27626.0 0.3
49063.5 0.3
49063.5 0.3
49063.5 0.3
40501.0 0.3
40501.0 0.3
80751.0 0.3
80751.0 0.3
61501.0 0.3
61501.0 0.3
93251.0 0.3
93251.0 0.3
121938.5 0.3
121938.5 0.3
121938.5 0.3
121938.5 0.3
81501.0 0.3
81501.0 0.3
105001.0 0.3
105001.0 0.3
100751.0 0.3
100751.0 0.3
132501.0 0.3
132501.0 0.3
142188.5 0.3
142188.5 0.3
142188.5 0.3
40938.5 0.3
40938.5 0.3
40938.5 0.3
92313.5 0.3
92313.5 0.3
33501.0 0.3
33501.0 0.3
69251.0 0.3
69251.0 0.3
51501.0 0.3
51501.0 0.3
90251.0 0.3
90251.0 0.3
114438.5 0.3
114438.5 0.3
114438.5 0.3
140126.0 0.3
140126.0 0.3
140126.0 0.3
142063.5 0.3
142063.5 0.3
142063.5 0.3
142063.5 0.3
144376.0 0.3
144376.0 0.3
144376.0 0.3
140751.0 0.3
140751.0 0.3
136251.0 0.3
136251.0 0.3
148501.0 0.3
148501.0 0.3
140001.0 0.3
140001.0 0.3
140001.0 0.3
140126.0 0.3
140126.0 0.3
140438.5 0.3
140438.5 0.3
140438.5 0.3
140438.5 0.3
142501.0 0.3
142501.0 0.3
142501.0 0.3
142501.0 0.3
151251.0 0.3
151251.0 0.3
132251.0 0.3
132251.0 0.3
129501.0 0.3
129501.0 0.3
83751.0 0.3
83751.0 0.3
135251.0 0.3
135251.0 0.3
137751.0 0.3
137751.0 0.3
130251.0 0.3
130251.0 0.3
99501.0 0.3
99501.0 0.3
127251.0 0.3
127251.0 0.3
66501.0 0.3
66501.0 0.3
55251.0 0.3
55251.0 0.3
26751.0 0.3
26751.0 0.3
100251.0 0.3
100251.0 0.3
58501.0 0.3
58501.0 0.3
37501.0 0.3
37501.0 0.3
27751.0 0.3
27751.0 0.3
17126.0 0.3
17126.0 0.3
17126.0 0.3
17126.0 0.3
140501.0 0.3
140501.0 0.3
125501.0 0.3
125501.0 0.3
125501.0 0.3
143751.0 0.3
143751.0 0.3
143751.0 0.3
120001.0 0.3
120001.0 0.3
81001.0 0.3
81001.0 0.3
94001.0 0.3
94001.0 0.3
44001.0 0.3
44001.0 0.3
90751.0 0.3
90751.0 0.3
47501.0 0.3
47501.0 0.3
27001.0 0.3
27001.0 0.3
27001.0 0.3
19501.0 0.3
19501.0 0.3
112001.0 0.3
112001.0 0.3
41501.0 0.3
41501.0 0.3
41501.0 0.3
45501.0 0.3
45501.0 0.3
19501.0 0.3
19501.0 0.3
15438.5 0.3
15438.5 0.3
15438.5 0.3
15438.5 0.3
14876.0 0.3
14876.0 0.3
14876.0 0.3
14876.0 0.3
7063.5 0.3
7063.5 0.3
4126.0 0.3
4126.0 0.3
3938.5 0.3
3938.5 0.3
92438.5 0.3
92438.5 0.3
92438.5 0.3
142626.0 0.3
142626.0 0.3
115188.5 0.3
115188.5 0.3
115188.5 0.3
147688.5 0.3
147688.5 0.3
147688.5 0.3
147688.5 0.3
145001.0 0.3
145001.0 0.3
145001.0 0.3
145001.0 0.3
137751.0 0.3
137751.0 0.3
137751.0 0.3
135001.0 0.3
135001.0 0.3
100001.0 0.3
100001.0 0.3
93001.0 0.3
93001.0 0.3
56001.0 0.3
56001.0 0.3
112251.0 0.3
112251.0 0.3
112251.0 0.3
30001.0 0.3
30001.0 0.3
30001.0 0.3
145751.0 0.3
145751.0 0.3
140751.0 0.3
140751.0 0.3
140751.0 0.3
148751.0 0.3
148751.0 0.3
113001.0 0.3
113001.0 0.3
124001.0 0.3
124001.0 0.3
61001.0 0.3
61001.0 0.3
98001.0 0.3
98001.0 0.3
40001.0 0.3
40001.0 0.3
13501.0 0.3
13501.0 0.3
13501.0 0.3
32000.999999999996 0.3
32000.999999999996 0.3
32000.999999999996 0.3
18001.0 0.3
18001.0 0.3
141563.5 0.3
141563.5 0.3
141563.5 0.3
147251.0 0.3
147251.0 0.3
146001.0 0.3
146001.0 0.3
143001.0 0.3
143001.0 0.3
145001.0 0.3
145001.0 0.3
145001.0 0.3
150501.0 0.3
150501.0 0.3
150501.0 0.3
150501.0 0.3
148251.0 0.3
148251.0 0.3
134001.0 0.3
134001.0 0.3
134001.0 0.3
134001.0 0.3
151501.0 0.3
151501.0 0.3
151501.0 0.3
131001.0 0.3
131001.0 0.3
77001.0 0.3
77001.0 0.3
106001.0 0.3
106001.0 0.3
44001.0 0.3
44001.0 0.3
140501.0 0.3
140501.0 0.3
140501.0 0.3
56501.0 0.3
56501.0 0.3
137001.0 0.3
137001.0 0.3
88001.0 0.3
88001.0 0.3
116001.0 0.3
116001.0 0.3
53001.0 0.3
53001.0 0.3
15751.0 0.3
15751.0 0.3
15751.0 0.3
15438.5 0.3
15438.5 0.3
15438.5 0.3
15438.5 0.3
80001.0 0.3
80001.0 0.3
19001.0 0.3
19001.0 0.3
46001.0 0.3
46001.0 0.3
3001.0 0.3
3001.0 0.3
14251.0 0.3
14251.0 0.3
14251.0 0.3
14001.0 0.3
14001.0 0.3
14001.0 0.3
14001.0 0.3
16751.0 0.3
16751.0 0.3
6251.0 0.3
6251.0 0.3
6251.0 0.3
28251.0 0.3
28251.0 0.3
28251.0 0.3
19251.0 0.3
19251.0 0.3
23751.0 0.3
23751.0 0.3
21251.0 0.3
21251.0 0.3
6813.5 0.3
6813.5 0.3
6813.5 0.3
11626.0 0.3
11626.0 0.3
11626.0 0.3
11626.0 0.3
4563.5 0.3
4563.5 0.3
5376.0 0.3
5376.0 0.3
20001.0 0.3
20001.0 0.3
19251.0 0.3
19251.0 0.3
7688.5 0.3
7688.5 0.3
7688.5 0.3
7688.5 0.3
4438.5 0.3
4438.5 0.3
19626.0 0.3
19626.0 0.3
6813.5 0.3
6813.5 0.3
13251.0 0.3
13251.0 0.3
13251.0 0.3
13251.0 0.3
9376.0 0.3
9376.0 0.3
9376.0 0.3
9376.0 0.3
501.0 0.3
501.0 0.3
14251.0 0.3
14251.0 0.3
10001.0 0.3
10001.0 0.3
55251.0 0.3
55251.0 0.3
1251.0 0.3
1251.0 0.3
7501.0 0.3
7501.0 0.3
7501.0 0.3
2001.0 0.3
2001.0 0.3
2001.0 0.3
2001.0 0.3
16001.000000000002 0.3
16001.000000000002 0.3
57001.0 0.3
57001.0 0.3
39001.0 0.3
39001.0 0.3
88001.0 0.3
88001.0 0.3
59251.0 0.3
59251.0 0.3
73751.0 0.3
73751.0 0.3
87751.0 0.3
87751.0 0.3
87751.0 0.3
67001.0 0.3
67001.0 0.3
1782.25 0.3
1782.25 0.3
1141.625 0.3
1141.625 0.3
1141.625 0.3
1266.625 0.3
1266.625 0.3
6563.5 0.3
6563.5 0.3
6563.5 0.3
17001.0 0.3
17001.0 0.3
40688.5 0.3
40688.5 0.3
27438.5 0.3
27438.5 0.3
61001.0 0.3
61001.0 0.3
99813.5 0.3
99813.5 0.3
144001.0 0.3
144001.0 0.3
144001.0 0.3
123001.0 0.3
123001.0 0.3
149188.5 0.3
149188.5 0.3
149188.5 0.3
149188.5 0.3
36251.0 0.3
36251.0 0.3
87876.0 0.3
87876.0 0.3
51126.0 0.3
51126.0 0.3
117813.5 0.3
117813.5 0.3
133126.0 0.3
133126.0 0.3
133126.0 0.3
154751.0 0.3
154751.0 0.3
150501.0 0.3
150501.0 0.3
154501.0 0.3
154501.0 0.3
155751.0 0.3
155751.0 0.3
155751.0 0.3
145751.0 0.3
145751.0 0.3
145751.0 0.3
147501.0 0.3
147501.0 0.3
144001.0 0.3
144001.0 0.3
144001.0 0.3
150001.0 0.3
150001.0 0.3
119501.0 0.3
119501.0 0.3
119501.0 0.3
985.375 0.3
985.375 0.3
12001.0 0.3
12001.0 0.3
12001.0 0.3
12001.0 0.3
1219.75 0.3
1219.75 0.3
1219.75 0.3
3251.0 0.3
3251.0 0.3
19751.0 0.3
19751.0 0.3
19751.0 0.3
1938.5 0.3
1938.5 0.3
19126.0 0.3
19126.0 0.3
19126.0 0.3
53938.5 0.3
53938.5 0.3
117376.0 0.3
117376.0 0.3
77188.5 0.3
77188.5 0.3
77188.5 0.3
133188.5 0.3
133188.5 0.3
133188.5 0.3
153813.5 0.3
153813.5 0.3
153813.5 0.3
153813.5 0.3
152001.0 0.3
152001.0 0.3
152001.0 0.3
134001.0 0.3
134001.0 0.3
75001.0 0.3
75001.0 0.3
116001.0 0.3
116001.0 0.3
54001.0 0.3
54001.0 0.3
146001.0 0.3
146001.0 0.3
146001.0 0.3
146001.0 0.3
95001.0 0.3
95001.0 0.3
34001.0 0.3
34001.0 0.3
69001.0 0.3
69001.0 0.3
23001.0 0.3
23001.0 0.3
155251.0 0.3
155251.0 0.3
150751.0 0.3
150751.0 0.3
150751.0 0.3
156001.0 0.3
156001.0 0.3
148001.0 0.3
148001.0 0.3
148001.0 0.3
158001.0 0.3
158001.0 0.3
106001.0 0.3
106001.0 0.3
145001.0 0.3
145001.0 0.3
75001.0 0.3
75001.0 0.3
24751.0 0.3
24751.0 0.3
24751.0 0.3
24751.0 0.3
112001.0 0.3
112001.0 0.3
44001.0 0.3
44001.0 0.3
85001.0 0.3
85001.0 0.3
29001.0 0.3
29001.0 0.3
17001.0 0.3
17001.0 0.3
17001.0 0.3
59001.0 0.3
59001.0 0.3
101251.0 0.3
101251.0 0.3
52251.0 0.3
52251.0 0.3
105251.0 0.3
105251.0 0.3
138188.5 0.3
138188.5 0.3
138188.5 0.3
138188.5 0.3
49501.0 0.3
49501.0 0.3
95751.0 0.3
95751.0 0.3
46501.0 0.3
46501.0 0.3
103501.0 0.3
103501.0 0.3
142688.5 0.3
142688.5 0.3
142688.5 0.3
142688.5 0.3
142688.5 0.3
150001.0 0.3
150001.0 0.3
127501.0 0.3
127501.0 0.3
127501.0 0.3
149501.0 0.3
149501.0 0.3
149501.0 0.3
146001.0 0.3
146001.0 0.3
89001.0 0.3
89001.0 0.3
137001.0 0.3
137001.0 0.3
75001.0 0.3
75001.0 0.3
38501.0 0.3
38501.0 0.3
38501.0 0.3
21001.0 0.3
21001.0 0.3
14251.0 0.3
14251.0 0.3
14251.0 0.3
9251.0 0.3
9251.0 0.3
157751.0 0.3
157751.0 0.3
157751.0 0.3
121001.0 0.3
121001.0 0.3
58001.0 0.3
58001.0 0.3
99001.0 0.3
99001.0 0.3
40001.0 0.3
40001.0 0.3
135751.0 0.3
135751.0 0.3
135751.0 0.3
37751.0 0.3
37751.0 0.3
37751.0 0.3
9001.0 0.3
9001.0 0.3
9001.0 0.3
6501.0 0.3
6501.0 0.3
10251.0 0.3
10251.0 0.3
2501.0 0.3
2501.0 0.3
145251.0 0.3
145251.0 0.3
147251.0 0.3
147251.0 0.3
148501.0 0.3
148501.0 0.3
134001.0 0.3
134001.0 0.3
134001.0 0.3
120751.0 0.3
120751.0 0.3
120751.0 0.3
38501.0 0.3
38501.0 0.3
38501.0 0.3
97001.0 0.3
97001.0 0.3
50001.0 0.3
50001.0 0.3
68001.0 0.3
68001.0 0.3
25001.0 0.3
25001.0 0.3
19251.0 0.3
19251.0 0.3
19251.0 0.3
150001.0 0.3
150001.0 0.3
115001.0 0.3
115001.0 0.3
135751.0 0.3
135751.0 0.3
67251.0 0.3
67251.0 0.3
19501.0 0.3
19501.0 0.3
19501.0 0.3
15001.0 0.3
15001.0 0.3
22001.0 0.3
22001.0 0.3
21251.0 0.3
21251.0 0.3
13063.5 0.3
13063.5 0.3
13063.5 0.3
13063.5 0.3
2376.0 0.3
2376.0 0.3
6001.0 0.3
6001.0 0.3
6001.0 0.3
10751.0 0.3
10751.0 0.3
128751.0 0.3
128751.0 0.3
128751.0 0.3
26251.0 0.3
26251.0 0.3
150001.0 0.3
150001.0 0.3
84001.0 0.3
84001.0 0.3
127001.0 0.3
127001.0 0.3
57001.0 0.3
57001.0 0.3
15251.0 0.3
15251.0 0.3
15251.0 0.3
11813.5 0.3
11813.5 0.3
11813.5 0.3
11813.5 0.3
100001.0 0.3
100001.0 0.3
36001.0 0.3
36001.0 0.3
75001.0 0.3
75001.0 0.3
27001.0 0.3
27001.0 0.3
17001.0 0.3
17001.0 0.3
17001.0 0.3
27001.0 0.3
27001.0 0.3
27001.0 0.3
17251.0 0.3
17251.0 0.3
4438.5 0.3
4438.5 0.3
4438.5 0.3
3313.5 0.3
3313.5 0.3
10938.5 0.3
10938.5 0.3
8688.5 0.3
8688.5 0.3
8251.0 0.3
8251.0 0.3
8251.0 0.3
15813.5 0.3
15813.5 0.3
15813.5 0.3
3251.0 0.3
3251.0 0.3
1501.0 0.3
1501.0 0.3
1501.0 0.3
1251.0 0.3
1251.0 0.3
13751.0 0.3
13751.0 0.3
5438.5 0.3
5438.5 0.3
5438.5 0.3
5001.0 0.3
5001.0 0.3
59251.0 0.3
59251.0 0.3
36001.0 0.3
36001.0 0.3
78251.0 0.3
78251.0 0.3
8000.999999999999 0.3
8000.999999999999 0.3
36001.0 0.3
36001.0 0.3
26001.0 0.3
26001.0 0.3
82001.0 0.3
82001.0 0.3
99001.0 0.3
99001.0 0.3
99001.0 0.3
99001.0 0.3
82251.0 0.3
82251.0 0.3
82251.0 0.3
91001.0 0.3
91001.0 0.3
73126.0 0.3
73126.0 0.3
73126.0 0.3
73126.0 0.3
69126.0 0.3
69126.0 0.3
69126.0 0.3
69126.0 0.3
65188.50000000001 0.3
65188.50000000001 0.3
21938.5 0.3
21938.5 0.3
66063.5 0.3
66063.5 0.3
66063.5 0.3
59063.5 0.3
59063.5 0.3
65001.00000000001 0.3
65001.00000000001 0.3
59422.875 0.3
59422.875 0.3
59422.875 0.3
59422.875 0.3
16001.000000000002 0.3
16001.000000000002 0.3
16001.000000000002 0.3
9751.0 0.3
9751.0 0.3
13001.0 0.3
13001.0 0.3
13001.0 0.3
7751.0 0.3
7751.0 0.3
3438.5 0.3
3438.5 0.3
3438.5 0.3
6313.5 0.3
6313.5 0.3
6313.5 0.3
6313.5 0.3
8751.0 0.3
8751.0 0.3
6126.0 0.3
6126.0 0.3
6126.0 0.3
3501.0 0.3
3501.0 0.3
46501.0 0.3
46501.0 0.3
16001.000000000002 0.3
16001.000000000002 0.3
74751.0 0.3
74751.0 0.3
3751.0 0.3
3751.0 0.3
3751.0 0.3
3751.0 0.3
29751.0 0.3
29751.0 0.3
76001.0 0.3
76001.0 0.3
55251.0 0.3
55251.0 0.3
83751.0 0.3
83751.0 0.3
1938.5 0.3
1938.5 0.3
1938.5 0.3
10001.0 0.3
10001.0 0.3
10001.0 0.3
5938.5 0.3
5938.5 0.3
5938.5 0.3
5688.5 0.3
5688.5 0.3
5688.5 0.3
5688.5 0.3
1501.0 0.3
1501.0 0.3
16751.0 0.3
16751.0 0.3
1501.0 0.3
1501.0 0.3
46001.0 0.3
46001.0 0.3
79313.5 0.3
79313.5 0.3
79313.5 0.3
79313.5 0.3
3501.0 0.3
3501.0 0.3
80751.0 0.3
80751.0 0.3
20501.0 0.3
20501.0 0.3
113751.0 0.3
113751.0 0.3
79813.5 0.3
79813.5 0.3
79813.5 0.3
68501.0 0.3
68501.0 0.3
68501.0 0.3
62751.0 0.3
62751.0 0.3
67001.0 0.3
67001.0 0.3
67001.0 0.3
61938.5 0.3
61938.5 0.3
58016.625 0.3
58016.625 0.3
58016.625 0.3
66454.125 0.3
66454.125 0.3
66454.125 0.3
66454.125 0.3
62782.25 0.3
62782.25 0.3
23688.5 0.3
23688.5 0.3
23688.5 0.3
23688.5 0.3
8751.0 0.3
8751.0 0.3
8751.0 0.3
4501.0 0.3
4501.0 0.3
7376.0 0.3
7376.0 0.3
9313.5 0.3
9313.5 0.3
35063.5 0.3
35063.5 0.3
33001.0 0.3
33001.0 0.3
21688.5 0.3
21688.5 0.3
21688.5 0.3
21688.5 0.3
5501.0 0.3
5501.0 0.3
33438.5 0.3
33438.5 0.3
25501.0 0.3
25501.0 0.3
28813.5 0.3
28813.5 0.3
28813.5 0.3
28813.5 0.3
24001.0 0.3
24001.0 0.3
24001.0 0.3
24001.0 0.3
2001.0 0.3
2001.0 0.3
1000.9999999999999 0.3
1000.9999999999999 0.3
1501.0 0.3
1501.0 0.3
5001.0 0.3
5001.0 0.3
5001.0 0.3
5001.0 0.3
3501.0 0.3
3501.0 0.3
1251.0 0.3
1251.0 0.3
1251.0 0.3
1251.0 0.3
4001.0000000000005 0.3
4001.0000000000005 0.3
4001.0000000000005 0.3
4001.0000000000005 0.3
6251.0 0.3
6251.0 0.3
6251.0 0.3
6251.0 0.3
24001.0 0.3
24001.0 0.3
62001.0 0.3
62001.0 0.3
58001.0 0.3
58001.0 0.3
116001.0 0.3
116001.0 0.3
15001.0 0.3
15001.0 0.3
48001.0 0.3
48001.0 0.3
42001.0 0.3
42001.0 0.3
104001.0 0.3
104001.0 0.3
137251.0 0.3
137251.0 0.3
137251.0 0.3
137251.0 0.3
21501.0 0.3
21501.0 0.3
21501.0 0.3
6126.0 0.3
6126.0 0.3
6126.0 0.3
6126.0 0.3
2501.0 0.3
2501.0 0.3
2501.0 0.3
2501.0 0.3
1501.0 0.3
1501.0 0.3
9001.0 0.3
9001.0 0.3
9001.0 0.3
12501.0 0.3
12501.0 0.3
12501.0 0.3
67751.0 0.3
67751.0 0.3
28001.0 0.3
28001.0 0.3
74001.0 0.3
74001.0 0.3
66001.0 0.3
66001.0 0.3
101001.0 0.3
101001.0 0.3
97251.0 0.3
97251.0 0.3
97251.0 0.3
21501.0 0.3
21501.0 0.3
78251.0 0.3
78251.0 0.3
77501.0 0.3
77501.0 0.3
83751.0 0.3
83751.0 0.3
73251.0 0.3
73251.0 0.3
73251.0 0.3
73251.0 0.3
78126.0 0.3
78126.0 0.3
78126.0 0.3
78126.0 0.3
65563.5 0.3
65563.5 0.3
5251.0 0.3
5251.0 0.3
5251.0 0.3
59751.0 0.3
59751.0 0.3
15001.0 0.3
15001.0 0.3
54001.0 0.3
54001.0 0.3
59001.0 0.3
59001.0 0.3
108001.0 0.3
108001.0 0.3
109001.0 0.3
109001.0 0.3
109001.0 0.3
100751.0 0.3
100751.0 0.3
100751.0 0.3
87501.0 0.3
87501.0 0.3
90001.0 0.3
90001.0 0.3
75501.0 0.3
75501.0 0.3
130501.0 0.3
130501.0 0.3
130501.0 0.3
130501.0 0.3
100251.0 0.3
100251.0 0.3
119251.0 0.3
119251.0 0.3
84751.0 0.3
84751.0 0.3
72563.5 0.3
72563.5 0.3
72563.5 0.3
72563.5 0.3
78188.5 0.3
78188.5 0.3
78188.5 0.3
72188.5 0.3
72188.5 0.3
67313.5 0.3
67313.5 0.3
80501.0 0.3
80501.0 0.3
19063.5 0.3
19063.5 0.3
19063.5 0.3
19063.5 0.3
3001.0 0.3
3001.0 0.3
1751.0 0.3
1751.0 0.3
1251.0 0.3
1251.0 0.3
7251.0 0.3
7251.0 0.3
7251.0 0.3
751.0 0.3
751.0 0.3
2251.0 0.3
2251.0 0.3
6251.0 0.3
6251.0 0.3
43251.0 0.3
43251.0 0.3
23501.0 0.3
23501.0 0.3
70751.0 0.3
70751.0 0.3
70001.0 0.3
70001.0 0.3
73251.0 0.3
73251.0 0.3
6751.0 0.3
6751.0 0.3
6751.0 0.3
6751.0 0.3
12001.0 0.3
12001.0 0.3
31001.0 0.3
31001.0 0.3
44001.0 0.3
44001.0 0.3
97001.0 0.3
97001.0 0.3
14001.0 0.3
14001.0 0.3
51001.0 0.3
51001.0 0.3
63001.0 0.3
63001.0 0.3
112001.0 0.3
112001.0 0.3
109001.0 0.3
109001.0 0.3
159001.0 0.3
159001.0 0.3
163001.0 0.3
163001.0 0.3
181001.0 0.3
181001.0 0.3
88001.0 0.3
88001.0 0.3
147001.0 0.3
147001.0 0.3
146001.0 0.3
146001.0 0.3
165001.0 0.3
165001.0 0.3
153001.0 0.3
153001.0 0.3
153001.0 0.3
175251.0 0.3
175251.0 0.3
175251.0 0.3
175251.0 0.3
145751.0 0.3
145751.0 0.3
105251.0 0.3
105251.0 0.3
105251.0 0.3
109751.0 0.3
109751.0 0.3
109751.0 0.3
78001.0 0.3
78001.0 0.3
79751.0 0.3
79751.0 0.3
101313.5 0.3
101313.5 0.3
101313.5 0.3
101313.5 0.3
67688.5 0.3
67688.5 0.3
67688.5 0.3
67688.5 0.3
69188.5 0.3
69188.5 0.3
69188.5 0.3
67376.0 0.3
67376.0 0.3
67376.0 0.3
65751.0 0.3
65751.0 0.3
68751.0 0.3
68751.0 0.3
68751.0 0.3
71751.0 0.3
71751.0 0.3
63751.0 0.3
63751.0 0.3
65813.5 0.3
65813.5 0.3
91063.5 0.3
91063.5 0.3
91063.5 0.3
91063.5 0.3
67376.0 0.3
67376.0 0.3
92688.5 0.3
92688.5 0.3
63876.0 0.3
63876.0 0.3
61469.75 0.3
61469.75 0.3
61469.75 0.3
61469.75 0.3
76016.625 0.3
76016.625 0.3
76016.625 0.3
76016.625 0.3
54547.875 0.3
54547.875 0.3
64469.75000000001 0.3
64469.75000000001 0.3
64469.75000000001 0.3
64469.75000000001 0.3
62954.125 0.3
62954.125 0.3
62954.125 0.3
74032.25 0.3
74032.25 0.3
74032.25 0.3
67516.625 0.3
67516.625 0.3
46954.125 0.3
46954.125 0.3
46954.125 0.3
63469.75 0.3
63469.75 0.3
46985.375 0.3
46985.375 0.3
45016.625 0.3
45016.625 0.3
81047.875 0.3
81047.875 0.3
77032.25 0.3
77032.25 0.3
60532.25 0.3
60532.25 0.3
72063.5 0.3
72063.5 0.3
48450.21875 0.3
48450.21875 0.3
48450.21875 0.3
48450.21875 0.3
59016.625 0.3
59016.625 0.3
59016.625 0.3
59016.625 0.3
56469.75 0.3
56469.75 0.3
56469.75 0.3
56251.0 0.3
56251.0 0.3
49547.875 0.3
49547.875 0.3
62024.4375 0.3
62024.4375 0.3
62024.4375 0.3
62024.4375 0.3
69411.15625 0.3
69411.15625 0.3
69411.15625 0.3
69411.15625 0.3
69411.15625 0.3
57313.5 0.3
57313.5 0.3
56817.40625 0.3
56817.40625 0.3
56817.40625 0.3
41665.0625 0.3
41665.0625 0.3
45754.90625 0.3
45754.90625 0.3
42329.125 0.3
42329.125 0.3
42329.125 0.3
1266.625 0.3
1266.625 0.3
1266.625 0.3
4313.5 0.3
4313.5 0.3
14751.0 0.3
14751.0 0.3
14751.0 0.3
4251.0 0.3
4251.0 0.3
17876.0 0.3
17876.0 0.3
17876.0 0.3
17876.0 0.3
1547.875 0.3
1547.875 0.3
1547.875 0.3
4938.5 0.3
4938.5 0.3
4938.5 0.3
14751.0 0.3
14751.0 0.3
43751.0 0.3
43751.0 0.3
22751.0 0.3
22751.0 0.3
59751.0 0.3
59751.0 0.3
4876.0 0.3
4876.0 0.3
4876.0 0.3
27001.0 0.3
27001.0 0.3
74251.0 0.3
74251.0 0.3
28501.0 0.3
28501.0 0.3
82501.0 0.3
82501.0 0.3
48751.0 0.3
48751.0 0.3
98251.0 0.3
98251.0 0.3
58001.0 0.3
58001.0 0.3
105501.0 0.3
105501.0 0.3
135751.0 0.3
135751.0 0.3
149501.0 0.3
149501.0 0.3
149501.0 0.3
137001.0 0.3
137001.0 0.3
155751.0 0.3
155751.0 0.3
155751.0 0.3
155751.0 0.3
74751.0 0.3
74751.0 0.3
120251.0 0.3
120251.0 0.3
79001.0 0.3
79001.0 0.3
127251.0 0.3
127251.0 0.3
138251.0 0.3
138251.0 0.3
138251.0 0.3
144001.0 0.3
144001.0 0.3
108001.0 0.3
108001.0 0.3
118001.0 0.3
118001.0 0.3
71001.0 0.3
71001.0 0.3
147751.0 0.3
147751.0 0.3
147751.0 0.3
55001.0 0.3
55001.0 0.3
55001.0 0.3
123001.0 0.3
123001.0 0.3
71001.0 0.3
71001.0 0.3
109001.0 0.3
109001.0 0.3
48001.0 0.3
48001.0 0.3
17251.0 0.3
17251.0 0.3
17251.0 0.3
90001.0 0.3
90001.0 0.3
22001.0 0.3
22001.0 0.3
67001.0 0.3
67001.0 0.3
8000.999999999999 0.3
8000.999999999999 0.3
8751.0 0.3
8751.0 0.3
8751.0 0.3
5813.5 0.3
5813.5 0.3
5813.5 0.3
5813.5 0.3
20001.0 0.3
20001.0 0.3
20001.0 0.3
20001.0 0.3
3001.0 0.3
3001.0 0.3
9751.0 0.3
9751.0 0.3
3001.0 0.3
3001.0 0.3
3563.5 0.3
3563.5 0.3
3563.5 0.3
104001.0 0.3
104001.0 0.3
137501.0 0.3
137501.0 0.3
137501.0 0.3
114501.0 0.3
114501.0 0.3
145501.0 0.3
145501.0 0.3
145501.0 0.3
141001.0 0.3
141001.0 0.3
101001.0 0.3
101001.0 0.3
133001.0 0.3
133001.0 0.3
70001.0 0.3
70001.0 0.3
21001.0 0.3
21001.0 0.3
21001.0 0.3
110001.0 0.3
110001.0 0.3
36001.0 0.3
36001.0 0.3
79001.0 0.3
79001.0 0.3
19001.0 0.3
19001.0 0.3
9251.0 0.3
9251.0 0.3
9251.0 0.3
132251.0 0.3
132251.0 0.3
127751.0 0.3
127751.0 0.3
127751.0 0.3
136751.0 0.3
136751.0 0.3
136751.0 0.3
141001.0 0.3
141001.0 0.3
75001.0 0.3
75001.0 0.3
136001.0 0.3
136001.0 0.3
59001.0 0.3
59001.0 0.3
24001.0 0.3
24001.0 0.3
24001.0 0.3
12251.0 0.3
12251.0 0.3
9501.0 0.3
9501.0 0.3
9501.0 0.3
10751.0 0.3
10751.0 0.3
4938.5 0.3
4938.5 0.3
4938.5 0.3
4938.5 0.3
3376.0 0.3
3376.0 0.3
3376.0 0.3
3376.0 0.3
2251.0 0.3
2251.0 0.3
2251.0 0.3
2251.0 0.3
6751.0 0.3
6751.0 0.3
751.0 0.3
751.0 0.3
1501.0 0.3
1501.0 0.3
2001.0 0.3
2001.0 0.3
2001.0 0.3
1735.375 0.3
1735.375 0.3
1735.375 0.3
1735.375 0.3
7251.0 0.3
7251.0 0.3
7251.0 0.3
32750.999999999996 0.3
32750.999999999996 0.3
89251.0 0.3
89251.0 0.3
47251.0 0.3
47251.0 0.3
108751.0 0.3
108751.0 0.3
12688.5 0.3
12688.5 0.3
12688.5 0.3
64501.00000000001 0.3
64501.00000000001 0.3
124501.0 0.3
124501.0 0.3
124501.0 0.3
85501.0 0.3
85501.0 0.3
144251.0 0.3
144251.0 0.3
144251.0 0.3
1126.0 0.3
1126.0 0.3
3126.0 0.3
3126.0 0.3
1876.0 0.3
1876.0 0.3
3876.0 0.3
3876.0 0.3
3876.0 0.3
23813.5 0.3
23813.5 0.3
23813.5 0.3
23813.5 0.3
95251.0 0.3
95251.0 0.3
141501.0 0.3
141501.0 0.3
107001.0 0.3
107001.0 0.3
127001.0 0.3
127001.0 0.3
127001.0 0.3
15751.0 0.3
15751.0 0.3
56501.0 0.3
56501.0 0.3
26501.0 0.3
26501.0 0.3
83001.0 0.3
83001.0 0.3
130251.0 0.3
130251.0 0.3
130251.0 0.3
130001.0 0.3
130001.0 0.3
74001.0 0.3
74001.0 0.3
123001.0 0.3
123001.0 0.3
52001.0 0.3
52001.0 0.3
143001.0 0.3
143001.0 0.3
143001.0 0.3
108001.0 0.3
108001.0 0.3
35001.0 0.3
35001.0 0.3
91001.0 0.3
91001.0 0.3
22001.0 0.3
22001.0 0.3
139751.0 0.3
139751.0 0.3
139751.0 0.3
108001.0 0.3
108001.0 0.3
43001.0 0.3
43001.0 0.3
78001.0 0.3
78001.0 0.3
24001.0 0.3
24001.0 0.3
127751.0 0.3
127751.0 0.3
127751.0 0.3
27501.0 0.3
27501.0 0.3
27501.0 0.3
8000.999999999999 0.3
8000.999999999999 0.3
8000.999999999999 0.3
8251.0 0.3
8251.0 0.3
9751.0 0.3
9751.0 0.3
5251.0 0.3
5251.0 0.3
143001.0 0.3
143001.0 0.3
89001.0 0.3
89001.0 0.3
133001.0 0.3
133001.0 0.3
69001.0 0.3
69001.0 0.3
13001.0 0.3
13001.0 0.3
13001.0 0.3
114001.0 0.3
114001.0 0.3
48001.0 0.3
48001.0 0.3
94001.0 0.3
94001.0 0.3
31001.0 0.3
31001.0 0.3
4251.0 0.3
4251.0 0.3
4251.0 0.3
8376.0 0.3
8376.0 0.3
8376.0 0.3
8376.0 0.3
3626.0 0.3
3626.0 0.3
3626.0 0.3
6001.0 0.3
6001.0 0.3
6001.0 0.3
6001.0 0.3
6001.0 0.3
4126.0 0.3
4126.0 0.3
4126.0 0.3
2001.0 0.3
2001.0 0.3
24751.0 0.3
24751.0 0.3
4751.0 0.3
4751.0 0.3
43251.0 0.3
43251.0 0.3
42001.0 0.3
42001.0 0.3
42001.0 0.3
7251.0 0.3
7251.0 0.3
21001.0 0.3
21001.0 0.3
8751.0 0.3
8751.0 0.3
8000.999999999999 0.3
8000.999999999999 0.3
8000.999999999999 0.3
3751.0 0.3
3751.0 0.3
3751.0 0.3
15501.0 0.3
15501.0 0.3
3251.0 0.3
3251.0 0.3
3251.0 0.3
15001.0 0.3
15001.0 0.3
3313.5 0.3
3313.5 0.3
3313.5 0.3
5688.5 0.3
5688.5 0.3
5688.5 0.3
6001.0 0.3
6001.0 0.3
57501.0 0.3
57501.0 0.3
10251.0 0.3
10251.0 0.3
72001.0 0.3
72001.0 0.3
6876.0 0.3
6876.0 0.3
6876.0 0.3
6876.0 0.3
16501.0 0.3
16501.0 0.3
99751.0 0.3
99751.0 0.3
30251.0 0.3
30251.0 0.3
130001.0 0.3
130001.0 0.3
5751.0 0.3
5751.0 0.3
5751.0 0.3
1501.0 0.3
1501.0 0.3
10501.0 0.3
10501.0 0.3
6001.0 0.3
6001.0 0.3
43751.0 0.3
43751.0 0.3
3938.5 0.3
3938.5 0.3
3938.5 0.3
3938.5 0.3
26751.0 0.3
26751.0 0.3
88001.0 0.3
88001.0 0.3
67751.0 0.3
67751.0 0.3
106251.0 0.3
106251.0 0.3
66001.0 0.3
66001.0 0.3
130751.0 0.3
130751.0 0.3
105001.0 0.3
105001.0 0.3
114001.0 0.3
114001.0 0.3
85251.0 0.3
85251.0 0.3
85251.0 0.3
90188.5 0.3
90188.5 0.3
90188.5 0.3
90188.5 0.3
78626.0 0.3
78626.0 0.3
2001.0 0.3
2001.0 0.3
39751.0 0.3
39751.0 0.3
5501.0 0.3
5501.0 0.3
73751.0 0.3
73751.0 0.3
92251.0 0.3
92251.0 0.3
92251.0 0.3
92251.0 0.3
27001.0 0.3
27001.0 0.3
27001.0 0.3
105001.0 0.3
105001.0 0.3
17001.0 0.3
17001.0 0.3
79001.0 0.3
79001.0 0.3
31001.0 0.3
31001.0 0.3
99001.0 0.3
99001.0 0.3
108001.0 0.3
108001.0 0.3
108001.0 0.3
73251.0 0.3
73251.0 0.3
73251.0 0.3
68297.875 0.3
68297.875 0.3
68297.875 0.3
68297.875 0.3
68297.875 0.3
72094.75 0.3
72094.75 0.3
72094.75 0.3
72094.75 0.3
61751.0 0.3
61751.0 0.3
61751.0 0.3
86126.0 0.3
86126.0 0.3
101438.5 0.3
101438.5 0.3
83251.0 0.3
83251.0 0.3
99376.0 0.3
99376.0 0.3
69376.0 0.3
69376.0 0.3
61001.0 0.3
61001.0 0.3
67126.0 0.3
67126.0 0.3
67126.0 0.3
60251.0 0.3
60251.0 0.3
79501.0 0.3
79501.0 0.3
79501.0 0.3
100001.0 0.3
100001.0 0.3
94251.0 0.3
94251.0 0.3
88751.0 0.3
88751.0 0.3
68063.5 0.3
68063.5 0.3
68063.5 0.3
111251.0 0.3
111251.0 0.3
87751.0 0.3
87751.0 0.3
121501.0 0.3
121501.0 0.3
69501.0 0.3
69501.0 0.3
65688.5 0.3
65688.5 0.3
65688.5 0.3
74047.875 0.3
74047.875 0.3
74047.875 0.3
74047.875 0.3
108001.0 0.3
108001.0 0.3
66001.0 0.3
66001.0 0.3
108251.0 0.3
108251.0 0.3
95751.0 0.3
95751.0 0.3
80501.0 0.3
80501.0 0.3
80501.0 0.3
95251.0 0.3
95251.0 0.3
95251.0 0.3
95251.0 0.3
63751.0 0.3
63751.0 0.3
63032.25 0.3
63032.25 0.3
63032.25 0.3
86126.0 0.3
86126.0 0.3
125626.0 0.3
125626.0 0.3
125626.0 0.3
77251.0 0.3
77251.0 0.3
75063.5 0.3
75063.5 0.3
98501.0 0.3
98501.0 0.3
64751.00000000001 0.3
64751.00000000001 0.3
135501.0 0.3
135501.0 0.3
82501.0 0.3
82501.0 0.3
60876.0 0.3
60876.0 0.3
60876.0 0.3
83126.0 0.3
83126.0 0.3
83126.0 0.3
67563.5 0.3
67563.5 0.3
58501.0 0.3
58501.0 0.3
58501.0 0.3
56782.25 0.3
56782.25 0.3
56782.25 0.3
2001.0 0.3
2001.0 0.3
4563.5 0.3
4563.5 0.3
4563.5 0.3
1626.0 0.3
1626.0 0.3
12688.5 0.3
12688.5 0.3
12688.5 0.3
30001.0 0.3
30001.0 0.3
90751.0 0.3
90751.0 0.3
55001.0 0.3
55001.0 0.3
114751.0 0.3
114751.0 0.3
136251.0 0.3
136251.0 0.3
33751.0 0.3
33751.0 0.3
33751.0 0.3
105001.0 0.3
105001.0 0.3
14751.0 0.3
14751.0 0.3
60251.0 0.3
60251.0 0.3
132751.0 0.3
132751.0 0.3
70751.0 0.3
70751.0 0.3
129001.0 0.3
129001.0 0.3
94251.0 0.3
94251.0 0.3
10001.0 0.3
10001.0 0.3
70751.0 0.3
70751.0 0.3
70751.0 0.3
6251.0 0.3
6251.0 0.3
1188.5 0.3
1188.5 0.3
17438.5 0.3
17438.5 0.3
17438.5 0.3
2001.0 0.3
2001.0 0.3
27438.5 0.3
27438.5 0.3
27438.5 0.3
27438.5 0.3
84001.0 0.3
84001.0 0.3
128251.0 0.3
128251.0 0.3
128251.0 0.3
104501.0 0.3
104501.0 0.3
124501.0 0.3
124501.0 0.3
95001.0 0.3
95001.0 0.3
38001.0 0.3
38001.0 0.3
72001.0 0.3
72001.0 0.3
23001.0 0.3
23001.0 0.3
5251.0 0.3
5251.0 0.3
5251.0 0.3
25751.0 0.3
25751.0 0.3
25751.0 0.3
5001.0 0.3
5001.0 0.3
107501.0 0.3
107501.0 0.3
118001.0 0.3
118001.0 0.3
118251.0 0.3
118251.0 0.3
97501.0 0.3
97501.0 0.3
97501.0 0.3
11188.5 0.3
11188.5 0.3
11188.5 0.3
11188.5 0.3
11188.5 0.3
10563.5 0.3
10563.5 0.3
10563.5 0.3
10563.5 0.3
2626.0 0.3
2626.0 0.3
2626.0 0.3
12626.0 0.3
12626.0 0.3
12626.0 0.3
2376.0 0.3
2376.0 0.3
2376.0 0.3
4751.0 0.3
4751.0 0.3
3751.0 0.3
3751.0 0.3
3751.0 0.3
3751.0 0.3
3501.0 0.3
3501.0 0.3
3501.0 0.3
41251.0 0.3
41251.0 0.3
41251.0 0.3
134251.0 0.3
134251.0 0.3
22001.0 0.3
22001.0 0.3
81001.0 0.3
81001.0 0.3
34001.0 0.3
34001.0 0.3
97001.0 0.3
97001.0 0.3
125251.0 0.3
125251.0 0.3
125251.0 0.3
2001.0 0.3
2001.0 0.3
3001.0 0.3
3001.0 0.3
3001.0 0.3
1000.9999999999999 0.3
1000.9999999999999 0.3
6001.0 0.3
6001.0 0.3
6001.0 0.3
44001.0 0.3
44001.0 0.3
111001.0 0.3
111001.0 0.3
49001.0 0.3
49001.0 0.3
120001.0 0.3
120001.0 0.3
114751.0 0.3
114751.0 0.3
114751.0 0.3
53001.0 0.3
53001.0 0.3
126001.0 0.3
126001.0 0.3
57001.0 0.3
57001.0 0.3
131001.0 0.3
131001.0 0.3
108251.0 0.3
108251.0 0.3
108251.0 0.3
13001.0 0.3
13001.0 0.3
13001.0 0.3
1126.0 0.3
1126.0 0.3
1126.0 0.3
13001.0 0.3
13001.0 0.3
813.5 0.3
813.5 0.3
501.0 0.3
501.0 0.3
8000.999999999999 0.3
8000.999999999999 0.3
8000.999999999999 0.3
1751.0 0.3
1751.0 0.3
11251.0 0.3
11251.0 0.3
66001.0 0.3
66001.0 0.3
134001.0 0.3
134001.0 0.3
73001.0 0.3
73001.0 0.3
138001.0 0.3
138001.0 0.3
105751.0 0.3
105751.0 0.3
105751.0 0.3
114251.0 0.3
114251.0 0.3
114251.0 0.3
116501.0 0.3
116501.0 0.3
13563.5 0.3
13563.5 0.3
13563.5 0.3
13563.5 0.3
13563.5 0.3
113251.0 0.3
113251.0 0.3
123251.0 0.3
123251.0 0.3
139751.0 0.3
139751.0 0.3
134751.0 0.3
134751.0 0.3
4188.5 0.3
4188.5 0.3
4188.5 0.3
20251.0 0.3
20251.0 0.3
56751.0 0.3
56751.0 0.3
24751.0 0.3
24751.0 0.3
69001.0 0.3
69001.0 0.3
9876.0 0.3
9876.0 0.3
9876.0 0.3
27001.0 0.3
27001.0 0.3
88751.0 0.3
88751.0 0.3
36501.0 0.3
36501.0 0.3
93751.0 0.3
93751.0 0.3
129751.0 0.3
129751.0 0.3
129751.0 0.3
116001.0 0.3
116001.0 0.3
40001.0 0.3
40001.0 0.3
113001.0 0.3
113001.0 0.3
37001.0 0.3
37001.0 0.3
127251.0 0.3
127251.0 0.3
127251.0 0.3
106001.0 0.3
106001.0 0.3
34001.0 0.3
34001.0 0.3
94001.0 0.3
94001.0 0.3
27001.0 0.3
27001.0 0.3
4001.0000000000005 0.3
4001.0000000000005 0.3
4001.0000000000005 0.3
12751.0 0.3
12751.0 0.3
8000.999999999999 0.3
8000.999999999999 0.3
8000.999999999999 0.3
14751.0 0.3
14751.0 0.3
127501.0 0.3
127501.0 0.3
45001.0 0.3
45001.0 0.3
45001.0 0.3
128751.0 0.3
128751.0 0.3
33001.0 0.3
33001.0 0.3
10001.0 0.3
10001.0 0.3
10001.0 0.3
10001.0 0.3
16313.500000000002 0.3
16313.500000000002 0.3
16313.500000000002 0.3
51251.0 0.3
51251.0 0.3
111501.0 0.3
111501.0 0.3
55251.0 0.3
55251.0 0.3
118001.0 0.3
118001.0 0.3
19438.5 0.3
19438.5 0.3
19438.5 0.3
63251.0 0.3
63251.0 0.3
119751.0 0.3
119751.0 0.3
66001.0 0.3
66001.0 0.3
127501.0 0.3
127501.0 0.3
110001.0 0.3
110001.0 0.3
20751.0 0.3
20751.0 0.3
98001.0 0.3
98001.0 0.3
11751.0 0.3
11751.0 0.3
12501.0 0.3
12501.0 0.3
12501.0 0.3
81001.0 0.3
81001.0 0.3
11251.0 0.3
11251.0 0.3
67751.0 0.3
67751.0 0.3
7501.0 0.3
7501.0 0.3
13688.5 0.3
13688.5 0.3
13688.5 0.3
11376.0 0.3
11376.0 0.3
11376.0 0.3
1563.5 0.3
1563.5 0.3
1563.5 0.3
6563.5 0.3
6563.5 0.3
626.0 0.3
626.0 0.3
626.0 0.3
3001.0 0.3
3001.0 0.3
57251.0 0.3
57251.0 0.3
7001.0 0.3
7001.0 0.3
70751.0 0.3
70751.0 0.3
75626.0 0.3
75626.0 0.3
75626.0 0.3
75626.0 0.3
21001.0 0.3
21001.0 0.3
74751.0 0.3
74751.0 0.3
39501.0 0.3
39501.0 0.3
74251.0 0.3
74251.0 0.3
62563.5 0.3
62563.5 0.3
62563.5 0.3
3563.5 0.3
3563.5 0.3
3563.5 0.3
3563.5 0.3
3563.5 0.3
3563.5 0.3
66188.5 0.3
66188.5 0.3
66188.5 0.3
61438.5 0.3
61438.5 0.3
71251.0 0.3
71251.0 0.3
71251.0 0.3
59938.5 0.3
59938.5 0.3
72626.0 0.3
72626.0 0.3
72626.0 0.3
65688.5 0.3
65688.5 0.3
66563.5 0.3
66563.5 0.3
66563.5 0.3
63126.0 0.3
63126.0 0.3
56969.75 0.3
56969.75 0.3
56969.75 0.3
56969.75 0.3
73313.5 0.3
73313.5 0.3
73313.5 0.3
60751.0 0.3
60751.0 0.3
99751.0 0.3
99751.0 0.3
99751.0 0.3
74313.5 0.3
74313.5 0.3
57251.0 0.3
57251.0 0.3
54376.0 0.3
54376.0 0.3
64501.00000000001 0.3
64501.00000000001 0.3
59688.5 0.3
59688.5 0.3
59688.5 0.3
57563.5 0.3
57563.5 0.3
56282.25 0.3
56282.25 0.3
53282.25 0.3
53282.25 0.3
53282.25 0.3
53282.25 0.3
49016.625 0.3
49016.625 0.3
65001.00000000001 0.3
65001.00000000001 0.3
65001.00000000001 0.3
65001.00000000001 0.3
65001.00000000001 0.3
103001.0 0.3
103001.0 0.3
103001.0 0.3
71501.0 0.3
71501.0 0.3
61501.0 0.3
61501.0 0.3
113251.0 0.3
113251.0 0.3
91501.0 0.3
91501.0 0.3
68063.5 0.3
68063.5 0.3
84438.5 0.3
84438.5 0.3
84438.5 0.3
48469.75 0.3
48469.75 0.3
48469.75 0.3
48938.5 0.3
48938.5 0.3
48938.5 0.3
67563.5 0.3
67563.5 0.3
67563.5 0.3
61251.0 0.3
61251.0 0.3
67938.5 0.3
67938.5 0.3
58188.5 0.3
58188.5 0.3
53032.25 0.3
53032.25 0.3
53032.25 0.3
46985.375 0.3
46985.375 0.3
46985.375 0.3
46969.75 0.3
46969.75 0.3
60485.375 0.3
60485.375 0.3
61001.0 0.3
61001.0 0.3
55797.875 0.3
55797.875 0.3
55797.875 0.3
56969.75 0.3
56969.75 0.3
52372.09375 0.3
52372.09375 0.3
52372.09375 0.3
54938.5 0.3
54938.5 0.3
54938.5 0.3
50516.625 0.3
50516.625 0.3
50719.75 0.3
50719.75 0.3
46469.75 0.3
46469.75 0.3
44364.28125 0.3
44364.28125 0.3
44364.28125 0.3
41247.09375 0.3
41247.09375 0.3
41247.09375 0.3
40235.375 0.3
40235.375 0.3
46985.375 0.3
46985.375 0.3
43469.75 0.3
43469.75 0.3
50001.0 0.3
50001.0 0.3
50001.0 0.3
41239.28125 0.3
41239.28125 0.3
41239.28125 0.3
42985.375 0.3
42985.375 0.3
42985.375 0.3
57813.5 0.3
57813.5 0.3
73876.0 0.3
73876.0 0.3
64563.50000000001 0.3
64563.50000000001 0.3
120876.0 0.3
120876.0 0.3
120876.0 0.3
42422.875 0.3
42422.875 0.3
42422.875 0.3
57251.0 0.3
57251.0 0.3
95938.5 0.3
95938.5 0.3
48938.5 0.3
48938.5 0.3
79751.0 0.3
79751.0 0.3
50598.65625 0.3
50598.65625 0.3
50598.65625 0.3
50598.65625 0.3
44883.8125 0.3
44883.8125 0.3
44598.65625 0.3
44598.65625 0.3
44598.65625 0.3
44598.65625 0.3
44508.8125 0.3
44508.8125 0.3
44508.8125 0.3
41524.4375 0.3
41524.4375 0.3
41524.4375 0.3
41469.75 0.3
41469.75 0.3
41469.75 0.3
56063.5 0.3
56063.5 0.3
91001.0 0.3
91001.0 0.3
58126.0 0.3
58126.0 0.3
84751.0 0.3
84751.0 0.3
39063.5 0.3
39063.5 0.3
51204.125 0.3
51204.125 0.3
51204.125 0.3
45145.53125 0.3
45145.53125 0.3
45145.53125 0.3
43344.75 0.3
43344.75 0.3
43344.75 0.3
43344.75 0.3
1.0 0.3
1.0 0.3
1.0 0.3
1.0 0.3
1.0 0.3
1.0 0.3
1.0 0.3
1.0 0.3
1.0 0.3
1.0 0.3
1.0 0.3
711.9375 0.3
711.9375 0.3
711.9375 0.3
711.9375 0.3
501.0 0.3
501.0 0.3
219.75 0.3
219.75 0.3
719.75 0.3
719.75 0.3
532.25 0.3
532.25 0.3
532.25 0.3
1.0 0.3
1.0 0.3
1.0 0.3
1.0 0.3
430.6875 0.3
430.6875 0.3
430.6875 0.3
430.6875 0.3
668.96875 0.3
668.96875 0.3
668.96875 0.3
1.0 0.3
1.0 0.3
1.0 0.3
1.0 0.3
1.0 0.3
1.0 0.3
1.0 0.3
1.0 0.3
1.0 0.3
1.0 0.3
1.0 0.3
649.4375 0.3
649.4375 0.3
649.4375 0.3
649.4375 0.3
47.875 0.3
47.875 0.3
251.0 0.3
251.0 0.3
1079.125 0.3
1079.125 0.3
1079.125 0.3
1516.625 0.3
1516.625 0.3
1.0 0.3
1.0 0.3
1.0 0.3
1.0 0.3
661.15625 0.3
661.15625 0.3
661.15625 0.3
661.15625 0.3
946.3125 0.3
946.3125 0.3
946.3125 0.3
7001.0 0.3
7001.0 0.3
7001.0 0.3
16829.125 0.3
16829.125 0.3
16829.125 0.3
35563.5 0.3
35563.5 0.3
51876.0 0.3
51876.0 0.3
51876.0 0.3
82501.0 0.3
82501.0 0.3
82501.0 0.3
86501.0 0.3
86501.0 0.3
89251.0 0.3
89251.0 0.3
119751.0 0.3
119751.0 0.3
140751.0 0.3
140751.0 0.3
63876.0 0.3
63876.0 0.3
73751.0 0.3
73751.0 0.3
126251.0 0.3
126251.0 0.3
126251.0 0.3
128251.0 0.3
128251.0 0.3
18969.75 0.3
18969.75 0.3
18969.75 0.3
18969.75 0.3
3813.5 0.3
3813.5 0.3
4563.5 0.3
4563.5 0.3
33876.0 0.3
33876.0 0.3
33876.0 0.3
33688.5 0.3
33688.5 0.3
77626.0 0.3
77626.0 0.3
83751.0 0.3
83751.0 0.3
83751.0 0.3
136938.5 0.3
136938.5 0.3
143626.0 0.3
143626.0 0.3
58501.0 0.3
58501.0 0.3
52751.0 0.3
52751.0 0.3
97251.0 0.3
97251.0 0.3
101251.0 0.3
101251.0 0.3
75688.5 0.3
75688.5 0.3
75688.5 0.3
138938.5 0.3
138938.5 0.3
138938.5 0.3
129813.5 0.3
129813.5 0.3
137813.5 0.3
137813.5 0.3
137813.5 0.3
151563.5 0.3
151563.5 0.3
151563.5 0.3
151563.5 0.3
148501.0 0.3
148501.0 0.3
155501.0 0.3
155501.0 0.3
155501.0 0.3
126251.0 0.3
126251.0 0.3
126251.0 0.3
141001.0 0.3
141001.0 0.3
137001.0 0.3
137001.0 0.3
79001.0 0.3
79001.0 0.3
66001.0 0.3
66001.0 0.3
157501.0 0.3
157501.0 0.3
157501.0 0.3
144001.0 0.3
144001.0 0.3
125001.0 0.3
125001.0 0.3
110001.0 0.3
110001.0 0.3
53001.0 0.3
53001.0 0.3
47001.0 0.3
47001.0 0.3
57751.0 0.3
57751.0 0.3
57751.0 0.3
156063.5 0.3
156063.5 0.3
156063.5 0.3
151126.0 0.3
151126.0 0.3
151126.0 0.3
135751.0 0.3
135751.0 0.3
123251.0 0.3
123251.0 0.3
43251.0 0.3
43251.0 0.3
36251.0 0.3
36251.0 0.3
96751.0 0.3
96751.0 0.3
81001.0 0.3
81001.0 0.3
26001.0 0.3
26001.0 0.3
16501.0 0.3
16501.0 0.3
34001.0 0.3
34001.0 0.3
22001.0 0.3
22001.0 0.3
22001.0 0.3
2751.0 0.3
2751.0 0.3
3501.0 0.3
3501.0 0.3
13501.0 0.3
13501.0 0.3
13501.0 0.3
12251.0 0.3
12251.0 0.3
501.0 0.3
501.0 0.3
1501.0 0.3
1501.0 0.3
11813.5 0.3
11813.5 0.3
11813.5 0.3
23938.5 0.3
23938.5 0.3
23938.5 0.3
4063.5000000000005 0.3
4063.5000000000005 0.3
4063.5000000000005 0.3
4063.5000000000005 0.3
4626.0 0.3
4626.0 0.3
4626.0 0.3
38876.0 0.3
38876.0 0.3
45563.5 0.3
45563.5 0.3
153126.0 0.3
153126.0 0.3
153126.0 0.3
154938.5 0.3
154938.5 0.3
154938.5 0.3
83751.0 0.3
83751.0 0.3
76251.0 0.3
76251.0 0.3
14501.0 0.3
14501.0 0.3
12251.0 0.3
12251.0 0.3
74251.0 0.3
74251.0 0.3
77001.0 0.3
77001.0 0.3
8000.999999999999 0.3
8000.999999999999 0.3
9751.0 0.3
9751.0 0.3
154313.5 0.3
154313.5 0.3
154313.5 0.3
153938.5 0.3
153938.5 0.3
153938.5 0.3
71501.0 0.3
71501.0 0.3
70001.0 0.3
70001.0 0.3
7251.0 0.3
7251.0 0.3
6001.0 0.3
6001.0 0.3
74251.0 0.3
74251.0 0.3
79251.0 0.3
79251.0 0.3
5751.0 0.3
5751.0 0.3
5251.0 0.3
5251.0 0.3
8063.499999999999 0.3
8063.499999999999 0.3
8063.499999999999 0.3
12376.0 0.3
12376.0 0.3
12376.0 0.3
54626.0 0.3
54626.0 0.3
55063.5 0.3
55063.5 0.3
17563.5 0.3
17563.5 0.3
17563.5 0.3
16251.000000000002 0.3
16251.000000000002 0.3
16251.000000000002 0.3
68813.5 0.3
68813.5 0.3
67501.0 0.3
67501.0 0.3
19516.625 0.3
19516.625 0.3
19516.625 0.3
19516.625 0.3
19454.125 0.3
19454.125 0.3
19454.125 0.3
77251.0 0.3
77251.0 0.3
76688.5 0.3
76688.5 0.3
139001.0 0.3
139001.0 0.3
141063.5 0.3
141063.5 0.3
72251.0 0.3
72251.0 0.3
77001.0 0.3
77001.0 0.3
126626.0 0.3
126626.0 0.3
138126.0 0.3
138126.0 0.3
22001.0 0.3
22001.0 0.3
22001.0 0.3
30547.875 0.3
30547.875 0.3
30547.875 0.3
78188.5 0.3
78188.5 0.3
84438.5 0.3
84438.5 0.3
138501.0 0.3
138501.0 0.3
137251.0 0.3
137251.0 0.3
97751.0 0.3
97751.0 0.3
95313.5 0.3
95313.5 0.3
138063.5 0.3
138063.5 0.3
142876.0 0.3
142876.0 0.3
152563.5 0.3
152563.5 0.3
152563.5 0.3
162876.0 0.3
162876.0 0.3
162876.0 0.3
81251.0 0.3
81251.0 0.3
83751.0 0.3
83751.0 0.3
7001.0 0.3
7001.0 0.3
9001.0 0.3
9001.0 0.3
93251.0 0.3
93251.0 0.3
106751.0 0.3
106751.0 0.3
10001.0 0.3
10001.0 0.3
15751.0 0.3
15751.0 0.3
157313.5 0.3
157313.5 0.3
157313.5 0.3
156376.0 0.3
156376.0 0.3
156376.0 0.3
106251.0 0.3
106251.0 0.3
110501.0 0.3
110501.0 0.3
18751.0 0.3
18751.0 0.3
21001.0 0.3
21001.0 0.3
103251.0 0.3
103251.0 0.3
103001.0 0.3
103001.0 0.3
25501.0 0.3
25501.0 0.3
26001.0 0.3
26001.0 0.3
17188.5 0.3
17188.5 0.3
17188.5 0.3
15501.0 0.3
15501.0 0.3
15501.0 0.3
71188.5 0.3
71188.5 0.3
70313.5 0.3
70313.5 0.3
15751.0 0.3
15751.0 0.3
15751.0 0.3
11188.5 0.3
11188.5 0.3
11188.5 0.3
69251.0 0.3
69251.0 0.3
64001.00000000001 0.3
64001.00000000001 0.3
158376.0 0.3
158376.0 0.3
158376.0 0.3
160251.0 0.3
160251.0 0.3
160251.0 0.3
109501.0 0.3
109501.0 0.3
111501.0 0.3
111501.0 0.3
27001.0 0.3
27001.0 0.3
25751.0 0.3
25751.0 0.3
119751.0 0.3
119751.0 0.3
118251.0 0.3
118251.0 0.3
29001.0 0.3
29001.0 0.3
31501.0 0.3
31501.0 0.3
153126.0 0.3
153126.0 0.3
153126.0 0.3
157001.0 0.3
157001.0 0.3
157001.0 0.3
109751.0 0.3
109751.0 0.3
96501.0 0.3
96501.0 0.3
24501.0 0.3
24501.0 0.3
19751.0 0.3
19751.0 0.3
101751.0 0.3
101751.0 0.3
98501.0 0.3
98501.0 0.3
23751.0 0.3
23751.0 0.3
19751.0 0.3
19751.0 0.3
10251.0 0.3
10251.0 0.3
10251.0 0.3
11251.0 0.3
11251.0 0.3
11251.0 0.3
67688.5 0.3
67688.5 0.3
65376.00000000001 0.3
65376.00000000001 0.3
7313.5 0.3
7313.5 0.3
7313.5 0.3
9376.0 0.3
9376.0 0.3
9376.0 0.3
66188.5 0.3
66188.5 0.3
62313.5 0.3
62313.5 0.3
42751.0 0.3
42751.0 0.3
42751.0 0.3
42751.0 0.3
37001.0 0.3
37001.0 0.3
37001.0 0.3
37001.0 0.3
12251.0 0.3
12251.0 0.3
12251.0 0.3
30626.0 0.3
30626.0 0.3
54001.0 0.3
54001.0 0.3
112501.0 0.3
112501.0 0.3
86001.0 0.3
86001.0 0.3
132501.0 0.3
132501.0 0.3
92001.0 0.3
92001.0 0.3
92001.0 0.3
55438.5 0.3
55438.5 0.3
55438.5 0.3
55438.5 0.3
52001.0 0.3
52001.0 0.3
38188.5 0.3
38188.5 0.3
19313.5 0.3
19313.5 0.3
20688.5 0.3
20688.5 0.3
26251.0 0.3
26251.0 0.3
26251.0 0.3
26251.0 0.3
26251.0 0.3
96938.5 0.3
96938.5 0.3
103251.0 0.3
103251.0 0.3
72501.0 0.3
72501.0 0.3
103563.5 0.3
103563.5 0.3
68969.75 0.3
68969.75 0.3
68969.75 0.3
63938.5 0.3
63938.5 0.3
63938.5 0.3
68001.0 0.3
68001.0 0.3
48313.5 0.3
48313.5 0.3
51626.0 0.3
51626.0 0.3
54001.0 0.3
54001.0 0.3
54001.0 0.3
48501.0 0.3
48501.0 0.3
48501.0 0.3
46063.5 0.3
46063.5 0.3
66001.0 0.3
66001.0 0.3
66001.0 0.3
53751.0 0.3
53751.0 0.3
76032.25 0.3
76032.25 0.3
55516.625 0.3
55516.625 0.3
16188.500000000002 0.3
16188.500000000002 0.3
21063.5 0.3
21063.5 0.3
35313.5 0.3
35313.5 0.3
35626.0 0.3
35626.0 0.3
35626.0 0.3
25563.5 0.3
25563.5 0.3
25563.5 0.3
26626.0 0.3
26626.0 0.3
26626.0 0.3
33501.0 0.3
33501.0 0.3
39501.0 0.3
39501.0 0.3
68001.0 0.3
68001.0 0.3
101251.0 0.3
101251.0 0.3
51001.0 0.3
51001.0 0.3
53501.0 0.3
53501.0 0.3
113251.0 0.3
113251.0 0.3
99001.0 0.3
99001.0 0.3
56047.875 0.3
56047.875 0.3
56047.875 0.3
56047.875 0.3
88001.0 0.3
88001.0 0.3
88001.0 0.3
71626.0 0.3
71626.0 0.3
71626.0 0.3
69501.0 0.3
69501.0 0.3
60813.5 0.3
60813.5 0.3
19501.0 0.3
19501.0 0.3
20876.0 0.3
20876.0 0.3
54438.5 0.3
54438.5 0.3
54438.5 0.3
45438.5 0.3
45438.5 0.3
27079.125 0.3
27079.125 0.3
27079.125 0.3
27079.125 0.3
55501.0 0.3
55501.0 0.3
55501.0 0.3
55501.0 0.3
60235.375 0.3
60235.375 0.3
60235.375 0.3
45704.125 0.3
45704.125 0.3
45532.25 0.3
45532.25 0.3
45532.25 0.3
49485.375 0.3
49485.375 0.3
44547.875 0.3
44547.875 0.3
47719.75 0.3
47719.75 0.3
57297.875 0.3
57297.875 0.3
57297.875 0.3
57297.875 0.3
63532.25 0.3
63532.25 0.3
63532.25 0.3
66501.0 0.3
66501.0 0.3
76751.0 0.3
76751.0 0.3
91688.5 0.3
91688.5 0.3
91126.0 0.3
91126.0 0.3
91126.0 0.3
31501.0 0.3
31501.0 0.3
31501.0 0.3
26501.0 0.3
26501.0 0.3
26501.0 0.3
26501.0 0.3
95876.0 0.3
95876.0 0.3
102126.0 0.3
102126.0 0.3
142501.0 0.3
142501.0 0.3
153501.0 0.3
153501.0 0.3
96313.5 0.3
96313.5 0.3
85001.0 0.3
85001.0 0.3
85001.0 0.3
143813.5 0.3
143813.5 0.3
140001.0 0.3
140001.0 0.3
140001.0 0.3
7251.0 0.3
7251.0 0.3
5126.0 0.3
5126.0 0.3
33626.0 0.3
33626.0 0.3
33626.0 0.3
31938.5 0.3
31938.5 0.3
17751.0 0.3
17751.0 0.3
17751.0 0.3
17751.0 0.3
59751.0 0.3
59751.0 0.3
67501.0 0.3
67501.0 0.3
98501.0 0.3
98501.0 0.3
110501.0 0.3
110501.0 0.3
78376.0 0.3
78376.0 0.3
78376.0 0.3
138501.0 0.3
138501.0 0.3
138501.0 0.3
138501.0 0.3
137126.0 0.3
137126.0 0.3
137126.0 0.3
78563.5 0.3
78563.5 0.3
67313.5 0.3
67313.5 0.3
128626.0 0.3
128626.0 0.3
128626.0 0.3
115438.5 0.3
115438.5 0.3
150376.0 0.3
150376.0 0.3
150376.0 0.3
149563.5 0.3
149563.5 0.3
149563.5 0.3
87751.0 0.3
87751.0 0.3
80501.0 0.3
80501.0 0.3
14501.0 0.3
14501.0 0.3
15501.0 0.3
15501.0 0.3
70251.0 0.3
70251.0 0.3
63501.0 0.3
63501.0 0.3
10501.0 0.3
10501.0 0.3
5001.0 0.3
5001.0 0.3
141313.5 0.3
141313.5 0.3
141313.5 0.3
141313.5 0.3
156501.0 0.3
156501.0 0.3
158001.0 0.3
158001.0 0.3
109251.0 0.3
109251.0 0.3
106001.0 0.3
106001.0 0.3
50751.0 0.3
50751.0 0.3
36501.0 0.3
36501.0 0.3
5751.0 0.3
5751.0 0.3
2001.0 0.3
2001.0 0.3
14563.5 0.3
14563.5 0.3
14563.5 0.3
14563.5 0.3
18188.5 0.3
18188.5 0.3
18188.5 0.3
25313.5 0.3
25313.5 0.3
25313.5 0.3
57376.0 0.3
57376.0 0.3
47313.5 0.3
47313.5 0.3
32188.499999999996 0.3
32188.499999999996 0.3
32188.499999999996 0.3
35001.0 0.3
35001.0 0.3
41126.0 0.3
41126.0 0.3
37688.5 0.3
37688.5 0.3
157751.0 0.3
157751.0 0.3
146251.0 0.3
146251.0 0.3
103751.0 0.3
103751.0 0.3
97501.0 0.3
97501.0 0.3
136001.0 0.3
136001.0 0.3
140001.0 0.3
140001.0 0.3
88501.0 0.3
88501.0 0.3
92501.0 0.3
92501.0 0.3
10001.0 0.3
10001.0 0.3
10001.0 0.3
9688.5 0.3
9688.5 0.3
9688.5 0.3
146251.0 0.3
146251.0 0.3
145501.0 0.3
145501.0 0.3
103251.0 0.3
103251.0 0.3
105501.0 0.3
105501.0 0.3
129126.0 0.3
129126.0 0.3
129126.0 0.3
9063.5 0.3
9063.5 0.3
9063.5 0.3
12876.0 0.3
12876.0 0.3
12876.0 0.3
33016.625 0.3
33016.625 0.3
33016.625 0.3
33016.625 0.3
34985.375 0.3
34985.375 0.3
34985.375 0.3
34985.375 0.3
34985.375 0.3
14563.5 0.3
14563.5 0.3
14563.5 0.3
7501.0 0.3
7501.0 0.3
7501.0 0.3
65751.0 0.3
65751.0 0.3
51938.5 0.3
51938.5 0.3
114563.5 0.3
114563.5 0.3
101626.0 0.3
101626.0 0.3
43626.0 0.3
43626.0 0.3
33063.5 0.3
33063.5 0.3
99126.0 0.3
99126.0 0.3
76126.0 0.3
76126.0 0.3
3032.25 0.3
3032.25 0.3
3032.25 0.3
1954.125 0.3
1954.125 0.3
31313.5 0.3
31313.5 0.3
24501.0 0.3
24501.0 0.3
64813.50000000001 0.3
64813.50000000001 0.3
49501.0 0.3
49501.0 0.3
20938.5 0.3
20938.5 0.3
20938.5 0.3
20938.5 0.3
127626.0 0.3
127626.0 0.3
127626.0 0.3
135876.0 0.3
135876.0 0.3
135876.0 0.3
36751.0 0.3
36751.0 0.3
46751.0 0.3
46751.0 0.3
1000.9999999999999 0.3
1000.9999999999999 0.3
251.0 0.3
251.0 0.3
61251.0 0.3
61251.0 0.3
78751.0 0.3
78751.0 0.3
2001.0 0.3
2001.0 0.3
4251.0 0.3
4251.0 0.3
135126.0 0.3
135126.0 0.3
135126.0 0.3
127251.0 0.3
127251.0 0.3
127251.0 0.3
90751.0 0.3
90751.0 0.3
101001.0 0.3
101001.0 0.3
6251.0 0.3
6251.0 0.3
13501.0 0.3
13501.0 0.3
119251.0 0.3
119251.0 0.3
125501.0 0.3
125501.0 0.3
29751.0 0.3
29751.0 0.3
49001.0 0.3
49001.0 0.3
49001.0 0.3
14626.0 0.3
14626.0 0.3
14626.0 0.3
8813.5 0.3
8813.5 0.3
8813.5 0.3
55688.5 0.3
55688.5 0.3
51063.5 0.3
51063.5 0.3
3876.0 0.3
3876.0 0.3
3876.0 0.3
876.0 0.3
876.0 0.3
876.0 0.3
876.0 0.3
38751.0 0.3
38751.0 0.3
27438.5 0.3
27438.5 0.3
111063.5 0.3
111063.5 0.3
111063.5 0.3
93626.0 0.3
93626.0 0.3
135751.0 0.3
135751.0 0.3
135751.0 0.3
144751.0 0.3
144751.0 0.3
102001.0 0.3
102001.0 0.3
117001.0 0.3
117001.0 0.3
37001.0 0.3
37001.0 0.3
60001.0 0.3
60001.0 0.3
104501.0 0.3
104501.0 0.3
104501.0 0.3
133313.5 0.3
133313.5 0.3
133313.5 0.3
70501.0 0.3
70501.0 0.3
65438.50000000001 0.3
65438.50000000001 0.3
117876.0 0.3
117876.0 0.3
117876.0 0.3
118188.5 0.3
118188.5 0.3
118188.5 0.3
118188.5 0.3
7001.0 0.3
7001.0 0.3
7001.0 0.3
17001.0 0.3
17001.0 0.3
251.0 0.3
251.0 0.3
1000.9999999999999 0.3
1000.9999999999999 0.3
24001.0 0.3
24001.0 0.3
24001.0 0.3
24001.0 0.3
10376.0 0.3
10376.0 0.3
10376.0 0.3
3563.5 0.3
3563.5 0.3
66751.0 0.3
66751.0 0.3
118751.0 0.3
118751.0 0.3
26501.0 0.3
26501.0 0.3
63751.0 0.3
63751.0 0.3
141001.0 0.3
141001.0 0.3
141251.0 0.3
141251.0 0.3
100501.0 0.3
100501.0 0.3
125501.0 0.3
125501.0 0.3
125501.0 0.3
1563.5 0.3
1563.5 0.3
1563.5 0.3
1563.5 0.3
26001.0 0.3
26001.0 0.3
26001.0 0.3
85001.0 0.3
85001.0 0.3
112001.0 0.3
112001.0 0.3
40001.0 0.3
40001.0 0.3
69001.0 0.3
69001.0 0.3
2501.0 0.3
2501.0 0.3
6501.0 0.3
6501.0 0.3
6501.0 0.3
6516.625 0.3
6516.625 0.3
6516.625 0.3
6516.625 0.3
6516.625 0.3
6251.0 0.3
6251.0 0.3
11251.0 0.3
11251.0 0.3
1751.0 0.3
1751.0 0.3
1751.0 0.3
9188.5 0.3
9188.5 0.3
9188.5 0.3
13501.0 0.3
13501.0 0.3
1000.9999999999999 0.3
1000.9999999999999 0.3
1000.9999999999999 0.3
11626.0 0.3
11626.0 0.3
2438.5 0.3
2438.5 0.3
2438.5 0.3
751.0 0.3
751.0 0.3
3251.0 0.3
3251.0 0.3
1251.0 0.3
1251.0 0.3
2251.0 0.3
2251.0 0.3
2251.0 0.3
9001.0 0.3
9001.0 0.3
9001.0 0.3
55001.0 0.3
55001.0 0.3
5001.0 0.3
5001.0 0.3
42001.0 0.3
42001.0 0.3
32000.999999999996 0.3
32000.999999999996 0.3
96001.0 0.3
96001.0 0.3
108501.0 0.3
108501.0 0.3
108501.0 0.3
2251.0 0.3
2251.0 0.3
23501.0 0.3
23501.0 0.3
23501.0 0.3
20251.0 0.3
20251.0 0.3
52501.0 0.3
52501.0 0.3
75001.0 0.3
75001.0 0.3
147001.0 0.3
147001.0 0.3
85001.0 0.3
85001.0 0.3
128001.0 0.3
128001.0 0.3
154001.0 0.3
154001.0 0.3
154001.0 0.3
64251.00000000001 0.3
64251.00000000001 0.3
64251.00000000001 0.3
73751.0 0.3
73751.0 0.3
34063.5 0.3
34063.5 0.3
34063.5 0.3
34063.5 0.3
34063.5 0.3
27688.5 0.3
27688.5 0.3
25313.5 0.3
25313.5 0.3
52438.5 0.3
52438.5 0.3
64626.00000000001 0.3
64626.00000000001 0.3
55626.0 0.3
55626.0 0.3
55626.0 0.3
51876.0 0.3
51876.0 0.3
77251.0 0.3
77251.0 0.3
77251.0 0.3
49438.5 0.3
49438.5 0.3
49797.875 0.3
49797.875 0.3
49797.875 0.3
49797.875 0.3
49797.875 0.3
27751.0 0.3
27751.0 0.3
39876.0 0.3
39876.0 0.3
59626.0 0.3
59626.0 0.3
52001.0 0.3
52001.0 0.3
52438.5 0.3
52438.5 0.3
52438.5 0.3
48563.5 0.3
48563.5 0.3
48563.5 0.3
47563.5 0.3
47563.5 0.3
42501.0 0.3
42501.0 0.3
63501.0 0.3
63501.0 0.3
63501.0 0.3
63501.0 0.3
63501.0 0.3
47469.75 0.3
47469.75 0.3
47469.75 0.3
53016.625 0.3
53016.625 0.3
53016.625 0.3
53016.625 0.3
49532.25 0.3
49532.25 0.3
48735.375 0.3
48735.375 0.3
45532.25 0.3
45532.25 0.3
21188.5 0.3
21188.5 0.3
36188.5 0.3
36188.5 0.3
36188.5 0.3
66063.5 0.3
66063.5 0.3
66063.5 0.3
57001.0 0.3
57001.0 0.3
39751.0 0.3
39751.0 0.3
78001.0 0.3
78001.0 0.3
91001.0 0.3
91001.0 0.3
47188.5 0.3
47188.5 0.3
47188.5 0.3
56188.5 0.3
56188.5 0.3
20751.0 0.3
20751.0 0.3
9001.0 0.3
9001.0 0.3
84001.0 0.3
84001.0 0.3
59251.0 0.3
59251.0 0.3
19626.0 0.3
19626.0 0.3
19626.0 0.3
55688.5 0.3
55688.5 0.3
58188.5 0.3
58188.5 0.3
58188.5 0.3
50688.5 0.3
50688.5 0.3
45438.5 0.3
45438.5 0.3
57313.5 0.3
57313.5 0.3
57313.5 0.3
57188.5 0.3
57188.5 0.3
45376.0 0.3
45376.0 0.3
48188.5 0.3
48188.5 0.3
38547.875 0.3
38547.875 0.3
38547.875 0.3
38547.875 0.3
38547.875 0.3
38547.875 0.3
22313.5 0.3
22313.5 0.3
5001.0 0.3
5001.0 0.3
5001.0 0.3
5001.0 0.3
44438.5 0.3
44438.5 0.3
42438.5 0.3
42438.5 0.3
56563.5 0.3
56563.5 0.3
31751.0 0.3
31751.0 0.3
55438.5 0.3
55438.5 0.3
56313.5 0.3
56313.5 0.3
56313.5 0.3
14501.0 0.3
14501.0 0.3
14501.0 0.3
19001.0 0.3
19001.0 0.3
19001.0 0.3
60501.0 0.3
60501.0 0.3
54501.0 0.3
54501.0 0.3
57001.0 0.3
57001.0 0.3
89001.0 0.3
89001.0 0.3
89001.0 0.3
17251.0 0.3
17251.0 0.3
17251.0 0.3
1501.0 0.3
1501.0 0.3
89001.0 0.3
89001.0 0.3
48001.0 0.3
48001.0 0.3
123001.0 0.3
123001.0 0.3
98001.0 0.3
98001.0 0.3
25501.0 0.3
25501.0 0.3
25501.0 0.3
47985.375 0.3
47985.375 0.3
47985.375 0.3
63766.625 0.3
63766.625 0.3
63766.625 0.3
47704.125 0.3
47704.125 0.3
57954.125 0.3
57954.125 0.3
49751.0 0.3
49751.0 0.3
49751.0 0.3
49751.0 0.3
69126.0 0.3
69126.0 0.3
69126.0 0.3
69126.0 0.3
137501.0 0.3
137501.0 0.3
137501.0 0.3
86751.0 0.3
86751.0 0.3
124501.0 0.3
124501.0 0.3
83001.0 0.3
83001.0 0.3
77626.0 0.3
77626.0 0.3
73251.0 0.3
73251.0 0.3
73251.0 0.3
48469.75 0.3
48469.75 0.3
52954.125 0.3
52954.125 0.3
52954.125 0.3
1.0 0.3
1.0 0.3
1.0 0.3
1.0 0.3
1.0 0.3
1.0 0.3
1.0 0.3
1.0 0.3
1.0 0.3
1325.21875 0.3
1325.21875 0.3
1325.21875 0.3
2172.875 0.3
2172.875 0.3
743.1875 0.3
743.1875 0.3
743.1875 0.3
743.1875 0.3
1.0 0.3
1.0 0.3
1.0 0.3
1.0 0.3
1282.25 0.3
1282.25 0.3
1000.9999999999999 0.3
1000.9999999999999 0.3
9266.625 0.3
9266.625 0.3
9266.625 0.3
3110.375 0.3
3110.375 0.3
3110.375 0.3
1208.03125 0.3
1208.03125 0.3
1208.03125 0.3
1208.03125 0.3
53251.0 0.3
53251.0 0.3
53251.0 0.3
39563.5 0.3
39563.5 0.3
87001.0 0.3
87001.0 0.3
73751.0 0.3
73751.0 0.3
126001.0 0.3
126001.0 0.3
105501.0 0.3
105501.0 0.3
73251.0 0.3
73251.0 0.3
73251.0 0.3
25876.0 0.3
25876.0 0.3
12563.5 0.3
12563.5 0.3
53188.5 0.3
53188.5 0.3
40501.0 0.3
40501.0 0.3
140501.0 0.3
140501.0 0.3
140501.0 0.3
140501.0 0.3
140501.0 0.3
126563.5 0.3
126563.5 0.3
126563.5 0.3
112001.0 0.3
112001.0 0.3
112001.0 0.3
121251.0 0.3
121251.0 0.3
121251.0 0.3
27251.0 0.3
27251.0 0.3
27251.0 0.3
73001.0 0.3
73001.0 0.3
111001.0 0.3
111001.0 0.3
24001.0 0.3
24001.0 0.3
66001.0 0.3
66001.0 0.3
141501.0 0.3
141501.0 0.3
143751.0 0.3
143751.0 0.3
132001.0 0.3
132001.0 0.3
132001.0 0.3
144001.0 0.3
144001.0 0.3
144001.0 0.3
99688.5 0.3
99688.5 0.3
70188.5 0.3
70188.5 0.3
142313.5 0.3
142313.5 0.3
142313.5 0.3
142313.5 0.3
115813.5 0.3
115813.5 0.3
9126.0 0.3
9126.0 0.3
9126.0 0.3
9126.0 0.3
1563.5 0.3
1563.5 0.3
46751.0 0.3
46751.0 0.3
26251.0 0.3
26251.0 0.3
81938.5 0.3
81938.5 0.3
47063.5 0.3
47063.5 0.3
16219.750000000002 0.3
16219.750000000002 0.3
16219.750000000002 0.3
16219.750000000002 0.3
2598.65625 0.3
2598.65625 0.3
3258.8125 0.3
3258.8125 0.3
1497.09375 0.3
1497.09375 0.3
1497.09375 0.3
1497.09375 0.3
2024.4375 0.3
2024.4375 0.3
2024.4375 0.3
251.0 0.3
251.0 0.3
5251.0 0.3
5251.0 0.3
5251.0 0.3
751.0 0.3
751.0 0.3
1501.0 0.3
1501.0 0.3
40751.0 0.3
40751.0 0.3
40751.0 0.3
107001.0 0.3
107001.0 0.3
134001.0 0.3
134001.0 0.3
57001.0 0.3
57001.0 0.3
93001.0 0.3
93001.0 0.3
501.0 0.3
501.0 0.3
18751.0 0.3
18751.0 0.3
18751.0 0.3
18751.0 0.3
14938.5 0.3
14938.5 0.3
14938.5 0.3
2501.0 0.3
2501.0 0.3
2501.0 0.3
2501.0 0.3
139001.0 0.3
139001.0 0.3
139001.0 0.3
139001.0 0.3
153251.0 0.3
153251.0 0.3
82001.0 0.3
82001.0 0.3
117001.0 0.3
117001.0 0.3
36001.0 0.3
36001.0 0.3
71001.0 0.3
71001.0 0.3
124001.0 0.3
124001.0 0.3
124001.0 0.3
124001.0 0.3
148126.0 0.3
148126.0 0.3
148126.0 0.3
148126.0 0.3
7251.0 0.3
7251.0 0.3
7251.0 0.3
7251.0 0.3
45001.0 0.3
45001.0 0.3
87001.0 0.3
87001.0 0.3
13001.0 0.3
13001.0 0.3
40001.0 0.3
40001.0 0.3
1251.0 0.3
1251.0 0.3
3501.0 0.3
3501.0 0.3
3501.0 0.3
108251.0 0.3
108251.0 0.3
108251.0 0.3
145751.0 0.3
145751.0 0.3
145751.0 0.3
31001.0 0.3
31001.0 0.3
31001.0 0.3
101001.0 0.3
101001.0 0.3
133001.0 0.3
133001.0 0.3
49001.0 0.3
49001.0 0.3
102001.0 0.3
102001.0 0.3
18688.5 0.3
18688.5 0.3
18376.0 0.3
18376.0 0.3
2126.0 0.3
2126.0 0.3
2126.0 0.3
6938.5 0.3
6938.5 0.3
5251.0 0.3
5251.0 0.3
5251.0 0.3
5251.0 0.3
1000.9999999999999 0.3
1000.9999999999999 0.3
16001.000000000002 0.3
16001.000000000002 0.3
16001.000000000002 0.3
16001.000000000002 0.3
501.0 0.3
501.0 0.3
1000.9999999999999 0.3
1000.9999999999999 0.3
16063.500000000002 0.3
16063.500000000002 0.3
1188.5 0.3
1188.5 0.3
1188.5 0.3
1188.5 0.3
121376.0 0.3
121376.0 0.3
121376.0 0.3
91688.5 0.3
91688.5 0.3
148501.0 0.3
148501.0 0.3
141751.0 0.3
141751.0 0.3
146001.0 0.3
146001.0 0.3
146001.0 0.3
146001.0 0.3
142751.0 0.3
142751.0 0.3
132251.0 0.3
132251.0 0.3
132251.0 0.3
132251.0 0.3
58001.0 0.3
58001.0 0.3
37876.0 0.3
37876.0 0.3
97188.5 0.3
97188.5 0.3
68876.0 0.3
68876.0 0.3
85001.0 0.3
85001.0 0.3
115001.0 0.3
115001.0 0.3
42001.0 0.3
42001.0 0.3
80001.0 0.3
80001.0 0.3
132251.0 0.3
132251.0 0.3
132251.0 0.3
132251.0 0.3
15001.0 0.3
15001.0 0.3
15001.0 0.3
15001.0 0.3
75001.0 0.3
75001.0 0.3
116001.0 0.3
116001.0 0.3
32000.999999999996 0.3
32000.999999999996 0.3
66001.0 0.3
66001.0 0.3
146501.0 0.3
146501.0 0.3
142751.0 0.3
142751.0 0.3
134251.0 0.3
134251.0 0.3
134251.0 0.3
134251.0 0.3
144751.0 0.3
144751.0 0.3
1000.9999999999999 0.3
1000.9999999999999 0.3
5751.0 0.3
5751.0 0.3
5751.0 0.3
5751.0 0.3
251.0 0.3
251.0 0.3
2501.0 0.3
2501.0 0.3
52001.0 0.3
52001.0 0.3
100001.0 0.3
100001.0 0.3
8000.999999999999 0.3
8000.999999999999 0.3
44001.0 0.3
44001.0 0.3
124001.0 0.3
124001.0 0.3
124001.0 0.3
124001.0 0.3
3751.0 0.3
3751.0 0.3
3751.0 0.3
3751.0 0.3
42001.0 0.3
42001.0 0.3
81001.0 0.3
81001.0 0.3
5001.0 0.3
5001.0 0.3
34001.0 0.3
34001.0 0.3
145563.5 0.3
145563.5 0.3
145563.5 0.3
145563.5 0.3
112938.5 0.3
112938.5 0.3
138251.0 0.3
138251.0 0.3
147251.0 0.3
147251.0 0.3
98001.0 0.3
98001.0 0.3
98001.0 0.3
129501.0 0.3
129501.0 0.3
129501.0 0.3
145313.5 0.3
145313.5 0.3
145313.5 0.3
145313.5 0.3
45751.0 0.3
45751.0 0.3
45751.0 0.3
16376.000000000002 0.3
16376.000000000002 0.3
62251.0 0.3
62251.0 0.3
57938.5 0.3
57938.5 0.3
57938.5 0.3
2063.5 0.3
2063.5 0.3
2063.5 0.3
2813.5 0.3
2813.5 0.3
25251.0 0.3
25251.0 0.3
5001.0 0.3
5001.0 0.3
67501.0 0.3
67501.0 0.3
39751.0 0.3
39751.0 0.3
5063.5 0.3
5063.5 0.3
5063.5 0.3
5063.5 0.3
57532.25 0.3
57532.25 0.3
57532.25 0.3
57532.25 0.3
69376.0 0.3
69376.0 0.3
69376.0 0.3
69376.0 0.3
58001.0 0.3
58001.0 0.3
28501.0 0.3
28501.0 0.3
79501.0 0.3
79501.0 0.3
85751.0 0.3
85751.0 0.3
85751.0 0.3
62001.0 0.3
62001.0 0.3
71563.5 0.3
71563.5 0.3
71563.5 0.3
71563.5 0.3
1751.0 0.3
1751.0 0.3
1751.0 0.3
1751.0 0.3
501.0 0.3
501.0 0.3
2251.0 0.3
2251.0 0.3
2251.0 0.3
1000.9999999999999 0.3
1000.9999999999999 0.3
251.0 0.3
251.0 0.3
6563.5 0.3
6563.5 0.3
6563.5 0.3
4876.0 0.3
4876.0 0.3
4876.0 0.3
4876.0 0.3
23001.0 0.3
23001.0 0.3
23001.0 0.3
83001.0 0.3
83001.0 0.3
108001.0 0.3
108001.0 0.3
34001.0 0.3
34001.0 0.3
58001.0 0.3
58001.0 0.3
751.0 0.3
751.0 0.3
10501.0 0.3
10501.0 0.3
10501.0 0.3
107251.0 0.3
107251.0 0.3
107251.0 0.3
137251.0 0.3
137251.0 0.3
46251.0 0.3
46251.0 0.3
110501.0 0.3
110501.0 0.3
1563.5 0.3
1563.5 0.3
1563.5 0.3
1563.5 0.3
8251.0 0.3
8251.0 0.3
39751.0 0.3
39751.0 0.3
39751.0 0.3
1751.0 0.3
1751.0 0.3
751.0 0.3
751.0 0.3
2501.0 0.3
2501.0 0.3
2501.0 0.3
4751.0 0.3
4751.0 0.3
53001.0 0.3
53001.0 0.3
25001.0 0.3
25001.0 0.3
99001.0 0.3
99001.0 0.3
76001.0 0.3
76001.0 0.3
20001.0 0.3
20001.0 0.3
20001.0 0.3
7751.0 0.3
7751.0 0.3
13751.0 0.3
13751.0 0.3
1751.0 0.3
1751.0 0.3
1751.0 0.3
4501.0 0.3
4501.0 0.3
96501.0 0.3
96501.0 0.3
96501.0 0.3
91251.0 0.3
91251.0 0.3
91251.0 0.3
73001.0 0.3
73001.0 0.3
80751.0 0.3
80751.0 0.3
49001.0 0.3
49001.0 0.3
16001.000000000002 0.3
16001.000000000002 0.3
100001.0 0.3
100001.0 0.3
64001.00000000001 0.3
64001.00000000001 0.3
10751.0 0.3
10751.0 0.3
10751.0 0.3
93501.0 0.3
93501.0 0.3
93501.0 0.3
84251.0 0.3
84251.0 0.3
84251.0 0.3
9813.5 0.3
9813.5 0.3
9813.5 0.3
9813.5 0.3
2688.5 0.3
2688.5 0.3
2688.5 0.3
2688.5 0.3
4001.0000000000005 0.3
4001.0000000000005 0.3
4001.0000000000005 0.3
10001.0 0.3
10001.0 0.3
22001.0 0.3
22001.0 0.3
4001.0000000000005 0.3
4001.0000000000005 0.3
83001.0 0.3
83001.0 0.3
41001.0 0.3
41001.0 0.3
6501.0 0.3
6501.0 0.3
6501.0 0.3
6501.0 0.3
9751.0 0.3
9751.0 0.3
9751.0 0.3
9751.0 0.3
24485.375 0.3
24485.375 0.3
24485.375 0.3
24485.375 0.3
5016.625 0.3
5016.625 0.3
5016.625 0.3
80376.0 0.3
80376.0 0.3
51813.5 0.3
51813.5 0.3
51813.5 0.3
121313.5 0.3
121313.5 0.3
121313.5 0.3
121313.5 0.3
85501.0 0.3
85501.0 0.3
65001.00000000001 0.3
65001.00000000001 0.3
111251.0 0.3
111251.0 0.3
108751.0 0.3
108751.0 0.3
33938.5 0.3
33938.5 0.3
17438.5 0.3
17438.5 0.3
60001.0 0.3
60001.0 0.3
60001.0 0.3
60001.0 0.3
41501.0 0.3
41501.0 0.3
954.125 0.3
954.125 0.3
1219.75 0.3
1219.75 0.3
13501.0 0.3
13501.0 0.3
13501.0 0.3
13501.0 0.3
2251.0 0.3
2251.0 0.3
2251.0 0.3
149751.0 0.3
149751.0 0.3
152251.0 0.3
152251.0 0.3
141251.0 0.3
141251.0 0.3
141251.0 0.3
148751.0 0.3
148751.0 0.3
140251.0 0.3
140251.0 0.3
140251.0 0.3
140251.0 0.3
140251.0 0.3
140251.0 0.3
113001.0 0.3
113001.0 0.3
136001.0 0.3
136001.0 0.3
53001.0 0.3
53001.0 0.3
97001.0 0.3
97001.0 0.3
144001.0 0.3
144001.0 0.3
144001.0 0.3
144001.0 0.3
19751.0 0.3
19751.0 0.3
19751.0 0.3
19751.0 0.3
91001.0 0.3
91001.0 0.3
120001.0 0.3
120001.0 0.3
35001.0 0.3
35001.0 0.3
73001.0 0.3
73001.0 0.3
146001.0 0.3
146001.0 0.3
149751.0 0.3
149751.0 0.3
134251.0 0.3
134251.0 0.3
134251.0 0.3
134251.0 0.3
145251.0 0.3
145251.0 0.3
94251.0 0.3
94251.0 0.3
81751.0 0.3
81751.0 0.3
133501.0 0.3
133501.0 0.3
105001.0 0.3
105001.0 0.3
79813.5 0.3
79813.5 0.3
79813.5 0.3
145813.5 0.3
145813.5 0.3
145813.5 0.3
145813.5 0.3
145813.5 0.3
126751.0 0.3
126751.0 0.3
126751.0 0.3
1501.0 0.3
1501.0 0.3
6001.0 0.3
6001.0 0.3
6001.0 0.3
6001.0 0.3
2251.0 0.3
2251.0 0.3
501.0 0.3
501.0 0.3
61001.0 0.3
61001.0 0.3
104001.0 0.3
104001.0 0.3
16001.000000000002 0.3
16001.000000000002 0.3
42001.0 0.3
42001.0 0.3
119001.0 0.3
119001.0 0.3
119001.0 0.3
2751.0 0.3
2751.0 0.3
2751.0 0.3
31001.0 0.3
31001.0 0.3
31001.0 0.3
5876.0 0.3
5876.0 0.3
5876.0 0.3
1876.0 0.3
1876.0 0.3
1876.0 0.3
1876.0 0.3
147501.0 0.3
147501.0 0.3
147501.0 0.3
151751.0 0.3
151751.0 0.3
107001.0 0.3
107001.0 0.3
134001.0 0.3
134001.0 0.3
55001.0 0.3
55001.0 0.3
94001.0 0.3
94001.0 0.3
144001.0 0.3
144001.0 0.3
144001.0 0.3
144001.0 0.3
150751.0 0.3
150751.0 0.3
150751.0 0.3
150751.0 0.3
20501.0 0.3
20501.0 0.3
20501.0 0.3
20501.0 0.3
92001.0 0.3
92001.0 0.3
122001.0 0.3
122001.0 0.3
43001.0 0.3
43001.0 0.3
76001.0 0.3
76001.0 0.3
751.0 0.3
751.0 0.3
11001.0 0.3
11001.0 0.3
11001.0 0.3
11001.0 0.3
132251.0 0.3
132251.0 0.3
132251.0 0.3
132251.0 0.3
153501.0 0.3
153501.0 0.3
68001.0 0.3
68001.0 0.3
108001.0 0.3
108001.0 0.3
26001.0 0.3
26001.0 0.3
66001.0 0.3
66001.0 0.3
132501.0 0.3
132501.0 0.3
132501.0 0.3
132501.0 0.3
60313.5 0.3
60313.5 0.3
60313.5 0.3
38126.0 0.3
38126.0 0.3
102751.0 0.3
102751.0 0.3
96001.0 0.3
96001.0 0.3
94001.0 0.3
94001.0 0.3
126251.0 0.3
126251.0 0.3
66876.0 0.3
66876.0 0.3
66876.0 0.3
23313.5 0.3
23313.5 0.3
6313.5 0.3
6313.5 0.3
46251.0 0.3
46251.0 0.3
46251.0 0.3
28063.5 0.3
28063.5 0.3
145813.5 0.3
145813.5 0.3
145813.5 0.3
108376.0 0.3
108376.0 0.3
108376.0 0.3
152063.5 0.3
152063.5 0.3
152063.5 0.3
152063.5 0.3
143751.0 0.3
143751.0 0.3
82001.0 0.3
82001.0 0.3
57501.0 0.3
57501.0 0.3
120751.0 0.3
120751.0 0.3
95251.0 0.3
95251.0 0.3
45501.0 0.3
45501.0 0.3
45501.0 0.3
45501.0 0.3
122501.0 0.3
122501.0 0.3
122501.0 0.3
122501.0 0.3
104251.0 0.3
104251.0 0.3
65751.0 0.3
65751.0 0.3
108001.0 0.3
108001.0 0.3
94751.0 0.3
94751.0 0.3
1867.2109375 0.3
1867.2109375 0.3
1867.2109375 0.3
1867.2109375 0.3
61.546875 0.3
61.546875 0.3
1465.84375 0.3
1465.84375 0.3
1465.84375 0.3
1465.84375 0.3
2950.21875 0.3
2950.21875 0.3
4579.125 0.3
4579.125 0.3
4579.125 0.3
4579.125 0.3
1016.6249999999999 0.3
1016.6249999999999 0.3
27001.0 0.3
27001.0 0.3
6251.0 0.3
6251.0 0.3
48438.5 0.3
48438.5 0.3
48438.5 0.3
26501.0 0.3
26501.0 0.3
3485.375 0.3
3485.375 0.3
3485.375 0.3
1719.75 0.3
1719.75 0.3
1719.75 0.3
1719.75 0.3
1714.8671875 0.3
1714.8671875 0.3
1714.8671875 0.3
1714.8671875 0.3
46868.1875 0.3
46868.1875 0.3
46868.1875 0.3
46868.1875 0.3
53809.59375 0.3
53809.59375 0.3
53809.59375 0.3
45047.875 0.3
45047.875 0.3
50446.3125 0.3
50446.3125 0.3
50446.3125 0.3
50446.3125 0.3
49997.09375 0.3
49997.09375 0.3
49997.09375 0.3
49997.09375 0.3
49997.09375 0.3
64016.62500000001 0.3
64016.62500000001 0.3
64016.62500000001 0.3
65938.5 0.3
65938.5 0.3
65938.5 0.3
118751.0 0.3
118751.0 0.3
107501.0 0.3
107501.0 0.3
81251.0 0.3
81251.0 0.3
100751.0 0.3
100751.0 0.3
52126.0 0.3
52126.0 0.3
62188.5 0.3
62188.5 0.3
62188.5 0.3
62188.5 0.3
54282.25 0.3
54282.25 0.3
54282.25 0.3
54282.25 0.3
51126.0 0.3
51126.0 0.3
58751.0 0.3
58751.0 0.3
58751.0 0.3
56938.5 0.3
56938.5 0.3
56938.5 0.3
73001.0 0.3
73001.0 0.3
73001.0 0.3
65985.375 0.3
65985.375 0.3
64969.75000000001 0.3
64969.75000000001 0.3
64969.75000000001 0.3
74501.0 0.3
74501.0 0.3
74501.0 0.3
70485.375 0.3
70485.375 0.3
70485.375 0.3
56501.0 0.3
56501.0 0.3
61313.5 0.3
61313.5 0.3
61313.5 0.3
89501.0 0.3
89501.0 0.3
109563.5 0.3
109563.5 0.3
109563.5 0.3
61501.0 0.3
61501.0 0.3
65501.00000000001 0.3
65501.00000000001 0.3
73001.0 0.3
73001.0 0.3
105751.0 0.3
105751.0 0.3
115751.0 0.3
115751.0 0.3
75751.0 0.3
75751.0 0.3
144501.0 0.3
144501.0 0.3
144501.0 0.3
86501.0 0.3
86501.0 0.3
117251.0 0.3
117251.0 0.3
150501.0 0.3
150501.0 0.3
150501.0 0.3
126751.0 0.3
126751.0 0.3
150001.0 0.3
150001.0 0.3
150001.0 0.3
185001.0 0.3
185001.0 0.3
120001.0 0.3
120001.0 0.3
175001.0 0.3
175001.0 0.3
102001.0 0.3
102001.0 0.3
98251.0 0.3
98251.0 0.3
98251.0 0.3
167001.0 0.3
167001.0 0.3
90001.0 0.3
90001.0 0.3
164001.0 0.3
164001.0 0.3
79001.0 0.3
79001.0 0.3
94001.0 0.3
94001.0 0.3
94001.0 0.3
84876.0 0.3
84876.0 0.3
76563.5 0.3
76563.5 0.3
76563.5 0.3
60376.0 0.3
60376.0 0.3
58126.0 0.3
58126.0 0.3
100501.0 0.3
100501.0 0.3
133751.0 0.3
133751.0 0.3
133751.0 0.3
65251.00000000001 0.3
65251.00000000001 0.3
101751.0 0.3
101751.0 0.3
148001.0 0.3
148001.0 0.3
72001.0 0.3
72001.0 0.3
141001.0 0.3
141001.0 0.3
80001.0 0.3
80001.0 0.3
96501.0 0.3
96501.0 0.3
96501.0 0.3
103251.0 0.3
103251.0 0.3
103251.0 0.3
102751.0 0.3
102751.0 0.3
64938.50000000001 0.3
64938.50000000001 0.3
64938.50000000001 0.3
81501.0 0.3
81501.0 0.3
81501.0 0.3
50766.625 0.3
50766.625 0.3
50766.625 0.3
48516.625 0.3
48516.625 0.3
51063.5 0.3
51063.5 0.3
51063.5 0.3
51532.25 0.3
51532.25 0.3
53516.625 0.3
53516.625 0.3
64180.68750000001 0.3
64180.68750000001 0.3
64180.68750000001 0.3
61489.28125 0.3
61489.28125 0.3
61489.28125 0.3
61489.28125 0.3
61489.28125 0.3
55938.5 0.3
55938.5 0.3
95251.0 0.3
95251.0 0.3
64001.00000000001 0.3
64001.00000000001 0.3
92876.0 0.3
92876.0 0.3
62454.125 0.3
62454.125 0.3
62454.125 0.3
59501.0 0.3
59501.0 0.3
59501.0 0.3
63282.25 0.3
63282.25 0.3
56485.375 0.3
56485.375 0.3
56485.375 0.3
64313.50000000001 0.3
64313.50000000001 0.3
64313.50000000001 0.3
52501.0 0.3
52501.0 0.3
76985.375 0.3
76985.375 0.3
55501.0 0.3
55501.0 0.3
60063.5 0.3
60063.5 0.3
69688.5 0.3
69688.5 0.3
69688.5 0.3
74438.5 0.3
74438.5 0.3
74438.5 0.3
62485.375 0.3
62485.375 0.3
62485.375 0.3
67219.75 0.3
67219.75 0.3
67219.75 0.3
67376.0 0.3
67376.0 0.3
70001.0 0.3
70001.0 0.3
65751.0 0.3
65751.0 0.3
70751.0 0.3
70751.0 0.3
70751.0 0.3
83438.5 0.3
83438.5 0.3
83438.5 0.3
56251.0 0.3
56251.0 0.3
56251.0 0.3
76751.0 0.3
76751.0 0.3
81251.0 0.3
81251.0 0.3
63751.0 0.3
63751.0 0.3
109251.0 0.3
109251.0 0.3
60751.0 0.3
60751.0 0.3
52751.0 0.3
52751.0 0.3
90751.0 0.3
90751.0 0.3
65501.00000000001 0.3
65501.00000000001 0.3
93938.5 0.3
93938.5 0.3
93938.5 0.3
93938.5 0.3
74313.5 0.3
74313.5 0.3
107501.0 0.3
107501.0 0.3
122251.0 0.3
122251.0 0.3
128251.0 0.3
128251.0 0.3
115251.0 0.3
115251.0 0.3
83438.5 0.3
83438.5 0.3
83438.5 0.3
51032.25 0.3
51032.25 0.3
51032.25 0.3
149501.0 0.3
149501.0 0.3
99501.0 0.3
99501.0 0.3
104251.0 0.3
104251.0 0.3
55001.0 0.3
55001.0 0.3
63063.5 0.3
63063.5 0.3
63063.5 0.3
57313.5 0.3
57313.5 0.3
57313.5 0.3
57313.5 0.3
50501.0 0.3
50501.0 0.3
59532.25 0.3
59532.25 0.3
59532.25 0.3
59532.25 0.3
51469.75 0.3
51469.75 0.3
51501.0 0.3
51501.0 0.3
50985.375 0.3
50985.375 0.3
50985.375 0.3
55047.875 0.3
55047.875 0.3
55047.875 0.3
89251.0 0.3
89251.0 0.3
58501.0 0.3
58501.0 0.3
115751.0 0.3
115751.0 0.3
66751.0 0.3
66751.0 0.3
53938.5 0.3
53938.5 0.3
53938.5 0.3
53938.5 0.3
153001.0 0.3
153001.0 0.3
96001.0 0.3
96001.0 0.3
161751.0 0.3
161751.0 0.3
134001.0 0.3
134001.0 0.3
74001.0 0.3
74001.0 0.3
63751.0 0.3
63751.0 0.3
120751.0 0.3
120751.0 0.3
110001.0 0.3
110001.0 0.3
54376.0 0.3
54376.0 0.3
53688.5 0.3
53688.5 0.3
85126.0 0.3
85126.0 0.3
85126.0 0.3
84876.0 0.3
84876.0 0.3
84876.0 0.3
120751.0 0.3
120751.0 0.3
84751.0 0.3
84751.0 0.3
82751.0 0.3
82751.0 0.3
63751.0 0.3
63751.0 0.3
67501.0 0.3
67501.0 0.3
67501.0 0.3
67501.0 0.3
58251.0 0.3
58251.0 0.3
58251.0 0.3
54501.0 0.3
54501.0 0.3
64313.50000000001 0.3
64313.50000000001 0.3
64313.50000000001 0.3
64313.50000000001 0.3
64313.50000000001 0.3
53438.5 0.3
53438.5 0.3
53438.5 0.3
53438.5 0.3
53438.5 0.3
53438.5 0.3
63001.0 0.3
63001.0 0.3
60501.0 0.3
60501.0 0.3
112001.0 0.3
112001.0 0.3
111501.0 0.3
111501.0 0.3
57251.0 0.3
57251.0 0.3
59501.0 0.3
59501.0 0.3
116251.0 0.3
116251.0 0.3
120501.0 0.3
120501.0 0.3
54438.5 0.3
54438.5 0.3
54438.5 0.3
51313.5 0.3
51313.5 0.3
60501.0 0.3
60501.0 0.3
62001.0 0.3
62001.0 0.3
122751.0 0.3
122751.0 0.3
113001.0 0.3
113001.0 0.3
72813.5 0.3
72813.5 0.3
72813.5 0.3
84563.5 0.3
84563.5 0.3
84563.5 0.3
84563.5 0.3
111501.0 0.3
111501.0 0.3
130001.0 0.3
130001.0 0.3
75501.0 0.3
75501.0 0.3
83251.0 0.3
83251.0 0.3
58501.0 0.3
58501.0 0.3
64813.50000000001 0.3
64813.50000000001 0.3
64813.50000000001 0.3
129251.0 0.3
129251.0 0.3
132751.0 0.3
132751.0 0.3
84001.0 0.3
84001.0 0.3
100001.0 0.3
100001.0 0.3
106626.0 0.3
106626.0 0.3
106626.0 0.3
69251.0 0.3
69251.0 0.3
69251.0 0.3
63876.0 0.3
63876.0 0.3
54001.0 0.3
54001.0 0.3
54001.0 0.3
54001.0 0.3
54001.0 0.3
58950.21875 0.3
58950.21875 0.3
58950.21875 0.3
58950.21875 0.3
49563.5 0.3
49563.5 0.3
49563.5 0.3
43157.25 0.3
43157.25 0.3
61797.875 0.3
61797.875 0.3
61797.875 0.3
49016.625 0.3
49016.625 0.3
44258.8125 0.3
44258.8125 0.3
44258.8125 0.3
58032.25 0.3
58032.25 0.3
58032.25 0.3
55563.5 0.3
55563.5 0.3
55719.75 0.3
55719.75 0.3
55001.0 0.3
55001.0 0.3
60516.625 0.3
60516.625 0.3
60516.625 0.3
56001.0 0.3
56001.0 0.3
56001.0 0.3
61985.375 0.3
61985.375 0.3
49032.25 0.3
49032.25 0.3
51532.25 0.3
51532.25 0.3
51532.25 0.3
58001.0 0.3
58001.0 0.3
50938.5 0.3
50938.5 0.3
54626.0 0.3
54626.0 0.3
58126.0 0.3
58126.0 0.3
58126.0 0.3
56188.5 0.3
56188.5 0.3
54204.125 0.3
54204.125 0.3
54204.125 0.3
53907.25 0.3
53907.25 0.3
53907.25 0.3
53907.25 0.3
53907.25 0.3
53907.25 0.3
52055.6875 0.3
52055.6875 0.3
52055.6875 0.3
52055.6875 0.3
52055.6875 0.3
45208.03125 0.3
45208.03125 0.3
57204.125 0.3
57204.125 0.3
71016.625 0.3
71016.625 0.3
66719.75 0.3
66719.75 0.3
66719.75 0.3
83938.5 0.3
83938.5 0.3
55422.875 0.3
55422.875 0.3
55422.875 0.3
46782.25 0.3
46782.25 0.3
58985.375 0.3
58985.375 0.3
44751.0 0.3
44751.0 0.3
44751.0 0.3
46251.0 0.3
46251.0 0.3
65829.125 0.3
65829.125 0.3
77172.875 0.3
77172.875 0.3
77172.875 0.3
54547.875 0.3
54547.875 0.3
61219.75 0.3
61219.75 0.3
46376.0 0.3
46376.0 0.3
46376.0 0.3
43563.5 0.3
43563.5 0.3
96001.0 0.3
96001.0 0.3
53751.0 0.3
53751.0 0.3
123251.0 0.3
123251.0 0.3
86501.0 0.3
86501.0 0.3
50126.0 0.3
50126.0 0.3
50126.0 0.3
50126.0 0.3
43422.875 0.3
43422.875 0.3
43422.875 0.3
43422.875 0.3
114876.0 0.3
114876.0 0.3
114876.0 0.3
114876.0 0.3
86501.0 0.3
86501.0 0.3
52751.0 0.3
52751.0 0.3
128751.0 0.3
128751.0 0.3
76001.0 0.3
76001.0 0.3
123813.5 0.3
123813.5 0.3
123813.5 0.3
139001.0 0.3
139001.0 0.3
131751.0 0.3
131751.0 0.3
133751.0 0.3
133751.0 0.3
169251.0 0.3
169251.0 0.3
169251.0 0.3
48688.5 0.3
48688.5 0.3
48688.5 0.3
48688.5 0.3
48376.0 0.3
48376.0 0.3
60251.0 0.3
60251.0 0.3
60251.0 0.3
51001.0 0.3
51001.0 0.3
126001.0 0.3
126001.0 0.3
68001.0 0.3
68001.0 0.3
157001.0 0.3
157001.0 0.3
94001.0 0.3
94001.0 0.3
56501.0 0.3
56501.0 0.3
56501.0 0.3
51251.0 0.3
51251.0 0.3
51251.0 0.3
46032.25 0.3
46032.25 0.3
44735.375 0.3
44735.375 0.3
48532.25 0.3
48532.25 0.3
48532.25 0.3
53751.0 0.3
53751.0 0.3
84938.5 0.3
84938.5 0.3
103063.5 0.3
103063.5 0.3
72563.5 0.3
72563.5 0.3
67563.5 0.3
67563.5 0.3
61266.625 0.3
61266.625 0.3
61266.625 0.3
61266.625 0.3
57016.625 0.3
57016.625 0.3
57016.625 0.3
50969.75 0.3
50969.75 0.3
50969.75 0.3
60376.0 0.3
60376.0 0.3
69313.5 0.3
69313.5 0.3
69313.5 0.3
56938.5 0.3
56938.5 0.3
69501.0 0.3
69501.0 0.3
65001.00000000001 0.3
65001.00000000001 0.3
128751.0 0.3
128751.0 0.3
72501.0 0.3
72501.0 0.3
129501.0 0.3
129501.0 0.3
91563.5 0.3
91563.5 0.3
91563.5 0.3
91563.5 0.3
89063.5 0.3
89063.5 0.3
89063.5 0.3
89063.5 0.3
83376.0 0.3
83376.0 0.3
65063.50000000001 0.3
65063.50000000001 0.3
74438.5 0.3
74438.5 0.3
74438.5 0.3
68563.5 0.3
68563.5 0.3
69063.5 0.3
69063.5 0.3
69063.5 0.3
60501.0 0.3
60501.0 0.3
88751.0 0.3
88751.0 0.3
26751.0 0.3
26751.0 0.3
73501.0 0.3
73501.0 0.3
75501.0 0.3
75501.0 0.3
75501.0 0.3
11501.0 0.3
11501.0 0.3
63751.0 0.3
63751.0 0.3
7251.0 0.3
7251.0 0.3
59751.0 0.3
59751.0 0.3
70251.0 0.3
70251.0 0.3
70251.0 0.3
45469.75 0.3
45469.75 0.3
60969.75 0.3
60969.75 0.3
60969.75 0.3
60969.75 0.3
59079.125 0.3
59079.125 0.3
59079.125 0.3
61251.0 0.3
61251.0 0.3
64626.00000000001 0.3
64626.00000000001 0.3
64626.00000000001 0.3
62876.0 0.3
62876.0 0.3
60376.0 0.3
60376.0 0.3
60376.0 0.3
73313.5 0.3
73313.5 0.3
73751.0 0.3
73751.0 0.3
73751.0 0.3
73751.0 0.3
80626.0 0.3
80626.0 0.3
80626.0 0.3
80626.0 0.3
119001.0 0.3
119001.0 0.3
130751.0 0.3
130751.0 0.3
152751.0 0.3
152751.0 0.3
174501.0 0.3
174501.0 0.3
33251.0 0.3
33251.0 0.3
77501.0 0.3
77501.0 0.3
78751.0 0.3
78751.0 0.3
113751.0 0.3
113751.0 0.3
74438.5 0.3
74438.5 0.3
74438.5 0.3
74438.5 0.3
152438.5 0.3
152438.5 0.3
152438.5 0.3
152438.5 0.3
152438.5 0.3
152438.5 0.3
123251.0 0.3
123251.0 0.3
68751.0 0.3
68751.0 0.3
151001.0 0.3
151001.0 0.3
85751.0 0.3
85751.0 0.3
72251.0 0.3
72251.0 0.3
122751.0 0.3
122751.0 0.3
77501.0 0.3
77501.0 0.3
128751.0 0.3
128751.0 0.3
164501.0 0.3
164501.0 0.3
181251.0 0.3
181251.0 0.3
163751.0 0.3
163751.0 0.3
163751.0 0.3
177251.0 0.3
177251.0 0.3
177251.0 0.3
88501.0 0.3
88501.0 0.3
132001.0 0.3
132001.0 0.3
132001.0 0.3
132001.0 0.3
103001.0 0.3
103001.0 0.3
103001.0 0.3
104001.0 0.3
104001.0 0.3
68001.0 0.3
68001.0 0.3
63001.0 0.3
63001.0 0.3
30001.0 0.3
30001.0 0.3
145001.0 0.3
145001.0 0.3
144001.0 0.3
144001.0 0.3
84001.0 0.3
84001.0 0.3
69001.0 0.3
69001.0 0.3
148001.0 0.3
148001.0 0.3
151001.0 0.3
151001.0 0.3
69001.0 0.3
69001.0 0.3
77001.0 0.3
77001.0 0.3
10751.0 0.3
10751.0 0.3
10751.0 0.3
10751.0 0.3
9251.0 0.3
9251.0 0.3
9251.0 0.3
198501.0 0.3
198501.0 0.3
177001.0 0.3
177001.0 0.3
189501.0 0.3
189501.0 0.3
189501.0 0.3
188501.0 0.3
188501.0 0.3
179751.0 0.3
179751.0 0.3
117001.0 0.3
117001.0 0.3
191751.0 0.3
191751.0 0.3
154001.0 0.3
154001.0 0.3
150001.0 0.3
150001.0 0.3
167001.0 0.3
167001.0 0.3
87001.0 0.3
87001.0 0.3
106001.0 0.3
106001.0 0.3
167001.0 0.3
167001.0 0.3
167001.0 0.3
167001.0 0.3
32000.999999999996 0.3
32000.999999999996 0.3
32000.999999999996 0.3
32000.999999999996 0.3
71001.0 0.3
71001.0 0.3
115001.0 0.3
115001.0 0.3
38001.0 0.3
38001.0 0.3
71001.0 0.3
71001.0 0.3
192251.0 0.3
192251.0 0.3
192251.0 0.3
178751.0 0.3
178751.0 0.3
160001.0 0.3
160001.0 0.3
213001.0 0.3
213001.0 0.3
129001.0 0.3
129001.0 0.3
209001.0 0.3
209001.0 0.3
219001.0 0.3
219001.0 0.3
219001.0 0.3
111938.5 0.3
111938.5 0.3
111938.5 0.3
116251.0 0.3
116251.0 0.3
155251.0 0.3
155251.0 0.3
103751.0 0.3
103751.0 0.3
119751.0 0.3
119751.0 0.3
102313.5 0.3
102313.5 0.3
79938.5 0.3
79938.5 0.3
79938.5 0.3
154751.0 0.3
154751.0 0.3
154751.0 0.3
82501.0 0.3
82501.0 0.3
126001.0 0.3
126001.0 0.3
116001.0 0.3
116001.0 0.3
54438.5 0.3
54438.5 0.3
54438.5 0.3
84063.5 0.3
84063.5 0.3
84063.5 0.3
57876.0 0.3
57876.0 0.3
64766.62500000001 0.3
64766.62500000001 0.3
64766.62500000001 0.3
63516.625 0.3
63516.625 0.3
63516.625 0.3
63516.625 0.3
47001.0 0.3
47001.0 0.3
47001.0 0.3
47001.0 0.3
48469.75 0.3
48469.75 0.3
54688.5 0.3
54688.5 0.3
44251.0 0.3
44251.0 0.3
70063.5 0.3
70063.5 0.3
74251.0 0.3
74251.0 0.3
48032.25 0.3
48032.25 0.3
48032.25 0.3
48872.09375 0.3
48872.09375 0.3
48872.09375 0.3
48872.09375 0.3
54735.375 0.3
54735.375 0.3
54735.375 0.3
58938.5 0.3
58938.5 0.3
57188.5 0.3
57188.5 0.3
59001.0 0.3
59001.0 0.3
59001.0 0.3
50516.625 0.3
50516.625 0.3
50516.625 0.3
64563.50000000001 0.3
64563.50000000001 0.3
62438.5 0.3
62438.5 0.3
62438.5 0.3
54563.5 0.3
54563.5 0.3
48438.5 0.3
48438.5 0.3
45516.625 0.3
45516.625 0.3
46501.0 0.3
46501.0 0.3
46501.0 0.3
46501.0 0.3
90001.0 0.3
90001.0 0.3
38001.0 0.3
38001.0 0.3
38001.0 0.3
84751.0 0.3
84751.0 0.3
32000.999999999996 0.3
32000.999999999996 0.3
3063.5 0.3
3063.5 0.3
3063.5 0.3
3063.5 0.3
3063.5 0.3
40626.0 0.3
40626.0 0.3
40626.0 0.3
33251.0 0.3
33251.0 0.3
19501.0 0.3
19501.0 0.3
36501.0 0.3
36501.0 0.3
36501.0 0.3
36501.0 0.3
15501.0 0.3
15501.0 0.3
28751.0 0.3
28751.0 0.3
101001.0 0.3
101001.0 0.3
174001.0 0.3
174001.0 0.3
74001.0 0.3
74001.0 0.3
133001.0 0.3
133001.0 0.3
208501.0 0.3
208501.0 0.3
208501.0 0.3
208501.0 0.3
46501.0 0.3
46501.0 0.3
46501.0 0.3
46501.0 0.3
109001.0 0.3
109001.0 0.3
146001.0 0.3
146001.0 0.3
62001.0 0.3
62001.0 0.3
96001.0 0.3
96001.0 0.3
34438.5 0.3
34438.5 0.3
34438.5 0.3
34438.5 0.3
24251.0 0.3
24251.0 0.3
59251.0 0.3
59251.0 0.3
59251.0 0.3
29751.0 0.3
29751.0 0.3
34501.0 0.3
34501.0 0.3
47501.0 0.3
47501.0 0.3
47501.0 0.3
47501.0 0.3
47501.0 0.3
44938.5 0.3
44938.5 0.3
40751.0 0.3
40751.0 0.3
40751.0 0.3
48876.0 0.3
48876.0 0.3
50438.5 0.3
50438.5 0.3
54079.125 0.3
54079.125 0.3
54079.125 0.3
54079.125 0.3
51063.5 0.3
51063.5 0.3
46063.5 0.3
46063.5 0.3
57813.5 0.3
57813.5 0.3
62001.0 0.3
62001.0 0.3
62001.0 0.3
61938.5 0.3
61938.5 0.3
66126.0 0.3
66126.0 0.3
60188.5 0.3
60188.5 0.3
61751.0 0.3
61751.0 0.3
61751.0 0.3
78251.0 0.3
78251.0 0.3
78251.0 0.3
78251.0 0.3
107501.0 0.3
107501.0 0.3
96251.0 0.3
96251.0 0.3
144751.0 0.3
144751.0 0.3
144751.0 0.3
156001.0 0.3
156001.0 0.3
62001.0 0.3
62001.0 0.3
55751.0 0.3
55751.0 0.3
55751.0 0.3
61751.0 0.3
61751.0 0.3
68751.0 0.3
68751.0 0.3
92001.0 0.3
92001.0 0.3
141001.0 0.3
141001.0 0.3
58001.0 0.3
58001.0 0.3
99001.0 0.3
99001.0 0.3
187001.0 0.3
187001.0 0.3
187001.0 0.3
187001.0 0.3
62251.0 0.3
62251.0 0.3
62251.0 0.3
62251.0 0.3
120001.0 0.3
120001.0 0.3
177001.0 0.3
177001.0 0.3
88001.0 0.3
88001.0 0.3
141001.0 0.3
141001.0 0.3
46688.5 0.3
46688.5 0.3
46501.0 0.3
46501.0 0.3
46876.0 0.3
46876.0 0.3
46876.0 0.3
49751.0 0.3
49751.0 0.3
49751.0 0.3
48126.0 0.3
48126.0 0.3
48876.0 0.3
48876.0 0.3
50688.5 0.3
50688.5 0.3
50688.5 0.3
46313.5 0.3
46313.5 0.3
73001.0 0.3
73001.0 0.3
40751.0 0.3
40751.0 0.3
105501.0 0.3
105501.0 0.3
56501.0 0.3
56501.0 0.3
52751.0 0.3
52751.0 0.3
85251.0 0.3
85251.0 0.3
58751.0 0.3
58751.0 0.3
118751.0 0.3
118751.0 0.3
167001.0 0.3
167001.0 0.3
92751.0 0.3
92751.0 0.3
184001.0 0.3
184001.0 0.3
184001.0 0.3
184001.0 0.3
114001.0 0.3
114001.0 0.3
72751.0 0.3
72751.0 0.3
144501.0 0.3
144501.0 0.3
144501.0 0.3
67501.0 0.3
67501.0 0.3
67501.0 0.3
104001.0 0.3
104001.0 0.3
165001.0 0.3
165001.0 0.3
88001.0 0.3
88001.0 0.3
147001.0 0.3
147001.0 0.3
73001.0 0.3
73001.0 0.3
72001.0 0.3
72001.0 0.3
117751.0 0.3
117751.0 0.3
97251.0 0.3
97251.0 0.3
49501.0 0.3
49501.0 0.3
49501.0 0.3
49501.0 0.3
49501.0 0.3
186751.0 0.3
186751.0 0.3
136251.0 0.3
136251.0 0.3
136251.0 0.3
211501.0 0.3
211501.0 0.3
211501.0 0.3
211501.0 0.3
176001.0 0.3
176001.0 0.3
107001.0 0.3
107001.0 0.3
157001.0 0.3
157001.0 0.3
91001.0 0.3
91001.0 0.3
56001.0 0.3
56001.0 0.3
69001.0 0.3
69001.0 0.3
69001.0 0.3
55751.0 0.3
55751.0 0.3
55751.0 0.3
75001.0 0.3
75001.0 0.3
75001.0 0.3
71016.625 0.3
71016.625 0.3
71016.625 0.3
71016.625 0.3
67579.125 0.3
67579.125 0.3
64797.87500000001 0.3
64797.87500000001 0.3
64797.87500000001 0.3
64797.87500000001 0.3
74469.75 0.3
74469.75 0.3
60969.75 0.3
60969.75 0.3
68016.625 0.3
68016.625 0.3
68016.625 0.3
70501.0 0.3
70501.0 0.3
87501.0 0.3
87501.0 0.3
61876.0 0.3
61876.0 0.3
53563.5 0.3
53563.5 0.3
59563.5 0.3
59563.5 0.3
59563.5 0.3
56938.5 0.3
56938.5 0.3
52516.625 0.3
52516.625 0.3
52516.625 0.3
67751.0 0.3
67751.0 0.3
67751.0 0.3
67751.0 0.3
61876.0 0.3
61876.0 0.3
108501.0 0.3
108501.0 0.3
64751.00000000001 0.3
64751.00000000001 0.3
139251.0 0.3
139251.0 0.3
72751.0 0.3
72751.0 0.3
66063.5 0.3
66063.5 0.3
66063.5 0.3
56235.375 0.3
56235.375 0.3
56235.375 0.3
50965.84375 0.3
50965.84375 0.3
50965.84375 0.3
50965.84375 0.3
50965.84375 0.3
50965.84375 0.3
76376.0 0.3
76376.0 0.3
97126.0 0.3
97126.0 0.3
109001.0 0.3
109001.0 0.3
69188.5 0.3
69188.5 0.3
77501.0 0.3
77501.0 0.3
77501.0 0.3
70532.25 0.3
70532.25 0.3
70532.25 0.3
58438.5 0.3
58438.5 0.3
52430.6875 0.3
52430.6875 0.3
52430.6875 0.3
52430.6875 0.3
47516.625 0.3
47516.625 0.3
44501.0 0.3
44501.0 0.3
44501.0 0.3
45719.75 0.3
45719.75 0.3
45719.75 0.3
45719.75 0.3
46001.0 0.3
46001.0 0.3
47688.5 0.3
47688.5 0.3
47688.5 0.3
48188.5 0.3
48188.5 0.3
48188.5 0.3
53251.0 0.3
53251.0 0.3
48251.0 0.3
48251.0 0.3
49001.0 0.3
49001.0 0.3
66251.0 0.3
66251.0 0.3
66251.0 0.3
66251.0 0.3
47297.875 0.3
47297.875 0.3
47297.875 0.3
52954.125 0.3
52954.125 0.3
52954.125 0.3
50313.5 0.3
50313.5 0.3
50313.5 0.3
74938.5 0.3
74938.5 0.3
74938.5 0.3
64501.00000000001 0.3
64501.00000000001 0.3
64501.00000000001 0.3
102251.0 0.3
102251.0 0.3
91001.0 0.3
91001.0 0.3
129001.0 0.3
129001.0 0.3
141001.0 0.3
141001.0 0.3
175001.0 0.3
175001.0 0.3
160501.0 0.3
160501.0 0.3
160501.0 0.3
121001.0 0.3
121001.0 0.3
89751.0 0.3
89751.0 0.3
144751.0 0.3
144751.0 0.3
106251.0 0.3
106251.0 0.3
72001.0 0.3
72001.0 0.3
47376.0 0.3
47376.0 0.3
59563.5 0.3
59563.5 0.3
59563.5 0.3
45188.5 0.3
45188.5 0.3
183501.0 0.3
183501.0 0.3
80751.0 0.3
80751.0 0.3
160001.0 0.3
160001.0 0.3
160001.0 0.3
101251.0 0.3
101251.0 0.3
68126.0 0.3
68126.0 0.3
68126.0 0.3
69626.0 0.3
69626.0 0.3
69626.0 0.3
69626.0 0.3
65001.00000000001 0.3
65001.00000000001 0.3
54422.875 0.3
54422.875 0.3
54422.875 0.3
51001.0 0.3
51001.0 0.3
51001.0 0.3
51001.0 0.3
51001.0 0.3
47094.75 0.3
47094.75 0.3
47969.75 0.3
47969.75 0.3
46516.625 0.3
46516.625 0.3
46516.625 0.3
46454.125 0.3
46454.125 0.3
46922.875 0.3
46922.875 0.3
50751.0 0.3
50751.0 0.3
47001.0 0.3
47001.0 0.3
49251.0 0.3
49251.0 0.3
49251.0 0.3
43188.5 0.3
43188.5 0.3
43188.5 0.3
51251.0 0.3
51251.0 0.3
51251.0 0.3
51251.0 0.3
49751.0 0.3
49751.0 0.3
54501.0 0.3
54501.0 0.3
79501.0 0.3
79501.0 0.3
79501.0 0.3
94001.0 0.3
94001.0 0.3
67251.0 0.3
67251.0 0.3
84001.0 0.3
84001.0 0.3
136001.0 0.3
136001.0 0.3
142001.0 0.3
142001.0 0.3
117001.0 0.3
117001.0 0.3
158001.0 0.3
158001.0 0.3
136001.0 0.3
136001.0 0.3
195001.0 0.3
195001.0 0.3
181001.0 0.3
181001.0 0.3
181001.0 0.3
181251.0 0.3
181251.0 0.3
181251.0 0.3
172751.0 0.3
172751.0 0.3
145751.0 0.3
145751.0 0.3
84251.0 0.3
84251.0 0.3
88751.0 0.3
88751.0 0.3
63751.0 0.3
63751.0 0.3
85188.5 0.3
85188.5 0.3
85188.5 0.3
66563.5 0.3
66563.5 0.3
65688.5 0.3
65688.5 0.3
65688.5 0.3
62376.0 0.3
62376.0 0.3
56532.25 0.3
56532.25 0.3
58501.0 0.3
58501.0 0.3
58563.5 0.3
58563.5 0.3
58563.5 0.3
57516.625 0.3
57516.625 0.3
45876.0 0.3
45876.0 0.3
46501.0 0.3
46501.0 0.3
46938.5 0.3
46938.5 0.3
53751.0 0.3
53751.0 0.3
53751.0 0.3
52251.0 0.3
52251.0 0.3
52251.0 0.3
52251.0 0.3
74751.0 0.3
74751.0 0.3
74751.0 0.3
103001.0 0.3
103001.0 0.3
142001.0 0.3
142001.0 0.3
160001.0 0.3
160001.0 0.3
176001.0 0.3
176001.0 0.3
137751.0 0.3
137751.0 0.3
146751.0 0.3
146751.0 0.3
146751.0 0.3
67501.0 0.3
67501.0 0.3
107001.0 0.3
107001.0 0.3
104001.0 0.3
104001.0 0.3
101751.0 0.3
101751.0 0.3
111626.0 0.3
111626.0 0.3
111626.0 0.3
111626.0 0.3
62563.5 0.3
62563.5 0.3
62563.5 0.3
62563.5 0.3
82688.5 0.3
82688.5 0.3
82688.5 0.3
92813.5 0.3
92813.5 0.3
63063.5 0.3
63063.5 0.3
77438.5 0.3
77438.5 0.3
180251.0 0.3
180251.0 0.3
180251.0 0.3
180251.0 0.3
164001.0 0.3
164001.0 0.3
153001.0 0.3
153001.0 0.3
158251.0 0.3
158251.0 0.3
121313.5 0.3
121313.5 0.3
121313.5 0.3
121313.5 0.3
132813.5 0.3
132813.5 0.3
132813.5 0.3
102001.0 0.3
102001.0 0.3
56454.125 0.3
56454.125 0.3
56454.125 0.3
56454.125 0.3
108626.0 0.3
108626.0 0.3
71313.5 0.3
71313.5 0.3
74188.5 0.3
74188.5 0.3
55813.5 0.3
55813.5 0.3
47454.125 0.3
47454.125 0.3
47454.125 0.3
55204.125 0.3
55204.125 0.3
51016.625 0.3
51016.625 0.3
51016.625 0.3
51782.25 0.3
51782.25 0.3
47485.375 0.3
47485.375 0.3
44969.75 0.3
44969.75 0.3
44969.75 0.3
41704.125 0.3
41704.125 0.3
44469.75 0.3
44469.75 0.3
43485.375 0.3
43485.375 0.3
65985.375 0.3
65985.375 0.3
63313.5 0.3
63313.5 0.3
63313.5 0.3
63313.5 0.3
55954.125 0.3
55954.125 0.3
53266.625 0.3
53266.625 0.3
66001.0 0.3
66001.0 0.3
66001.0 0.3
69313.5 0.3
69313.5 0.3
69313.5 0.3
69313.5 0.3
58376.0 0.3
58376.0 0.3
60188.5 0.3
60188.5 0.3
96501.0 0.3
96501.0 0.3
96501.0 0.3
96501.0 0.3
60001.0 0.3
60001.0 0.3
23001.0 0.3
23001.0 0.3
97001.0 0.3
97001.0 0.3
63001.0 0.3
63001.0 0.3
67251.0 0.3
67251.0 0.3
90751.0 0.3
90751.0 0.3
90751.0 0.3
7501.0 0.3
7501.0 0.3
7501.0 0.3
5251.0 0.3
5251.0 0.3
70001.0 0.3
70001.0 0.3
16251.000000000002 0.3
16251.000000000002 0.3
65126.00000000001 0.3
65126.00000000001 0.3
65126.00000000001 0.3
78376.0 0.3
78376.0 0.3
78376.0 0.3
78376.0 0.3
51438.5 0.3
51438.5 0.3
51438.5 0.3
60438.5 0.3
60438.5 0.3
60438.5 0.3
60438.5 0.3
44696.3125 0.3
44696.3125 0.3
44696.3125 0.3
44696.3125 0.3
45251.0 0.3
45251.0 0.3
55485.375 0.3
55485.375 0.3
55485.375 0.3
48297.875 0.3
48297.875 0.3
59001.0 0.3
59001.0 0.3
9438.5 0.3
9438.5 0.3
9438.5 0.3
9438.5 0.3
9188.5 0.3
9188.5 0.3
23001.0 0.3
23001.0 0.3
1501.0 0.3
1501.0 0.3
87001.0 0.3
87001.0 0.3
27751.0 0.3
27751.0 0.3
10563.5 0.3
10563.5 0.3
10563.5 0.3
10563.5 0.3
2376.0 0.3
2376.0 0.3
2376.0 0.3
2376.0 0.3
8501.0 0.3
8501.0 0.3
8501.0 0.3
8501.0 0.3
59001.0 0.3
59001.0 0.3
108001.0 0.3
108001.0 0.3
17001.0 0.3
17001.0 0.3
64001.00000000001 0.3
64001.00000000001 0.3
501.0 0.3
501.0 0.3
6251.0 0.3
6251.0 0.3
6251.0 0.3
12501.0 0.3
12501.0 0.3
1251.0 0.3
1251.0 0.3
1251.0 0.3
1251.0 0.3
86501.0 0.3
86501.0 0.3
86501.0 0.3
86501.0 0.3
31751.0 0.3
31751.0 0.3
1501.0 0.3
1501.0 0.3
85501.0 0.3
85501.0 0.3
20751.0 0.3
20751.0 0.3
73126.0 0.3
73126.0 0.3
73126.0 0.3
89501.0 0.3
89501.0 0.3
75501.0 0.3
75501.0 0.3
76251.0 0.3
76251.0 0.3
97751.0 0.3
97751.0 0.3
97751.0 0.3
15751.0 0.3
15751.0 0.3
15751.0 0.3
15751.0 0.3
8563.5 0.3
8563.5 0.3
8501.0 0.3
8501.0 0.3
8501.0 0.3
7001.0 0.3
7001.0 0.3
64001.00000000001 0.3
64001.00000000001 0.3
20001.0 0.3
20001.0 0.3
101001.0 0.3
101001.0 0.3
40001.0 0.3
40001.0 0.3
2001.0 0.3
2001.0 0.3
2001.0 0.3
23376.0 0.3
23376.0 0.3
23376.0 0.3
23376.0 0.3
131251.0 0.3
131251.0 0.3
131251.0 0.3
155751.0 0.3
155751.0 0.3
47251.0 0.3
47251.0 0.3
122001.0 0.3
122001.0 0.3
122001.0 0.3
154376.0 0.3
154376.0 0.3
154376.0 0.3
154376.0 0.3
3001.0 0.3
3001.0 0.3
3001.0 0.3
40001.0 0.3
40001.0 0.3
88001.0 0.3
88001.0 0.3
14001.0 0.3
14001.0 0.3
45001.0 0.3
45001.0 0.3
1751.0 0.3
1751.0 0.3
3751.0 0.3
3751.0 0.3
3751.0 0.3
124001.0 0.3
124001.0 0.3
124001.0 0.3
150751.0 0.3
150751.0 0.3
43001.0 0.3
43001.0 0.3
123001.0 0.3
123001.0 0.3
123001.0 0.3
155063.5 0.3
155063.5 0.3
128188.5 0.3
128188.5 0.3
128188.5 0.3
155251.0 0.3
155251.0 0.3
155251.0 0.3
155251.0 0.3
156438.5 0.3
156438.5 0.3
1000.9999999999999 0.3
1000.9999999999999 0.3
1000.9999999999999 0.3
1000.9999999999999 0.3
2751.0 0.3
2751.0 0.3
2751.0 0.3
37001.0 0.3
37001.0 0.3
96001.0 0.3
96001.0 0.3
13001.0 0.3
13001.0 0.3
53001.0 0.3
53001.0 0.3
1751.0 0.3
1751.0 0.3
4751.0 0.3
4751.0 0.3
4751.0 0.3
4751.0 0.3
8438.5 0.3
8438.5 0.3
751.0 0.3
751.0 0.3
751.0 0.3
751.0 0.3
141501.0 0.3
141501.0 0.3
141501.0 0.3
141501.0 0.3
158001.0 0.3
158001.0 0.3
69001.0 0.3
69001.0 0.3
127001.0 0.3
127001.0 0.3
25001.0 0.3
25001.0 0.3
75001.0 0.3
75001.0 0.3
141751.0 0.3
141751.0 0.3
141751.0 0.3
141751.0 0.3
158626.0 0.3
158626.0 0.3
158626.0 0.3
158626.0 0.3
10501.0 0.3
10501.0 0.3
10501.0 0.3
10501.0 0.3
78001.0 0.3
78001.0 0.3
135001.0 0.3
135001.0 0.3
48001.0 0.3
48001.0 0.3
105001.0 0.3
105001.0 0.3
751.0 0.3
751.0 0.3
25501.0 0.3
25501.0 0.3
25501.0 0.3
151251.0 0.3
151251.0 0.3
151251.0 0.3
151251.0 0.3
151251.0 0.3
112001.0 0.3
112001.0 0.3
112001.0 0.3
160501.0 0.3
160501.0 0.3
67688.5 0.3
67688.5 0.3
78001.0 0.3
78001.0 0.3
78001.0 0.3
78001.0 0.3
65501.00000000001 0.3
65501.00000000001 0.3
73813.5 0.3
73813.5 0.3
73813.5 0.3
104001.0 0.3
104001.0 0.3
104001.0 0.3
23001.0 0.3
23001.0 0.3
23001.0 0.3
111751.0 0.3
111751.0 0.3
111751.0 0.3
92001.0 0.3
92001.0 0.3
27001.0 0.3
27001.0 0.3
118001.0 0.3
118001.0 0.3
77001.0 0.3
77001.0 0.3
751.0 0.3
751.0 0.3
19751.0 0.3
19751.0 0.3
7251.0 0.3
7251.0 0.3
7251.0 0.3
7251.0 0.3
5251.0 0.3
5251.0 0.3
95751.0 0.3
95751.0 0.3
132001.0 0.3
132001.0 0.3
132001.0 0.3
132001.0 0.3
101251.0 0.3
101251.0 0.3
140751.0 0.3
140751.0 0.3
140751.0 0.3
42001.0 0.3
42001.0 0.3
1000.9999999999999 0.3
1000.9999999999999 0.3
78001.0 0.3
78001.0 0.3
20001.0 0.3
20001.0 0.3
2751.0 0.3
2751.0 0.3
2751.0 0.3
125001.0 0.3
125001.0 0.3
61001.0 0.3
61001.0 0.3
132001.0 0.3
132001.0 0.3
110001.0 0.3
110001.0 0.3
13501.0 0.3
13501.0 0.3
13501.0 0.3
80969.75 0.3
80969.75 0.3
80969.75 0.3
80969.75 0.3
89001.0 0.3
89001.0 0.3
89001.0 0.3
89001.0 0.3
110751.0 0.3
110751.0 0.3
110751.0 0.3
69251.0 0.3
69251.0 0.3
80001.0 0.3
80001.0 0.3
92501.0 0.3
92501.0 0.3
75188.5 0.3
75188.5 0.3
70501.0 0.3
70501.0 0.3
70501.0 0.3
28626.0 0.3
28626.0 0.3
28626.0 0.3
5313.5 0.3
5313.5 0.3
5313.5 0.3
14251.0 0.3
14251.0 0.3
14251.0 0.3
14251.0 0.3
21001.0 0.3
21001.0 0.3
1751.0 0.3
1751.0 0.3
3001.0 0.3
3001.0 0.3
3001.0 0.3
501.0 0.3
501.0 0.3
1751.0 0.3
1751.0 0.3
45001.0 0.3
45001.0 0.3
104001.0 0.3
104001.0 0.3
26001.0 0.3
26001.0 0.3
82001.0 0.3
82001.0 0.3
147001.0 0.3
147001.0 0.3
147001.0 0.3
27751.0 0.3
27751.0 0.3
27751.0 0.3
125251.0 0.3
125251.0 0.3
125251.0 0.3
1751.0 0.3
1751.0 0.3
1751.0 0.3
1751.0 0.3
6501.0 0.3
6501.0 0.3
6501.0 0.3
51001.0 0.3
51001.0 0.3
100001.0 0.3
100001.0 0.3
29001.0 0.3
29001.0 0.3
74001.0 0.3
74001.0 0.3
1751.0 0.3
1751.0 0.3
24251.0 0.3
24251.0 0.3
24251.0 0.3
10751.0 0.3
10751.0 0.3
1751.0 0.3
1751.0 0.3
53751.0 0.3
53751.0 0.3
6001.0 0.3
6001.0 0.3
17438.5 0.3
17438.5 0.3
17438.5 0.3
65376.00000000001 0.3
65376.00000000001 0.3
65376.00000000001 0.3
11501.0 0.3
11501.0 0.3
11501.0 0.3
13188.5 0.3
13188.5 0.3
1563.5 0.3
1563.5 0.3
1563.5 0.3
1563.5 0.3
21751.0 0.3
21751.0 0.3
21751.0 0.3
4126.0 0.3
4126.0 0.3
4126.0 0.3
47258.8125 0.3
47258.8125 0.3
47258.8125 0.3
61032.25 0.3
61032.25 0.3
79969.75 0.3
79969.75 0.3
74032.25 0.3
74032.25 0.3
66985.375 0.3
66985.375 0.3
48918.96875 0.3
48918.96875 0.3
52770.53125 0.3
52770.53125 0.3
52770.53125 0.3
52770.53125 0.3
80938.5 0.3
80938.5 0.3
57485.375 0.3
57485.375 0.3
57485.375 0.3
57485.375 0.3
55735.375 0.3
55735.375 0.3
56719.75 0.3
56719.75 0.3
56719.75 0.3
56719.75 0.3
67313.5 0.3
67313.5 0.3
67313.5 0.3
73001.0 0.3
73001.0 0.3
19501.0 0.3
19501.0 0.3
19501.0 0.3
82251.0 0.3
82251.0 0.3
82251.0 0.3
80001.0 0.3
80001.0 0.3
26001.0 0.3
26001.0 0.3
100001.0 0.3
100001.0 0.3
57001.0 0.3
57001.0 0.3
65126.00000000001 0.3
65126.00000000001 0.3
65126.00000000001 0.3
73251.0 0.3
73251.0 0.3
101251.0 0.3
101251.0 0.3
101251.0 0.3
101251.0 0.3
75251.0 0.3
75251.0 0.3
83751.0 0.3
83751.0 0.3
3001.0 0.3
3001.0 0.3
15751.0 0.3
15751.0 0.3
6751.0 0.3
6751.0 0.3
6751.0 0.3
6751.0 0.3
4251.0 0.3
4251.0 0.3
23876.0 0.3
23876.0 0.3
23876.0 0.3
23876.0 0.3
56001.0 0.3
56001.0 0.3
13001.0 0.3
13001.0 0.3
88001.0 0.3
88001.0 0.3
42001.0 0.3
42001.0 0.3
1251.0 0.3
1251.0 0.3
1251.0 0.3
97751.0 0.3
97751.0 0.3
97751.0 0.3
21001.0 0.3
21001.0 0.3
21001.0 0.3
14438.5 0.3
14438.5 0.3
14438.5 0.3
14438.5 0.3
67938.5 0.3
67938.5 0.3
71126.0 0.3
71126.0 0.3
71126.0 0.3
71126.0 0.3
73751.0 0.3
73751.0 0.3
71313.5 0.3
71313.5 0.3
97001.0 0.3
97001.0 0.3
97001.0 0.3
88001.0 0.3
88001.0 0.3
32000.999999999996 0.3
32000.999999999996 0.3
108001.0 0.3
108001.0 0.3
64001.00000000001 0.3
64001.00000000001 0.3
78251.0 0.3
78251.0 0.3
98251.0 0.3
98251.0 0.3
98251.0 0.3
7501.0 0.3
7501.0 0.3
7501.0 0.3
4751.0 0.3
4751.0 0.3
37001.0 0.3
37001.0 0.3
3501.0 0.3
3501.0 0.3
74376.0 0.3
74376.0 0.3
74376.0 0.3
74376.0 0.3
70501.0 0.3
70501.0 0.3
23751.0 0.3
23751.0 0.3
76751.0 0.3
76751.0 0.3
60001.0 0.3
60001.0 0.3
49532.25 0.3
49532.25 0.3
49532.25 0.3
58313.5 0.3
58313.5 0.3
78751.0 0.3
78751.0 0.3
64376.00000000001 0.3
64376.00000000001 0.3
99501.0 0.3
99501.0 0.3
68563.5 0.3
68563.5 0.3
71704.125 0.3
71704.125 0.3
71704.125 0.3
80266.625 0.3
80266.625 0.3
80266.625 0.3
80266.625 0.3
80266.625 0.3
67938.5 0.3
67938.5 0.3
73751.0 0.3
73751.0 0.3
73751.0 0.3
73751.0 0.3
63313.5 0.3
63313.5 0.3
70813.5 0.3
70813.5 0.3
60907.25 0.3
60907.25 0.3
60266.625 0.3
60266.625 0.3
60266.625 0.3
60266.625 0.3
73626.0 0.3
73626.0 0.3
39188.5 0.3
39188.5 0.3
111438.5 0.3
111438.5 0.3
52626.0 0.3
52626.0 0.3
52626.0 0.3
13485.375 0.3
13485.375 0.3
13485.375 0.3
13485.375 0.3
142813.5 0.3
142813.5 0.3
142813.5 0.3
92751.0 0.3
92751.0 0.3
52251.0 0.3
52251.0 0.3
122751.0 0.3
122751.0 0.3
87501.0 0.3
87501.0 0.3
157251.0 0.3
157251.0 0.3
157251.0 0.3
121313.5 0.3
121313.5 0.3
121313.5 0.3
40938.5 0.3
40938.5 0.3
40938.5 0.3
18938.5 0.3
18938.5 0.3
56001.0 0.3
56001.0 0.3
56001.0 0.3
36126.0 0.3
36126.0 0.3
1594.75 0.3
1594.75 0.3
1000.9999999999999 0.3
1000.9999999999999 0.3
5282.25 0.3
5282.25 0.3
5282.25 0.3
985.375 0.3
985.375 0.3
160438.5 0.3
160438.5 0.3
160438.5 0.3
160438.5 0.3
139376.0 0.3
139376.0 0.3
139376.0 0.3
142501.0 0.3
142501.0 0.3
142501.0 0.3
153501.0 0.3
153501.0 0.3
98001.0 0.3
98001.0 0.3
145501.0 0.3
145501.0 0.3
157251.0 0.3
157251.0 0.3
157251.0 0.3
99751.0 0.3
99751.0 0.3
51501.0 0.3
51501.0 0.3
110501.0 0.3
110501.0 0.3
81751.0 0.3
81751.0 0.3
46251.0 0.3
46251.0 0.3
46251.0 0.3
124751.0 0.3
124751.0 0.3
124751.0 0.3
59376.0 0.3
59376.0 0.3
41251.0 0.3
41251.0 0.3
120251.0 0.3
120251.0 0.3
10501.0 0.3
10501.0 0.3
93501.0 0.3
93501.0 0.3
93501.0 0.3
160001.0 0.3
160001.0 0.3
160001.0 0.3
160001.0 0.3
2001.0 0.3
2001.0 0.3
2001.0 0.3
25001.0 0.3
25001.0 0.3
80001.0 0.3
80001.0 0.3
1000.9999999999999 0.3
1000.9999999999999 0.3
50001.0 0.3
50001.0 0.3
2001.0 0.3
2001.0 0.3
8251.0 0.3
8251.0 0.3
8251.0 0.3
8251.0 0.3
148001.0 0.3
148001.0 0.3
148001.0 0.3
148001.0 0.3
166001.0 0.3
166001.0 0.3
99001.0 0.3
99001.0 0.3
151001.0 0.3
151001.0 0.3
64001.00000000001 0.3
64001.00000000001 0.3
131001.0 0.3
131001.0 0.3
162501.0 0.3
162501.0 0.3
162501.0 0.3
139876.0 0.3
139876.0 0.3
109126.0 0.3
109126.0 0.3
161438.5 0.3
161438.5 0.3
161438.5 0.3
161438.5 0.3
131813.5 0.3
131813.5 0.3
131813.5 0.3
20469.75 0.3
20469.75 0.3
20469.75 0.3
20469.75 0.3
3001.0 0.3
3001.0 0.3
46751.0 0.3
46751.0 0.3
46751.0 0.3
31188.5 0.3
31188.5 0.3
88751.0 0.3
88751.0 0.3
49251.0 0.3
49251.0 0.3
103501.0 0.3
103501.0 0.3
65751.0 0.3
65751.0 0.3
43376.0 0.3
43376.0 0.3
43376.0 0.3
43376.0 0.3
9532.25 0.3
9532.25 0.3
9532.25 0.3
9532.25 0.3
2618.1875 0.3
2618.1875 0.3
2618.1875 0.3
3454.125 0.3
3454.125 0.3
1180.6875 0.3
1180.6875 0.3
1180.6875 0.3
1180.6875 0.3
3192.40625 0.3
3192.40625 0.3
1251.0 0.3
1251.0 0.3
1251.0 0.3
1251.0 0.3
1251.0 0.3
2001.0 0.3
2001.0 0.3
2001.0 0.3
2001.0 0.3
19001.0 0.3
19001.0 0.3
85001.0 0.3
85001.0 0.3
1000.9999999999999 0.3
1000.9999999999999 0.3
47001.0 0.3
47001.0 0.3
142501.0 0.3
142501.0 0.3
142501.0 0.3
142501.0 0.3
8501.0 0.3
8501.0 0.3
8501.0 0.3
8501.0 0.3
73001.0 0.3
73001.0 0.3
138001.0 0.3
138001.0 0.3
41001.0 0.3
41001.0 0.3
103001.0 0.3
103001.0 0.3
10438.5 0.3
10438.5 0.3
10438.5 0.3
10438.5 0.3
1000.9999999999999 0.3
1000.9999999999999 0.3
22251.0 0.3
22251.0 0.3
22251.0 0.3
22251.0 0.3
1000.9999999999999 0.3
1000.9999999999999 0.3
1251.0 0.3
1251.0 0.3
1251.0 0.3
167251.0 0.3
167251.0 0.3
165251.0 0.3
165251.0 0.3
155751.0 0.3
155751.0 0.3
155751.0 0.3
155751.0 0.3
162001.0 0.3
162001.0 0.3
147313.5 0.3
147313.5 0.3
147313.5 0.3
127001.0 0.3
127001.0 0.3
154001.0 0.3
154001.0 0.3
80001.0 0.3
80001.0 0.3
141001.0 0.3
141001.0 0.3
160751.0 0.3
160751.0 0.3
160751.0 0.3
34001.0 0.3
34001.0 0.3
106001.0 0.3
106001.0 0.3
13001.0 0.3
13001.0 0.3
72001.0 0.3
72001.0 0.3
152751.0 0.3
152751.0 0.3
152751.0 0.3
152751.0 0.3
163563.5 0.3
163563.5 0.3
163563.5 0.3
163563.5 0.3
13001.0 0.3
13001.0 0.3
13001.0 0.3
1813.5 0.3
1813.5 0.3
1813.5 0.3
1813.5 0.3
6626.0 0.3
6626.0 0.3
6626.0 0.3
6626.0 0.3
5001.0 0.3
5001.0 0.3
5001.0 0.3
14751.0 0.3
14751.0 0.3
14751.0 0.3
14751.0 0.3
109001.0 0.3
109001.0 0.3
155001.0 0.3
155001.0 0.3
60001.0 0.3
60001.0 0.3
114001.0 0.3
114001.0 0.3
1251.0 0.3
1251.0 0.3
31751.0 0.3
31751.0 0.3
31751.0 0.3
160501.0 0.3
160501.0 0.3
160501.0 0.3
161501.0 0.3
161501.0 0.3
138751.0 0.3
138751.0 0.3
138751.0 0.3
171001.0 0.3
171001.0 0.3
1501.0 0.3
1501.0 0.3
3251.0 0.3
3251.0 0.3
3251.0 0.3
251.0 0.3
251.0 0.3
751.0 0.3
751.0 0.3
63001.0 0.3
63001.0 0.3
138001.0 0.3
138001.0 0.3
31001.0 0.3
31001.0 0.3
99001.0 0.3
99001.0 0.3
152501.0 0.3
152501.0 0.3
152501.0 0.3
22001.0 0.3
22001.0 0.3
22001.0 0.3
122251.0 0.3
122251.0 0.3
122251.0 0.3
114563.5 0.3
114563.5 0.3
114563.5 0.3
114563.5 0.3
50751.0 0.3
50751.0 0.3
45001.0 0.3
45001.0 0.3
108751.0 0.3
108751.0 0.3
53251.0 0.3
53251.0 0.3
135438.5 0.3
135438.5 0.3
135438.5 0.3
112501.0 0.3
112501.0 0.3
60501.0 0.3
60501.0 0.3
123251.0 0.3
123251.0 0.3
86251.0 0.3
86251.0 0.3
40313.5 0.3
40313.5 0.3
40313.5 0.3
11876.0 0.3
11876.0 0.3
48251.0 0.3
48251.0 0.3
48251.0 0.3
48251.0 0.3
27626.0 0.3
27626.0 0.3
159126.0 0.3
159126.0 0.3
159126.0 0.3
131251.0 0.3
131251.0 0.3
131251.0 0.3
131251.0 0.3
165438.5 0.3
165438.5 0.3
165438.5 0.3
165438.5 0.3
144001.0 0.3
144001.0 0.3
144001.0 0.3
62751.0 0.3
62751.0 0.3
46501.0 0.3
46501.0 0.3
91251.0 0.3
91251.0 0.3
43251.0 0.3
43251.0 0.3
40313.5 0.3
40313.5 0.3
40313.5 0.3
111751.0 0.3
111751.0 0.3
65501.00000000001 0.3
65501.00000000001 0.3
133501.0 0.3
133501.0 0.3
81001.0 0.3
81001.0 0.3
44876.0 0.3
44876.0 0.3
44876.0 0.3
47751.0 0.3
47751.0 0.3
7751.0 0.3
7751.0 0.3
73751.0 0.3
73751.0 0.3
36501.0 0.3
36501.0 0.3
2313.5 0.3
2313.5 0.3
2313.5 0.3
2313.5 0.3
75188.5 0.3
75188.5 0.3
75188.5 0.3
75188.5 0.3
25251.0 0.3
25251.0 0.3
1501.0 0.3
1501.0 0.3
57251.0 0.3
57251.0 0.3
17251.0 0.3
17251.0 0.3
688.5 0.3
688.5 0.3
688.5 0.3
688.5 0.3
6001.0 0.3
6001.0 0.3
6001.0 0.3
70001.0 0.3
70001.0 0.3
132001.0 0.3
132001.0 0.3
48001.0 0.3
48001.0 0.3
104001.0 0.3
104001.0 0.3
1501.0 0.3
1501.0 0.3
34001.0 0.3
34001.0 0.3
34001.0 0.3
813.5 0.3
813.5 0.3
813.5 0.3
813.5 0.3
751.0 0.3
751.0 0.3
7751.0 0.3
7751.0 0.3
7751.0 0.3
751.0 0.3
751.0 0.3
1000.9999999999999 0.3
1000.9999999999999 0.3
1000.9999999999999 0.3
73626.0 0.3
73626.0 0.3
63438.5 0.3
63438.5 0.3
63438.5 0.3
68501.0 0.3
68501.0 0.3
74438.5 0.3
74438.5 0.3
74438.5 0.3
5126.0 0.3
5126.0 0.3
5126.0 0.3
626.0 0.3
626.0 0.3
626.0 0.3
626.0 0.3
32750.999999999996 0.3
32750.999999999996 0.3
1751.0 0.3
1751.0 0.3
53001.0 0.3
53001.0 0.3
7001.0 0.3
7001.0 0.3
1063.5 0.3
1063.5 0.3
1063.5 0.3
1063.5 0.3
153251.0 0.3
153251.0 0.3
153251.0 0.3
153251.0 0.3
153251.0 0.3
125751.0 0.3
125751.0 0.3
125751.0 0.3
162751.0 0.3
162751.0 0.3
161876.0 0.3
161876.0 0.3
161876.0 0.3
59001.0 0.3
59001.0 0.3
128001.0 0.3
128001.0 0.3
45001.0 0.3
45001.0 0.3
115001.0 0.3
115001.0 0.3
159501.0 0.3
159501.0 0.3
159501.0 0.3
24001.0 0.3
24001.0 0.3
92001.0 0.3
92001.0 0.3
10001.0 0.3
10001.0 0.3
78001.0 0.3
78001.0 0.3
153751.0 0.3
153751.0 0.3
153751.0 0.3
158626.0 0.3
158626.0 0.3
158626.0 0.3
158626.0 0.3
119626.0 0.3
119626.0 0.3
119626.0 0.3
49813.5 0.3
49813.5 0.3
49813.5 0.3
130063.5 0.3
130063.5 0.3
130063.5 0.3
69751.0 0.3
69751.0 0.3
41501.0 0.3
41501.0 0.3
94001.0 0.3
94001.0 0.3
41501.0 0.3
41501.0 0.3
27251.0 0.3
27251.0 0.3
27251.0 0.3
134501.0 0.3
134501.0 0.3
134501.0 0.3
5001.0 0.3
5001.0 0.3
5001.0 0.3
73001.0 0.3
73001.0 0.3
134001.0 0.3
134001.0 0.3
45001.0 0.3
45001.0 0.3
107001.0 0.3
107001.0 0.3
162501.0 0.3
162501.0 0.3
158501.0 0.3
158501.0 0.3
166501.0 0.3
166501.0 0.3
166501.0 0.3
166501.0 0.3
161751.0 0.3
161751.0 0.3
1251.0 0.3
1251.0 0.3
28751.0 0.3
28751.0 0.3
28751.0 0.3
28751.0 0.3
751.0 0.3
751.0 0.3
2251.0 0.3
2251.0 0.3
2251.0 0.3
129001.0 0.3
129001.0 0.3
166001.0 0.3
166001.0 0.3
72001.0 0.3
72001.0 0.3
131001.0 0.3
131001.0 0.3
162751.0 0.3
162751.0 0.3
162751.0 0.3
23001.0 0.3
23001.0 0.3
86001.0 0.3
86001.0 0.3
4001.0000000000005 0.3
4001.0000000000005 0.3
59001.0 0.3
59001.0 0.3
152501.0 0.3
152501.0 0.3
152501.0 0.3
152501.0 0.3
143251.0 0.3
143251.0 0.3
143251.0 0.3
143251.0 0.3
109001.0 0.3
109001.0 0.3
54751.0 0.3
54751.0 0.3
128501.0 0.3
128501.0 0.3
80501.0 0.3
80501.0 0.3
156376.0 0.3
156376.0 0.3
156376.0 0.3
156376.0 0.3
156376.0 0.3
137751.0 0.3
137751.0 0.3
87251.0 0.3
87251.0 0.3
133751.0 0.3
133751.0 0.3
99751.0 0.3
99751.0 0.3
3251.0 0.3
3251.0 0.3
3251.0 0.3
1110.375 0.3
1110.375 0.3
9969.75 0.3
9969.75 0.3
9969.75 0.3
9969.75 0.3
1532.25 0.3
1532.25 0.3
2684.59375 0.3
2684.59375 0.3
2684.59375 0.3
28126.0 0.3
28126.0 0.3
4813.5 0.3
4813.5 0.3
33313.5 0.3
33313.5 0.3
33313.5 0.3
7563.5 0.3
7563.5 0.3
2016.625 0.3
2016.625 0.3
2016.625 0.3
40063.5 0.3
40063.5 0.3
40063.5 0.3
15813.5 0.3
15813.5 0.3
45001.0 0.3
45001.0 0.3
45001.0 0.3
21126.0 0.3
21126.0 0.3
3001.0 0.3
3001.0 0.3
3001.0 0.3
1879.90625 0.3
1879.90625 0.3
1879.90625 0.3
43176.78125 0.3
43176.78125 0.3
43176.78125 0.3
51934.59375 0.3
51934.59375 0.3
41032.25 0.3
41032.25 0.3
43969.75 0.3
43969.75 0.3
42501.0 0.3
42501.0 0.3
42501.0 0.3
43266.625 0.3
43266.625 0.3
43950.21875 0.3
43950.21875 0.3
43950.21875 0.3
50649.4375 0.3
50649.4375 0.3
50649.4375 0.3
50649.4375 0.3
51969.75 0.3
51969.75 0.3
69282.25 0.3
69282.25 0.3
69282.25 0.3
61235.375 0.3
61235.375 0.3
77954.125 0.3
77954.125 0.3
77954.125 0.3
43547.875 0.3
43547.875 0.3
54879.90625 0.3
54879.90625 0.3
54879.90625 0.3
54879.90625 0.3
41579.125 0.3
41579.125 0.3
41579.125 0.3
41579.125 0.3
41579.125 0.3
44801.78125 0.3
44801.78125 0.3
43735.375 0.3
43735.375 0.3
47001.0 0.3
47001.0 0.3
50782.25 0.3
50782.25 0.3
46438.5 0.3
46438.5 0.3
46438.5 0.3
53528.34375 0.3
53528.34375 0.3
53528.34375 0.3
53528.34375 0.3
46926.78125 0.3
46926.78125 0.3
56239.28125 0.3
56239.28125 0.3
56239.28125 0.3
45676.78125 0.3
45676.78125 0.3
45676.78125 0.3
54801.78125 0.3
54801.78125 0.3
54801.78125 0.3
54801.78125 0.3
68438.5 0.3
68438.5 0.3
72688.5 0.3
72688.5 0.3
72688.5 0.3
73438.5 0.3
73438.5 0.3
85376.0 0.3
85376.0 0.3
85376.0 0.3
68751.0 0.3
68751.0 0.3
14251.0 0.3
14251.0 0.3
83251.0 0.3
83251.0 0.3
19001.0 0.3
19001.0 0.3
4813.5 0.3
4813.5 0.3
4813.5 0.3
4813.5 0.3
117751.0 0.3
117751.0 0.3
34751.0 0.3
34751.0 0.3
34751.0 0.3
144251.0 0.3
144251.0 0.3
144251.0 0.3
82001.0 0.3
82001.0 0.3
13001.0 0.3
13001.0 0.3
94001.0 0.3
94001.0 0.3
23001.0 0.3
23001.0 0.3
1251.0 0.3
1251.0 0.3
9501.0 0.3
9501.0 0.3
751.0 0.3
751.0 0.3
751.0 0.3
6251.0 0.3
6251.0 0.3
89001.0 0.3
89001.0 0.3
97813.5 0.3
97813.5 0.3
97813.5 0.3
67313.5 0.3
67313.5 0.3
70813.5 0.3
70813.5 0.3
115001.0 0.3
115001.0 0.3
115001.0 0.3
118001.0 0.3
118001.0 0.3
58001.0 0.3
58001.0 0.3
132001.0 0.3
132001.0 0.3
90001.0 0.3
90001.0 0.3
87251.0 0.3
87251.0 0.3
114251.0 0.3
114251.0 0.3
114251.0 0.3
6001.0 0.3
6001.0 0.3
6001.0 0.3
2501.0 0.3
2501.0 0.3
35251.0 0.3
35251.0 0.3
501.0 0.3
501.0 0.3
81126.0 0.3
81126.0 0.3
81126.0 0.3
81126.0 0.3
82501.0 0.3
82501.0 0.3
10001.0 0.3
10001.0 0.3
94501.0 0.3
94501.0 0.3
45251.0 0.3
45251.0 0.3
3313.5 0.3
3313.5 0.3
3313.5 0.3
3313.5 0.3
17751.0 0.3
17751.0 0.3
17751.0 0.3
17751.0 0.3
115001.0 0.3
115001.0 0.3
159001.0 0.3
159001.0 0.3
87001.0 0.3
87001.0 0.3
147001.0 0.3
147001.0 0.3
6251.0 0.3
6251.0 0.3
6251.0 0.3
52001.0 0.3
52001.0 0.3
119001.0 0.3
119001.0 0.3
21001.0 0.3
21001.0 0.3
71001.0 0.3
71001.0 0.3
7751.0 0.3
7751.0 0.3
7751.0 0.3
7751.0 0.3
4751.0 0.3
4751.0 0.3
11251.0 0.3
11251.0 0.3
11251.0 0.3
11251.0 0.3
5751.0 0.3
5751.0 0.3
9751.0 0.3
9751.0 0.3
9751.0 0.3
164751.0 0.3
164751.0 0.3
164751.0 0.3
151751.0 0.3
151751.0 0.3
148501.0 0.3
148501.0 0.3
148501.0 0.3
148501.0 0.3
157001.0 0.3
157001.0 0.3
128751.0 0.3
128751.0 0.3
128751.0 0.3
128751.0 0.3
96001.0 0.3
96001.0 0.3
158001.0 0.3
158001.0 0.3
67001.0 0.3
67001.0 0.3
142001.0 0.3
142001.0 0.3
160001.0 0.3
160001.0 0.3
160001.0 0.3
40001.0 0.3
40001.0 0.3
110001.0 0.3
110001.0 0.3
13001.0 0.3
13001.0 0.3
75001.0 0.3
75001.0 0.3
162251.0 0.3
162251.0 0.3
162251.0 0.3
162251.0 0.3
141626.0 0.3
141626.0 0.3
141626.0 0.3
141626.0 0.3
141626.0 0.3
10376.0 0.3
10376.0 0.3
10376.0 0.3
5563.5 0.3
5563.5 0.3
5563.5 0.3
5563.5 0.3
5251.0 0.3
5251.0 0.3
5251.0 0.3
1563.5 0.3
1563.5 0.3
1563.5 0.3
17751.0 0.3
17751.0 0.3
17751.0 0.3
17751.0 0.3
113001.0 0.3
113001.0 0.3
163001.0 0.3
163001.0 0.3
84001.0 0.3
84001.0 0.3
147001.0 0.3
147001.0 0.3
8251.0 0.3
8251.0 0.3
8251.0 0.3
48001.0 0.3
48001.0 0.3
119001.0 0.3
119001.0 0.3
20001.0 0.3
20001.0 0.3
78001.0 0.3
78001.0 0.3
160251.0 0.3
160251.0 0.3
160251.0 0.3
140001.0 0.3
140001.0 0.3
154501.0 0.3
154501.0 0.3
154501.0 0.3
154501.0 0.3
137751.0 0.3
137751.0 0.3
11001.0 0.3
11001.0 0.3
16751.0 0.3
16751.0 0.3
16751.0 0.3
16751.0 0.3
9501.0 0.3
9501.0 0.3
9501.0 0.3
9501.0 0.3
9501.0 0.3
108001.0 0.3
108001.0 0.3
153001.0 0.3
153001.0 0.3
74001.0 0.3
74001.0 0.3
139001.0 0.3
139001.0 0.3
150001.0 0.3
150001.0 0.3
150001.0 0.3
47001.0 0.3
47001.0 0.3
112001.0 0.3
112001.0 0.3
30001.0 0.3
30001.0 0.3
87001.0 0.3
87001.0 0.3
156501.0 0.3
156501.0 0.3
156501.0 0.3
65297.87500000001 0.3
65297.87500000001 0.3
65297.87500000001 0.3
65297.87500000001 0.3
72938.5 0.3
72938.5 0.3
80438.5 0.3
80438.5 0.3
80438.5 0.3
66938.5 0.3
66938.5 0.3
75688.5 0.3
75688.5 0.3
75688.5 0.3
56735.375 0.3
56735.375 0.3
56735.375 0.3
64876.00000000001 0.3
64876.00000000001 0.3
70376.0 0.3
70376.0 0.3
70376.0 0.3
61438.5 0.3
61438.5 0.3
69501.0 0.3
69501.0 0.3
8063.499999999999 0.3
8063.499999999999 0.3
8063.499999999999 0.3
1000.9999999999999 0.3
1000.9999999999999 0.3
50751.0 0.3
50751.0 0.3
2501.0 0.3
2501.0 0.3
70251.0 0.3
70251.0 0.3
10501.0 0.3
10501.0 0.3
1188.5 0.3
1188.5 0.3
1188.5 0.3
9126.0 0.3
9126.0 0.3
9126.0 0.3
9126.0 0.3
27001.0 0.3
27001.0 0.3
27001.0 0.3
142751.0 0.3
142751.0 0.3
142751.0 0.3
8251.0 0.3
8251.0 0.3
8251.0 0.3
102001.0 0.3
102001.0 0.3
169001.0 0.3
169001.0 0.3
81001.0 0.3
81001.0 0.3
158001.0 0.3
158001.0 0.3
5438.5 0.3
5438.5 0.3
5438.5 0.3
8751.0 0.3
8751.0 0.3
8751.0 0.3
53001.0 0.3
53001.0 0.3
131001.0 0.3
131001.0 0.3
32000.999999999996 0.3
32000.999999999996 0.3
105001.0 0.3
105001.0 0.3
18251.0 0.3
18251.0 0.3
18251.0 0.3
17001.0 0.3
17001.0 0.3
79001.0 0.3
79001.0 0.3
4001.0000000000005 0.3
4001.0000000000005 0.3
53001.0 0.3
53001.0 0.3
81001.0 0.3
81001.0 0.3
26751.0 0.3
26751.0 0.3
82001.0 0.3
82001.0 0.3
51501.0 0.3
51501.0 0.3
1063.5 0.3
1063.5 0.3
1063.5 0.3
76501.0 0.3
76501.0 0.3
76501.0 0.3
4876.0 0.3
4876.0 0.3
2251.0 0.3
2251.0 0.3
2251.0 0.3
19751.0 0.3
19751.0 0.3
13001.0 0.3
13001.0 0.3
13001.0 0.3
13001.0 0.3
19751.0 0.3
19751.0 0.3
6251.0 0.3
6251.0 0.3
6251.0 0.3
876.0 0.3
876.0 0.3
876.0 0.3
12501.0 0.3
12501.0 0.3
14001.0 0.3
14001.0 0.3
14001.0 0.3
7251.0 0.3
7251.0 0.3
17751.0 0.3
17751.0 0.3
53251.0 0.3
53251.0 0.3
53251.0 0.3
26938.5 0.3
26938.5 0.3
96501.0 0.3
96501.0 0.3
47251.0 0.3
47251.0 0.3
113001.0 0.3
113001.0 0.3
55001.0 0.3
55001.0 0.3
29688.5 0.3
29688.5 0.3
29688.5 0.3
4985.375 0.3
4985.375 0.3
4985.375 0.3
128251.0 0.3
128251.0 0.3
66501.0 0.3
66501.0 0.3
125501.0 0.3
125501.0 0.3
85751.0 0.3
85751.0 0.3
31313.5 0.3
31313.5 0.3
31313.5 0.3
122751.0 0.3
122751.0 0.3
86501.0 0.3
86501.0 0.3
132501.0 0.3
132501.0 0.3
89251.0 0.3
89251.0 0.3
40438.5 0.3
40438.5 0.3
40438.5 0.3
7501.0 0.3
7501.0 0.3
7501.0 0.3
1465.84375 0.3
1465.84375 0.3
1465.84375 0.3
1465.84375 0.3
147251.0 0.3
147251.0 0.3
108001.0 0.3
108001.0 0.3
150751.0 0.3
150751.0 0.3
150751.0 0.3
117501.0 0.3
117501.0 0.3
46501.0 0.3
46501.0 0.3
46501.0 0.3
159001.0 0.3
159001.0 0.3
159001.0 0.3
125251.0 0.3
125251.0 0.3
144501.0 0.3
144501.0 0.3
144501.0 0.3
144501.0 0.3
127251.0 0.3
127251.0 0.3
56751.0 0.3
56751.0 0.3
56751.0 0.3
56751.0 0.3
8532.25 0.3
8532.25 0.3
8532.25 0.3
8532.25 0.3
94001.0 0.3
94001.0 0.3
144001.0 0.3
144001.0 0.3
71001.0 0.3
71001.0 0.3
140001.0 0.3
140001.0 0.3
144501.0 0.3
144501.0 0.3
144501.0 0.3
45001.0 0.3
45001.0 0.3
123001.0 0.3
123001.0 0.3
29001.0 0.3
29001.0 0.3
102001.0 0.3
102001.0 0.3
146751.0 0.3
146751.0 0.3
146751.0 0.3
90251.0 0.3
90251.0 0.3
38001.0 0.3
38001.0 0.3
107001.0 0.3
107001.0 0.3
44501.0 0.3
44501.0 0.3
18001.0 0.3
18001.0 0.3
82001.0 0.3
82001.0 0.3
8000.999999999999 0.3
8000.999999999999 0.3
55001.0 0.3
55001.0 0.3
152501.0 0.3
152501.0 0.3
152501.0 0.3
11751.0 0.3
11751.0 0.3
11751.0 0.3
128251.0 0.3
128251.0 0.3
128251.0 0.3
116501.0 0.3
116501.0 0.3
59001.0 0.3
59001.0 0.3
136501.0 0.3
136501.0 0.3
73001.0 0.3
73001.0 0.3
18126.0 0.3
18126.0 0.3
18126.0 0.3
4313.5 0.3
4313.5 0.3
24813.5 0.3
24813.5 0.3
24813.5 0.3
6938.5 0.3
6938.5 0.3
1485.375 0.3
1485.375 0.3
1782.25 0.3
1782.25 0.3
1969.75 0.3
1969.75 0.3
1969.75 0.3
1797.875 0.3
1797.875 0.3
57001.0 0.3
57001.0 0.3
66782.25 0.3
66782.25 0.3
66782.25 0.3
66782.25 0.3
66782.25 0.3
72751.0 0.3
72751.0 0.3
72751.0 0.3
69626.0 0.3
69626.0 0.3
77251.0 0.3
77251.0 0.3
89313.5 0.3
89313.5 0.3
90813.5 0.3
90813.5 0.3
90813.5 0.3
79751.0 0.3
79751.0 0.3
15876.0 0.3
15876.0 0.3
15876.0 0.3
82438.5 0.3
82438.5 0.3
82438.5 0.3
47251.0 0.3
47251.0 0.3
1.0 0.3
1.0 0.3
56501.0 0.3
56501.0 0.3
1000.9999999999999 0.3
1000.9999999999999 0.3
876.0 0.3
876.0 0.3
11563.5 0.3
11563.5 0.3
11563.5 0.3
11563.5 0.3
626.0 0.3
626.0 0.3
626.0 0.3
9063.5 0.3
9063.5 0.3
9063.5 0.3
86563.5 0.3
86563.5 0.3
86563.5 0.3
86563.5 0.3
61751.0 0.3
61751.0 0.3
6001.0 0.3
6001.0 0.3
69751.0 0.3
69751.0 0.3
8251.0 0.3
8251.0 0.3
93001.0 0.3
93001.0 0.3
131001.0 0.3
131001.0 0.3
117501.0 0.3
117501.0 0.3
131001.0 0.3
131001.0 0.3
76251.0 0.3
76251.0 0.3
8751.0 0.3
8751.0 0.3
76251.0 0.3
76251.0 0.3
10501.0 0.3
10501.0 0.3
1.0 0.3
1.0 0.3
1.0 0.3
5188.5 0.3
5188.5 0.3
5188.5 0.3
501.0 0.3
501.0 0.3
501.0 0.3
4751.0 0.3
4751.0 0.3
80047.875 0.3
80047.875 0.3
88485.375 0.3
88485.375 0.3
88485.375 0.3
88485.375 0.3
65454.12500000001 0.3
65454.12500000001 0.3
82985.375 0.3
82985.375 0.3
82985.375 0.3
116188.5 0.3
116188.5 0.3
116188.5 0.3
116188.5 0.3
81501.0 0.3
81501.0 0.3
16751.0 0.3
16751.0 0.3
91251.0 0.3
91251.0 0.3
23001.0 0.3
23001.0 0.3
111063.5 0.3
111063.5 0.3
111063.5 0.3
92501.0 0.3
92501.0 0.3
28751.0 0.3
28751.0 0.3
92751.0 0.3
92751.0 0.3
32250.999999999996 0.3
32250.999999999996 0.3
2501.0 0.3
2501.0 0.3
2501.0 0.3
4688.5 0.3
4688.5 0.3
4688.5 0.3
4313.5 0.3
4313.5 0.3
4313.5 0.3
1626.0 0.3
1626.0 0.3
86501.0 0.3
86501.0 0.3
86501.0 0.3
98001.0 0.3
98001.0 0.3
46001.0 0.3
46001.0 0.3
99501.0 0.3
99501.0 0.3
54001.0 0.3
54001.0 0.3
70188.5 0.3
70188.5 0.3
78876.0 0.3
78876.0 0.3
78876.0 0.3
7626.0 0.3
7626.0 0.3
7626.0 0.3
2126.0 0.3
2126.0 0.3
13751.0 0.3
13751.0 0.3
13751.0 0.3
1188.5 0.3
1188.5 0.3
9001.0 0.3
9001.0 0.3
9001.0 0.3
77001.0 0.3
77001.0 0.3
147001.0 0.3
147001.0 0.3
57001.0 0.3
57001.0 0.3
131001.0 0.3
131001.0 0.3
8251.0 0.3
8251.0 0.3
8251.0 0.3
37001.0 0.3
37001.0 0.3
113001.0 0.3
113001.0 0.3
26001.0 0.3
26001.0 0.3
94001.0 0.3
94001.0 0.3
143501.0 0.3
143501.0 0.3
143501.0 0.3
97001.0 0.3
97001.0 0.3
146251.0 0.3
146251.0 0.3
146251.0 0.3
121001.0 0.3
121001.0 0.3
13001.0 0.3
13001.0 0.3
34751.0 0.3
34751.0 0.3
34751.0 0.3
17251.0 0.3
17251.0 0.3
14251.0 0.3
14251.0 0.3
144751.0 0.3
144751.0 0.3
123001.0 0.3
123001.0 0.3
126751.0 0.3
126751.0 0.3
126751.0 0.3
123001.0 0.3
123001.0 0.3
38626.0 0.3
38626.0 0.3
38626.0 0.3
6938.5 0.3
6938.5 0.3
54188.5 0.3
54188.5 0.3
54188.5 0.3
54188.5 0.3
10188.5 0.3
10188.5 0.3
19251.0 0.3
19251.0 0.3
9501.0 0.3
9501.0 0.3
9501.0 0.3
21001.0 0.3
21001.0 0.3
11001.0 0.3
11001.0 0.3
78001.0 0.3
78001.0 0.3
143001.0 0.3
143001.0 0.3
65001.00000000001 0.3
65001.00000000001 0.3
127001.0 0.3
127001.0 0.3
117501.0 0.3
117501.0 0.3
117501.0 0.3
92001.0 0.3
92001.0 0.3
92001.0 0.3
124251.0 0.3
124251.0 0.3
15438.5 0.3
15438.5 0.3
15438.5 0.3
15438.5 0.3
15438.5 0.3
86501.0 0.3
86501.0 0.3
126751.0 0.3
126751.0 0.3
81751.0 0.3
81751.0 0.3
81751.0 0.3
130251.0 0.3
130251.0 0.3
79501.0 0.3
79501.0 0.3
38251.0 0.3
38251.0 0.3
90501.0 0.3
90501.0 0.3
38251.0 0.3
38251.0 0.3
10813.5 0.3
10813.5 0.3
10813.5 0.3
59001.0 0.3
59001.0 0.3
59001.0 0.3
59001.0 0.3
59001.0 0.3
9063.5 0.3
9063.5 0.3
2735.375 0.3
2735.375 0.3
2735.375 0.3
1704.125 0.3
1704.125 0.3
2079.125 0.3
2079.125 0.3
2079.125 0.3
2016.625 0.3
2016.625 0.3
19751.0 0.3
19751.0 0.3
12251.0 0.3
12251.0 0.3
12251.0 0.3
18251.0 0.3
18251.0 0.3
15001.0 0.3
15001.0 0.3
43001.0 0.3
43001.0 0.3
103001.0 0.3
103001.0 0.3
32000.999999999996 0.3
32000.999999999996 0.3
89001.0 0.3
89001.0 0.3
120001.0 0.3
120001.0 0.3
120001.0 0.3
49251.0 0.3
49251.0 0.3
49251.0 0.3
135501.0 0.3
135501.0 0.3
16001.000000000002 0.3
16001.000000000002 0.3
16001.000000000002 0.3
16001.000000000002 0.3
34501.0 0.3
34501.0 0.3
138501.0 0.3
138501.0 0.3
22001.0 0.3
22001.0 0.3
129751.0 0.3
129751.0 0.3
78751.0 0.3
78751.0 0.3
40751.0 0.3
40751.0 0.3
87501.0 0.3
87501.0 0.3
36001.0 0.3
36001.0 0.3
12126.0 0.3
12126.0 0.3
12126.0 0.3
111251.0 0.3
111251.0 0.3
46001.0 0.3
46001.0 0.3
120501.0 0.3
120501.0 0.3
50501.0 0.3
50501.0 0.3
13188.5 0.3
13188.5 0.3
13188.5 0.3
15438.5 0.3
15438.5 0.3
15438.5 0.3
11001.0 0.3
11001.0 0.3
120501.0 0.3
120501.0 0.3
10001.0 0.3
10001.0 0.3
113251.0 0.3
113251.0 0.3
14251.0 0.3
14251.0 0.3
14251.0 0.3
11001.0 0.3
11001.0 0.3
102251.0 0.3
102251.0 0.3
11501.0 0.3
11501.0 0.3
86001.0 0.3
86001.0 0.3
86001.0 0.3
114751.0 0.3
114751.0 0.3
53751.0 0.3
53751.0 0.3
109751.0 0.3
109751.0 0.3
61001.0 0.3
61001.0 0.3
19063.5 0.3
19063.5 0.3
19063.5 0.3
115251.0 0.3
115251.0 0.3
67251.0 0.3
67251.0 0.3
121001.0 0.3
121001.0 0.3
67001.0 0.3
67001.0 0.3
23313.5 0.3
23313.5 0.3
23313.5 0.3
2563.5 0.3
2563.5 0.3
2563.5 0.3
2141.625 0.3
2141.625 0.3
2985.375 0.3
2985.375 0.3
2985.375 0.3
2329.125 0.3
2329.125 0.3
1.0 0.3
1.0 0.3
1.0 0.3
1.0 0.3
1.0 0.3
1.0 0.3
1.0 0.3
1.0 0.3
1.0 0.3
376.0 0.3
376.0 0.3
3266.625 0.3
3266.625 0.3
3266.625 0.3
1094.75 0.3
1094.75 0.3
3813.5 0.3
3813.5 0.3
3813.5 0.3
1.0 0.3
1.0 0.3
1.0 0.3
563.5 0.3
563.5 0.3
3032.25 0.3
3032.25 0.3
3032.25 0.3
391.625 0.3
391.625 0.3
2094.75 0.3
2094.75 0.3
2094.75 0.3
1.0 0.3
1.0 0.3
1.0 0.3
1.0 0.3
1.0 0.3
1.0 0.3
454.125 0.3
454.125 0.3
2063.5 0.3
2063.5 0.3
2063.5 0.3
266.625 0.3
266.625 0.3
1782.25 0.3
1782.25 0.3
1782.25 0.3
1.0 0.3
1.0 0.3
1.0 0.3
719.75 0.3
719.75 0.3
1501.0 0.3
1501.0 0.3
1501.0 0.3
391.625 0.3
391.625 0.3
1032.25 0.3
1032.25 0.3
1032.25 0.3
1.0 0.3
1.0 0.3
1.0 0.3
1.0 0.3
1.0 0.3
1.0 0.3
1.0 0.3
1.0 0.3
1.0 0.3
829.125 0.3
829.125 0.3
1235.375 0.3
1235.375 0.3
1235.375 0.3
813.5 0.3
813.5 0.3
1485.375 0.3
1485.375 0.3
1485.375 0.3
1.0 0.3
1.0 0.3
1.0 0.3
657.25 0.3
657.25 0.3
1782.25 0.3
1782.25 0.3
1782.25 0.3
1235.375 0.3
1235.375 0.3
2032.25 0.3
2032.25 0.3
2032.25 0.3
1.0 0.3
1.0 0.3
1.0 0.3
1.0 0.3
1.0 0.3
1.0 0.3
922.875 0.3
922.875 0.3
3032.25 0.3
3032.25 0.3
3032.25 0.3
829.125 0.3
829.125 0.3
3547.875 0.3
3547.875 0.3
3547.875 0.3
1.0 0.3
1.0 0.3
1.0 0.3
1219.75 0.3
1219.75 0.3
3532.25 0.3
3532.25 0.3
3532.25 0.3
735.375 0.3
735.375 0.3
3063.5 0.3
3063.5 0.3
26813.5 0.3
26813.5 0.3
26813.5 0.3
76751.0 0.3
76751.0 0.3
125501.0 0.3
125501.0 0.3
86001.0 0.3
86001.0 0.3
116251.0 0.3
116251.0 0.3
31751.0 0.3
31751.0 0.3
108188.5 0.3
108188.5 0.3
108188.5 0.3
48501.0 0.3
48501.0 0.3
6501.0 0.3
6501.0 0.3
37001.0 0.3
37001.0 0.3
6001.0 0.3
6001.0 0.3
14251.0 0.3
14251.0 0.3
14251.0 0.3
14376.0 0.3
14376.0 0.3
14376.0 0.3
14813.5 0.3
14813.5 0.3
36938.5 0.3
36938.5 0.3
107626.0 0.3
107626.0 0.3
41063.5 0.3
41063.5 0.3
104376.0 0.3
104376.0 0.3
13454.125 0.3
13454.125 0.3
13454.125 0.3
13454.125 0.3
13454.125 0.3
13454.125 0.3
4376.0 0.3
4376.0 0.3
1501.0 0.3
1501.0 0.3
1501.0 0.3
1501.0 0.3
2501.0 0.3
2501.0 0.3
2501.0 0.3
1.0 0.3
1.0 0.3
751.0 0.3
751.0 0.3
751.0 0.3
1000.9999999999999 0.3
1000.9999999999999 0.3
1000.9999999999999 0.3
1000.9999999999999 0.3
73251.0 0.3
73251.0 0.3
75001.0 0.3
75001.0 0.3
71001.0 0.3
71001.0 0.3
71001.0 0.3
90751.0 0.3
90751.0 0.3
59251.0 0.3
59251.0 0.3
59251.0 0.3
24001.0 0.3
24001.0 0.3
89001.0 0.3
89001.0 0.3
14001.0 0.3
14001.0 0.3
77001.0 0.3
77001.0 0.3
119001.0 0.3
119001.0 0.3
119001.0 0.3
30751.0 0.3
30751.0 0.3
30751.0 0.3
128751.0 0.3
128751.0 0.3
86751.0 0.3
86751.0 0.3
86751.0 0.3
2126.0 0.3
2126.0 0.3
813.5 0.3
813.5 0.3
813.5 0.3
813.5 0.3
2438.5 0.3
2438.5 0.3
938.5 0.3
938.5 0.3
938.5 0.3
18501.0 0.3
18501.0 0.3
118001.0 0.3
118001.0 0.3
15501.0 0.3
15501.0 0.3
108001.0 0.3
108001.0 0.3
103126.0 0.3
103126.0 0.3
103126.0 0.3
14751.0 0.3
14751.0 0.3
93751.0 0.3
93751.0 0.3
17001.0 0.3
17001.0 0.3
100751.0 0.3
100751.0 0.3
73688.5 0.3
73688.5 0.3
73688.5 0.3
41751.0 0.3
41751.0 0.3
101688.5 0.3
101688.5 0.3
101688.5 0.3
35563.5 0.3
35563.5 0.3
35563.5 0.3
111751.0 0.3
111751.0 0.3
74751.0 0.3
74751.0 0.3
114001.0 0.3
114001.0 0.3
83001.0 0.3
83001.0 0.3
9626.0 0.3
9626.0 0.3
14876.0 0.3
14876.0 0.3
12063.5 0.3
12063.5 0.3
12063.5 0.3
13313.5 0.3
13313.5 0.3
27563.5 0.3
27563.5 0.3
96688.5 0.3
96688.5 0.3
96688.5 0.3
96688.5 0.3
26813.5 0.3
26813.5 0.3
26813.5 0.3
110751.0 0.3
110751.0 0.3
78501.0 0.3
78501.0 0.3
108751.0 0.3
108751.0 0.3
73251.0 0.3
73251.0 0.3
12876.0 0.3
12876.0 0.3
14438.5 0.3
14438.5 0.3
9938.5 0.3
9938.5 0.3
9938.5 0.3
16688.5 0.3
16688.5 0.3
4501.0 0.3
4501.0 0.3
938.5 0.3
938.5 0.3
938.5 0.3
5313.5 0.3
5313.5 0.3
1000.9999999999999 0.3
1000.9999999999999 0.3
1000.9999999999999 0.3
21501.0 0.3
21501.0 0.3
88501.0 0.3
88501.0 0.3
20751.0 0.3
20751.0 0.3
81001.0 0.3
81001.0 0.3
61751.0 0.3
61751.0 0.3
61751.0 0.3
22251.0 0.3
22251.0 0.3
74501.0 0.3
74501.0 0.3
21501.0 0.3
21501.0 0.3
74001.0 0.3
74001.0 0.3
61063.5 0.3
61063.5 0.3
61063.5 0.3
10626.0 0.3
10626.0 0.3
1126.0 0.3
1126.0 0.3
1126.0 0.3
7938.5 0.3
7938.5 0.3
1063.5 0.3
1063.5 0.3
1063.5 0.3
15251.0 0.3
15251.0 0.3
75251.0 0.3
75251.0 0.3
8251.0 0.3
8251.0 0.3
73001.0 0.3
73001.0 0.3
63813.5 0.3
63813.5 0.3
63813.5 0.3
5001.0 0.3
5001.0 0.3
66501.0 0.3
66501.0 0.3
2001.0 0.3
2001.0 0.3
51501.0 0.3
51501.0 0.3
67938.5 0.3
67938.5 0.3
67938.5 0.3
52782.25 0.3
52782.25 0.3
52782.25 0.3
43532.25 0.3
43532.25 0.3
58954.125 0.3
58954.125 0.3
58954.125 0.3
44235.375 0.3
44235.375 0.3
45844.75 0.3
45844.75 0.3
40516.625 0.3
40516.625 0.3
40516.625 0.3
45954.125 0.3
45954.125 0.3
45954.125 0.3
45954.125 0.3
45438.5 0.3
45438.5 0.3
47813.5 0.3
47813.5 0.3
47813.5 0.3
57751.0 0.3
57751.0 0.3
57751.0 0.3
53751.0 0.3
53751.0 0.3
53251.0 0.3
53251.0 0.3
79251.0 0.3
79251.0 0.3
110001.0 0.3
110001.0 0.3
50969.75 0.3
50969.75 0.3
50969.75 0.3
50469.75 0.3
50469.75 0.3
50469.75 0.3
54516.625 0.3
54516.625 0.3
54516.625 0.3
54516.625 0.3
57516.625 0.3
57516.625 0.3
57516.625 0.3
53938.5 0.3
53938.5 0.3
67251.0 0.3
67251.0 0.3
67251.0 0.3
76376.0 0.3
76376.0 0.3
76376.0 0.3
94751.0 0.3
94751.0 0.3
89751.0 0.3
89751.0 0.3
63751.0 0.3
63751.0 0.3
49001.0 0.3
49001.0 0.3
96001.0 0.3
96001.0 0.3
96001.0 0.3
123001.0 0.3
123001.0 0.3
117751.0 0.3
117751.0 0.3
107251.0 0.3
107251.0 0.3
67251.0 0.3
67251.0 0.3
83626.0 0.3
83626.0 0.3
83626.0 0.3
58563.5 0.3
58563.5 0.3
58563.5 0.3
50751.0 0.3
50751.0 0.3
61188.5 0.3
61188.5 0.3
61188.5 0.3
52501.0 0.3
52501.0 0.3
53688.5 0.3
53688.5 0.3
56001.0 0.3
56001.0 0.3
56001.0 0.3
56001.0 0.3
26376.0 0.3
26376.0 0.3
26376.0 0.3
104001.0 0.3
104001.0 0.3
68501.0 0.3
68501.0 0.3
106001.0 0.3
106001.0 0.3
78751.0 0.3
78751.0 0.3
23001.0 0.3
23001.0 0.3
23001.0 0.3
110751.0 0.3
110751.0 0.3
96001.0 0.3
96001.0 0.3
102751.0 0.3
102751.0 0.3
111251.0 0.3
111251.0 0.3
11188.5 0.3
11188.5 0.3
11188.5 0.3
17126.0 0.3
17126.0 0.3
11876.0 0.3
11876.0 0.3
11876.0 0.3
16001.000000000002 0.3
16001.000000000002 0.3
16376.000000000002 0.3
16376.000000000002 0.3
16376.000000000002 0.3
93751.0 0.3
93751.0 0.3
125501.0 0.3
125501.0 0.3
77251.0 0.3
77251.0 0.3
127251.0 0.3
127251.0 0.3
14001.0 0.3
14001.0 0.3
14001.0 0.3
73001.0 0.3
73001.0 0.3
127001.0 0.3
127001.0 0.3
67001.0 0.3
67001.0 0.3
132751.0 0.3
132751.0 0.3
18501.0 0.3
18501.0 0.3
18501.0 0.3
18501.0 0.3
16938.5 0.3
16938.5 0.3
49001.0 0.3
49001.0 0.3
7001.0 0.3
7001.0 0.3
69251.0 0.3
69251.0 0.3
6251.0 0.3
6251.0 0.3
19626.0 0.3
19626.0 0.3
19626.0 0.3
4532.25 0.3
4532.25 0.3
4532.25 0.3
4532.25 0.3
4532.25 0.3
13876.0 0.3
13876.0 0.3
13876.0 0.3
74188.5 0.3
74188.5 0.3
74188.5 0.3
4313.5 0.3
4313.5 0.3
4313.5 0.3
61001.0 0.3
61001.0 0.3
73251.0 0.3
73251.0 0.3
34501.0 0.3
34501.0 0.3
78751.0 0.3
78751.0 0.3
7547.875 0.3
7547.875 0.3
7547.875 0.3
7547.875 0.3
4813.5 0.3
4813.5 0.3
4813.5 0.3
12751.0 0.3
12751.0 0.3
79251.0 0.3
79251.0 0.3
3251.0 0.3
3251.0 0.3
51251.0 0.3
51251.0 0.3
6626.0 0.3
6626.0 0.3
6626.0 0.3
5751.0 0.3
5751.0 0.3
11751.0 0.3
11751.0 0.3
5251.0 0.3
5251.0 0.3
2751.0 0.3
2751.0 0.3
2751.0 0.3
10001.0 0.3
10001.0 0.3
10001.0 0.3
64501.00000000001 0.3
64501.00000000001 0.3
121501.0 0.3
121501.0 0.3
66751.0 0.3
66751.0 0.3
103501.0 0.3
103501.0 0.3
7751.0 0.3
7751.0 0.3
7751.0 0.3
55501.0 0.3
55501.0 0.3
107751.0 0.3
107751.0 0.3
51001.0 0.3
51001.0 0.3
118751.0 0.3
118751.0 0.3
60251.0 0.3
60251.0 0.3
14501.0 0.3
14501.0 0.3
31001.0 0.3
31001.0 0.3
27251.0 0.3
27251.0 0.3
18938.5 0.3
18938.5 0.3
18938.5 0.3
43751.0 0.3
43751.0 0.3
19751.0 0.3
19751.0 0.3
88501.0 0.3
88501.0 0.3
17751.0 0.3
17751.0 0.3
19438.5 0.3
19438.5 0.3
19438.5 0.3
5188.5 0.3
5188.5 0.3
5188.5 0.3
50251.0 0.3
50251.0 0.3
119001.0 0.3
119001.0 0.3
41751.0 0.3
41751.0 0.3
113251.0 0.3
113251.0 0.3
2063.5 0.3
2063.5 0.3
2063.5 0.3
32500.999999999996 0.3
32500.999999999996 0.3
107251.0 0.3
107251.0 0.3
31001.0 0.3
31001.0 0.3
100751.0 0.3
100751.0 0.3
122501.0 0.3
122501.0 0.3
21751.0 0.3
21751.0 0.3
130501.0 0.3
130501.0 0.3
31751.0 0.3
31751.0 0.3
18376.0 0.3
18376.0 0.3
18376.0 0.3
134501.0 0.3
134501.0 0.3
35501.0 0.3
35501.0 0.3
133001.0 0.3
133001.0 0.3
45251.0 0.3
45251.0 0.3
18813.5 0.3
18813.5 0.3
18813.5 0.3
18813.5 0.3
11266.625 0.3
11266.625 0.3
11266.625 0.3
11266.625 0.3
5813.5 0.3
5813.5 0.3
3751.0 0.3
3751.0 0.3
3751.0 0.3
3751.0 0.3
6001.0 0.3
6001.0 0.3
14563.5 0.3
14563.5 0.3
14563.5 0.3
17782.25 0.3
17782.25 0.3
17782.25 0.3
17782.25 0.3
9610.375 0.3
9610.375 0.3
9610.375 0.3
9610.375 0.3
60751.0 0.3
60751.0 0.3
54813.5 0.3
54813.5 0.3
66501.0 0.3
66501.0 0.3
66501.0 0.3
58063.5 0.3
58063.5 0.3
52735.375 0.3
52735.375 0.3
52735.375 0.3
77938.5 0.3
77938.5 0.3
77938.5 0.3
77938.5 0.3
63751.0 0.3
63751.0 0.3
90751.0 0.3
90751.0 0.3
90751.0 0.3
89001.0 0.3
89001.0 0.3
32000.999999999996 0.3
32000.999999999996 0.3
95001.0 0.3
95001.0 0.3
6001.0 0.3
6001.0 0.3
58001.0 0.3
58001.0 0.3
114251.0 0.3
114251.0 0.3
114251.0 0.3
114251.0 0.3
71063.5 0.3
71063.5 0.3
71063.5 0.3
71063.5 0.3
58532.25 0.3
58532.25 0.3
58532.25 0.3
58532.25 0.3
49454.125 0.3
49454.125 0.3
49454.125 0.3
51063.5 0.3
51063.5 0.3
56219.75 0.3
56219.75 0.3
56688.5 0.3
56688.5 0.3
3501.0 0.3
3501.0 0.3
3501.0 0.3
3501.0 0.3
76001.0 0.3
76001.0 0.3
125001.0 0.3
125001.0 0.3
40001.0 0.3
40001.0 0.3
105001.0 0.3
105001.0 0.3
3001.0 0.3
3001.0 0.3
3001.0 0.3
14001.0 0.3
14001.0 0.3
75001.0 0.3
75001.0 0.3
3001.0 0.3
3001.0 0.3
41001.0 0.3
41001.0 0.3
109501.0 0.3
109501.0 0.3
109501.0 0.3
77251.0 0.3
77251.0 0.3
124501.0 0.3
124501.0 0.3
124501.0 0.3
124501.0 0.3
94501.0 0.3
94501.0 0.3
2751.0 0.3
2751.0 0.3
4501.0 0.3
4501.0 0.3
4501.0 0.3
4501.0 0.3
3751.0 0.3
3751.0 0.3
1501.0 0.3
1501.0 0.3
66001.0 0.3
66001.0 0.3
139001.0 0.3
139001.0 0.3
29001.0 0.3
29001.0 0.3
108001.0 0.3
108001.0 0.3
137251.0 0.3
137251.0 0.3
137251.0 0.3
137251.0 0.3
23251.0 0.3
23251.0 0.3
23251.0 0.3
23251.0 0.3
131001.0 0.3
131001.0 0.3
162001.0 0.3
162001.0 0.3
90001.0 0.3
90001.0 0.3
144001.0 0.3
144001.0 0.3
71063.5 0.3
71063.5 0.3
71063.5 0.3
71063.5 0.3
63751.0 0.3
63751.0 0.3
93501.0 0.3
93501.0 0.3
74251.0 0.3
74251.0 0.3
139001.0 0.3
139001.0 0.3
139001.0 0.3
99251.0 0.3
99251.0 0.3
75626.0 0.3
75626.0 0.3
75626.0 0.3
75626.0 0.3
4063.5000000000005 0.3
4063.5000000000005 0.3
4063.5000000000005 0.3
4063.5000000000005 0.3
3001.0 0.3
3001.0 0.3
3001.0 0.3
47001.0 0.3
47001.0 0.3
104001.0 0.3
104001.0 0.3
22001.0 0.3
22001.0 0.3
65001.00000000001 0.3
65001.00000000001 0.3
751.0 0.3
751.0 0.3
23751.0 0.3
23751.0 0.3
23751.0 0.3
12563.5 0.3
12563.5 0.3
2376.0 0.3
2376.0 0.3
2376.0 0.3
2376.0 0.3
137751.0 0.3
137751.0 0.3
137751.0 0.3
145001.0 0.3
145001.0 0.3
104001.0 0.3
104001.0 0.3
138251.0 0.3
138251.0 0.3
123751.0 0.3
123751.0 0.3
105751.0 0.3
105751.0 0.3
127751.0 0.3
127751.0 0.3
79501.0 0.3
79501.0 0.3
70751.0 0.3
70751.0 0.3
116251.0 0.3
116251.0 0.3
35751.0 0.3
35751.0 0.3
104251.0 0.3
104251.0 0.3
109751.0 0.3
109751.0 0.3
109751.0 0.3
109751.0 0.3
109751.0 0.3
68016.625 0.3
68016.625 0.3
68016.625 0.3
68016.625 0.3
76282.25 0.3
76282.25 0.3
65001.00000000001 0.3
65001.00000000001 0.3
65001.00000000001 0.3
68438.5 0.3
68438.5 0.3
74313.5 0.3
74313.5 0.3
62188.5 0.3
62188.5 0.3
65985.375 0.3
65985.375 0.3
65985.375 0.3
40422.875 0.3
40422.875 0.3
40422.875 0.3
50969.75 0.3
50969.75 0.3
51438.5 0.3
51438.5 0.3
51438.5 0.3
58876.0 0.3
58876.0 0.3
61751.0 0.3
61751.0 0.3
82001.0 0.3
82001.0 0.3
117001.0 0.3
117001.0 0.3
95501.0 0.3
95501.0 0.3
70688.5 0.3
70688.5 0.3
70688.5 0.3
58438.5 0.3
58438.5 0.3
58438.5 0.3
57485.375 0.3
57485.375 0.3
48688.5 0.3
48688.5 0.3
48547.875 0.3
48547.875 0.3
48547.875 0.3
58501.0 0.3
58501.0 0.3
58501.0 0.3
58688.5 0.3
58688.5 0.3
58688.5 0.3
58688.5 0.3
51563.5 0.3
51563.5 0.3
51376.0 0.3
51376.0 0.3
46251.0 0.3
46251.0 0.3
47735.375 0.3
47735.375 0.3
47735.375 0.3
47735.375 0.3
47735.375 0.3
45501.0 0.3
45501.0 0.3
45501.0 0.3
45501.0 0.3
53063.5 0.3
53063.5 0.3
63438.5 0.3
63438.5 0.3
63438.5 0.3
51501.0 0.3
51501.0 0.3
68376.0 0.3
68376.0 0.3
68376.0 0.3
47626.0 0.3
47626.0 0.3
55313.5 0.3
55313.5 0.3
55188.5 0.3
55188.5 0.3
55188.5 0.3
58063.5 0.3
58063.5 0.3
58063.5 0.3
58063.5 0.3
62813.5 0.3
62813.5 0.3
62813.5 0.3
95126.0 0.3
95126.0 0.3
95126.0 0.3
59501.0 0.3
59501.0 0.3
103501.0 0.3
103501.0 0.3
82001.0 0.3
82001.0 0.3
139501.0 0.3
139501.0 0.3
114501.0 0.3
114501.0 0.3
65501.00000000001 0.3
65501.00000000001 0.3
105751.0 0.3
105751.0 0.3
66751.0 0.3
66751.0 0.3
56751.0 0.3
56751.0 0.3
65751.0 0.3
65751.0 0.3
110001.0 0.3
110001.0 0.3
113001.0 0.3
113001.0 0.3
62251.0 0.3
62251.0 0.3
76751.0 0.3
76751.0 0.3
76751.0 0.3
128001.0 0.3
128001.0 0.3
128001.0 0.3
117001.0 0.3
117001.0 0.3
157001.0 0.3
157001.0 0.3
173001.0 0.3
173001.0 0.3
190001.0 0.3
190001.0 0.3
136501.0 0.3
136501.0 0.3
169751.0 0.3
169751.0 0.3
87751.0 0.3
87751.0 0.3
96251.0 0.3
96251.0 0.3
199001.0 0.3
199001.0 0.3
183251.0 0.3
183251.0 0.3
183251.0 0.3
154251.0 0.3
154251.0 0.3
170001.0 0.3
170001.0 0.3
146501.0 0.3
146501.0 0.3
132251.0 0.3
132251.0 0.3
196501.0 0.3
196501.0 0.3
196501.0 0.3
137501.0 0.3
137501.0 0.3
80938.5 0.3
80938.5 0.3
80938.5 0.3
80938.5 0.3
181751.0 0.3
181751.0 0.3
129001.0 0.3
129001.0 0.3
190251.0 0.3
190251.0 0.3
121751.0 0.3
121751.0 0.3
76938.5 0.3
76938.5 0.3
76938.5 0.3
56454.125 0.3
56454.125 0.3
69047.875 0.3
69047.875 0.3
69047.875 0.3
76454.125 0.3
76454.125 0.3
76454.125 0.3
76454.125 0.3
108563.5 0.3
108563.5 0.3
82313.5 0.3
82313.5 0.3
70063.5 0.3
70063.5 0.3
66001.0 0.3
66001.0 0.3
52938.5 0.3
52938.5 0.3
47547.875 0.3
47547.875 0.3
53766.625 0.3
53766.625 0.3
53766.625 0.3
50985.375 0.3
50985.375 0.3
68313.5 0.3
68313.5 0.3
68501.0 0.3
68501.0 0.3
68126.0 0.3
68126.0 0.3
68126.0 0.3
64063.50000000001 0.3
64063.50000000001 0.3
60251.0 0.3
60251.0 0.3
60251.0 0.3
60251.0 0.3
67469.75 0.3
67469.75 0.3
67469.75 0.3
67469.75 0.3
57016.625 0.3
57016.625 0.3
53360.375 0.3
53360.375 0.3
53360.375 0.3
53360.375 0.3
48719.75 0.3
48719.75 0.3
48719.75 0.3
55313.5 0.3
55313.5 0.3
64626.00000000001 0.3
64626.00000000001 0.3
64626.00000000001 0.3
56001.0 0.3
56001.0 0.3
66126.0 0.3
66126.0 0.3
66126.0 0.3
59563.5 0.3
59563.5 0.3
65485.37500000001 0.3
65485.37500000001 0.3
65485.37500000001 0.3
65485.37500000001 0.3
122251.0 0.3
122251.0 0.3
136501.0 0.3
136501.0 0.3
96251.0 0.3
96251.0 0.3
156501.0 0.3
156501.0 0.3
155063.5 0.3
155063.5 0.3
155063.5 0.3
155063.5 0.3
155063.5 0.3
76501.0 0.3
76501.0 0.3
125501.0 0.3
125501.0 0.3
72751.0 0.3
72751.0 0.3
112001.0 0.3
112001.0 0.3
140313.5 0.3
140313.5 0.3
140313.5 0.3
140313.5 0.3
140313.5 0.3
173001.0 0.3
173001.0 0.3
98251.0 0.3
98251.0 0.3
147501.0 0.3
147501.0 0.3
76251.0 0.3
76251.0 0.3
70063.5 0.3
70063.5 0.3
70063.5 0.3
124001.0 0.3
124001.0 0.3
70001.0 0.3
70001.0 0.3
105001.0 0.3
105001.0 0.3
81751.0 0.3
81751.0 0.3
71001.0 0.3
71001.0 0.3
71001.0 0.3
96938.5 0.3
96938.5 0.3
96938.5 0.3
96938.5 0.3
138501.0 0.3
138501.0 0.3
86501.0 0.3
86501.0 0.3
126751.0 0.3
126751.0 0.3
83751.0 0.3
83751.0 0.3
100251.0 0.3
100251.0 0.3
105251.0 0.3
105251.0 0.3
105251.0 0.3
105251.0 0.3
105626.0 0.3
105626.0 0.3
105626.0 0.3
105626.0 0.3
105626.0 0.3
71751.0 0.3
71751.0 0.3
113251.0 0.3
113251.0 0.3
95751.0 0.3
95751.0 0.3
75251.0 0.3
75251.0 0.3
101001.0 0.3
101001.0 0.3
74376.0 0.3
74376.0 0.3
74376.0 0.3
83735.375 0.3
83735.375 0.3
75454.125 0.3
75454.125 0.3
75454.125 0.3
72516.625 0.3
72516.625 0.3
84266.625 0.3
84266.625 0.3
108001.0 0.3
108001.0 0.3
94626.0 0.3
94626.0 0.3
124251.0 0.3
124251.0 0.3
93063.5 0.3
93063.5 0.3
73376.0 0.3
73376.0 0.3
73376.0 0.3
75438.5 0.3
75438.5 0.3
74001.0 0.3
74001.0 0.3
69313.5 0.3
69313.5 0.3
88610.375 0.3
88610.375 0.3
88610.375 0.3
73532.25 0.3
73532.25 0.3
73532.25 0.3
65766.625 0.3
65766.625 0.3
65766.625 0.3
54532.25 0.3
54532.25 0.3
69501.0 0.3
69501.0 0.3
69501.0 0.3
56641.625 0.3
56641.625 0.3
52364.28125 0.3
52364.28125 0.3
52364.28125 0.3
68485.375 0.3
68485.375 0.3
68485.375 0.3
58454.125 0.3
58454.125 0.3
66985.375 0.3
66985.375 0.3
66985.375 0.3
59547.875 0.3
59547.875 0.3
52200.21875 0.3
52200.21875 0.3
52200.21875 0.3
2876.0 0.3
2876.0 0.3
2876.0 0.3
30001.0 0.3
30001.0 0.3
100751.0 0.3
100751.0 0.3
20751.0 0.3
20751.0 0.3
93751.0 0.3
93751.0 0.3
2001.0 0.3
2001.0 0.3
2001.0 0.3
21501.0 0.3
21501.0 0.3
88751.0 0.3
88751.0 0.3
18751.0 0.3
18751.0 0.3
83501.0 0.3
83501.0 0.3
138001.0 0.3
138001.0 0.3
47751.0 0.3
47751.0 0.3
47751.0 0.3
140001.0 0.3
140001.0 0.3
140001.0 0.3
86001.0 0.3
86001.0 0.3
21001.0 0.3
21001.0 0.3
93001.0 0.3
93001.0 0.3
26001.0 0.3
26001.0 0.3
19501.0 0.3
19501.0 0.3
23001.0 0.3
23001.0 0.3
17501.0 0.3
17501.0 0.3
17501.0 0.3
17251.0 0.3
17251.0 0.3
134751.0 0.3
134751.0 0.3
71501.0 0.3
71501.0 0.3
71501.0 0.3
133751.0 0.3
133751.0 0.3
79501.0 0.3
79501.0 0.3
18376.0 0.3
18376.0 0.3
18376.0 0.3
18376.0 0.3
1626.0 0.3
1626.0 0.3
1626.0 0.3
17251.0 0.3
17251.0 0.3
79501.0 0.3
79501.0 0.3
17751.0 0.3
17751.0 0.3
75251.0 0.3
75251.0 0.3
1126.0 0.3
1126.0 0.3
1126.0 0.3
16751.0 0.3
16751.0 0.3
72001.0 0.3
72001.0 0.3
13751.0 0.3
13751.0 0.3
73501.0 0.3
73501.0 0.3
129251.0 0.3
129251.0 0.3
75001.0 0.3
75001.0 0.3
131501.0 0.3
131501.0 0.3
83001.0 0.3
83001.0 0.3
15001.0 0.3
15001.0 0.3
15001.0 0.3
128751.0 0.3
128751.0 0.3
87251.0 0.3
87251.0 0.3
132251.0 0.3
132251.0 0.3
83251.0 0.3
83251.0 0.3
24376.0 0.3
24376.0 0.3
24376.0 0.3
21313.5 0.3
21313.5 0.3
21313.5 0.3
18376.0 0.3
18376.0 0.3
18876.0 0.3
18876.0 0.3
15313.5 0.3
15313.5 0.3
10766.625 0.3
10766.625 0.3
10766.625 0.3
10766.625 0.3
16938.5 0.3
16938.5 0.3
16938.5 0.3
16938.5 0.3
14969.75 0.3
14969.75 0.3
14969.75 0.3
1313.5 0.3
1313.5 0.3
1313.5 0.3
14501.0 0.3
14501.0 0.3
79751.0 0.3
79751.0 0.3
16251.000000000002 0.3
16251.000000000002 0.3
83001.0 0.3
83001.0 0.3
2126.0 0.3
2126.0 0.3
2126.0 0.3
18251.0 0.3
18251.0 0.3
88501.0 0.3
88501.0 0.3
22501.0 0.3
22501.0 0.3
86751.0 0.3
86751.0 0.3
133001.0 0.3
133001.0 0.3
85001.0 0.3
85001.0 0.3
133001.0 0.3
133001.0 0.3
88751.0 0.3
88751.0 0.3
25001.0 0.3
25001.0 0.3
25001.0 0.3
136751.0 0.3
136751.0 0.3
88501.0 0.3
88501.0 0.3
132001.0 0.3
132001.0 0.3
90251.0 0.3
90251.0 0.3
29313.5 0.3
29313.5 0.3
29313.5 0.3
1751.0 0.3
1751.0 0.3
1751.0 0.3
21751.0 0.3
21751.0 0.3
86751.0 0.3
86751.0 0.3
19251.0 0.3
19251.0 0.3
87501.0 0.3
87501.0 0.3
1876.0 0.3
1876.0 0.3
1876.0 0.3
17751.0 0.3
17751.0 0.3
75251.0 0.3
75251.0 0.3
19001.0 0.3
19001.0 0.3
74501.0 0.3
74501.0 0.3
131001.0 0.3
131001.0 0.3
91501.0 0.3
91501.0 0.3
134251.0 0.3
134251.0 0.3
102751.0 0.3
102751.0 0.3
33313.5 0.3
33313.5 0.3
33313.5 0.3
124251.0 0.3
124251.0 0.3
124251.0 0.3
124251.0 0.3
33563.5 0.3
33563.5 0.3
17485.375 0.3
17485.375 0.3
17485.375 0.3
14985.375 0.3
14985.375 0.3
20266.625 0.3
20266.625 0.3
20266.625 0.3
20266.625 0.3
15469.75 0.3
15469.75 0.3
32876.0 0.3
32876.0 0.3
4376.0 0.3
4376.0 0.3
4376.0 0.3
40876.0 0.3
40876.0 0.3
20938.5 0.3
20938.5 0.3
20938.5 0.3
8751.0 0.3
8751.0 0.3
76751.0 0.3
76751.0 0.3
1251.0 0.3
1251.0 0.3
37251.0 0.3
37251.0 0.3
120501.0 0.3
120501.0 0.3
117751.0 0.3
117751.0 0.3
107501.0 0.3
107501.0 0.3
107501.0 0.3
114001.0 0.3
114001.0 0.3
751.0 0.3
751.0 0.3
9001.0 0.3
9001.0 0.3
9001.0 0.3
1000.9999999999999 0.3
1000.9999999999999 0.3
2501.0 0.3
2501.0 0.3
70001.0 0.3
70001.0 0.3
116001.0 0.3
116001.0 0.3
39001.0 0.3
39001.0 0.3
91001.0 0.3
91001.0 0.3
127751.0 0.3
127751.0 0.3
127751.0 0.3
18751.0 0.3
18751.0 0.3
18751.0 0.3
107251.0 0.3
107251.0 0.3
27563.5 0.3
27563.5 0.3
45376.0 0.3
45376.0 0.3
16813.5 0.3
16813.5 0.3
58188.5 0.3
58188.5 0.3
5001.0 0.3
5001.0 0.3
5001.0 0.3
5001.0 0.3
3001.0 0.3
3001.0 0.3
72251.0 0.3
72251.0 0.3
2251.0 0.3
2251.0 0.3
32750.999999999996 0.3
32750.999999999996 0.3
21251.0 0.3
21251.0 0.3
21251.0 0.3
3251.0 0.3
3251.0 0.3
5501.0 0.3
5501.0 0.3
5501.0 0.3
1501.0 0.3
1501.0 0.3
1751.0 0.3
1751.0 0.3
84063.5 0.3
84063.5 0.3
84063.5 0.3
65938.5 0.3
65938.5 0.3
105938.5 0.3
105938.5 0.3
105938.5 0.3
105938.5 0.3
72188.5 0.3
72188.5 0.3
65719.75 0.3
65719.75 0.3
65719.75 0.3
65719.75 0.3
96001.0 0.3
96001.0 0.3
109501.0 0.3
109501.0 0.3
124501.0 0.3
124501.0 0.3
124501.0 0.3
132751.0 0.3
132751.0 0.3
95876.0 0.3
95876.0 0.3
95876.0 0.3
95876.0 0.3
66001.0 0.3
66001.0 0.3
140001.0 0.3
140001.0 0.3
35001.0 0.3
35001.0 0.3
110001.0 0.3
110001.0 0.3
168501.0 0.3
168501.0 0.3
168501.0 0.3
28001.0 0.3
28001.0 0.3
28001.0 0.3
148751.0 0.3
148751.0 0.3
148751.0 0.3
128751.0 0.3
128751.0 0.3
104251.0 0.3
104251.0 0.3
160001.0 0.3
160001.0 0.3
111751.0 0.3
111751.0 0.3
73313.5 0.3
73313.5 0.3
67126.0 0.3
67126.0 0.3
97126.0 0.3
97126.0 0.3
97126.0 0.3
77501.0 0.3
77501.0 0.3
77501.0 0.3
18204.125 0.3
18204.125 0.3
18204.125 0.3
18204.125 0.3
39688.5 0.3
39688.5 0.3
3251.0 0.3
3251.0 0.3
3251.0 0.3
3251.0 0.3
43813.5 0.3
43813.5 0.3
7688.5 0.3
7688.5 0.3
7688.5 0.3
15532.25 0.3
15532.25 0.3
22563.5 0.3
22563.5 0.3
22563.5 0.3
22563.5 0.3
4751.0 0.3
4751.0 0.3
4751.0 0.3
70001.0 0.3
70001.0 0.3
143001.0 0.3
143001.0 0.3
41001.0 0.3
41001.0 0.3
123001.0 0.3
123001.0 0.3
5501.0 0.3
5501.0 0.3
5501.0 0.3
18001.0 0.3
18001.0 0.3
90001.0 0.3
90001.0 0.3
10001.0 0.3
10001.0 0.3
60001.0 0.3
60001.0 0.3
158001.0 0.3
158001.0 0.3
158001.0 0.3
146751.0 0.3
146751.0 0.3
131501.0 0.3
131501.0 0.3
131501.0 0.3
157251.0 0.3
157251.0 0.3
14501.0 0.3
14501.0 0.3
27501.0 0.3
27501.0 0.3
27501.0 0.3
9001.0 0.3
9001.0 0.3
14001.0 0.3
14001.0 0.3
14001.0 0.3
121251.0 0.3
121251.0 0.3
121251.0 0.3
108251.0 0.3
108251.0 0.3
74001.0 0.3
74001.0 0.3
143001.0 0.3
143001.0 0.3
49001.0 0.3
49001.0 0.3
116001.0 0.3
116001.0 0.3
148001.0 0.3
148001.0 0.3
148001.0 0.3
133501.0 0.3
133501.0 0.3
133501.0 0.3
133501.0 0.3
105751.0 0.3
105751.0 0.3
91001.0 0.3
91001.0 0.3
178251.0 0.3
178251.0 0.3
163501.0 0.3
163501.0 0.3
123438.5 0.3
123438.5 0.3
123438.5 0.3
123438.5 0.3
141251.0 0.3
141251.0 0.3
155001.0 0.3
155001.0 0.3
99751.0 0.3
99751.0 0.3
109501.0 0.3
109501.0 0.3
15188.5 0.3
15188.5 0.3
15188.5 0.3
15188.5 0.3
55501.0 0.3
55501.0 0.3
55501.0 0.3
129501.0 0.3
129501.0 0.3
41751.0 0.3
41751.0 0.3
116501.0 0.3
116501.0 0.3
2751.0 0.3
2751.0 0.3
2751.0 0.3
28501.0 0.3
28501.0 0.3
111501.0 0.3
111501.0 0.3
22501.0 0.3
22501.0 0.3
43751.0 0.3
43751.0 0.3
145313.5 0.3
145313.5 0.3
145313.5 0.3
145313.5 0.3
139751.0 0.3
139751.0 0.3
139751.0 0.3
132751.0 0.3
132751.0 0.3
139251.0 0.3
139251.0 0.3
77251.0 0.3
77251.0 0.3
77251.0 0.3
123001.0 0.3
123001.0 0.3
152813.5 0.3
152813.5 0.3
152813.5 0.3
152813.5 0.3
2376.0 0.3
2376.0 0.3
2376.0 0.3
15251.0 0.3
15251.0 0.3
74001.0 0.3
74001.0 0.3
12001.0 0.3
12001.0 0.3
61751.0 0.3
61751.0 0.3
2063.5 0.3
2063.5 0.3
23188.5 0.3
23188.5 0.3
23188.5 0.3
133688.5 0.3
133688.5 0.3
133688.5 0.3
41501.0 0.3
41501.0 0.3
41501.0 0.3
126563.5 0.3
126563.5 0.3
126563.5 0.3
126563.5 0.3
83001.0 0.3
83001.0 0.3
29001.0 0.3
29001.0 0.3
103501.0 0.3
103501.0 0.3
33001.0 0.3
33001.0 0.3
1813.5 0.3
1813.5 0.3
9188.5 0.3
9188.5 0.3
9188.5 0.3
1813.5 0.3
1813.5 0.3
5251.0 0.3
5251.0 0.3
5251.0 0.3
82751.0 0.3
82751.0 0.3
136751.0 0.3
136751.0 0.3
57501.0 0.3
57501.0 0.3
130001.0 0.3
130001.0 0.3
130001.0 0.3
117751.0 0.3
117751.0 0.3
44251.0 0.3
44251.0 0.3
125751.0 0.3
125751.0 0.3
58001.0 0.3
58001.0 0.3
32750.999999999996 0.3
32750.999999999996 0.3
32750.999999999996 0.3
101001.0 0.3
101001.0 0.3
149001.0 0.3
149001.0 0.3
77001.0 0.3
77001.0 0.3
132001.0 0.3
132001.0 0.3
27001.0 0.3
27001.0 0.3
87501.0 0.3
87501.0 0.3
87501.0 0.3
139251.0 0.3
139251.0 0.3
139251.0 0.3
77001.0 0.3
77001.0 0.3
131251.0 0.3
131251.0 0.3
92751.0 0.3
92751.0 0.3
22938.5 0.3
22938.5 0.3
24063.5 0.3
24063.5 0.3
19251.0 0.3
19251.0 0.3
19251.0 0.3
23751.0 0.3
23751.0 0.3
12485.375 0.3
12485.375 0.3
12485.375 0.3
20626.0 0.3
20626.0 0.3
20626.0 0.3
28001.0 0.3
28001.0 0.3
29688.5 0.3
29688.5 0.3
29688.5 0.3
25876.0 0.3
25876.0 0.3
18438.5 0.3
18438.5 0.3
18438.5 0.3
3563.5 0.3
3563.5 0.3
2001.0 0.3
2001.0 0.3
2001.0 0.3
2251.0 0.3
2251.0 0.3
1188.5 0.3
1188.5 0.3
16501.0 0.3
16501.0 0.3
64501.00000000001 0.3
64501.00000000001 0.3
8751.0 0.3
8751.0 0.3
41501.0 0.3
41501.0 0.3
121438.5 0.3
121438.5 0.3
121438.5 0.3
121438.5 0.3
121438.5 0.3
12751.0 0.3
12751.0 0.3
12751.0 0.3
12751.0 0.3
88251.0 0.3
88251.0 0.3
136501.0 0.3
136501.0 0.3
58501.0 0.3
58501.0 0.3
125751.0 0.3
125751.0 0.3
1532.25 0.3
1532.25 0.3
1532.25 0.3
1532.25 0.3
4813.5 0.3
4813.5 0.3
4813.5 0.3
42251.0 0.3
42251.0 0.3
110251.0 0.3
110251.0 0.3
24501.0 0.3
24501.0 0.3
85501.0 0.3
85501.0 0.3
1813.5 0.3
1813.5 0.3
1813.5 0.3
13501.0 0.3
13501.0 0.3
55251.0 0.3
55251.0 0.3
9251.0 0.3
9251.0 0.3
34001.0 0.3
34001.0 0.3
48938.5 0.3
48938.5 0.3
48938.5 0.3
24251.0 0.3
24251.0 0.3
95001.0 0.3
95001.0 0.3
46251.0 0.3
46251.0 0.3
112001.0 0.3
112001.0 0.3
65501.00000000001 0.3
65501.00000000001 0.3
26251.0 0.3
26251.0 0.3
26251.0 0.3
17751.0 0.3
17751.0 0.3
17751.0 0.3
17751.0 0.3
125001.0 0.3
125001.0 0.3
84001.0 0.3
84001.0 0.3
136001.0 0.3
136001.0 0.3
99251.0 0.3
99251.0 0.3
40938.5 0.3
40938.5 0.3
40938.5 0.3
117626.0 0.3
117626.0 0.3
117626.0 0.3
117626.0 0.3
117626.0 0.3
56501.0 0.3
56501.0 0.3
56501.0 0.3
56501.0 0.3
31938.5 0.3
31938.5 0.3
31938.5 0.3
16063.500000000002 0.3
16063.500000000002 0.3
67251.0 0.3
67251.0 0.3
45751.0 0.3
45751.0 0.3
31751.0 0.3
31751.0 0.3
87251.0 0.3
87251.0 0.3
26188.5 0.3
26188.5 0.3
26188.5 0.3
17454.125 0.3
17454.125 0.3
12829.125 0.3
12829.125 0.3
12829.125 0.3
22735.375 0.3
22735.375 0.3
11485.375 0.3
11485.375 0.3
11485.375 0.3
3188.5 0.3
3188.5 0.3
3188.5 0.3
9001.0 0.3
9001.0 0.3
56501.0 0.3
56501.0 0.3
56501.0 0.3
22001.0 0.3
22001.0 0.3
84251.0 0.3
84251.0 0.3
6501.0 0.3
6501.0 0.3
6501.0 0.3
22501.0 0.3
22501.0 0.3
102251.0 0.3
102251.0 0.3
30751.0 0.3
30751.0 0.3
98251.0 0.3
98251.0 0.3
99001.0 0.3
99001.0 0.3
136001.0 0.3
136001.0 0.3
141001.0 0.3
141001.0 0.3
170001.0 0.3
170001.0 0.3
162251.0 0.3
162251.0 0.3
162251.0 0.3
151251.0 0.3
151251.0 0.3
151251.0 0.3
135501.0 0.3
135501.0 0.3
148251.0 0.3
148251.0 0.3
133001.0 0.3
133001.0 0.3
90251.0 0.3
90251.0 0.3
72251.0 0.3
72251.0 0.3
81063.5 0.3
81063.5 0.3
81063.5 0.3
81063.5 0.3
65563.5 0.3
65563.5 0.3
65563.5 0.3
5126.0 0.3
5126.0 0.3
5126.0 0.3
44251.0 0.3
44251.0 0.3
85001.0 0.3
85001.0 0.3
50001.0 0.3
50001.0 0.3
89501.0 0.3
89501.0 0.3
3751.0 0.3
3751.0 0.3
3751.0 0.3
46001.0 0.3
46001.0 0.3
100251.0 0.3
100251.0 0.3
41751.0 0.3
41751.0 0.3
108001.0 0.3
108001.0 0.3
66626.0 0.3
66626.0 0.3
66626.0 0.3
60063.5 0.3
60063.5 0.3
70376.0 0.3
70376.0 0.3
70376.0 0.3
61063.5 0.3
61063.5 0.3
16501.0 0.3
16501.0 0.3
15954.125 0.3
15954.125 0.3
15954.125 0.3
16469.75 0.3
16469.75 0.3
16469.75 0.3
15047.875 0.3
15047.875 0.3
15047.875 0.3
1251.0 0.3
1251.0 0.3
1251.0 0.3
46501.0 0.3
46501.0 0.3
109251.0 0.3
109251.0 0.3
49251.0 0.3
49251.0 0.3
98251.0 0.3
98251.0 0.3
563.5 0.3
563.5 0.3
563.5 0.3
44251.0 0.3
44251.0 0.3
90001.0 0.3
90001.0 0.3
38251.0 0.3
38251.0 0.3
82251.0 0.3
82251.0 0.3
71376.0 0.3
71376.0 0.3
71376.0 0.3
66188.5 0.3
66188.5 0.3
61813.5 0.3
61813.5 0.3
61813.5 0.3
62438.5 0.3
62438.5 0.3
1376.0 0.3
1376.0 0.3
50938.5 0.3
50938.5 0.3
50938.5 0.3
50938.5 0.3
2313.5 0.3
2313.5 0.3
2313.5 0.3
16751.0 0.3
16751.0 0.3
74751.0 0.3
74751.0 0.3
13751.0 0.3
13751.0 0.3
81001.0 0.3
81001.0 0.3
63126.0 0.3
63126.0 0.3
55251.0 0.3
55251.0 0.3
64251.00000000001 0.3
64251.00000000001 0.3
64251.00000000001 0.3
55376.0 0.3
55376.0 0.3
65563.5 0.3
65563.5 0.3
65563.5 0.3
63751.0 0.3
63751.0 0.3
64251.00000000001 0.3
64251.00000000001 0.3
62813.5 0.3
62813.5 0.3
66001.0 0.3
66001.0 0.3
66001.0 0.3
64876.00000000001 0.3
64876.00000000001 0.3
64876.00000000001 0.3
62532.25 0.3
62532.25 0.3
62532.25 0.3
62532.25 0.3
66485.375 0.3
66485.375 0.3
81016.625 0.3
81016.625 0.3
81016.625 0.3
81016.625 0.3
63063.5 0.3
63063.5 0.3
63063.5 0.3
76251.0 0.3
76251.0 0.3
95813.5 0.3
95813.5 0.3
95813.5 0.3
82501.0 0.3
82501.0 0.3
98563.5 0.3
98563.5 0.3
98563.5 0.3
74501.0 0.3
74501.0 0.3
72001.0 0.3
72001.0 0.3
143501.0 0.3
143501.0 0.3
126751.0 0.3
126751.0 0.3
72251.0 0.3
72251.0 0.3
72251.0 0.3
72251.0 0.3
119501.0 0.3
119501.0 0.3
122001.0 0.3
122001.0 0.3
148751.0 0.3
148751.0 0.3
137001.0 0.3
137001.0 0.3
88001.0 0.3
88001.0 0.3
79001.0 0.3
79001.0 0.3
100001.0 0.3
100001.0 0.3
100001.0 0.3
100001.0 0.3
72876.0 0.3
72876.0 0.3
72876.0 0.3
66626.0 0.3
66626.0 0.3
77188.5 0.3
77188.5 0.3
63313.5 0.3
63313.5 0.3
111751.0 0.3
111751.0 0.3
111751.0 0.3
83063.5 0.3
83063.5 0.3
83063.5 0.3
142876.0 0.3
142876.0 0.3
142876.0 0.3
142876.0 0.3
105501.0 0.3
105501.0 0.3
80501.0 0.3
80501.0 0.3
137751.0 0.3
137751.0 0.3
113001.0 0.3
113001.0 0.3
66501.0 0.3
66501.0 0.3
63063.5 0.3
63063.5 0.3
74251.0 0.3
74251.0 0.3
74251.0 0.3
74251.0 0.3
68626.0 0.3
68626.0 0.3
60501.0 0.3
60501.0 0.3
60501.0 0.3
60501.0 0.3
68766.625 0.3
68766.625 0.3
68766.625 0.3
68766.625 0.3
68766.625 0.3
62813.5 0.3
62813.5 0.3
69251.0 0.3
69251.0 0.3
74438.5 0.3
74438.5 0.3
83438.5 0.3
83438.5 0.3
83438.5 0.3
83438.5 0.3
79876.0 0.3
79876.0 0.3
79876.0 0.3
77438.5 0.3
77438.5 0.3
77438.5 0.3
80251.0 0.3
80251.0 0.3
113001.0 0.3
113001.0 0.3
98251.0 0.3
98251.0 0.3
111751.0 0.3
111751.0 0.3
111751.0 0.3
128751.0 0.3
128751.0 0.3
128751.0 0.3
104501.0 0.3
104501.0 0.3
176001.0 0.3
176001.0 0.3
206001.0 0.3
206001.0 0.3
130001.0 0.3
130001.0 0.3
164001.0 0.3
164001.0 0.3
174251.0 0.3
174251.0 0.3
174251.0 0.3
80063.5 0.3
80063.5 0.3
67501.0 0.3
67501.0 0.3
81001.0 0.3
81001.0 0.3
81001.0 0.3
74251.0 0.3
74251.0 0.3
68985.375 0.3
68985.375 0.3
68985.375 0.3
82251.0 0.3
82251.0 0.3
99251.0 0.3
99251.0 0.3
119501.0 0.3
119501.0 0.3
142501.0 0.3
142501.0 0.3
112501.0 0.3
112501.0 0.3
112501.0 0.3
121251.0 0.3
121251.0 0.3
113501.0 0.3
113501.0 0.3
96751.0 0.3
96751.0 0.3
66001.0 0.3
66001.0 0.3
97313.5 0.3
97313.5 0.3
97313.5 0.3
69532.25 0.3
69532.25 0.3
69532.25 0.3
54239.28125 0.3
54239.28125 0.3
54239.28125 0.3
54239.28125 0.3
73688.5 0.3
73688.5 0.3
73688.5 0.3
70438.5 0.3
70438.5 0.3
71751.0 0.3
71751.0 0.3
69376.0 0.3
69376.0 0.3
66532.25 0.3
66532.25 0.3
66532.25 0.3
66532.25 0.3
70001.0 0.3
70001.0 0.3
70001.0 0.3
69313.5 0.3
69313.5 0.3
72251.0 0.3
72251.0 0.3
73501.0 0.3
73501.0 0.3
122251.0 0.3
122251.0 0.3
92501.0 0.3
92501.0 0.3
81688.5 0.3
81688.5 0.3
81688.5 0.3
66376.0 0.3
66376.0 0.3
67251.0 0.3
67251.0 0.3
75251.0 0.3
75251.0 0.3
69001.0 0.3
69001.0 0.3
69001.0 0.3
53969.75 0.3
53969.75 0.3
52032.25 0.3
52032.25 0.3
61469.75 0.3
61469.75 0.3
61469.75 0.3
61469.75 0.3
49766.625 0.3
49766.625 0.3
126251.0 0.3
126251.0 0.3
132751.0 0.3
132751.0 0.3
61751.0 0.3
61751.0 0.3
69251.0 0.3
69251.0 0.3
138251.0 0.3
138251.0 0.3
146751.0 0.3
146751.0 0.3
69001.0 0.3
69001.0 0.3
81251.0 0.3
81251.0 0.3
65688.5 0.3
65688.5 0.3
65688.5 0.3
62126.0 0.3
62126.0 0.3
62126.0 0.3
133501.0 0.3
133501.0 0.3
129001.0 0.3
129001.0 0.3
84751.0 0.3
84751.0 0.3
96001.0 0.3
96001.0 0.3
103626.0 0.3
103626.0 0.3
103626.0 0.3
64251.00000000001 0.3
64251.00000000001 0.3
64251.00000000001 0.3
66251.0 0.3
66251.0 0.3
51579.125 0.3
51579.125 0.3
51579.125 0.3
51579.125 0.3
51251.0 0.3
51251.0 0.3
51251.0 0.3
91813.5 0.3
91813.5 0.3
91813.5 0.3
115751.0 0.3
115751.0 0.3
121751.0 0.3
121751.0 0.3
64751.00000000001 0.3
64751.00000000001 0.3
66001.0 0.3
66001.0 0.3
65563.5 0.3
65563.5 0.3
64501.00000000001 0.3
64501.00000000001 0.3
64501.00000000001 0.3
112501.0 0.3
112501.0 0.3
85501.0 0.3
85501.0 0.3
68501.0 0.3
68501.0 0.3
79251.0 0.3
79251.0 0.3
71251.0 0.3
71251.0 0.3
71251.0 0.3
93251.0 0.3
93251.0 0.3
92001.0 0.3
92001.0 0.3
93501.0 0.3
93501.0 0.3
65563.5 0.3
65563.5 0.3
65563.5 0.3
76626.0 0.3
76626.0 0.3
76626.0 0.3
56938.5 0.3
56938.5 0.3
56938.5 0.3
66938.5 0.3
66938.5 0.3
66938.5 0.3
54532.25 0.3
54532.25 0.3
54532.25 0.3
47235.375 0.3
47235.375 0.3
54969.75 0.3
54969.75 0.3
54969.75 0.3
51954.125 0.3
51954.125 0.3
59887.71875 0.3
59887.71875 0.3
59887.71875 0.3
59887.71875 0.3
59887.71875 0.3
126251.0 0.3
126251.0 0.3
127501.0 0.3
127501.0 0.3
80251.0 0.3
80251.0 0.3
84751.0 0.3
84751.0 0.3
102563.5 0.3
102563.5 0.3
102563.5 0.3
87251.0 0.3
87251.0 0.3
87251.0 0.3
76626.0 0.3
76626.0 0.3
113438.5 0.3
113438.5 0.3
113438.5 0.3
98251.0 0.3
98251.0 0.3
77501.0 0.3
77501.0 0.3
137001.0 0.3
137001.0 0.3
113501.0 0.3
113501.0 0.3
85626.0 0.3
85626.0 0.3
107188.5 0.3
107188.5 0.3
107188.5 0.3
71985.375 0.3
71985.375 0.3
71985.375 0.3
65969.75 0.3
65969.75 0.3
65969.75 0.3
73501.0 0.3
73501.0 0.3
73501.0 0.3
69251.0 0.3
69251.0 0.3
101626.0 0.3
101626.0 0.3
75876.0 0.3
75876.0 0.3
58922.875 0.3
58922.875 0.3
58922.875 0.3
75516.625 0.3
75516.625 0.3
75516.625 0.3
69532.25 0.3
69532.25 0.3
59086.9375 0.3
59086.9375 0.3
59086.9375 0.3
46083.03125 0.3
46083.03125 0.3
46083.03125 0.3
46083.03125 0.3
1.0 0.3
1.0 0.3
1.0 0.3
1.0 0.3
1.0 0.3
1.0 0.3
1.0 0.3
1.0 0.3
1790.0625 0.3
1790.0625 0.3
1790.0625 0.3
1790.0625 0.3
1.0 0.3
1.0 0.3
2301.78125 0.3
2301.78125 0.3
2301.78125 0.3
1.0 0.3
1.0 0.3
986.3515625 0.3
986.3515625 0.3
986.3515625 0.3
986.3515625 0.3
1.0 0.3
1.0 0.3
1.732421875 0.3
1.732421875 0.3
1.732421875 0.3
1.732421875 0.3
1563.5 0.3
1563.5 0.3
1563.5 0.3
313.5 0.3
313.5 0.3
8188.499999999999 0.3
8188.499999999999 0.3
8188.499999999999 0.3
8188.499999999999 0.3
2001.0 0.3
2001.0 0.3
3563.5 0.3
3563.5 0.3
3563.5 0.3
2266.625 0.3
2266.625 0.3
2063.5 0.3
2063.5 0.3
2063.5 0.3
2063.5 0.3
62501.0 0.3
62501.0 0.3
80751.0 0.3
80751.0 0.3
34001.0 0.3
34001.0 0.3
41001.0 0.3
41001.0 0.3
103251.0 0.3
103251.0 0.3
72001.0 0.3
72001.0 0.3
120751.0 0.3
120751.0 0.3
91251.0 0.3
91251.0 0.3
29751.0 0.3
29751.0 0.3
71251.0 0.3
71251.0 0.3
14501.0 0.3
14501.0 0.3
51501.0 0.3
51501.0 0.3
117688.5 0.3
117688.5 0.3
117688.5 0.3
117688.5 0.3
117688.5 0.3
43376.0 0.3
43376.0 0.3
43376.0 0.3
43376.0 0.3
21876.0 0.3
21876.0 0.3
62501.0 0.3
62501.0 0.3
62501.0 0.3
22313.5 0.3
22313.5 0.3
12876.0 0.3
12876.0 0.3
12876.0 0.3
12876.0 0.3
79501.0 0.3
79501.0 0.3
134251.0 0.3
134251.0 0.3
48501.0 0.3
48501.0 0.3
114001.0 0.3
114001.0 0.3
2188.5 0.3
2188.5 0.3
2188.5 0.3
32750.999999999996 0.3
32750.999999999996 0.3
84001.0 0.3
84001.0 0.3
13751.0 0.3
13751.0 0.3
44251.0 0.3
44251.0 0.3
108001.0 0.3
108001.0 0.3
71751.0 0.3
71751.0 0.3
129501.0 0.3
129501.0 0.3
89251.0 0.3
89251.0 0.3
42251.0 0.3
42251.0 0.3
42251.0 0.3
119063.5 0.3
119063.5 0.3
119063.5 0.3
119063.5 0.3
119063.5 0.3
76063.5 0.3
76063.5 0.3
2485.375 0.3
2485.375 0.3
2516.625 0.3
2516.625 0.3
2516.625 0.3
2282.25 0.3
2282.25 0.3
985.375 0.3
985.375 0.3
2376.0 0.3
2376.0 0.3
11688.5 0.3
11688.5 0.3
11688.5 0.3
11688.5 0.3
1000.9999999999999 0.3
1000.9999999999999 0.3
2813.5 0.3
2813.5 0.3
2813.5 0.3
70001.0 0.3
70001.0 0.3
130751.0 0.3
130751.0 0.3
37751.0 0.3
37751.0 0.3
104751.0 0.3
104751.0 0.3
106626.0 0.3
106626.0 0.3
106626.0 0.3
106626.0 0.3
18751.0 0.3
18751.0 0.3
54001.0 0.3
54001.0 0.3
5751.0 0.3
5751.0 0.3
30001.0 0.3
30001.0 0.3
115501.0 0.3
115501.0 0.3
122501.0 0.3
122501.0 0.3
73751.0 0.3
73751.0 0.3
121501.0 0.3
121501.0 0.3
954.125 0.3
954.125 0.3
954.125 0.3
954.125 0.3
5126.0 0.3
5126.0 0.3
5126.0 0.3
5126.0 0.3
50251.0 0.3
50251.0 0.3
104251.0 0.3
104251.0 0.3
20751.0 0.3
20751.0 0.3
66501.0 0.3
66501.0 0.3
813.5 0.3
813.5 0.3
15001.0 0.3
15001.0 0.3
15001.0 0.3
15001.0 0.3
16501.0 0.3
16501.0 0.3
16501.0 0.3
17876.0 0.3
17876.0 0.3
17876.0 0.3
18547.875 0.3
18547.875 0.3
18547.875 0.3
18547.875 0.3
22985.375 0.3
22985.375 0.3
22985.375 0.3
22985.375 0.3
3188.5 0.3
3188.5 0.3
3188.5 0.3
5751.0 0.3
5751.0 0.3
77501.0 0.3
77501.0 0.3
2501.0 0.3
2501.0 0.3
69751.0 0.3
69751.0 0.3
5126.0 0.3
5126.0 0.3
5126.0 0.3
1751.0 0.3
1751.0 0.3
67251.0 0.3
67251.0 0.3
1.0 0.3
1.0 0.3
55501.0 0.3
55501.0 0.3
67876.0 0.3
67876.0 0.3
67876.0 0.3
59751.0 0.3
59751.0 0.3
73563.5 0.3
73563.5 0.3
73563.5 0.3
73563.5 0.3
59001.0 0.3
59001.0 0.3
8188.499999999999 0.3
8188.499999999999 0.3
11251.0 0.3
11251.0 0.3
11251.0 0.3
11251.0 0.3
11251.0 0.3
12626.0 0.3
12626.0 0.3
12626.0 0.3
1.0 0.3
1.0 0.3
1501.0 0.3
1501.0 0.3
1501.0 0.3
751.0 0.3
751.0 0.3
2751.0 0.3
2751.0 0.3
96751.0 0.3
96751.0 0.3
63751.0 0.3
63751.0 0.3
88501.0 0.3
88501.0 0.3
88501.0 0.3
79001.0 0.3
79001.0 0.3
60626.0 0.3
60626.0 0.3
60626.0 0.3
60626.0 0.3
32000.999999999996 0.3
32000.999999999996 0.3
84001.0 0.3
84001.0 0.3
13001.0 0.3
13001.0 0.3
65001.00000000001 0.3
65001.00000000001 0.3
100751.0 0.3
100751.0 0.3
100751.0 0.3
100751.0 0.3
8000.999999999999 0.3
8000.999999999999 0.3
8000.999999999999 0.3
8000.999999999999 0.3
89001.0 0.3
89001.0 0.3
126001.0 0.3
126001.0 0.3
52001.0 0.3
52001.0 0.3
115001.0 0.3
115001.0 0.3
58501.0 0.3
58501.0 0.3
63001.0 0.3
63001.0 0.3
92751.0 0.3
92751.0 0.3
92751.0 0.3
59251.0 0.3
59251.0 0.3
61063.5 0.3
61063.5 0.3
17501.0 0.3
17501.0 0.3
17501.0 0.3
91501.0 0.3
91501.0 0.3
91501.0 0.3
91501.0 0.3
66751.0 0.3
66751.0 0.3
16251.000000000002 0.3
16251.000000000002 0.3
67501.0 0.3
67501.0 0.3
49001.0 0.3
49001.0 0.3
17688.5 0.3
17688.5 0.3
16938.5 0.3
16938.5 0.3
17938.5 0.3
17938.5 0.3
17938.5 0.3
19438.5 0.3
19438.5 0.3
122501.0 0.3
122501.0 0.3
122501.0 0.3
122501.0 0.3
122501.0 0.3
70501.0 0.3
70501.0 0.3
59001.0 0.3
59001.0 0.3
111001.0 0.3
111001.0 0.3
62751.0 0.3
62751.0 0.3
73501.0 0.3
73501.0 0.3
122501.0 0.3
122501.0 0.3
47751.0 0.3
47751.0 0.3
92751.0 0.3
92751.0 0.3
118751.0 0.3
118751.0 0.3
118751.0 0.3
118751.0 0.3
118751.0 0.3
118751.0 0.3
31751.0 0.3
31751.0 0.3
31751.0 0.3
31751.0 0.3
20501.0 0.3
20501.0 0.3
60501.0 0.3
60501.0 0.3
57251.0 0.3
57251.0 0.3
89001.0 0.3
89001.0 0.3
63001.0 0.3
63001.0 0.3
27188.5 0.3
27188.5 0.3
27188.5 0.3
13563.5 0.3
13563.5 0.3
4876.0 0.3
4876.0 0.3
4876.0 0.3
4876.0 0.3
15938.5 0.3
15938.5 0.3
9876.0 0.3
9876.0 0.3
9876.0 0.3
2001.0 0.3
2001.0 0.3
2001.0 0.3
11001.0 0.3
11001.0 0.3
74001.0 0.3
74001.0 0.3
2001.0 0.3
2001.0 0.3
40001.0 0.3
40001.0 0.3
2001.0 0.3
2001.0 0.3
4001.0000000000005 0.3
4001.0000000000005 0.3
4001.0000000000005 0.3
4001.0000000000005 0.3
123001.0 0.3
123001.0 0.3
123001.0 0.3
123001.0 0.3
67001.0 0.3
67001.0 0.3
67001.0 0.3
77001.0 0.3
77001.0 0.3
137001.0 0.3
137001.0 0.3
46001.0 0.3
46001.0 0.3
117001.0 0.3
117001.0 0.3
123001.0 0.3
123001.0 0.3
61001.0 0.3
61001.0 0.3
145001.0 0.3
145001.0 0.3
103001.0 0.3
103001.0 0.3
2751.0 0.3
2751.0 0.3
1751.0 0.3
1751.0 0.3
1751.0 0.3
4001.0000000000005 0.3
4001.0000000000005 0.3
4001.0000000000005 0.3
4001.0000000000005 0.3
25001.0 0.3
25001.0 0.3
80001.0 0.3
80001.0 0.3
8000.999999999999 0.3
8000.999999999999 0.3
40001.0 0.3
40001.0 0.3
123501.0 0.3
123501.0 0.3
123501.0 0.3
123501.0 0.3
123501.0 0.3
4501.0 0.3
4501.0 0.3
4501.0 0.3
4501.0 0.3
69001.0 0.3
69001.0 0.3
135001.0 0.3
135001.0 0.3
28001.0 0.3
28001.0 0.3
104001.0 0.3
104001.0 0.3
19985.375 0.3
19985.375 0.3
19985.375 0.3
19985.375 0.3
19985.375 0.3
19985.375 0.3
5188.5 0.3
5188.5 0.3
5188.5 0.3
5188.5 0.3
2251.0 0.3
2251.0 0.3
16251.000000000002 0.3
16251.000000000002 0.3
16251.000000000002 0.3
4501.0 0.3
4501.0 0.3
4001.0000000000005 0.3
4001.0000000000005 0.3
4001.0000000000005 0.3
9501.0 0.3
9501.0 0.3
4813.5 0.3
4813.5 0.3
4813.5 0.3
4813.5 0.3
3286.15625 0.3
3286.15625 0.3
3286.15625 0.3
3286.15625 0.3
2001.0 0.3
2001.0 0.3
2001.0 0.3
1376.0 0.3
1376.0 0.3
2876.0 0.3
2876.0 0.3
2876.0 0.3
751.0 0.3
751.0 0.3
1438.5 0.3
1438.5 0.3
2016.625 0.3
2016.625 0.3
1485.375 0.3
1485.375 0.3
1485.375 0.3
1485.375 0.3
3657.25 0.3
3657.25 0.3
2352.5625 0.3
2352.5625 0.3
2352.5625 0.3
2352.5625 0.3
24251.0 0.3
24251.0 0.3
61501.0 0.3
61501.0 0.3
10501.0 0.3
10501.0 0.3
32250.999999999996 0.3
32250.999999999996 0.3
109751.0 0.3
109751.0 0.3
125501.0 0.3
125501.0 0.3
78001.0 0.3
78001.0 0.3
119001.0 0.3
119001.0 0.3
6001.0 0.3
6001.0 0.3
6001.0 0.3
6001.0 0.3
41001.0 0.3
41001.0 0.3
91501.0 0.3
91501.0 0.3
21251.0 0.3
21251.0 0.3
52751.0 0.3
52751.0 0.3
125501.0 0.3
125501.0 0.3
80251.0 0.3
80251.0 0.3
132001.0 0.3
132001.0 0.3
117501.0 0.3
117501.0 0.3
68001.0 0.3
68001.0 0.3
68001.0 0.3
119751.0 0.3
119751.0 0.3
119751.0 0.3
119751.0 0.3
119751.0 0.3
112376.0 0.3
112376.0 0.3
112376.0 0.3
1501.0 0.3
1501.0 0.3
8376.0 0.3
8376.0 0.3
8376.0 0.3
8376.0 0.3
1813.5 0.3
1813.5 0.3
3501.0 0.3
3501.0 0.3
54001.0 0.3
54001.0 0.3
100251.0 0.3
100251.0 0.3
23751.0 0.3
23751.0 0.3
53251.0 0.3
53251.0 0.3
116188.5 0.3
116188.5 0.3
116188.5 0.3
116188.5 0.3
19813.5 0.3
19813.5 0.3
19813.5 0.3
19813.5 0.3
83001.0 0.3
83001.0 0.3
114501.0 0.3
114501.0 0.3
43001.0 0.3
43001.0 0.3
88251.0 0.3
88251.0 0.3
27126.0 0.3
27126.0 0.3
27126.0 0.3
22001.0 0.3
22001.0 0.3
74501.0 0.3
74501.0 0.3
46501.0 0.3
46501.0 0.3
92251.0 0.3
92251.0 0.3
65751.0 0.3
65751.0 0.3
23063.5 0.3
23063.5 0.3
23063.5 0.3
18485.375 0.3
18485.375 0.3
18485.375 0.3
18485.375 0.3
18485.375 0.3
18485.375 0.3
112563.5 0.3
112563.5 0.3
112563.5 0.3
56813.5 0.3
56813.5 0.3
56813.5 0.3
127876.0 0.3
127876.0 0.3
127876.0 0.3
127876.0 0.3
127876.0 0.3
107001.0 0.3
107001.0 0.3
65501.00000000001 0.3
65501.00000000001 0.3
125251.0 0.3
125251.0 0.3
101001.0 0.3
101001.0 0.3
26438.5 0.3
26438.5 0.3
23376.0 0.3
23376.0 0.3
52688.5 0.3
52688.5 0.3
52688.5 0.3
52688.5 0.3
19501.0 0.3
19501.0 0.3
1547.875 0.3
1547.875 0.3
1547.875 0.3
1547.875 0.3
3563.5 0.3
3563.5 0.3
25438.5 0.3
25438.5 0.3
25438.5 0.3
25438.5 0.3
688.5 0.3
688.5 0.3
4313.5 0.3
4313.5 0.3
4313.5 0.3
1563.5 0.3
1563.5 0.3
1251.0 0.3
1251.0 0.3
1251.0 0.3
1251.0 0.3
97751.0 0.3
97751.0 0.3
123501.0 0.3
123501.0 0.3
54251.0 0.3
54251.0 0.3
96001.0 0.3
96001.0 0.3
128376.0 0.3
128376.0 0.3
128376.0 0.3
128376.0 0.3
128376.0 0.3
128376.0 0.3
27001.0 0.3
27001.0 0.3
61001.0 0.3
61001.0 0.3
7751.0 0.3
7751.0 0.3
28251.0 0.3
28251.0 0.3
108001.0 0.3
108001.0 0.3
129001.0 0.3
129001.0 0.3
62001.0 0.3
62001.0 0.3
104501.0 0.3
104501.0 0.3
96001.0 0.3
96001.0 0.3
59751.0 0.3
59751.0 0.3
127501.0 0.3
127501.0 0.3
98751.0 0.3
98751.0 0.3
44563.5 0.3
44563.5 0.3
44563.5 0.3
44563.5 0.3
127938.5 0.3
127938.5 0.3
127938.5 0.3
127938.5 0.3
127938.5 0.3
127938.5 0.3
92751.0 0.3
92751.0 0.3
59751.0 0.3
59751.0 0.3
125001.0 0.3
125001.0 0.3
102501.0 0.3
102501.0 0.3
5813.5 0.3
5813.5 0.3
5813.5 0.3
5813.5 0.3
32000.999999999996 0.3
32000.999999999996 0.3
69001.0 0.3
69001.0 0.3
14251.0 0.3
14251.0 0.3
38751.0 0.3
38751.0 0.3
3313.5 0.3
3313.5 0.3
10438.5 0.3
10438.5 0.3
10438.5 0.3
10438.5 0.3
105751.0 0.3
105751.0 0.3
130501.0 0.3
130501.0 0.3
78251.0 0.3
78251.0 0.3
117001.0 0.3
117001.0 0.3
129501.0 0.3
129501.0 0.3
129501.0 0.3
129501.0 0.3
129501.0 0.3
40001.0 0.3
40001.0 0.3
83001.0 0.3
83001.0 0.3
22751.0 0.3
22751.0 0.3
48001.0 0.3
48001.0 0.3
116376.0 0.3
116376.0 0.3
116376.0 0.3
116376.0 0.3
51969.75 0.3
51969.75 0.3
51969.75 0.3
51969.75 0.3
45532.25 0.3
45532.25 0.3
56938.5 0.3
56938.5 0.3
45813.5 0.3
45813.5 0.3
61251.0 0.3
61251.0 0.3
61251.0 0.3
61251.0 0.3
56001.0 0.3
56001.0 0.3
46938.5 0.3
46938.5 0.3
46938.5 0.3
41954.125 0.3
41954.125 0.3
39016.625 0.3
39016.625 0.3
43485.375 0.3
43485.375 0.3
43485.375 0.3
36001.0 0.3
36001.0 0.3
36001.0 0.3
60751.0 0.3
60751.0 0.3
61751.0 0.3
61751.0 0.3
58001.0 0.3
58001.0 0.3
58001.0 0.3
60001.0 0.3
60001.0 0.3
58688.5 0.3
58688.5 0.3
58688.5 0.3
68251.0 0.3
68251.0 0.3
59001.0 0.3
59001.0 0.3
105501.0 0.3
105501.0 0.3
105501.0 0.3
58501.0 0.3
58501.0 0.3
62501.0 0.3
62501.0 0.3
62501.0 0.3
59485.375 0.3
59485.375 0.3
59485.375 0.3
59485.375 0.3
59485.375 0.3
98501.0 0.3
98501.0 0.3
98501.0 0.3
84751.0 0.3
84751.0 0.3
18001.0 0.3
18001.0 0.3
78001.0 0.3
78001.0 0.3
6001.0 0.3
6001.0 0.3
27001.0 0.3
27001.0 0.3
115251.0 0.3
115251.0 0.3
115251.0 0.3
115251.0 0.3
74501.0 0.3
74501.0 0.3
74501.0 0.3
74501.0 0.3
1751.0 0.3
1751.0 0.3
1751.0 0.3
1751.0 0.3
25001.0 0.3
25001.0 0.3
81001.0 0.3
81001.0 0.3
1.0 0.3
1.0 0.3
25001.0 0.3
25001.0 0.3
5751.0 0.3
5751.0 0.3
2001.0 0.3
2001.0 0.3
2001.0 0.3
2001.0 0.3
141501.0 0.3
141501.0 0.3
141501.0 0.3
141501.0 0.3
136501.0 0.3
136501.0 0.3
47001.0 0.3
47001.0 0.3
119001.0 0.3
119001.0 0.3
15001.0 0.3
15001.0 0.3
82001.0 0.3
82001.0 0.3
153501.0 0.3
153501.0 0.3
153501.0 0.3
74688.5 0.3
74688.5 0.3
74688.5 0.3
94938.5 0.3
94938.5 0.3
125751.0 0.3
125751.0 0.3
101501.0 0.3
101501.0 0.3
105751.0 0.3
105751.0 0.3
69251.0 0.3
69251.0 0.3
71876.0 0.3
71876.0 0.3
71876.0 0.3
59251.0 0.3
59251.0 0.3
59438.5 0.3
59438.5 0.3
75626.0 0.3
75626.0 0.3
79688.5 0.3
79688.5 0.3
79688.5 0.3
56876.0 0.3
56876.0 0.3
51313.5 0.3
51313.5 0.3
77438.5 0.3
77438.5 0.3
77438.5 0.3
72751.0 0.3
72751.0 0.3
109313.5 0.3
109313.5 0.3
109313.5 0.3
123251.0 0.3
123251.0 0.3
136501.0 0.3
136501.0 0.3
97251.0 0.3
97251.0 0.3
83251.0 0.3
83251.0 0.3
63251.0 0.3
63251.0 0.3
61376.0 0.3
61376.0 0.3
61376.0 0.3
124251.0 0.3
124251.0 0.3
107751.0 0.3
107751.0 0.3
71251.0 0.3
71251.0 0.3
61501.0 0.3
61501.0 0.3
64376.00000000001 0.3
64376.00000000001 0.3
64376.00000000001 0.3
58001.0 0.3
58001.0 0.3
58001.0 0.3
46438.5 0.3
46438.5 0.3
37680.6875 0.3
37680.6875 0.3
37680.6875 0.3
37680.6875 0.3
39442.40625 0.3
39442.40625 0.3
47469.75 0.3
47469.75 0.3
47469.75 0.3
36266.625 0.3
36266.625 0.3
40001.0 0.3
40001.0 0.3
40001.0 0.3
33782.25 0.3
33782.25 0.3
36395.53125 0.3
36395.53125 0.3
36395.53125 0.3
11751.0 0.3
11751.0 0.3
11751.0 0.3
11751.0 0.3
17251.0 0.3
17251.0 0.3
17251.0 0.3
112001.0 0.3
112001.0 0.3
4501.0 0.3
4501.0 0.3
76001.0 0.3
76001.0 0.3
24563.5 0.3
24563.5 0.3
24563.5 0.3
4751.0 0.3
4751.0 0.3
35001.0 0.3
35001.0 0.3
10001.0 0.3
10001.0 0.3
4001.0000000000005 0.3
4001.0000000000005 0.3
4001.0000000000005 0.3
71501.0 0.3
71501.0 0.3
71501.0 0.3
71501.0 0.3
71501.0 0.3
61876.0 0.3
61876.0 0.3
101501.0 0.3
101501.0 0.3
101501.0 0.3
66251.0 0.3
66251.0 0.3
69001.0 0.3
69001.0 0.3
111001.0 0.3
111001.0 0.3
29001.0 0.3
29001.0 0.3
87001.0 0.3
87001.0 0.3
96501.0 0.3
96501.0 0.3
96501.0 0.3
96501.0 0.3
66251.0 0.3
66251.0 0.3
66251.0 0.3
66251.0 0.3
17063.5 0.3
17063.5 0.3
6001.0 0.3
6001.0 0.3
6001.0 0.3
6001.0 0.3
18313.5 0.3
18313.5 0.3
11501.0 0.3
11501.0 0.3
13751.0 0.3
13751.0 0.3
13751.0 0.3
13751.0 0.3
98001.0 0.3
98001.0 0.3
125001.0 0.3
125001.0 0.3
36001.0 0.3
36001.0 0.3
78001.0 0.3
78001.0 0.3
1501.0 0.3
1501.0 0.3
7251.0 0.3
7251.0 0.3
7251.0 0.3
7251.0 0.3
105751.0 0.3
105751.0 0.3
105751.0 0.3
105751.0 0.3
76501.0 0.3
76501.0 0.3
73001.0 0.3
73001.0 0.3
109001.0 0.3
109001.0 0.3
16001.000000000002 0.3
16001.000000000002 0.3
59001.0 0.3
59001.0 0.3
99751.0 0.3
99751.0 0.3
99751.0 0.3
6501.0 0.3
6501.0 0.3
6501.0 0.3
6501.0 0.3
4501.0 0.3
4501.0 0.3
4501.0 0.3
38001.0 0.3
38001.0 0.3
2751.0 0.3
2751.0 0.3
5751.0 0.3
5751.0 0.3
56516.625 0.3
56516.625 0.3
56516.625 0.3
56516.625 0.3
56516.625 0.3
51032.25 0.3
51032.25 0.3
51032.25 0.3
79626.0 0.3
79626.0 0.3
79626.0 0.3
79626.0 0.3
74751.0 0.3
74751.0 0.3
79251.0 0.3
79251.0 0.3
80751.0 0.3
80751.0 0.3
31251.0 0.3
31251.0 0.3
76251.0 0.3
76251.0 0.3
75626.0 0.3
75626.0 0.3
75626.0 0.3
75626.0 0.3
60969.75 0.3
60969.75 0.3
60969.75 0.3
60969.75 0.3
20688.5 0.3
20688.5 0.3
20688.5 0.3
12626.0 0.3
12626.0 0.3
38001.0 0.3
38001.0 0.3
18001.0 0.3
18001.0 0.3
68501.0 0.3
68501.0 0.3
29751.0 0.3
29751.0 0.3
18126.0 0.3
18126.0 0.3
18126.0 0.3
34126.0 0.3
34126.0 0.3
28251.0 0.3
28251.0 0.3
28251.0 0.3
19563.5 0.3
19563.5 0.3
69751.0 0.3
69751.0 0.3
69751.0 0.3
103751.0 0.3
103751.0 0.3
62001.0 0.3
62001.0 0.3
125501.0 0.3
125501.0 0.3
100501.0 0.3
100501.0 0.3
34938.5 0.3
34938.5 0.3
34938.5 0.3
34938.5 0.3
129438.5 0.3
129438.5 0.3
129438.5 0.3
129438.5 0.3
97001.0 0.3
97001.0 0.3
65001.00000000001 0.3
65001.00000000001 0.3
120251.0 0.3
120251.0 0.3
88501.0 0.3
88501.0 0.3
9563.5 0.3
9563.5 0.3
28751.0 0.3
28751.0 0.3
35313.5 0.3
35313.5 0.3
35313.5 0.3
35313.5 0.3
5688.5 0.3
5688.5 0.3
14751.0 0.3
14751.0 0.3
14751.0 0.3
14751.0 0.3
14751.0 0.3
81001.0 0.3
81001.0 0.3
83751.0 0.3
83751.0 0.3
26251.0 0.3
26251.0 0.3
90001.0 0.3
90001.0 0.3
90001.0 0.3
36501.0 0.3
36501.0 0.3
9001.0 0.3
9001.0 0.3
74001.0 0.3
74001.0 0.3
54001.0 0.3
54001.0 0.3
4001.0000000000005 0.3
4001.0000000000005 0.3
4001.0000000000005 0.3
27001.0 0.3
27001.0 0.3
73001.0 0.3
73001.0 0.3
2001.0 0.3
2001.0 0.3
35001.0 0.3
35001.0 0.3
21001.0 0.3
21001.0 0.3
3751.0 0.3
3751.0 0.3
3751.0 0.3
66626.0 0.3
66626.0 0.3
66626.0 0.3
66626.0 0.3
63688.5 0.3
63688.5 0.3
84001.0 0.3
84001.0 0.3
84001.0 0.3
74001.0 0.3
74001.0 0.3
24501.0 0.3
24501.0 0.3
70251.0 0.3
70251.0 0.3
68688.5 0.3
68688.5 0.3
68688.5 0.3
68688.5 0.3
62938.5 0.3
62938.5 0.3
62938.5 0.3
42376.0 0.3
42376.0 0.3
42376.0 0.3
24063.5 0.3
24063.5 0.3
47938.5 0.3
47938.5 0.3
47938.5 0.3
12688.5 0.3
12688.5 0.3
12688.5 0.3
12688.5 0.3
12688.5 0.3
62751.0 0.3
62751.0 0.3
88501.0 0.3
88501.0 0.3
6751.0 0.3
6751.0 0.3
51251.0 0.3
51251.0 0.3
58251.0 0.3
58251.0 0.3
18751.0 0.3
18751.0 0.3
67501.0 0.3
67501.0 0.3
61751.0 0.3
61751.0 0.3
6251.0 0.3
6251.0 0.3
5251.0 0.3
5251.0 0.3
5251.0 0.3
17751.0 0.3
17751.0 0.3
1751.0 0.3
1751.0 0.3
46766.625 0.3
46766.625 0.3
42954.125 0.3
42954.125 0.3
55454.125 0.3
55454.125 0.3
55454.125 0.3
46969.75 0.3
46969.75 0.3
39688.5 0.3
39688.5 0.3
39688.5 0.3
39688.5 0.3
60813.5 0.3
60813.5 0.3
57188.5 0.3
57188.5 0.3
65376.00000000001 0.3
65376.00000000001 0.3
65376.00000000001 0.3
62688.5 0.3
62688.5 0.3
50079.125 0.3
50079.125 0.3
50079.125 0.3
50079.125 0.3
84001.0 0.3
84001.0 0.3
67751.0 0.3
67751.0 0.3
116001.0 0.3
116001.0 0.3
116001.0 0.3
91501.0 0.3
91501.0 0.3
64376.00000000001 0.3
64376.00000000001 0.3
64376.00000000001 0.3
64376.00000000001 0.3
49001.0 0.3
49001.0 0.3
116001.0 0.3
116001.0 0.3
14001.0 0.3
14001.0 0.3
62001.0 0.3
62001.0 0.3
133501.0 0.3
133501.0 0.3
133501.0 0.3
133501.0 0.3
4751.0 0.3
4751.0 0.3
4751.0 0.3
4751.0 0.3
75001.0 0.3
75001.0 0.3
122001.0 0.3
122001.0 0.3
15001.0 0.3
15001.0 0.3
64001.00000000001 0.3
64001.00000000001 0.3
73251.0 0.3
73251.0 0.3
65001.00000000001 0.3
65001.00000000001 0.3
105251.0 0.3
105251.0 0.3
105251.0 0.3
105251.0 0.3
68501.0 0.3
68501.0 0.3
61188.5 0.3
61188.5 0.3
53563.5 0.3
53563.5 0.3
66438.5 0.3
66438.5 0.3
66438.5 0.3
66438.5 0.3
60938.5 0.3
60938.5 0.3
55985.375 0.3
55985.375 0.3
46797.875 0.3
46797.875 0.3
57516.625 0.3
57516.625 0.3
57516.625 0.3
57516.625 0.3
52047.875 0.3
52047.875 0.3
52047.875 0.3
1677.7578125 0.3
1677.7578125 0.3
1677.7578125 0.3
1677.7578125 0.3
2680.6875 0.3
2680.6875 0.3
2680.6875 0.3
2680.6875 0.3
1610.375 0.3
1610.375 0.3
1610.375 0.3
1610.375 0.3
13876.0 0.3
13876.0 0.3
13876.0 0.3
13876.0 0.3
51001.0 0.3
51001.0 0.3
85001.0 0.3
85001.0 0.3
34001.0 0.3
34001.0 0.3
59751.0 0.3
59751.0 0.3
4188.5 0.3
4188.5 0.3
17688.5 0.3
17688.5 0.3
17688.5 0.3
17688.5 0.3
1079.125 0.3
1079.125 0.3
2063.5 0.3
2063.5 0.3
2063.5 0.3
2063.5 0.3
2891.625 0.3
2891.625 0.3
2129.90625 0.3
2129.90625 0.3
2129.90625 0.3
2129.90625 0.3
1.0 0.3
1.0 0.3
1094.75 0.3
1094.75 0.3
1094.75 0.3
1094.75 0.3
116126.0 0.3
116126.0 0.3
116126.0 0.3
116126.0 0.3
128001.0 0.3
128001.0 0.3
128001.0 0.3
128001.0 0.3
56501.0 0.3
56501.0 0.3
91501.0 0.3
91501.0 0.3
35501.0 0.3
35501.0 0.3
56501.0 0.3
56501.0 0.3
116688.5 0.3
116688.5 0.3
116688.5 0.3
116688.5 0.3
89251.0 0.3
89251.0 0.3
70251.0 0.3
70251.0 0.3
119751.0 0.3
119751.0 0.3
87751.0 0.3
87751.0 0.3
43813.5 0.3
43813.5 0.3
43813.5 0.3
43813.5 0.3
125751.0 0.3
125751.0 0.3
125751.0 0.3
125751.0 0.3
86751.0 0.3
86751.0 0.3
58251.0 0.3
58251.0 0.3
113001.0 0.3
113001.0 0.3
81251.0 0.3
81251.0 0.3
17938.5 0.3
17938.5 0.3
17938.5 0.3
17938.5 0.3
57001.0 0.3
57001.0 0.3
91001.0 0.3
91001.0 0.3
34251.0 0.3
34251.0 0.3
58001.0 0.3
58001.0 0.3
3626.0 0.3
3626.0 0.3
18563.5 0.3
18563.5 0.3
18563.5 0.3
18563.5 0.3
109313.5 0.3
109313.5 0.3
109313.5 0.3
109313.5 0.3
125813.5 0.3
125813.5 0.3
125813.5 0.3
125813.5 0.3
56751.0 0.3
56751.0 0.3
78751.0 0.3
78751.0 0.3
29501.0 0.3
29501.0 0.3
41751.0 0.3
41751.0 0.3
99313.5 0.3
99313.5 0.3
99313.5 0.3
9688.5 0.3
9688.5 0.3
10376.0 0.3
10376.0 0.3
10376.0 0.3
56626.0 0.3
56626.0 0.3
56626.0 0.3
56626.0 0.3
56626.0 0.3
14751.0 0.3
14751.0 0.3
2751.0 0.3
2751.0 0.3
62251.0 0.3
62251.0 0.3
42501.0 0.3
42501.0 0.3
27876.0 0.3
27876.0 0.3
27876.0 0.3
37126.0 0.3
37126.0 0.3
37126.0 0.3
37126.0 0.3
4126.0 0.3
4126.0 0.3
4126.0 0.3
4126.0 0.3
4813.5 0.3
4813.5 0.3
4813.5 0.3
93501.0 0.3
93501.0 0.3
56251.0 0.3
56251.0 0.3
126751.0 0.3
126751.0 0.3
102251.0 0.3
102251.0 0.3
67438.5 0.3
67438.5 0.3
67438.5 0.3
67438.5 0.3
67438.5 0.3
67438.5 0.3
125626.0 0.3
125626.0 0.3
125626.0 0.3
125626.0 0.3
125626.0 0.3
121001.0 0.3
121001.0 0.3
82251.0 0.3
82251.0 0.3
129501.0 0.3
129501.0 0.3
124251.0 0.3
124251.0 0.3
69001.0 0.3
69001.0 0.3
36001.0 0.3
36001.0 0.3
83751.0 0.3
83751.0 0.3
88001.0 0.3
88001.0 0.3
14751.0 0.3
14751.0 0.3
1751.0 0.3
1751.0 0.3
70751.0 0.3
70751.0 0.3
32250.999999999996 0.3
32250.999999999996 0.3
69063.5 0.3
69063.5 0.3
69063.5 0.3
69063.5 0.3
81938.5 0.3
81938.5 0.3
81938.5 0.3
81938.5 0.3
3079.125 0.3
3079.125 0.3
3079.125 0.3
3079.125 0.3
13563.5 0.3
13563.5 0.3
13563.5 0.3
37938.5 0.3
37938.5 0.3
37938.5 0.3
2313.5 0.3
2313.5 0.3
10501.0 0.3
10501.0 0.3
2047.875 0.3
2047.875 0.3
2547.875 0.3
2547.875 0.3
2547.875 0.3
83251.0 0.3
83251.0 0.3
104501.0 0.3
104501.0 0.3
43251.0 0.3
43251.0 0.3
69501.0 0.3
69501.0 0.3
111438.5 0.3
111438.5 0.3
111438.5 0.3
111438.5 0.3
25126.0 0.3
25126.0 0.3
25126.0 0.3
49126.0 0.3
49126.0 0.3
49126.0 0.3
114688.5 0.3
114688.5 0.3
114688.5 0.3
82876.0 0.3
82876.0 0.3
91251.0 0.3
91251.0 0.3
110001.0 0.3
110001.0 0.3
57251.0 0.3
57251.0 0.3
74251.0 0.3
74251.0 0.3
109126.0 0.3
109126.0 0.3
109126.0 0.3
6954.125 0.3
6954.125 0.3
6954.125 0.3
6954.125 0.3
33876.0 0.3
33876.0 0.3
33876.0 0.3
59438.5 0.3
59438.5 0.3
9751.0 0.3
9751.0 0.3
19001.0 0.3
19001.0 0.3
12501.0 0.3
12501.0 0.3
8000.999999999999 0.3
8000.999999999999 0.3
8000.999999999999 0.3
8000.999999999999 0.3
24251.0 0.3
24251.0 0.3
13501.0 0.3
13501.0 0.3
63001.0 0.3
63001.0 0.3
98001.0 0.3
98001.0 0.3
16001.000000000002 0.3
16001.000000000002 0.3
59001.0 0.3
59001.0 0.3
100501.0 0.3
100501.0 0.3
100501.0 0.3
100501.0 0.3
5751.0 0.3
5751.0 0.3
5751.0 0.3
5751.0 0.3
53001.0 0.3
53001.0 0.3
93001.0 0.3
93001.0 0.3
6001.0 0.3
6001.0 0.3
44001.0 0.3
44001.0 0.3
12876.0 0.3
12876.0 0.3
12876.0 0.3
12876.0 0.3
5501.0 0.3
5501.0 0.3
6001.0 0.3
6001.0 0.3
6001.0 0.3
4251.0 0.3
4251.0 0.3
6001.0 0.3
6001.0 0.3
75501.0 0.3
75501.0 0.3
67251.0 0.3
67251.0 0.3
99251.0 0.3
99251.0 0.3
99251.0 0.3
92251.0 0.3
92251.0 0.3
68813.5 0.3
68813.5 0.3
68813.5 0.3
68813.5 0.3
26501.0 0.3
26501.0 0.3
78251.0 0.3
78251.0 0.3
4251.0 0.3
4251.0 0.3
6751.0 0.3
6751.0 0.3
103751.0 0.3
103751.0 0.3
87501.0 0.3
87501.0 0.3
87501.0 0.3
36251.0 0.3
36251.0 0.3
36251.0 0.3
92001.0 0.3
92001.0 0.3
110001.0 0.3
110001.0 0.3
39001.0 0.3
39001.0 0.3
64001.00000000001 0.3
64001.00000000001 0.3
3876.0 0.3
3876.0 0.3
3876.0 0.3
3876.0 0.3
2188.5 0.3
2188.5 0.3
2188.5 0.3
2188.5 0.3
66251.0 0.3
66251.0 0.3
32750.999999999996 0.3
32750.999999999996 0.3
82501.0 0.3
82501.0 0.3
86251.0 0.3
86251.0 0.3
9751.0 0.3
9751.0 0.3
751.0 0.3
751.0 0.3
61751.0 0.3
61751.0 0.3
21251.0 0.3
21251.0 0.3
4313.5 0.3
4313.5 0.3
4313.5 0.3
4313.5 0.3
4001.0000000000005 0.3
4001.0000000000005 0.3
4251.0 0.3
4251.0 0.3
4251.0 0.3
2501.0 0.3
2501.0 0.3
4751.0 0.3
4751.0 0.3
2626.0 0.3
2626.0 0.3
2626.0 0.3
2626.0 0.3
1376.0 0.3
1376.0 0.3
1376.0 0.3
1376.0 0.3
65813.5 0.3
65813.5 0.3
65813.5 0.3
65063.50000000001 0.3
65063.50000000001 0.3
73251.0 0.3
73251.0 0.3
67751.0 0.3
67751.0 0.3
105001.0 0.3
105001.0 0.3
105001.0 0.3
105251.0 0.3
105251.0 0.3
105251.0 0.3
75938.5 0.3
75938.5 0.3
75938.5 0.3
75938.5 0.3
62313.5 0.3
62313.5 0.3
62376.0 0.3
62376.0 0.3
69813.5 0.3
69813.5 0.3
69813.5 0.3
67563.5 0.3
67563.5 0.3
67563.5 0.3
22001.0 0.3
22001.0 0.3
22001.0 0.3
78001.0 0.3
78001.0 0.3
103001.0 0.3
103001.0 0.3
16001.000000000002 0.3
16001.000000000002 0.3
36001.0 0.3
36001.0 0.3
9001.0 0.3
9001.0 0.3
8000.999999999999 0.3
8000.999999999999 0.3
8000.999999999999 0.3
82251.0 0.3
82251.0 0.3
82251.0 0.3
95751.0 0.3
95751.0 0.3
4751.0 0.3
4751.0 0.3
11501.0 0.3
11501.0 0.3
4251.0 0.3
4251.0 0.3
4251.0 0.3
16938.5 0.3
16938.5 0.3
16938.5 0.3
107001.0 0.3
107001.0 0.3
107501.0 0.3
107501.0 0.3
17001.0 0.3
17001.0 0.3
26751.0 0.3
26751.0 0.3
105001.0 0.3
105001.0 0.3
98501.0 0.3
98501.0 0.3
42251.0 0.3
42251.0 0.3
55001.0 0.3
55001.0 0.3
23438.5 0.3
23438.5 0.3
23438.5 0.3
21126.0 0.3
21126.0 0.3
21126.0 0.3
79876.0 0.3
79876.0 0.3
79876.0 0.3
76501.0 0.3
76501.0 0.3
76501.0 0.3
76501.0 0.3
102563.5 0.3
102563.5 0.3
84063.5 0.3
84063.5 0.3
47501.0 0.3
47501.0 0.3
24751.0 0.3
24751.0 0.3
74751.0 0.3
74751.0 0.3
72001.0 0.3
72001.0 0.3
5751.0 0.3
5751.0 0.3
3001.0 0.3
3001.0 0.3
52501.0 0.3
52501.0 0.3
30501.0 0.3
30501.0 0.3
79251.0 0.3
79251.0 0.3
79251.0 0.3
67376.0 0.3
67376.0 0.3
67376.0 0.3
88001.0 0.3
88001.0 0.3
107126.0 0.3
107126.0 0.3
34626.0 0.3
34626.0 0.3
54563.5 0.3
54563.5 0.3
84985.375 0.3
84985.375 0.3
84985.375 0.3
84985.375 0.3
84985.375 0.3
84985.375 0.3
3438.5 0.3
3438.5 0.3
3438.5 0.3
2251.0 0.3
2251.0 0.3
2251.0 0.3
55501.0 0.3
55501.0 0.3
55501.0 0.3
31751.0 0.3
31751.0 0.3
2501.0 0.3
2501.0 0.3
77751.0 0.3
77751.0 0.3
55751.0 0.3
55751.0 0.3
16813.5 0.3
16813.5 0.3
44938.5 0.3
44938.5 0.3
7626.0 0.3
7626.0 0.3
7626.0 0.3
2251.0 0.3
2251.0 0.3
76876.0 0.3
76876.0 0.3
73438.5 0.3
73438.5 0.3
73438.5 0.3
102813.5 0.3
102813.5 0.3
82813.5 0.3
82813.5 0.3
60001.0 0.3
60001.0 0.3
32000.999999999996 0.3
32000.999999999996 0.3
83126.0 0.3
83126.0 0.3
56938.5 0.3
56938.5 0.3
2141.625 0.3
2141.625 0.3
2141.625 0.3
2141.625 0.3
1985.375 0.3
1985.375 0.3
3532.25 0.3
3532.25 0.3
3532.25 0.3
1016.6249999999999 0.3
1016.6249999999999 0.3
1079.125 0.3
1079.125 0.3
1704.125 0.3
1704.125 0.3
2766.625 0.3
2766.625 0.3
2766.625 0.3
11001.0 0.3
11001.0 0.3
11001.0 0.3
11001.0 0.3
31251.0 0.3
31251.0 0.3
49688.5 0.3
49688.5 0.3
8876.0 0.3
8876.0 0.3
17188.5 0.3
17188.5 0.3
2016.625 0.3
2016.625 0.3
3282.25 0.3
3282.25 0.3
3282.25 0.3
76438.5 0.3
76438.5 0.3
96313.5 0.3
96313.5 0.3
31063.5 0.3
31063.5 0.3
50063.5 0.3
50063.5 0.3
105876.0 0.3
105876.0 0.3
97813.5 0.3
97813.5 0.3
73376.0 0.3
73376.0 0.3
92813.5 0.3
92813.5 0.3
5719.75 0.3
5719.75 0.3
5719.75 0.3
20016.625 0.3
20016.625 0.3
20016.625 0.3
20016.625 0.3
2137.71875 0.3
2137.71875 0.3
2137.71875 0.3
1891.625 0.3
1891.625 0.3
1891.625 0.3
1891.625 0.3
45961.9375 0.3
45961.9375 0.3
45961.9375 0.3
50399.4375 0.3
50399.4375 0.3
50399.4375 0.3
50399.4375 0.3
47098.65625 0.3
47098.65625 0.3
45422.875 0.3
45422.875 0.3
56001.0 0.3
56001.0 0.3
56001.0 0.3
56001.0 0.3
58501.0 0.3
58501.0 0.3
58501.0 0.3
58501.0 0.3
63001.0 0.3
63001.0 0.3
70501.0 0.3
70501.0 0.3
70501.0 0.3
70501.0 0.3
65251.00000000001 0.3
65251.00000000001 0.3
62501.0 0.3
62501.0 0.3
59626.0 0.3
59626.0 0.3
64563.50000000001 0.3
64563.50000000001 0.3
64563.50000000001 0.3
53016.625 0.3
53016.625 0.3
56985.375 0.3
56985.375 0.3
56985.375 0.3
56985.375 0.3
152001.0 0.3
152001.0 0.3
186001.0 0.3
186001.0 0.3
112001.0 0.3
112001.0 0.3
155001.0 0.3
155001.0 0.3
140751.0 0.3
140751.0 0.3
140751.0 0.3
78751.0 0.3
78751.0 0.3
78751.0 0.3
133501.0 0.3
133501.0 0.3
82251.0 0.3
82251.0 0.3
109251.0 0.3
109251.0 0.3
109251.0 0.3
111751.0 0.3
111751.0 0.3
112001.0 0.3
112001.0 0.3
69438.5 0.3
69438.5 0.3
69438.5 0.3
69438.5 0.3
123501.0 0.3
123501.0 0.3
153751.0 0.3
153751.0 0.3
86751.0 0.3
86751.0 0.3
158501.0 0.3
158501.0 0.3
158501.0 0.3
187001.0 0.3
187001.0 0.3
113251.0 0.3
113251.0 0.3
113251.0 0.3
170001.0 0.3
170001.0 0.3
131001.0 0.3
131001.0 0.3
75501.0 0.3
75501.0 0.3
75501.0 0.3
66001.0 0.3
66001.0 0.3
124001.0 0.3
124001.0 0.3
105001.0 0.3
105001.0 0.3
153001.0 0.3
153001.0 0.3
130251.0 0.3
130251.0 0.3
139751.0 0.3
139751.0 0.3
139751.0 0.3
139751.0 0.3
156126.0 0.3
156126.0 0.3
156126.0 0.3
156126.0 0.3
156126.0 0.3
156126.0 0.3
133501.0 0.3
133501.0 0.3
86251.0 0.3
86251.0 0.3
95751.0 0.3
95751.0 0.3
69251.0 0.3
69251.0 0.3
61876.0 0.3
61876.0 0.3
61876.0 0.3
63001.0 0.3
63001.0 0.3
63001.0 0.3
122001.0 0.3
122001.0 0.3
173001.0 0.3
173001.0 0.3
100001.0 0.3
100001.0 0.3
152001.0 0.3
152001.0 0.3
58001.0 0.3
58001.0 0.3
95251.0 0.3
95251.0 0.3
95251.0 0.3
54876.0 0.3
54876.0 0.3
67688.5 0.3
67688.5 0.3
67688.5 0.3
172501.0 0.3
172501.0 0.3
172501.0 0.3
112001.0 0.3
112001.0 0.3
144001.0 0.3
144001.0 0.3
82501.0 0.3
82501.0 0.3
63563.5 0.3
63563.5 0.3
63563.5 0.3
63563.5 0.3
87001.0 0.3
87001.0 0.3
87001.0 0.3
57688.5 0.3
57688.5 0.3
51618.1875 0.3
51618.1875 0.3
51618.1875 0.3
51618.1875 0.3
51618.1875 0.3
60016.625 0.3
60016.625 0.3
60016.625 0.3
64016.62500000001 0.3
64016.62500000001 0.3
64016.62500000001 0.3
60001.0 0.3
60001.0 0.3
65063.50000000001 0.3
65063.50000000001 0.3
42090.84375 0.3
42090.84375 0.3
43782.25 0.3
43782.25 0.3
43782.25 0.3
43782.25 0.3
48016.625 0.3
48016.625 0.3
48016.625 0.3
40516.625 0.3
40516.625 0.3
44532.25 0.3
44532.25 0.3
40751.0 0.3
40751.0 0.3
39985.375 0.3
39985.375 0.3
39985.375 0.3
49016.625 0.3
49016.625 0.3
48954.125 0.3
48954.125 0.3
47985.375 0.3
47985.375 0.3
51016.625 0.3
51016.625 0.3
51016.625 0.3
51016.625 0.3
60297.875 0.3
60297.875 0.3
60297.875 0.3
66766.625 0.3
66766.625 0.3
66766.625 0.3
56938.5 0.3
56938.5 0.3
68876.0 0.3
68876.0 0.3
57313.5 0.3
57313.5 0.3
90813.5 0.3
90813.5 0.3
90813.5 0.3
77376.0 0.3
77376.0 0.3
77376.0 0.3
58063.5 0.3
58063.5 0.3
122251.0 0.3
122251.0 0.3
74751.0 0.3
74751.0 0.3
123251.0 0.3
123251.0 0.3
94751.0 0.3
94751.0 0.3
61001.0 0.3
61001.0 0.3
61001.0 0.3
43938.5 0.3
43938.5 0.3
43938.5 0.3
43938.5 0.3
47438.5 0.3
47438.5 0.3
49876.0 0.3
49876.0 0.3
47251.0 0.3
47251.0 0.3
75251.0 0.3
75251.0 0.3
75251.0 0.3
38376.0 0.3
38376.0 0.3
41813.5 0.3
41813.5 0.3
33501.0 0.3
33501.0 0.3
53188.5 0.3
53188.5 0.3
53188.5 0.3
70126.0 0.3
70126.0 0.3
70126.0 0.3
102688.5 0.3
102688.5 0.3
102688.5 0.3
102688.5 0.3
77751.0 0.3
77751.0 0.3
98501.0 0.3
98501.0 0.3
101251.0 0.3
101251.0 0.3
123251.0 0.3
123251.0 0.3
133751.0 0.3
133751.0 0.3
162001.0 0.3
162001.0 0.3
167251.0 0.3
167251.0 0.3
188751.0 0.3
188751.0 0.3
76626.0 0.3
76626.0 0.3
76626.0 0.3
111563.5 0.3
111563.5 0.3
111563.5 0.3
105251.0 0.3
105251.0 0.3
116501.0 0.3
116501.0 0.3
123751.0 0.3
123751.0 0.3
83501.0 0.3
83501.0 0.3
103501.0 0.3
103501.0 0.3
108751.0 0.3
108751.0 0.3
40751.0 0.3
40751.0 0.3
53751.0 0.3
53751.0 0.3
121501.0 0.3
121501.0 0.3
121501.0 0.3
121501.0 0.3
72688.5 0.3
72688.5 0.3
72688.5 0.3
122751.0 0.3
122751.0 0.3
125501.0 0.3
125501.0 0.3
110251.0 0.3
110251.0 0.3
66751.0 0.3
66751.0 0.3
120501.0 0.3
120501.0 0.3
105251.0 0.3
105251.0 0.3
52001.0 0.3
52001.0 0.3
103501.0 0.3
103501.0 0.3
133001.0 0.3
133001.0 0.3
66751.0 0.3
66751.0 0.3
138751.0 0.3
138751.0 0.3
80501.0 0.3
80501.0 0.3
50251.0 0.3
50251.0 0.3
50251.0 0.3
50251.0 0.3
149251.0 0.3
149251.0 0.3
98751.0 0.3
98751.0 0.3
157251.0 0.3
157251.0 0.3
99501.0 0.3
99501.0 0.3
71063.5 0.3
71063.5 0.3
71063.5 0.3
55001.0 0.3
55001.0 0.3
55001.0 0.3
58563.5 0.3
58563.5 0.3
58563.5 0.3
58563.5 0.3
78563.5 0.3
78563.5 0.3
83938.5 0.3
83938.5 0.3
83938.5 0.3
178751.0 0.3
178751.0 0.3
178751.0 0.3
178751.0 0.3
94501.0 0.3
94501.0 0.3
151001.0 0.3
151001.0 0.3
108001.0 0.3
108001.0 0.3
105001.0 0.3
105001.0 0.3
74001.0 0.3
74001.0 0.3
64251.00000000001 0.3
64251.00000000001 0.3
64251.00000000001 0.3
69001.0 0.3
69001.0 0.3
69001.0 0.3
69001.0 0.3
70251.0 0.3
70251.0 0.3
70251.0 0.3
70001.0 0.3
70001.0 0.3
67751.0 0.3
67751.0 0.3
64001.00000000001 0.3
64001.00000000001 0.3
60251.0 0.3
60251.0 0.3
60251.0 0.3
57782.25 0.3
57782.25 0.3
57782.25 0.3
57782.25 0.3
60001.0 0.3
60001.0 0.3
60001.0 0.3
56438.5 0.3
56438.5 0.3
56501.0 0.3
56501.0 0.3
56188.5 0.3
56188.5 0.3
52485.375 0.3
52485.375 0.3
52485.375 0.3
51876.0 0.3
51876.0 0.3
51876.0 0.3
51876.0 0.3
54485.375 0.3
54485.375 0.3
54485.375 0.3
50563.5 0.3
50563.5 0.3
53032.25 0.3
53032.25 0.3
49922.875 0.3
49922.875 0.3
47450.21875 0.3
47450.21875 0.3
47450.21875 0.3
47364.28125 0.3
47364.28125 0.3
47364.28125 0.3
47364.28125 0.3
45766.625 0.3
45766.625 0.3
49063.5 0.3
49063.5 0.3
51485.375 0.3
51485.375 0.3
52469.75 0.3
52469.75 0.3
52469.75 0.3
48141.625 0.3
48141.625 0.3
54864.28125 0.3
54864.28125 0.3
54864.28125 0.3
54864.28125 0.3
50047.875 0.3
50047.875 0.3
50016.625 0.3
50016.625 0.3
51813.5 0.3
51813.5 0.3
51813.5 0.3
51813.5 0.3
48047.875 0.3
48047.875 0.3
45247.09375 0.3
45247.09375 0.3
45247.09375 0.3
50563.5 0.3
50563.5 0.3
50563.5 0.3
47251.0 0.3
47251.0 0.3
80001.0 0.3
80001.0 0.3
57001.0 0.3
57001.0 0.3
124751.0 0.3
124751.0 0.3
85251.0 0.3
85251.0 0.3
50126.0 0.3
50126.0 0.3
50126.0 0.3
45454.125 0.3
45454.125 0.3
45454.125 0.3
129001.0 0.3
129001.0 0.3
101001.0 0.3
101001.0 0.3
151501.0 0.3
151501.0 0.3
134501.0 0.3
134501.0 0.3
79063.5 0.3
79063.5 0.3
79063.5 0.3
168501.0 0.3
168501.0 0.3
169001.0 0.3
169001.0 0.3
176001.0 0.3
176001.0 0.3
196001.0 0.3
196001.0 0.3
119876.0 0.3
119876.0 0.3
119876.0 0.3
119876.0 0.3
45001.0 0.3
45001.0 0.3
45001.0 0.3
45001.0 0.3
42180.6875 0.3
42180.6875 0.3
42180.6875 0.3
42180.6875 0.3
43251.0 0.3
43251.0 0.3
53821.3125 0.3
53821.3125 0.3
53821.3125 0.3
50141.625 0.3
50141.625 0.3
54610.375 0.3
54610.375 0.3
54610.375 0.3
55774.4375 0.3
55774.4375 0.3
55774.4375 0.3
43735.375 0.3
43735.375 0.3
37094.75 0.3
37094.75 0.3
37094.75 0.3
43501.0 0.3
43501.0 0.3
46922.875 0.3
46922.875 0.3
46922.875 0.3
52911.15625 0.3
52911.15625 0.3
52911.15625 0.3
52911.15625 0.3
52911.15625 0.3
48016.625 0.3
48016.625 0.3
59751.0 0.3
59751.0 0.3
53047.875 0.3
53047.875 0.3
53047.875 0.3
63032.25 0.3
63032.25 0.3
63032.25 0.3
34938.5 0.3
34938.5 0.3
67063.5 0.3
67063.5 0.3
67063.5 0.3
44376.0 0.3
44376.0 0.3
65876.0 0.3
65876.0 0.3
65876.0 0.3
103001.0 0.3
103001.0 0.3
143501.0 0.3
143501.0 0.3
96251.0 0.3
96251.0 0.3
145001.0 0.3
145001.0 0.3
211876.0 0.3
211876.0 0.3
211876.0 0.3
211876.0 0.3
211876.0 0.3
211876.0 0.3
88001.0 0.3
88001.0 0.3
118751.0 0.3
118751.0 0.3
75751.0 0.3
75751.0 0.3
80751.0 0.3
80751.0 0.3
80751.0 0.3
217501.0 0.3
217501.0 0.3
217501.0 0.3
225001.0 0.3
225001.0 0.3
174001.0 0.3
174001.0 0.3
226001.0 0.3
226001.0 0.3
146001.0 0.3
146001.0 0.3
207001.0 0.3
207001.0 0.3
230501.0 0.3
230501.0 0.3
230501.0 0.3
59438.5 0.3
59438.5 0.3
60688.5 0.3
60688.5 0.3
60688.5 0.3
60188.5 0.3
60188.5 0.3
65563.5 0.3
65563.5 0.3
68001.0 0.3
68001.0 0.3
72501.0 0.3
72501.0 0.3
72501.0 0.3
65501.00000000001 0.3
65501.00000000001 0.3
65751.0 0.3
65751.0 0.3
115001.0 0.3
115001.0 0.3
183001.0 0.3
183001.0 0.3
104001.0 0.3
104001.0 0.3
166001.0 0.3
166001.0 0.3
226001.0 0.3
226001.0 0.3
226001.0 0.3
98501.0 0.3
98501.0 0.3
98501.0 0.3
210501.0 0.3
210501.0 0.3
210501.0 0.3
63376.0 0.3
63376.0 0.3
63376.0 0.3
63376.0 0.3
75501.0 0.3
75501.0 0.3
75501.0 0.3
165001.0 0.3
165001.0 0.3
218001.0 0.3
218001.0 0.3
147001.0 0.3
147001.0 0.3
198001.0 0.3
198001.0 0.3
69251.0 0.3
69251.0 0.3
143001.0 0.3
143001.0 0.3
143001.0 0.3
175251.0 0.3
175251.0 0.3
115251.0 0.3
115251.0 0.3
184751.0 0.3
184751.0 0.3
128751.0 0.3
128751.0 0.3
82688.5 0.3
82688.5 0.3
82688.5 0.3
192251.0 0.3
192251.0 0.3
141751.0 0.3
141751.0 0.3
198251.0 0.3
198251.0 0.3
150751.0 0.3
150751.0 0.3
102563.5 0.3
102563.5 0.3
102563.5 0.3
83188.5 0.3
83188.5 0.3
93813.5 0.3
93813.5 0.3
93813.5 0.3
86063.5 0.3
86063.5 0.3
119063.5 0.3
119063.5 0.3
119063.5 0.3
119063.5 0.3
194376.0 0.3
194376.0 0.3
194376.0 0.3
194376.0 0.3
194376.0 0.3
109438.5 0.3
109438.5 0.3
109438.5 0.3
193251.0 0.3
193251.0 0.3
193251.0 0.3
163001.0 0.3
163001.0 0.3
136001.0 0.3
136001.0 0.3
123751.0 0.3
123751.0 0.3
119001.0 0.3
119001.0 0.3
82001.0 0.3
82001.0 0.3
91001.0 0.3
91001.0 0.3
76501.0 0.3
76501.0 0.3
76501.0 0.3
95751.0 0.3
95751.0 0.3
95751.0 0.3
95751.0 0.3
107251.0 0.3
107251.0 0.3
150751.0 0.3
150751.0 0.3
99751.0 0.3
99751.0 0.3
140751.0 0.3
140751.0 0.3
110751.0 0.3
110751.0 0.3
110751.0 0.3
116501.0 0.3
116501.0 0.3
82001.0 0.3
82001.0 0.3
153001.0 0.3
153001.0 0.3
82001.0 0.3
82001.0 0.3
153001.0 0.3
153001.0 0.3
140501.0 0.3
140501.0 0.3
140501.0 0.3
94001.0 0.3
94001.0 0.3
141501.0 0.3
141501.0 0.3
87251.0 0.3
87251.0 0.3
126251.0 0.3
126251.0 0.3
66001.0 0.3
66001.0 0.3
66001.0 0.3
66001.0 0.3
69126.0 0.3
69126.0 0.3
69126.0 0.3
70751.0 0.3
70751.0 0.3
131001.0 0.3
131001.0 0.3
69751.0 0.3
69751.0 0.3
122751.0 0.3
122751.0 0.3
69813.5 0.3
69813.5 0.3
88626.0 0.3
88626.0 0.3
88626.0 0.3
69501.0 0.3
69501.0 0.3
57485.375 0.3
57485.375 0.3
57485.375 0.3
94313.5 0.3
94313.5 0.3
94313.5 0.3
94313.5 0.3
64001.00000000001 0.3
64001.00000000001 0.3
64001.00000000001 0.3
64001.00000000001 0.3
58563.5 0.3
58563.5 0.3
53251.0 0.3
53251.0 0.3
110501.0 0.3
110501.0 0.3
110501.0 0.3
121001.0 0.3
121001.0 0.3
98751.0 0.3
98751.0 0.3
106501.0 0.3
106501.0 0.3
78688.5 0.3
78688.5 0.3
78688.5 0.3
78688.5 0.3
78688.5 0.3
75438.5 0.3
75438.5 0.3
75438.5 0.3
56376.0 0.3
56376.0 0.3
56376.0 0.3
42688.5 0.3
42688.5 0.3
42688.5 0.3
49516.625 0.3
49516.625 0.3
49516.625 0.3
49516.625 0.3
41516.625 0.3
41516.625 0.3
44016.625 0.3
44016.625 0.3
44016.625 0.3
44016.625 0.3
39438.5 0.3
39438.5 0.3
39438.5 0.3
34876.0 0.3
34876.0 0.3
42438.5 0.3
42438.5 0.3
37626.0 0.3
37626.0 0.3
39063.5 0.3
39063.5 0.3
39063.5 0.3
55313.5 0.3
55313.5 0.3
60438.5 0.3
60438.5 0.3
61626.0 0.3
61626.0 0.3
60438.5 0.3
60438.5 0.3
60438.5 0.3
65001.00000000001 0.3
65001.00000000001 0.3
66063.5 0.3
66063.5 0.3
64626.00000000001 0.3
64626.00000000001 0.3
64626.00000000001 0.3
79001.0 0.3
79001.0 0.3
56938.5 0.3
56938.5 0.3
56938.5 0.3
56938.5 0.3
62001.0 0.3
62001.0 0.3
63251.0 0.3
63251.0 0.3
60751.0 0.3
60751.0 0.3
60751.0 0.3
74501.0 0.3
74501.0 0.3
36251.0 0.3
36251.0 0.3
54251.0 0.3
54251.0 0.3
54251.0 0.3
54251.0 0.3
43751.0 0.3
43751.0 0.3
43751.0 0.3
63001.0 0.3
63001.0 0.3
100001.0 0.3
100001.0 0.3
85001.0 0.3
85001.0 0.3
137001.0 0.3
137001.0 0.3
76001.0 0.3
76001.0 0.3
89001.0 0.3
89001.0 0.3
104001.0 0.3
104001.0 0.3
149001.0 0.3
149001.0 0.3
157501.0 0.3
157501.0 0.3
157501.0 0.3
157501.0 0.3
157501.0 0.3
186001.0 0.3
186001.0 0.3
186001.0 0.3
186001.0 0.3
186001.0 0.3
186001.0 0.3
183001.0 0.3
183001.0 0.3
120001.0 0.3
120001.0 0.3
147001.0 0.3
147001.0 0.3
79001.0 0.3
79001.0 0.3
63751.0 0.3
63751.0 0.3
81251.0 0.3
81251.0 0.3
118001.0 0.3
118001.0 0.3
118001.0 0.3
107751.0 0.3
107751.0 0.3
54563.5 0.3
54563.5 0.3
54563.5 0.3
166001.0 0.3
166001.0 0.3
133001.0 0.3
133001.0 0.3
126001.0 0.3
126001.0 0.3
76001.0 0.3
76001.0 0.3
43251.0 0.3
43251.0 0.3
43251.0 0.3
44501.0 0.3
44501.0 0.3
44501.0 0.3
44501.0 0.3
29501.0 0.3
29501.0 0.3
32188.499999999996 0.3
32188.499999999996 0.3
32188.499999999996 0.3
36516.625 0.3
36516.625 0.3
36516.625 0.3
36376.0 0.3
36376.0 0.3
42751.0 0.3
42751.0 0.3
42751.0 0.3
37688.5 0.3
37688.5 0.3
41251.0 0.3
41251.0 0.3
33469.75 0.3
33469.75 0.3
37954.125 0.3
37954.125 0.3
37954.125 0.3
46251.0 0.3
46251.0 0.3
46251.0 0.3
87001.0 0.3
87001.0 0.3
156001.0 0.3
156001.0 0.3
84001.0 0.3
84001.0 0.3
141001.0 0.3
141001.0 0.3
53251.0 0.3
53251.0 0.3
86751.0 0.3
86751.0 0.3
86751.0 0.3
186001.0 0.3
186001.0 0.3
173001.0 0.3
173001.0 0.3
142001.0 0.3
142001.0 0.3
106001.0 0.3
106001.0 0.3
66251.0 0.3
66251.0 0.3
66251.0 0.3
66251.0 0.3
70251.0 0.3
70251.0 0.3
70251.0 0.3
37001.0 0.3
37001.0 0.3
57001.0 0.3
57001.0 0.3
57001.0 0.3
37938.5 0.3
37938.5 0.3
37938.5 0.3
32876.0 0.3
32876.0 0.3
32876.0 0.3
32876.0 0.3
33438.5 0.3
33438.5 0.3
34938.5 0.3
34938.5 0.3
34813.5 0.3
34813.5 0.3
38532.25 0.3
38532.25 0.3
38532.25 0.3
35032.25 0.3
35032.25 0.3
35032.25 0.3
54704.125 0.3
54704.125 0.3
54704.125 0.3
40016.625 0.3
40016.625 0.3
33954.125 0.3
33954.125 0.3
33954.125 0.3
40969.75 0.3
40969.75 0.3
37501.0 0.3
37501.0 0.3
48938.5 0.3
48938.5 0.3
41501.0 0.3
41501.0 0.3
41501.0 0.3
49704.125 0.3
49704.125 0.3
49704.125 0.3
36001.0 0.3
36001.0 0.3
36001.0 0.3
53985.375 0.3
53985.375 0.3
53985.375 0.3
41047.875 0.3
41047.875 0.3
63969.75 0.3
63969.75 0.3
63969.75 0.3
59563.5 0.3
59563.5 0.3
57063.5 0.3
57063.5 0.3
75938.5 0.3
75938.5 0.3
72563.5 0.3
72563.5 0.3
72563.5 0.3
50376.0 0.3
50376.0 0.3
50376.0 0.3
61001.0 0.3
61001.0 0.3
103751.0 0.3
103751.0 0.3
49001.0 0.3
49001.0 0.3
119251.0 0.3
119251.0 0.3
76501.0 0.3
76501.0 0.3
55626.0 0.3
55626.0 0.3
55626.0 0.3
76876.0 0.3
76876.0 0.3
73563.5 0.3
73563.5 0.3
73563.5 0.3
78251.0 0.3
78251.0 0.3
87626.0 0.3
87626.0 0.3
68001.0 0.3
68001.0 0.3
106751.0 0.3
106751.0 0.3
45001.0 0.3
45001.0 0.3
78001.0 0.3
78001.0 0.3
89188.5 0.3
89188.5 0.3
89188.5 0.3
96001.0 0.3
96001.0 0.3
96001.0 0.3
75376.0 0.3
75376.0 0.3
179501.0 0.3
179501.0 0.3
231251.0 0.3
231251.0 0.3
177001.0 0.3
177001.0 0.3
241251.0 0.3
241251.0 0.3
160251.0 0.3
160251.0 0.3
120751.0 0.3
120751.0 0.3
195501.0 0.3
195501.0 0.3
113501.0 0.3
113501.0 0.3
188001.0 0.3
188001.0 0.3
236501.0 0.3
236501.0 0.3
191501.0 0.3
191501.0 0.3
231001.0 0.3
231001.0 0.3
218751.0 0.3
218751.0 0.3
97501.0 0.3
97501.0 0.3
207501.0 0.3
207501.0 0.3
207501.0 0.3
106251.0 0.3
106251.0 0.3
69688.5 0.3
69688.5 0.3
69688.5 0.3
38063.5 0.3
38063.5 0.3
72938.5 0.3
72938.5 0.3
72938.5 0.3
47626.0 0.3
47626.0 0.3
201751.0 0.3
201751.0 0.3
230001.0 0.3
230001.0 0.3
230001.0 0.3
202751.0 0.3
202751.0 0.3
234501.0 0.3
234501.0 0.3
234501.0 0.3
211001.0 0.3
211001.0 0.3
153001.0 0.3
153001.0 0.3
202001.0 0.3
202001.0 0.3
134001.0 0.3
134001.0 0.3
81751.0 0.3
81751.0 0.3
81751.0 0.3
183001.0 0.3
183001.0 0.3
109001.0 0.3
109001.0 0.3
155001.0 0.3
155001.0 0.3
85001.0 0.3
85001.0 0.3
71251.0 0.3
71251.0 0.3
71251.0 0.3
189751.0 0.3
189751.0 0.3
223001.0 0.3
223001.0 0.3
173751.0 0.3
173751.0 0.3
199001.0 0.3
199001.0 0.3
96501.0 0.3
96501.0 0.3
96501.0 0.3
73251.0 0.3
73251.0 0.3
89251.0 0.3
89251.0 0.3
72501.0 0.3
72501.0 0.3
67938.5 0.3
67938.5 0.3
67938.5 0.3
58313.5 0.3
58313.5 0.3
65938.5 0.3
65938.5 0.3
65938.5 0.3
63001.0 0.3
63001.0 0.3
38188.5 0.3
38188.5 0.3
38188.5 0.3
40501.0 0.3
40501.0 0.3
44719.75 0.3
44719.75 0.3
44719.75 0.3
43454.125 0.3
43454.125 0.3
154001.0 0.3
154001.0 0.3
174501.0 0.3
174501.0 0.3
112001.0 0.3
112001.0 0.3
152251.0 0.3
152251.0 0.3
73438.5 0.3
73438.5 0.3
73438.5 0.3
73438.5 0.3
72751.0 0.3
72751.0 0.3
122501.0 0.3
122501.0 0.3
52001.0 0.3
52001.0 0.3
81001.0 0.3
81001.0 0.3
84438.5 0.3
84438.5 0.3
84438.5 0.3
84438.5 0.3
66719.75 0.3
66719.75 0.3
66719.75 0.3
66719.75 0.3
66719.75 0.3
43688.5 0.3
43688.5 0.3
43688.5 0.3
43688.5 0.3
94001.0 0.3
94001.0 0.3
81001.0 0.3
81001.0 0.3
56001.0 0.3
56001.0 0.3
88251.0 0.3
88251.0 0.3
44563.5 0.3
44563.5 0.3
41813.5 0.3
41813.5 0.3
41813.5 0.3
68126.0 0.3
68126.0 0.3
68126.0 0.3
68188.5 0.3
68188.5 0.3
79876.0 0.3
79876.0 0.3
69626.0 0.3
69626.0 0.3
59235.375 0.3
59235.375 0.3
44032.25 0.3
44032.25 0.3
65969.75 0.3
65969.75 0.3
65969.75 0.3
53032.25 0.3
53032.25 0.3
53032.25 0.3
56329.125 0.3
56329.125 0.3
56329.125 0.3
54946.3125 0.3
54946.3125 0.3
54946.3125 0.3
54946.3125 0.3
55301.78125 0.3
55301.78125 0.3
55301.78125 0.3
55301.78125 0.3
55301.78125 0.3
54032.25 0.3
54032.25 0.3
53282.25 0.3
53282.25 0.3
43532.25 0.3
43532.25 0.3
61001.0 0.3
61001.0 0.3
61001.0 0.3
39516.625 0.3
39516.625 0.3
39516.625 0.3
52547.875 0.3
52547.875 0.3
52547.875 0.3
40001.0 0.3
40001.0 0.3
35266.625 0.3
35266.625 0.3
35266.625 0.3
67969.75 0.3
67969.75 0.3
67969.75 0.3
67969.75 0.3
62063.5 0.3
62063.5 0.3
59876.0 0.3
59876.0 0.3
65063.50000000001 0.3
65063.50000000001 0.3
65063.50000000001 0.3
63126.0 0.3
63126.0 0.3
43751.0 0.3
43751.0 0.3
73938.5 0.3
73938.5 0.3
73938.5 0.3
73938.5 0.3
34688.5 0.3
34688.5 0.3
34688.5 0.3
45501.0 0.3
45501.0 0.3
95251.0 0.3
95251.0 0.3
33001.0 0.3
33001.0 0.3
45001.0 0.3
45001.0 0.3
45001.0 0.3
68751.0 0.3
68751.0 0.3
63001.0 0.3
63001.0 0.3
68251.0 0.3
68251.0 0.3
64001.00000000001 0.3
64001.00000000001 0.3
64001.00000000001 0.3
66938.5 0.3
66938.5 0.3
66938.5 0.3
66938.5 0.3
145251.0 0.3
145251.0 0.3
145251.0 0.3
145251.0 0.3
81001.0 0.3
81001.0 0.3
69001.0 0.3
69001.0 0.3
151001.0 0.3
151001.0 0.3
106001.0 0.3
106001.0 0.3
134001.0 0.3
134001.0 0.3
186001.0 0.3
186001.0 0.3
76001.0 0.3
76001.0 0.3
139001.0 0.3
139001.0 0.3
189251.0 0.3
189251.0 0.3
189251.0 0.3
189251.0 0.3
189251.0 0.3
189251.0 0.3
65501.00000000001 0.3
65501.00000000001 0.3
65501.00000000001 0.3
65501.00000000001 0.3
62251.0 0.3
62251.0 0.3
100001.0 0.3
100001.0 0.3
74001.0 0.3
74001.0 0.3
160001.0 0.3
160001.0 0.3
110001.0 0.3
110001.0 0.3
55751.0 0.3
55751.0 0.3
55751.0 0.3
60001.0 0.3
60001.0 0.3
60001.0 0.3
38532.25 0.3
38532.25 0.3
38532.25 0.3
69532.25 0.3
69532.25 0.3
69532.25 0.3
45985.375 0.3
45985.375 0.3
30501.0 0.3
30501.0 0.3
33188.5 0.3
33188.5 0.3
33188.5 0.3
33188.5 0.3
31876.0 0.3
31876.0 0.3
32438.499999999996 0.3
32438.499999999996 0.3
43751.0 0.3
43751.0 0.3
43751.0 0.3
43751.0 0.3
135001.0 0.3
135001.0 0.3
193001.0 0.3
193001.0 0.3
79001.0 0.3
79001.0 0.3
138001.0 0.3
138001.0 0.3
32500.999999999996 0.3
32500.999999999996 0.3
52751.0 0.3
52751.0 0.3
52751.0 0.3
169251.0 0.3
169251.0 0.3
169251.0 0.3
169251.0 0.3
78251.0 0.3
78251.0 0.3
91251.0 0.3
91251.0 0.3
73001.0 0.3
73001.0 0.3
34751.0 0.3
34751.0 0.3
34751.0 0.3
50126.0 0.3
50126.0 0.3
50126.0 0.3
36938.5 0.3
36938.5 0.3
36938.5 0.3
34985.375 0.3
34985.375 0.3
34985.375 0.3
49282.25 0.3
49282.25 0.3
49282.25 0.3
49282.25 0.3
41547.875 0.3
41547.875 0.3
57376.0 0.3
57376.0 0.3
38126.0 0.3
38126.0 0.3
44001.0 0.3
44001.0 0.3
44001.0 0.3
38438.5 0.3
38438.5 0.3
38235.375 0.3
38235.375 0.3
38235.375 0.3
48532.25 0.3
48532.25 0.3
48532.25 0.3
65751.0 0.3
65751.0 0.3
75501.0 0.3
75501.0 0.3
75501.0 0.3
69751.0 0.3
69751.0 0.3
69751.0 0.3
82501.0 0.3
82501.0 0.3
115751.0 0.3
115751.0 0.3
123751.0 0.3
123751.0 0.3
138001.0 0.3
138001.0 0.3
51485.375 0.3
51485.375 0.3
51485.375 0.3
75501.0 0.3
75501.0 0.3
75501.0 0.3
148751.0 0.3
148751.0 0.3
103251.0 0.3
103251.0 0.3
89001.0 0.3
89001.0 0.3
76251.0 0.3
76251.0 0.3
66563.5 0.3
66563.5 0.3
71438.5 0.3
71438.5 0.3
71438.5 0.3
48938.5 0.3
48938.5 0.3
48938.5 0.3
34438.5 0.3
34438.5 0.3
50688.5 0.3
50688.5 0.3
38001.0 0.3
38001.0 0.3
34501.0 0.3
34501.0 0.3
34501.0 0.3
38719.75 0.3
38719.75 0.3
38719.75 0.3
34954.125 0.3
34954.125 0.3
42985.375 0.3
42985.375 0.3
52547.875 0.3
52547.875 0.3
52547.875 0.3
36938.5 0.3
36938.5 0.3
39969.75 0.3
39969.75 0.3
72797.875 0.3
72797.875 0.3
72797.875 0.3
72797.875 0.3
61563.5 0.3
61563.5 0.3
56563.5 0.3
56563.5 0.3
74626.0 0.3
74626.0 0.3
74626.0 0.3
62063.5 0.3
62063.5 0.3
60876.0 0.3
60876.0 0.3
75876.0 0.3
75876.0 0.3
75876.0 0.3
65813.5 0.3
65813.5 0.3
73563.5 0.3
73563.5 0.3
73563.5 0.3
128251.0 0.3
128251.0 0.3
100251.0 0.3
100251.0 0.3
124001.0 0.3
124001.0 0.3
98251.0 0.3
98251.0 0.3
66626.0 0.3
66626.0 0.3
66626.0 0.3
66626.0 0.3
83501.0 0.3
83501.0 0.3
31751.0 0.3
31751.0 0.3
141501.0 0.3
141501.0 0.3
138501.0 0.3
138501.0 0.3
90751.0 0.3
90751.0 0.3
83251.0 0.3
83251.0 0.3
163001.0 0.3
163001.0 0.3
127001.0 0.3
127001.0 0.3
48985.375 0.3
48985.375 0.3
48985.375 0.3
48985.375 0.3
49501.0 0.3
49501.0 0.3
59126.0 0.3
59126.0 0.3
48313.5 0.3
48313.5 0.3
58501.0 0.3
58501.0 0.3
58501.0 0.3
58501.0 0.3
56438.5 0.3
56438.5 0.3
47969.75 0.3
47969.75 0.3
47969.75 0.3
47969.75 0.3
66454.125 0.3
66454.125 0.3
66454.125 0.3
66454.125 0.3
98501.0 0.3
98501.0 0.3
98501.0 0.3
98501.0 0.3
140501.0 0.3
140501.0 0.3
156251.0 0.3
156251.0 0.3
91751.0 0.3
91751.0 0.3
123001.0 0.3
123001.0 0.3
72188.5 0.3
72188.5 0.3
75626.0 0.3
75626.0 0.3
75626.0 0.3
59516.625 0.3
59516.625 0.3
64969.75000000001 0.3
64969.75000000001 0.3
64969.75000000001 0.3
64969.75000000001 0.3
96001.0 0.3
96001.0 0.3
46751.0 0.3
46751.0 0.3
138501.0 0.3
138501.0 0.3
73251.0 0.3
73251.0 0.3
53876.0 0.3
53876.0 0.3
53876.0 0.3
53876.0 0.3
108938.5 0.3
108938.5 0.3
108938.5 0.3
108938.5 0.3
63501.0 0.3
63501.0 0.3
52501.0 0.3
52501.0 0.3
98751.0 0.3
98751.0 0.3
60501.0 0.3
60501.0 0.3
54751.0 0.3
54751.0 0.3
48938.5 0.3
48938.5 0.3
59126.0 0.3
59126.0 0.3
59126.0 0.3
53251.0 0.3
53251.0 0.3
75126.0 0.3
75126.0 0.3
75126.0 0.3
121251.0 0.3
121251.0 0.3
77501.0 0.3
77501.0 0.3
98751.0 0.3
98751.0 0.3
104501.0 0.3
104501.0 0.3
71688.5 0.3
71688.5 0.3
84813.5 0.3
84813.5 0.3
84813.5 0.3
59751.0 0.3
59751.0 0.3
59751.0 0.3
58438.5 0.3
58438.5 0.3
71876.0 0.3
71876.0 0.3
62001.0 0.3
62001.0 0.3
69485.375 0.3
69485.375 0.3
55454.125 0.3
55454.125 0.3
55516.625 0.3
55516.625 0.3
72985.375 0.3
72985.375 0.3
72985.375 0.3
43704.125 0.3
43704.125 0.3
44485.375 0.3
44485.375 0.3
51516.625 0.3
51516.625 0.3
51516.625 0.3
42704.125 0.3
42704.125 0.3
49782.25 0.3
49782.25 0.3
49782.25 0.3
49782.25 0.3
60063.5 0.3
60063.5 0.3
86626.0 0.3
86626.0 0.3
86626.0 0.3
54188.5 0.3
54188.5 0.3
54188.5 0.3
60751.0 0.3
60751.0 0.3
121251.0 0.3
121251.0 0.3
56751.0 0.3
56751.0 0.3
86001.0 0.3
86001.0 0.3
48485.375 0.3
48485.375 0.3
48485.375 0.3
48485.375 0.3
48485.375 0.3
50938.5 0.3
50938.5 0.3
58001.0 0.3
58001.0 0.3
58001.0 0.3
58001.0 0.3
45626.0 0.3
45626.0 0.3
51501.0 0.3
51501.0 0.3
63688.5 0.3
63688.5 0.3
63688.5 0.3
57938.5 0.3
57938.5 0.3
115251.0 0.3
115251.0 0.3
68001.0 0.3
68001.0 0.3
142501.0 0.3
142501.0 0.3
104501.0 0.3
104501.0 0.3
68001.0 0.3
68001.0 0.3
68001.0 0.3
68001.0 0.3
52469.75 0.3
52469.75 0.3
52469.75 0.3
52469.75 0.3
97001.0 0.3
97001.0 0.3
137751.0 0.3
137751.0 0.3
58501.0 0.3
58501.0 0.3
97251.0 0.3
97251.0 0.3
98501.0 0.3
98501.0 0.3
72001.0 0.3
72001.0 0.3
123001.0 0.3
123001.0 0.3
105501.0 0.3
105501.0 0.3
59063.5 0.3
59063.5 0.3
59063.5 0.3
77626.0 0.3
77626.0 0.3
77626.0 0.3
67376.0 0.3
67376.0 0.3
67376.0 0.3
62438.5 0.3
62438.5 0.3
62438.5 0.3
100313.5 0.3
100313.5 0.3
100313.5 0.3
67001.0 0.3
67001.0 0.3
62501.0 0.3
62501.0 0.3
115251.0 0.3
115251.0 0.3
82751.0 0.3
82751.0 0.3
60735.375 0.3
60735.375 0.3
71969.75 0.3
71969.75 0.3
71969.75 0.3
59501.0 0.3
59501.0 0.3
76032.25 0.3
76032.25 0.3
76032.25 0.3
72188.5 0.3
72188.5 0.3
72876.0 0.3
72876.0 0.3
72876.0 0.3
82751.0 0.3
82751.0 0.3
82751.0 0.3
93501.0 0.3
93501.0 0.3
59501.0 0.3
59501.0 0.3
116501.0 0.3
116501.0 0.3
67001.0 0.3
67001.0 0.3
96501.0 0.3
96501.0 0.3
96501.0 0.3
65126.00000000001 0.3
65126.00000000001 0.3
65126.00000000001 0.3
116251.0 0.3
116251.0 0.3
130251.0 0.3
130251.0 0.3
93251.0 0.3
93251.0 0.3
166251.0 0.3
166251.0 0.3
75751.0 0.3
75751.0 0.3
67251.0 0.3
67251.0 0.3
104501.0 0.3
104501.0 0.3
72001.0 0.3
72001.0 0.3
75376.0 0.3
75376.0 0.3
75376.0 0.3
124001.0 0.3
124001.0 0.3
86751.0 0.3
86751.0 0.3
106001.0 0.3
106001.0 0.3
103001.0 0.3
103001.0 0.3
73876.0 0.3
73876.0 0.3
94063.5 0.3
94063.5 0.3
94063.5 0.3
69501.0 0.3
69501.0 0.3
139751.0 0.3
139751.0 0.3
54251.0 0.3
54251.0 0.3
96751.0 0.3
96751.0 0.3
113938.5 0.3
113938.5 0.3
113938.5 0.3
113938.5 0.3
73063.5 0.3
73063.5 0.3
73063.5 0.3
91938.5 0.3
91938.5 0.3
59438.5 0.3
59438.5 0.3
70251.0 0.3
70251.0 0.3
59235.375 0.3
59235.375 0.3
75001.0 0.3
75001.0 0.3
75001.0 0.3
78016.625 0.3
78016.625 0.3
78016.625 0.3
77266.625 0.3
77266.625 0.3
77266.625 0.3
77266.625 0.3
90485.375 0.3
90485.375 0.3
90485.375 0.3
72563.5 0.3
72563.5 0.3
58438.5 0.3
58438.5 0.3
51813.5 0.3
51813.5 0.3
61688.5 0.3
61688.5 0.3
61688.5 0.3
58188.5 0.3
58188.5 0.3
49532.25 0.3
49532.25 0.3
49532.25 0.3
49532.25 0.3
49532.25 0.3
91063.5 0.3
91063.5 0.3
66126.0 0.3
66126.0 0.3
66126.0 0.3
77126.0 0.3
77126.0 0.3
77126.0 0.3
119751.0 0.3
119751.0 0.3
115251.0 0.3
115251.0 0.3
67751.0 0.3
67751.0 0.3
102751.0 0.3
102751.0 0.3
58751.0 0.3
58751.0 0.3
58751.0 0.3
55688.5 0.3
55688.5 0.3
86001.0 0.3
86001.0 0.3
61751.0 0.3
61751.0 0.3
123001.0 0.3
123001.0 0.3
119001.0 0.3
119001.0 0.3
66126.0 0.3
66126.0 0.3
66126.0 0.3
53454.125 0.3
53454.125 0.3
53454.125 0.3
53454.125 0.3
64688.50000000001 0.3
64688.50000000001 0.3
82126.0 0.3
82126.0 0.3
82126.0 0.3
57626.0 0.3
57626.0 0.3
61376.0 0.3
61376.0 0.3
53751.0 0.3
53751.0 0.3
53751.0 0.3
54501.0 0.3
54501.0 0.3
54501.0 0.3
77001.0 0.3
77001.0 0.3
69001.0 0.3
69001.0 0.3
69001.0 0.3
63501.0 0.3
63501.0 0.3
66688.5 0.3
66688.5 0.3
82501.0 0.3
82501.0 0.3
82501.0 0.3
98876.0 0.3
98876.0 0.3
76313.5 0.3
76313.5 0.3
86376.0 0.3
86376.0 0.3
59719.75 0.3
59719.75 0.3
59719.75 0.3
66563.5 0.3
66563.5 0.3
66563.5 0.3
66563.5 0.3
70829.125 0.3
70829.125 0.3
70829.125 0.3
59969.75 0.3
59969.75 0.3
59969.75 0.3
72532.25 0.3
72532.25 0.3
72532.25 0.3
76235.375 0.3
76235.375 0.3
76235.375 0.3
76235.375 0.3
59922.875 0.3
59922.875 0.3
65985.375 0.3
65985.375 0.3
65985.375 0.3
47485.375 0.3
47485.375 0.3
53454.125 0.3
53454.125 0.3
53454.125 0.3
64688.50000000001 0.3
64688.50000000001 0.3
75188.5 0.3
75188.5 0.3
75188.5 0.3
62126.0 0.3
62126.0 0.3
69876.0 0.3
69876.0 0.3
69876.0 0.3
40251.0 0.3
40251.0 0.3
2501.0 0.3
2501.0 0.3
53251.0 0.3
53251.0 0.3
4251.0 0.3
4251.0 0.3
688.5 0.3
688.5 0.3
688.5 0.3
65501.00000000001 0.3
65501.00000000001 0.3
8000.999999999999 0.3
8000.999999999999 0.3
72501.0 0.3
72501.0 0.3
8751.0 0.3
8751.0 0.3
1688.5 0.3
1688.5 0.3
1688.5 0.3
62501.0 0.3
62501.0 0.3
68126.0 0.3
68126.0 0.3
68126.0 0.3
62251.0 0.3
62251.0 0.3
68126.0 0.3
68126.0 0.3
68126.0 0.3
81001.0 0.3
81001.0 0.3
11251.0 0.3
11251.0 0.3
78001.0 0.3
78001.0 0.3
9251.0 0.3
9251.0 0.3
1188.5 0.3
1188.5 0.3
1188.5 0.3
75501.0 0.3
75501.0 0.3
6751.0 0.3
6751.0 0.3
65001.00000000001 0.3
65001.00000000001 0.3
4501.0 0.3
4501.0 0.3
2063.5 0.3
2063.5 0.3
2063.5 0.3
46063.5 0.3
46063.5 0.3
46063.5 0.3
56516.625 0.3
56516.625 0.3
56516.625 0.3
59001.0 0.3
59001.0 0.3
54001.0 0.3
54001.0 0.3
63126.0 0.3
63126.0 0.3
63126.0 0.3
59751.0 0.3
59751.0 0.3
54969.75 0.3
54969.75 0.3
54969.75 0.3
54969.75 0.3
54969.75 0.3
63938.5 0.3
63938.5 0.3
71251.0 0.3
71251.0 0.3
71251.0 0.3
66813.5 0.3
66813.5 0.3
81938.5 0.3
81938.5 0.3
60501.0 0.3
60501.0 0.3
2251.0 0.3
2251.0 0.3
48251.0 0.3
48251.0 0.3
1501.0 0.3
1501.0 0.3
3688.5 0.3
3688.5 0.3
3688.5 0.3
14313.5 0.3
14313.5 0.3
14313.5 0.3
18313.5 0.3
18313.5 0.3
65626.0 0.3
65626.0 0.3
73126.0 0.3
73126.0 0.3
73126.0 0.3
67188.5 0.3
67188.5 0.3
67188.5 0.3
78501.0 0.3
78501.0 0.3
62001.0 0.3
62001.0 0.3
81751.0 0.3
81751.0 0.3
41251.0 0.3
41251.0 0.3
6063.5 0.3
6063.5 0.3
8251.0 0.3
8251.0 0.3
1438.5 0.3
1438.5 0.3
1438.5 0.3
8626.0 0.3
8626.0 0.3
15376.0 0.3
15376.0 0.3
15376.0 0.3
7751.0 0.3
7751.0 0.3
7751.0 0.3
54001.0 0.3
54001.0 0.3
127001.0 0.3
127001.0 0.3
56001.0 0.3
56001.0 0.3
131001.0 0.3
131001.0 0.3
6501.0 0.3
6501.0 0.3
6501.0 0.3
59001.0 0.3
59001.0 0.3
132001.0 0.3
132001.0 0.3
60001.0 0.3
60001.0 0.3
128001.0 0.3
128001.0 0.3
16688.5 0.3
16688.5 0.3
16688.5 0.3
11251.0 0.3
11251.0 0.3
91501.0 0.3
91501.0 0.3
91501.0 0.3
91501.0 0.3
13001.0 0.3
13001.0 0.3
13001.0 0.3
54001.0 0.3
54001.0 0.3
124001.0 0.3
124001.0 0.3
52001.0 0.3
52001.0 0.3
121001.0 0.3
121001.0 0.3
123251.0 0.3
123251.0 0.3
123251.0 0.3
66251.0 0.3
66251.0 0.3
117751.0 0.3
117751.0 0.3
117751.0 0.3
72251.0 0.3
72251.0 0.3
19876.0 0.3
19876.0 0.3
19876.0 0.3
127001.0 0.3
127001.0 0.3
74751.0 0.3
74751.0 0.3
129251.0 0.3
129251.0 0.3
129251.0 0.3
67251.0 0.3
67251.0 0.3
17626.0 0.3
17626.0 0.3
17626.0 0.3
15376.0 0.3
15376.0 0.3
15376.0 0.3
9501.0 0.3
9501.0 0.3
9501.0 0.3
39001.0 0.3
39001.0 0.3
110001.0 0.3
110001.0 0.3
33001.0 0.3
33001.0 0.3
104001.0 0.3
104001.0 0.3
9501.0 0.3
9501.0 0.3
9501.0 0.3
33001.0 0.3
33001.0 0.3
106001.0 0.3
106001.0 0.3
34001.0 0.3
34001.0 0.3
109001.0 0.3
109001.0 0.3
17251.0 0.3
17251.0 0.3
17251.0 0.3
7501.0 0.3
7501.0 0.3
7501.0 0.3
31001.0 0.3
31001.0 0.3
104001.0 0.3
104001.0 0.3
29001.0 0.3
29001.0 0.3
98001.0 0.3
98001.0 0.3
10251.0 0.3
10251.0 0.3
58501.0 0.3
58501.0 0.3
58501.0 0.3
120001.0 0.3
120001.0 0.3
120001.0 0.3
71751.0 0.3
71751.0 0.3
120251.0 0.3
120251.0 0.3
120251.0 0.3
63501.0 0.3
63501.0 0.3
18751.0 0.3
18751.0 0.3
18751.0 0.3
117001.0 0.3
117001.0 0.3
117001.0 0.3
59251.0 0.3
59251.0 0.3
118501.0 0.3
118501.0 0.3
59251.0 0.3
59251.0 0.3
13813.5 0.3
13813.5 0.3
13813.5 0.3
2751.0 0.3
2751.0 0.3
2751.0 0.3
2485.375 0.3
2485.375 0.3
2251.0 0.3
2251.0 0.3
2251.0 0.3
1782.25 0.3
1782.25 0.3
13751.0 0.3
13751.0 0.3
27501.0 0.3
27501.0 0.3
27501.0 0.3
27501.0 0.3
18376.0 0.3
18376.0 0.3
25376.0 0.3
25376.0 0.3
25376.0 0.3
111751.0 0.3
111751.0 0.3
59501.0 0.3
59501.0 0.3
113501.0 0.3
113501.0 0.3
60751.0 0.3
60751.0 0.3
15938.5 0.3
15938.5 0.3
15938.5 0.3
116501.0 0.3
116501.0 0.3
64001.00000000001 0.3
64001.00000000001 0.3
114501.0 0.3
114501.0 0.3
66251.0 0.3
66251.0 0.3
14563.5 0.3
14563.5 0.3
14563.5 0.3
17438.5 0.3
17438.5 0.3
21626.0 0.3
21626.0 0.3
21626.0 0.3
16438.5 0.3
16438.5 0.3
22376.0 0.3
22376.0 0.3
22376.0 0.3
117501.0 0.3
117501.0 0.3
69501.0 0.3
69501.0 0.3
125251.0 0.3
125251.0 0.3
71501.0 0.3
71501.0 0.3
16438.5 0.3
16438.5 0.3
16438.5 0.3
115751.0 0.3
115751.0 0.3
87501.0 0.3
87501.0 0.3
121001.0 0.3
121001.0 0.3
105001.0 0.3
105001.0 0.3
28251.0 0.3
28251.0 0.3
28251.0 0.3
2501.0 0.3
2501.0 0.3
2501.0 0.3
2704.125 0.3
2704.125 0.3
2516.625 0.3
2516.625 0.3
2516.625 0.3
2516.625 0.3
2094.75 0.3
2094.75 0.3
80469.75 0.3
80469.75 0.3
80469.75 0.3
80469.75 0.3
80469.75 0.3
59688.5 0.3
59688.5 0.3
63626.0 0.3
63626.0 0.3
79626.0 0.3
79626.0 0.3
68938.5 0.3
68938.5 0.3
68938.5 0.3
63751.0 0.3
63751.0 0.3
63751.0 0.3
63751.0 0.3
96126.0 0.3
96126.0 0.3
96126.0 0.3
114751.0 0.3
114751.0 0.3
112251.0 0.3
112251.0 0.3
128751.0 0.3
128751.0 0.3
171251.0 0.3
171251.0 0.3
171251.0 0.3
171251.0 0.3
74626.0 0.3
74626.0 0.3
74626.0 0.3
74626.0 0.3
104751.0 0.3
104751.0 0.3
104751.0 0.3
152001.0 0.3
152001.0 0.3
111001.0 0.3
111001.0 0.3
126001.0 0.3
126001.0 0.3
67001.0 0.3
67001.0 0.3
110751.0 0.3
110751.0 0.3
110751.0 0.3
104001.0 0.3
104001.0 0.3
41001.0 0.3
41001.0 0.3
86001.0 0.3
86001.0 0.3
24001.0 0.3
24001.0 0.3
69001.0 0.3
69001.0 0.3
69001.0 0.3
79751.0 0.3
79751.0 0.3
18501.0 0.3
18501.0 0.3
64001.00000000001 0.3
64001.00000000001 0.3
5251.0 0.3
5251.0 0.3
75563.5 0.3
75563.5 0.3
75563.5 0.3
9563.5 0.3
9563.5 0.3
9563.5 0.3
1376.0 0.3
1376.0 0.3
1376.0 0.3
9063.5 0.3
9063.5 0.3
626.0 0.3
626.0 0.3
11126.0 0.3
11126.0 0.3
99751.0 0.3
99751.0 0.3
99751.0 0.3
21501.0 0.3
21501.0 0.3
116001.0 0.3
116001.0 0.3
36001.0 0.3
36001.0 0.3
77001.0 0.3
77001.0 0.3
9001.0 0.3
9001.0 0.3
2251.0 0.3
2251.0 0.3
2251.0 0.3
1251.0 0.3
1251.0 0.3
1251.0 0.3
10251.0 0.3
10251.0 0.3
10251.0 0.3
10251.0 0.3
2751.0 0.3
2751.0 0.3
751.0 0.3
751.0 0.3
751.0 0.3
1751.0 0.3
1751.0 0.3
11563.5 0.3
11563.5 0.3
11563.5 0.3
9985.375 0.3
9985.375 0.3
9985.375 0.3
9985.375 0.3
66751.0 0.3
66751.0 0.3
68313.5 0.3
68313.5 0.3
68313.5 0.3
68313.5 0.3
68876.0 0.3
68876.0 0.3
68876.0 0.3
68001.0 0.3
68001.0 0.3
83501.0 0.3
83501.0 0.3
80001.0 0.3
80001.0 0.3
121001.0 0.3
121001.0 0.3
71001.0 0.3
71001.0 0.3
82251.0 0.3
82251.0 0.3
75751.0 0.3
75751.0 0.3
99751.0 0.3
99751.0 0.3
99751.0 0.3
111001.0 0.3
111001.0 0.3
111001.0 0.3
25001.0 0.3
25001.0 0.3
25001.0 0.3
129001.0 0.3
129001.0 0.3
75001.0 0.3
75001.0 0.3
113001.0 0.3
113001.0 0.3
45001.0 0.3
45001.0 0.3
4751.0 0.3
4751.0 0.3
4751.0 0.3
103001.0 0.3
103001.0 0.3
129501.0 0.3
129501.0 0.3
129501.0 0.3
129501.0 0.3
146751.0 0.3
146751.0 0.3
146751.0 0.3
119001.0 0.3
119001.0 0.3
68001.0 0.3
68001.0 0.3
98001.0 0.3
98001.0 0.3
34001.0 0.3
34001.0 0.3
81001.0 0.3
81001.0 0.3
15001.0 0.3
15001.0 0.3
42001.0 0.3
42001.0 0.3
1.0 0.3
1.0 0.3
1751.0 0.3
1751.0 0.3
1751.0 0.3
4251.0 0.3
4251.0 0.3
4251.0 0.3
4251.0 0.3
1751.0 0.3
1751.0 0.3
90126.0 0.3
90126.0 0.3
90126.0 0.3
84251.0 0.3
84251.0 0.3
45251.0 0.3
45251.0 0.3
144251.0 0.3
144251.0 0.3
128501.0 0.3
128501.0 0.3
128501.0 0.3
128501.0 0.3
111876.0 0.3
111876.0 0.3
111876.0 0.3
111876.0 0.3
188251.0 0.3
188251.0 0.3
188251.0 0.3
190001.0 0.3
190001.0 0.3
150001.0 0.3
150001.0 0.3
170001.0 0.3
170001.0 0.3
96001.0 0.3
96001.0 0.3
177751.0 0.3
177751.0 0.3
177751.0 0.3
177751.0 0.3
134001.0 0.3
134001.0 0.3
45001.0 0.3
45001.0 0.3
72001.0 0.3
72001.0 0.3
7001.0 0.3
7001.0 0.3
110251.0 0.3
110251.0 0.3
110251.0 0.3
28001.0 0.3
28001.0 0.3
28001.0 0.3
109001.0 0.3
109001.0 0.3
63001.0 0.3
63001.0 0.3
104001.0 0.3
104001.0 0.3
36001.0 0.3
36001.0 0.3
4501.0 0.3
4501.0 0.3
4501.0 0.3
13188.5 0.3
13188.5 0.3
13188.5 0.3
13188.5 0.3
20001.0 0.3
20001.0 0.3
20001.0 0.3
20001.0 0.3
1.0 0.3
1.0 0.3
1251.0 0.3
1251.0 0.3
1251.0 0.3
1000.9999999999999 0.3
1000.9999999999999 0.3
40751.0 0.3
40751.0 0.3
40751.0 0.3
9063.5 0.3
9063.5 0.3
9063.5 0.3
9063.5 0.3
13876.0 0.3
13876.0 0.3
27813.5 0.3
27813.5 0.3
27813.5 0.3
5563.5 0.3
5563.5 0.3
16516.625 0.3
16516.625 0.3
16516.625 0.3
16094.750000000002 0.3
16094.750000000002 0.3
16094.750000000002 0.3
16094.750000000002 0.3
18001.0 0.3
18001.0 0.3
18001.0 0.3
21001.0 0.3
21001.0 0.3
21001.0 0.3
21001.0 0.3
21001.0 0.3
123438.5 0.3
123438.5 0.3
123438.5 0.3
40126.0 0.3
40126.0 0.3
40126.0 0.3
128251.0 0.3
128251.0 0.3
128251.0 0.3
73751.0 0.3
73751.0 0.3
28001.0 0.3
28001.0 0.3
74751.0 0.3
74751.0 0.3
23751.0 0.3
23751.0 0.3
22516.625 0.3
22516.625 0.3
22516.625 0.3
129813.5 0.3
129813.5 0.3
129813.5 0.3
81001.0 0.3
81001.0 0.3
28751.0 0.3
28751.0 0.3
84501.0 0.3
84501.0 0.3
28251.0 0.3
28251.0 0.3
133251.0 0.3
133251.0 0.3
133251.0 0.3
90501.0 0.3
90501.0 0.3
24501.0 0.3
24501.0 0.3
82501.0 0.3
82501.0 0.3
36001.0 0.3
36001.0 0.3
2313.5 0.3
2313.5 0.3
3063.5 0.3
3063.5 0.3
6438.5 0.3
6438.5 0.3
6438.5 0.3
4188.5 0.3
4188.5 0.3
2047.875 0.3
2047.875 0.3
2047.875 0.3
9313.5 0.3
9313.5 0.3
9313.5 0.3
2563.5 0.3
2563.5 0.3
10376.0 0.3
10376.0 0.3
10376.0 0.3
1688.5 0.3
1688.5 0.3
1547.875 0.3
1547.875 0.3
1547.875 0.3
21797.875 0.3
21797.875 0.3
21797.875 0.3
21797.875 0.3
132501.0 0.3
132501.0 0.3
132501.0 0.3
81751.0 0.3
81751.0 0.3
38751.0 0.3
38751.0 0.3
85751.0 0.3
85751.0 0.3
32500.999999999996 0.3
32500.999999999996 0.3
133938.5 0.3
133938.5 0.3
133938.5 0.3
72001.0 0.3
72001.0 0.3
27501.0 0.3
27501.0 0.3
64251.00000000001 0.3
64251.00000000001 0.3
27751.0 0.3
27751.0 0.3
17438.5 0.3
17438.5 0.3
24563.5 0.3
24563.5 0.3
24563.5 0.3
17688.5 0.3
17688.5 0.3
17688.5 0.3
25751.0 0.3
25751.0 0.3
44501.0 0.3
44501.0 0.3
44501.0 0.3
33751.0 0.3
33751.0 0.3
33751.0 0.3
31001.0 0.3
31001.0 0.3
93001.0 0.3
93001.0 0.3
38001.0 0.3
38001.0 0.3
104001.0 0.3
104001.0 0.3
124001.0 0.3
124001.0 0.3
124001.0 0.3
41251.0 0.3
41251.0 0.3
41251.0 0.3
134501.0 0.3
134501.0 0.3
119751.0 0.3
119751.0 0.3
141001.0 0.3
141001.0 0.3
141001.0 0.3
109001.0 0.3
109001.0 0.3
33563.5 0.3
33563.5 0.3
33563.5 0.3
10001.0 0.3
10001.0 0.3
10001.0 0.3
1938.5 0.3
1938.5 0.3
10001.0 0.3
10001.0 0.3
10001.0 0.3
2063.5 0.3
2063.5 0.3
1563.5 0.3
1563.5 0.3
1563.5 0.3
4001.0000000000005 0.3
4001.0000000000005 0.3
4001.0000000000005 0.3
4001.0000000000005 0.3
1766.625 0.3
1766.625 0.3
67032.25 0.3
67032.25 0.3
67032.25 0.3
72063.5 0.3
72063.5 0.3
74251.0 0.3
74251.0 0.3
76563.5 0.3
76563.5 0.3
94188.5 0.3
94188.5 0.3
94188.5 0.3
67516.625 0.3
67516.625 0.3
67516.625 0.3
82438.5 0.3
82438.5 0.3
82438.5 0.3
128501.0 0.3
128501.0 0.3
118001.0 0.3
118001.0 0.3
68001.0 0.3
68001.0 0.3
78251.0 0.3
78251.0 0.3
72126.0 0.3
72126.0 0.3
73251.0 0.3
73251.0 0.3
73251.0 0.3
91563.5 0.3
91563.5 0.3
81313.5 0.3
81313.5 0.3
105376.0 0.3
105376.0 0.3
105376.0 0.3
76938.5 0.3
76938.5 0.3
62016.625 0.3
62016.625 0.3
62016.625 0.3
89001.0 0.3
89001.0 0.3
49001.0 0.3
49001.0 0.3
105751.0 0.3
105751.0 0.3
98501.0 0.3
98501.0 0.3
67751.0 0.3
67751.0 0.3
67751.0 0.3
88188.5 0.3
88188.5 0.3
88188.5 0.3
82438.5 0.3
82438.5 0.3
67001.0 0.3
67001.0 0.3
67001.0 0.3
67001.0 0.3
63985.375 0.3
63985.375 0.3
70782.25 0.3
70782.25 0.3
70782.25 0.3
70782.25 0.3
73172.875 0.3
73172.875 0.3
73172.875 0.3
72219.75 0.3
72219.75 0.3
72219.75 0.3
72438.5 0.3
72438.5 0.3
85876.0 0.3
85876.0 0.3
73251.0 0.3
73251.0 0.3
102501.0 0.3
102501.0 0.3
102501.0 0.3
102501.0 0.3
79001.0 0.3
79001.0 0.3
79001.0 0.3
73626.0 0.3
73626.0 0.3
73626.0 0.3
133001.0 0.3
133001.0 0.3
107501.0 0.3
107501.0 0.3
150001.0 0.3
150001.0 0.3
165751.0 0.3
165751.0 0.3
90751.0 0.3
90751.0 0.3
75001.0 0.3
75001.0 0.3
128001.0 0.3
128001.0 0.3
110251.0 0.3
110251.0 0.3
72188.5 0.3
72188.5 0.3
72188.5 0.3
96501.0 0.3
96501.0 0.3
118751.0 0.3
118751.0 0.3
107001.0 0.3
107001.0 0.3
141751.0 0.3
141751.0 0.3
87938.5 0.3
87938.5 0.3
87938.5 0.3
121751.0 0.3
121751.0 0.3
142001.0 0.3
142001.0 0.3
95501.0 0.3
95501.0 0.3
84001.0 0.3
84001.0 0.3
173751.0 0.3
173751.0 0.3
173751.0 0.3
173751.0 0.3
173751.0 0.3
160251.0 0.3
160251.0 0.3
160251.0 0.3
118751.0 0.3
118751.0 0.3
104001.0 0.3
104001.0 0.3
76251.0 0.3
76251.0 0.3
70501.0 0.3
70501.0 0.3
85626.0 0.3
85626.0 0.3
85626.0 0.3
66204.125 0.3
66204.125 0.3
66204.125 0.3
68938.5 0.3
68938.5 0.3
71626.0 0.3
71626.0 0.3
81688.5 0.3
81688.5 0.3
87751.0 0.3
87751.0 0.3
87751.0 0.3
61266.625 0.3
61266.625 0.3
61266.625 0.3
68735.375 0.3
68735.375 0.3
68735.375 0.3
68735.375 0.3
81313.5 0.3
81313.5 0.3
81313.5 0.3
82813.5 0.3
82813.5 0.3
82813.5 0.3
118751.0 0.3
118751.0 0.3
128251.0 0.3
128251.0 0.3
130001.0 0.3
130001.0 0.3
89001.0 0.3
89001.0 0.3
137751.0 0.3
137751.0 0.3
130751.0 0.3
130751.0 0.3
161501.0 0.3
161501.0 0.3
183501.0 0.3
183501.0 0.3
93688.5 0.3
93688.5 0.3
104313.5 0.3
104313.5 0.3
104313.5 0.3
104313.5 0.3
158688.5 0.3
158688.5 0.3
158688.5 0.3
158688.5 0.3
128751.0 0.3
128751.0 0.3
76751.0 0.3
76751.0 0.3
121501.0 0.3
121501.0 0.3
77751.0 0.3
77751.0 0.3
74938.5 0.3
74938.5 0.3
74938.5 0.3
74938.5 0.3
125251.0 0.3
125251.0 0.3
154001.0 0.3
154001.0 0.3
85251.0 0.3
85251.0 0.3
112251.0 0.3
112251.0 0.3
70251.0 0.3
70251.0 0.3
81563.5 0.3
81563.5 0.3
81563.5 0.3
151813.5 0.3
151813.5 0.3
151813.5 0.3
151813.5 0.3
116501.0 0.3
116501.0 0.3
93001.0 0.3
93001.0 0.3
113501.0 0.3
113501.0 0.3
131751.0 0.3
131751.0 0.3
131751.0 0.3
113688.5 0.3
113688.5 0.3
113688.5 0.3
120501.0 0.3
120501.0 0.3
149001.0 0.3
149001.0 0.3
149001.0 0.3
149001.0 0.3
128751.0 0.3
128751.0 0.3
128751.0 0.3
156001.0 0.3
156001.0 0.3
77001.0 0.3
77001.0 0.3
135001.0 0.3
135001.0 0.3
33001.0 0.3
33001.0 0.3
68751.0 0.3
68751.0 0.3
67251.0 0.3
67251.0 0.3
72938.5 0.3
72938.5 0.3
72938.5 0.3
70126.0 0.3
70126.0 0.3
69485.375 0.3
69485.375 0.3
69485.375 0.3
69485.375 0.3
69485.375 0.3
112501.0 0.3
112501.0 0.3
88813.5 0.3
88813.5 0.3
87938.5 0.3
87938.5 0.3
86563.5 0.3
86563.5 0.3
84188.5 0.3
84188.5 0.3
90188.5 0.3
90188.5 0.3
90188.5 0.3
91938.5 0.3
91938.5 0.3
99688.5 0.3
99688.5 0.3
99688.5 0.3
69813.5 0.3
69813.5 0.3
80501.0 0.3
80501.0 0.3
79188.5 0.3
79188.5 0.3
79188.5 0.3
100438.5 0.3
100438.5 0.3
100438.5 0.3
105751.0 0.3
105751.0 0.3
105751.0 0.3
134501.0 0.3
134501.0 0.3
134501.0 0.3
102001.0 0.3
102001.0 0.3
19001.0 0.3
19001.0 0.3
77001.0 0.3
77001.0 0.3
9001.0 0.3
9001.0 0.3
106251.0 0.3
106251.0 0.3
27251.0 0.3
27251.0 0.3
27251.0 0.3
113126.0 0.3
113126.0 0.3
113126.0 0.3
113126.0 0.3
96751.0 0.3
96751.0 0.3
21501.0 0.3
21501.0 0.3
95251.0 0.3
95251.0 0.3
23501.0 0.3
23501.0 0.3
88751.0 0.3
88751.0 0.3
97501.0 0.3
97501.0 0.3
110001.0 0.3
110001.0 0.3
132501.0 0.3
132501.0 0.3
105501.0 0.3
105501.0 0.3
130501.0 0.3
130501.0 0.3
153001.0 0.3
153001.0 0.3
157251.0 0.3
157251.0 0.3
126001.0 0.3
126001.0 0.3
128751.0 0.3
128751.0 0.3
75251.0 0.3
75251.0 0.3
78501.0 0.3
78501.0 0.3
136251.0 0.3
136251.0 0.3
144751.0 0.3
144751.0 0.3
90751.0 0.3
90751.0 0.3
105501.0 0.3
105501.0 0.3
125751.0 0.3
125751.0 0.3
121751.0 0.3
121751.0 0.3
145751.0 0.3
145751.0 0.3
114251.0 0.3
114251.0 0.3
62751.0 0.3
62751.0 0.3
10751.0 0.3
10751.0 0.3
31251.0 0.3
31251.0 0.3
6251.0 0.3
6251.0 0.3
151501.0 0.3
151501.0 0.3
93751.0 0.3
93751.0 0.3
117501.0 0.3
117501.0 0.3
82251.0 0.3
82251.0 0.3
14376.0 0.3
14376.0 0.3
14376.0 0.3
14376.0 0.3
91313.5 0.3
91313.5 0.3
91313.5 0.3
89751.0 0.3
89751.0 0.3
105251.0 0.3
105251.0 0.3
71001.0 0.3
71001.0 0.3
113251.0 0.3
113251.0 0.3
81501.0 0.3
81501.0 0.3
88063.5 0.3
88063.5 0.3
88063.5 0.3
88969.75 0.3
88969.75 0.3
88969.75 0.3
88969.75 0.3
71813.5 0.3
71813.5 0.3
71813.5 0.3
71813.5 0.3
68376.0 0.3
68376.0 0.3
66313.5 0.3
66313.5 0.3
61501.0 0.3
61501.0 0.3
65704.125 0.3
65704.125 0.3
65704.125 0.3
91001.0 0.3
91001.0 0.3
71688.5 0.3
71688.5 0.3
71688.5 0.3
68626.0 0.3
68626.0 0.3
68751.0 0.3
68751.0 0.3
72876.0 0.3
72876.0 0.3
72876.0 0.3
66376.0 0.3
66376.0 0.3
68688.5 0.3
68688.5 0.3
67188.5 0.3
67188.5 0.3
72516.625 0.3
72516.625 0.3
72516.625 0.3
69501.0 0.3
69501.0 0.3
69501.0 0.3
69501.0 0.3
69501.0 0.3
52001.0 0.3
52001.0 0.3
52001.0 0.3
62110.375 0.3
62110.375 0.3
41047.875 0.3
41047.875 0.3
48766.625 0.3
48766.625 0.3
82938.5 0.3
82938.5 0.3
82938.5 0.3
76688.5 0.3
76688.5 0.3
76751.0 0.3
76751.0 0.3
76751.0 0.3
94251.0 0.3
94251.0 0.3
94188.5 0.3
94188.5 0.3
94188.5 0.3
53579.125 0.3
53579.125 0.3
51516.625 0.3
51516.625 0.3
51516.625 0.3
51516.625 0.3
64501.00000000001 0.3
64501.00000000001 0.3
64501.00000000001 0.3
64501.00000000001 0.3
64501.00000000001 0.3
63704.125 0.3
63704.125 0.3
63704.125 0.3
63704.125 0.3
63001.0 0.3
63001.0 0.3
62813.5 0.3
62813.5 0.3
74001.0 0.3
74001.0 0.3
74001.0 0.3
80313.5 0.3
80313.5 0.3
80313.5 0.3
65985.375 0.3
65985.375 0.3
65985.375 0.3
65985.375 0.3
68813.5 0.3
68813.5 0.3
68813.5 0.3
78813.5 0.3
78813.5 0.3
78813.5 0.3
64188.50000000001 0.3
64188.50000000001 0.3
71251.0 0.3
71251.0 0.3
78001.0 0.3
78001.0 0.3
78001.0 0.3
20751.0 0.3
20751.0 0.3
78938.5 0.3
78938.5 0.3
22251.0 0.3
22251.0 0.3
66032.25 0.3
66032.25 0.3
66032.25 0.3
66032.25 0.3
86876.0 0.3
86876.0 0.3
17501.0 0.3
17501.0 0.3
76438.5 0.3
76438.5 0.3
19188.5 0.3
19188.5 0.3
71001.0 0.3
71001.0 0.3
80751.0 0.3
80751.0 0.3
108251.0 0.3
108251.0 0.3
130251.0 0.3
130251.0 0.3
94001.0 0.3
94001.0 0.3
105501.0 0.3
105501.0 0.3
143001.0 0.3
143001.0 0.3
137751.0 0.3
137751.0 0.3
115501.0 0.3
115501.0 0.3
109751.0 0.3
109751.0 0.3
67001.0 0.3
67001.0 0.3
63251.0 0.3
63251.0 0.3
105501.0 0.3
105501.0 0.3
122251.0 0.3
122251.0 0.3
64251.00000000001 0.3
64251.00000000001 0.3
65751.0 0.3
65751.0 0.3
105376.0 0.3
105376.0 0.3
105376.0 0.3
105376.0 0.3
79126.0 0.3
79126.0 0.3
149501.0 0.3
149501.0 0.3
117251.0 0.3
117251.0 0.3
88001.0 0.3
88001.0 0.3
129751.0 0.3
129751.0 0.3
76501.0 0.3
76501.0 0.3
76501.0 0.3
60313.5 0.3
60313.5 0.3
60313.5 0.3
58313.5 0.3
58313.5 0.3
58313.5 0.3
37813.5 0.3
37813.5 0.3
45313.5 0.3
45313.5 0.3
70688.5 0.3
70688.5 0.3
70688.5 0.3
85001.0 0.3
85001.0 0.3
60376.0 0.3
60376.0 0.3
71938.5 0.3
71938.5 0.3
69969.75 0.3
69969.75 0.3
69969.75 0.3
69969.75 0.3
69969.75 0.3
72376.0 0.3
72376.0 0.3
17938.5 0.3
17938.5 0.3
75001.0 0.3
75001.0 0.3
75001.0 0.3
11876.0 0.3
11876.0 0.3
68688.5 0.3
68688.5 0.3
84251.0 0.3
84251.0 0.3
84251.0 0.3
74501.0 0.3
74501.0 0.3
95563.5 0.3
95563.5 0.3
95563.5 0.3
94251.0 0.3
94251.0 0.3
80501.0 0.3
80501.0 0.3
118501.0 0.3
118501.0 0.3
89001.0 0.3
89001.0 0.3
89001.0 0.3
5751.0 0.3
5751.0 0.3
5751.0 0.3
5751.0 0.3
139751.0 0.3
139751.0 0.3
139751.0 0.3
130001.0 0.3
130001.0 0.3
54001.0 0.3
54001.0 0.3
136001.0 0.3
136001.0 0.3
49001.0 0.3
49001.0 0.3
162501.0 0.3
162501.0 0.3
162501.0 0.3
139001.0 0.3
139001.0 0.3
43001.0 0.3
43001.0 0.3
132001.0 0.3
132001.0 0.3
32000.999999999996 0.3
32000.999999999996 0.3
3001.0 0.3
3001.0 0.3
3001.0 0.3
11501.0 0.3
11501.0 0.3
8751.0 0.3
8751.0 0.3
8751.0 0.3
27751.0 0.3
27751.0 0.3
53251.0 0.3
53251.0 0.3
96001.0 0.3
96001.0 0.3
96001.0 0.3
58751.0 0.3
58751.0 0.3
86001.0 0.3
86001.0 0.3
143001.0 0.3
143001.0 0.3
90001.0 0.3
90001.0 0.3
115001.0 0.3
115001.0 0.3
55001.0 0.3
55001.0 0.3
8751.0 0.3
8751.0 0.3
8751.0 0.3
8751.0 0.3
54001.0 0.3
54001.0 0.3
54001.0 0.3
1751.0 0.3
1751.0 0.3
78126.0 0.3
78126.0 0.3
78126.0 0.3
78126.0 0.3
78126.0 0.3
9501.0 0.3
9501.0 0.3
9501.0 0.3
9563.5 0.3
9563.5 0.3
9563.5 0.3
9563.5 0.3
40438.5 0.3
40438.5 0.3
35813.5 0.3
35813.5 0.3
18376.0 0.3
18376.0 0.3
100751.0 0.3
100751.0 0.3
100751.0 0.3
34501.0 0.3
34501.0 0.3
125001.0 0.3
125001.0 0.3
68001.0 0.3
68001.0 0.3
116001.0 0.3
116001.0 0.3
47001.0 0.3
47001.0 0.3
5501.0 0.3
5501.0 0.3
5501.0 0.3
3501.0 0.3
3501.0 0.3
3501.0 0.3
84001.0 0.3
84001.0 0.3
20001.0 0.3
20001.0 0.3
44001.0 0.3
44001.0 0.3
1.0 0.3
1.0 0.3
1751.0 0.3
1751.0 0.3
1751.0 0.3
4251.0 0.3
4251.0 0.3
4251.0 0.3
4251.0 0.3
1000.9999999999999 0.3
1000.9999999999999 0.3
20813.5 0.3
20813.5 0.3
20813.5 0.3
20141.625 0.3
20141.625 0.3
20141.625 0.3
20141.625 0.3
13016.625 0.3
13016.625 0.3
13016.625 0.3
18282.25 0.3
18282.25 0.3
18282.25 0.3
18282.25 0.3
19485.375 0.3
19485.375 0.3
19485.375 0.3
15126.0 0.3
15126.0 0.3
10063.5 0.3
10063.5 0.3
10063.5 0.3
12501.0 0.3
12501.0 0.3
18438.5 0.3
18438.5 0.3
18438.5 0.3
2251.0 0.3
2251.0 0.3
2251.0 0.3
2001.0 0.3
2001.0 0.3
3001.0 0.3
3001.0 0.3
2751.0 0.3
2751.0 0.3
32750.999999999996 0.3
32750.999999999996 0.3
32750.999999999996 0.3
8376.0 0.3
8376.0 0.3
8376.0 0.3
8376.0 0.3
22438.5 0.3
22438.5 0.3
13016.625 0.3
13016.625 0.3
13016.625 0.3
15313.5 0.3
15313.5 0.3
15313.5 0.3
7813.5 0.3
7813.5 0.3
12376.0 0.3
12376.0 0.3
4751.0 0.3
4751.0 0.3
16501.0 0.3
16501.0 0.3
16501.0 0.3
17985.375 0.3
17985.375 0.3
17985.375 0.3
14251.0 0.3
14251.0 0.3
17438.5 0.3
17438.5 0.3
17438.5 0.3
17126.0 0.3
17126.0 0.3
23001.0 0.3
23001.0 0.3
23001.0 0.3
17954.125 0.3
17954.125 0.3
17954.125 0.3
17954.125 0.3
16751.0 0.3
16751.0 0.3
24126.0 0.3
24126.0 0.3
24126.0 0.3
24126.0 0.3
12876.0 0.3
12876.0 0.3
12876.0 0.3
22001.0 0.3
22001.0 0.3
19501.0 0.3
19501.0 0.3
19501.0 0.3
24751.0 0.3
24751.0 0.3
22501.0 0.3
22501.0 0.3
20063.5 0.3
20063.5 0.3
20063.5 0.3
33501.0 0.3
33501.0 0.3
33501.0 0.3
41001.0 0.3
41001.0 0.3
116001.0 0.3
116001.0 0.3
49001.0 0.3
49001.0 0.3
126001.0 0.3
126001.0 0.3
24251.0 0.3
24251.0 0.3
24251.0 0.3
61001.0 0.3
61001.0 0.3
135001.0 0.3
135001.0 0.3
67001.0 0.3
67001.0 0.3
138001.0 0.3
138001.0 0.3
18688.5 0.3
18688.5 0.3
18688.5 0.3
18688.5 0.3
17001.0 0.3
17001.0 0.3
17001.0 0.3
68001.0 0.3
68001.0 0.3
142001.0 0.3
142001.0 0.3
78001.0 0.3
78001.0 0.3
150001.0 0.3
150001.0 0.3
20501.0 0.3
20501.0 0.3
129251.0 0.3
129251.0 0.3
129251.0 0.3
147251.0 0.3
147251.0 0.3
147251.0 0.3
103751.0 0.3
103751.0 0.3
143501.0 0.3
143501.0 0.3
143501.0 0.3
91751.0 0.3
91751.0 0.3
26688.5 0.3
26688.5 0.3
26688.5 0.3
142751.0 0.3
142751.0 0.3
142751.0 0.3
81751.0 0.3
81751.0 0.3
132001.0 0.3
132001.0 0.3
72001.0 0.3
72001.0 0.3
24501.0 0.3
24501.0 0.3
24501.0 0.3
21001.0 0.3
21001.0 0.3
27001.0 0.3
27001.0 0.3
31501.0 0.3
31501.0 0.3
29751.0 0.3
29751.0 0.3
29751.0 0.3
27751.0 0.3
27751.0 0.3
27751.0 0.3
137501.0 0.3
137501.0 0.3
12001.0 0.3
12001.0 0.3
74001.0 0.3
74001.0 0.3
22001.0 0.3
22001.0 0.3
86001.0 0.3
86001.0 0.3
151501.0 0.3
151501.0 0.3
151501.0 0.3
56751.0 0.3
56751.0 0.3
22501.0 0.3
22501.0 0.3
22501.0 0.3
70751.0 0.3
70751.0 0.3
19501.0 0.3
19501.0 0.3
19501.0 0.3
31001.0 0.3
31001.0 0.3
98001.0 0.3
98001.0 0.3
44001.0 0.3
44001.0 0.3
114001.0 0.3
114001.0 0.3
152751.0 0.3
152751.0 0.3
152751.0 0.3
60001.0 0.3
60001.0 0.3
128001.0 0.3
128001.0 0.3
71001.0 0.3
71001.0 0.3
138001.0 0.3
138001.0 0.3
144001.0 0.3
144001.0 0.3
144001.0 0.3
123501.0 0.3
123501.0 0.3
56251.0 0.3
56251.0 0.3
113751.0 0.3
113751.0 0.3
39751.0 0.3
39751.0 0.3
20251.0 0.3
20251.0 0.3
20251.0 0.3
111001.0 0.3
111001.0 0.3
29751.0 0.3
29751.0 0.3
91751.0 0.3
91751.0 0.3
29501.0 0.3
29501.0 0.3
11751.0 0.3
11751.0 0.3
11751.0 0.3
2219.75 0.3
2219.75 0.3
2219.75 0.3
2001.0 0.3
2001.0 0.3
1766.625 0.3
1766.625 0.3
1766.625 0.3
2516.625 0.3
2516.625 0.3
26751.0 0.3
26751.0 0.3
22251.0 0.3
22251.0 0.3
25001.0 0.3
25001.0 0.3
44501.0 0.3
44501.0 0.3
44501.0 0.3
122501.0 0.3
122501.0 0.3
122501.0 0.3
137251.0 0.3
137251.0 0.3
141001.0 0.3
141001.0 0.3
125501.0 0.3
125501.0 0.3
16501.0 0.3
16501.0 0.3
16501.0 0.3
26001.0 0.3
26001.0 0.3
81001.0 0.3
81001.0 0.3
36001.0 0.3
36001.0 0.3
103001.0 0.3
103001.0 0.3
14001.0 0.3
14001.0 0.3
14001.0 0.3
57001.0 0.3
57001.0 0.3
125001.0 0.3
125001.0 0.3
74001.0 0.3
74001.0 0.3
135001.0 0.3
135001.0 0.3
146251.0 0.3
146251.0 0.3
146251.0 0.3
111251.0 0.3
111251.0 0.3
150751.0 0.3
150751.0 0.3
150751.0 0.3
93501.0 0.3
93501.0 0.3
45063.5 0.3
45063.5 0.3
45063.5 0.3
45063.5 0.3
8876.0 0.3
8876.0 0.3
31313.5 0.3
31313.5 0.3
31313.5 0.3
4813.5 0.3
4813.5 0.3
20251.0 0.3
20251.0 0.3
127251.0 0.3
127251.0 0.3
127251.0 0.3
42001.0 0.3
42001.0 0.3
42001.0 0.3
145501.0 0.3
145501.0 0.3
142001.0 0.3
142001.0 0.3
71751.0 0.3
71751.0 0.3
130251.0 0.3
130251.0 0.3
48751.0 0.3
48751.0 0.3
36001.0 0.3
36001.0 0.3
101001.0 0.3
101001.0 0.3
59001.0 0.3
59001.0 0.3
128001.0 0.3
128001.0 0.3
161001.0 0.3
161001.0 0.3
161001.0 0.3
124751.0 0.3
124751.0 0.3
124751.0 0.3
150501.0 0.3
150501.0 0.3
115251.0 0.3
115251.0 0.3
28251.0 0.3
28251.0 0.3
84751.0 0.3
84751.0 0.3
22751.0 0.3
22751.0 0.3
20001.0 0.3
20001.0 0.3
20001.0 0.3
3126.0 0.3
3126.0 0.3
11188.5 0.3
11188.5 0.3
11188.5 0.3
3751.0 0.3
3751.0 0.3
2719.75 0.3
2719.75 0.3
2719.75 0.3
3532.25 0.3
3532.25 0.3
3969.75 0.3
3969.75 0.3
3969.75 0.3
3001.0 0.3
3001.0 0.3
9016.625 0.3
9016.625 0.3
9016.625 0.3
9016.625 0.3
20797.875 0.3
20797.875 0.3
20797.875 0.3
10469.75 0.3
10469.75 0.3
10469.75 0.3
18532.25 0.3
18532.25 0.3
18532.25 0.3
22251.0 0.3
22251.0 0.3
14313.5 0.3
14313.5 0.3
14313.5 0.3
18001.0 0.3
18001.0 0.3
18001.0 0.3
13001.0 0.3
13001.0 0.3
25001.0 0.3
25001.0 0.3
17251.0 0.3
17251.0 0.3
26001.0 0.3
26001.0 0.3
26001.0 0.3
21751.0 0.3
21751.0 0.3
21751.0 0.3
21751.0 0.3
24751.0 0.3
24751.0 0.3
49001.0 0.3
49001.0 0.3
49001.0 0.3
16251.000000000002 0.3
16251.000000000002 0.3
16251.000000000002 0.3
37001.0 0.3
37001.0 0.3
109001.0 0.3
109001.0 0.3
69001.0 0.3
69001.0 0.3
135001.0 0.3
135001.0 0.3
28001.0 0.3
28001.0 0.3
28001.0 0.3
42001.0 0.3
42001.0 0.3
42001.0 0.3
25001.0 0.3
25001.0 0.3
76001.0 0.3
76001.0 0.3
25001.0 0.3
25001.0 0.3
116001.0 0.3
116001.0 0.3
119001.0 0.3
119001.0 0.3
79001.0 0.3
79001.0 0.3
174001.0 0.3
174001.0 0.3
114001.0 0.3
114001.0 0.3
20001.0 0.3
20001.0 0.3
126751.0 0.3
126751.0 0.3
126751.0 0.3
54251.0 0.3
54251.0 0.3
54251.0 0.3
54251.0 0.3
154001.0 0.3
154001.0 0.3
13438.5 0.3
13438.5 0.3
13438.5 0.3
20251.0 0.3
20251.0 0.3
20501.0 0.3
20501.0 0.3
20501.0 0.3
17001.0 0.3
17001.0 0.3
20251.0 0.3
20251.0 0.3
11126.0 0.3
11126.0 0.3
21813.5 0.3
21813.5 0.3
21813.5 0.3
21813.5 0.3
21813.5 0.3
25001.0 0.3
25001.0 0.3
110001.0 0.3
110001.0 0.3
31001.0 0.3
31001.0 0.3
67001.0 0.3
67001.0 0.3
144001.0 0.3
144001.0 0.3
80001.0 0.3
80001.0 0.3
76001.0 0.3
76001.0 0.3
44001.0 0.3
44001.0 0.3
31501.0 0.3
31501.0 0.3
31501.0 0.3
46751.0 0.3
46751.0 0.3
46751.0 0.3
46751.0 0.3
46751.0 0.3
50001.0 0.3
50001.0 0.3
110001.0 0.3
110001.0 0.3
65001.00000000001 0.3
65001.00000000001 0.3
137001.0 0.3
137001.0 0.3
153751.0 0.3
153751.0 0.3
153751.0 0.3
96001.0 0.3
96001.0 0.3
161001.0 0.3
161001.0 0.3
131001.0 0.3
131001.0 0.3
170001.0 0.3
170001.0 0.3
146751.0 0.3
146751.0 0.3
146751.0 0.3
29251.0 0.3
29251.0 0.3
29251.0 0.3
40001.0 0.3
40001.0 0.3
93001.0 0.3
93001.0 0.3
53001.0 0.3
53001.0 0.3
116001.0 0.3
116001.0 0.3
41251.0 0.3
41251.0 0.3
120501.0 0.3
120501.0 0.3
120501.0 0.3
158501.0 0.3
158501.0 0.3
158501.0 0.3
158501.0 0.3
110251.0 0.3
110251.0 0.3
156251.0 0.3
156251.0 0.3
79001.0 0.3
79001.0 0.3
11016.625 0.3
11016.625 0.3
11016.625 0.3
11016.625 0.3
17469.75 0.3
17469.75 0.3
17469.75 0.3
17469.75 0.3
7313.5 0.3
7313.5 0.3
15876.0 0.3
15876.0 0.3
7313.5 0.3
7313.5 0.3
7313.5 0.3
15626.0 0.3
15626.0 0.3
20438.5 0.3
20438.5 0.3
16251.000000000002 0.3
16251.000000000002 0.3
16501.0 0.3
16501.0 0.3
13813.5 0.3
13813.5 0.3
13813.5 0.3
13813.5 0.3
19313.5 0.3
19313.5 0.3
19313.5 0.3
26751.0 0.3
26751.0 0.3
49001.0 0.3
49001.0 0.3
42751.0 0.3
42751.0 0.3
46001.0 0.3
46001.0 0.3
46001.0 0.3
24813.5 0.3
24813.5 0.3
24813.5 0.3
44501.0 0.3
44501.0 0.3
45251.0 0.3
45251.0 0.3
45251.0 0.3
38001.0 0.3
38001.0 0.3
38001.0 0.3
40001.0 0.3
40001.0 0.3
91001.0 0.3
91001.0 0.3
55001.0 0.3
55001.0 0.3
113001.0 0.3
113001.0 0.3
61501.0 0.3
61501.0 0.3
61501.0 0.3
146751.0 0.3
146751.0 0.3
51001.0 0.3
51001.0 0.3
113001.0 0.3
113001.0 0.3
71001.0 0.3
71001.0 0.3
137001.0 0.3
137001.0 0.3
161501.0 0.3
161501.0 0.3
161501.0 0.3
161501.0 0.3
143501.0 0.3
143501.0 0.3
143501.0 0.3
54001.0 0.3
54001.0 0.3
145001.0 0.3
145001.0 0.3
92001.0 0.3
92001.0 0.3
124001.0 0.3
124001.0 0.3
70001.0 0.3
70001.0 0.3
31251.0 0.3
31251.0 0.3
31251.0 0.3
130751.0 0.3
130751.0 0.3
130751.0 0.3
143501.0 0.3
143501.0 0.3
143751.0 0.3
143751.0 0.3
143751.0 0.3
111251.0 0.3
111251.0 0.3
64501.00000000001 0.3
64501.00000000001 0.3
64501.00000000001 0.3
24251.0 0.3
24251.0 0.3
39501.0 0.3
39501.0 0.3
19501.0 0.3
19501.0 0.3
30751.0 0.3
30751.0 0.3
30751.0 0.3
30751.0 0.3
37251.0 0.3
37251.0 0.3
113751.0 0.3
113751.0 0.3
113751.0 0.3
57501.0 0.3
57501.0 0.3
57501.0 0.3
128751.0 0.3
128751.0 0.3
38251.0 0.3
38251.0 0.3
33001.0 0.3
33001.0 0.3
33001.0 0.3
40251.0 0.3
40251.0 0.3
59001.0 0.3
59001.0 0.3
55001.0 0.3
55001.0 0.3
117001.0 0.3
117001.0 0.3
90001.0 0.3
90001.0 0.3
140001.0 0.3
140001.0 0.3
133501.0 0.3
133501.0 0.3
133501.0 0.3
138251.0 0.3
138251.0 0.3
138251.0 0.3
104501.0 0.3
104501.0 0.3
132751.0 0.3
132751.0 0.3
65501.00000000001 0.3
65501.00000000001 0.3
101001.0 0.3
101001.0 0.3
40251.0 0.3
40251.0 0.3
20563.5 0.3
20563.5 0.3
20563.5 0.3
20563.5 0.3
67001.0 0.3
67001.0 0.3
27501.0 0.3
27501.0 0.3
50001.0 0.3
50001.0 0.3
22501.0 0.3
22501.0 0.3
12813.5 0.3
12813.5 0.3
12813.5 0.3
147251.0 0.3
147251.0 0.3
130501.0 0.3
130501.0 0.3
157251.0 0.3
157251.0 0.3
157251.0 0.3
109501.0 0.3
109501.0 0.3
32063.499999999996 0.3
32063.499999999996 0.3
32063.499999999996 0.3
32063.499999999996 0.3
152251.0 0.3
152251.0 0.3
76751.0 0.3
76751.0 0.3
139001.0 0.3
139001.0 0.3
51001.0 0.3
51001.0 0.3
16938.5 0.3
16938.5 0.3
16938.5 0.3
3516.625 0.3
3516.625 0.3
3516.625 0.3
3516.625 0.3
99501.0 0.3
99501.0 0.3
31751.0 0.3
31751.0 0.3
70001.0 0.3
70001.0 0.3
25251.0 0.3
25251.0 0.3
13501.0 0.3
13501.0 0.3
13501.0 0.3
34376.0 0.3
34376.0 0.3
34376.0 0.3
34376.0 0.3
5438.5 0.3
5438.5 0.3
3547.875 0.3
3547.875 0.3
3547.875 0.3
2903.34375 0.3
2903.34375 0.3
2903.34375 0.3
2903.34375 0.3
16001.000000000002 0.3
16001.000000000002 0.3
16001.000000000002 0.3
3063.5 0.3
3063.5 0.3
6688.5 0.3
6688.5 0.3
6688.5 0.3
2313.5 0.3
2313.5 0.3
3032.25 0.3
3032.25 0.3
3032.25 0.3
2532.25 0.3
2532.25 0.3
2532.25 0.3
2532.25 0.3
3485.375 0.3
3485.375 0.3
3129.90625 0.3
3129.90625 0.3
3129.90625 0.3
34430.6875 0.3
34430.6875 0.3
34430.6875 0.3
43708.03125 0.3
43708.03125 0.3
43708.03125 0.3
35442.40625 0.3
35442.40625 0.3
48907.25 0.3
48907.25 0.3
48907.25 0.3
59571.3125 0.3
59571.3125 0.3
59571.3125 0.3
59571.3125 0.3
59571.3125 0.3
71266.625 0.3
71266.625 0.3
71266.625 0.3
93204.125 0.3
93204.125 0.3
93204.125 0.3
69516.625 0.3
69516.625 0.3
93204.125 0.3
93204.125 0.3
93204.125 0.3
72954.125 0.3
72954.125 0.3
70110.375 0.3
70110.375 0.3
64501.00000000001 0.3
64501.00000000001 0.3
71954.125 0.3
71954.125 0.3
71954.125 0.3
72251.0 0.3
72251.0 0.3
72251.0 0.3
72251.0 0.3
90938.5 0.3
90938.5 0.3
70001.0 0.3
70001.0 0.3
93563.5 0.3
93563.5 0.3
93563.5 0.3
75501.0 0.3
75501.0 0.3
88376.0 0.3
88376.0 0.3
97063.5 0.3
97063.5 0.3
97063.5 0.3
97063.5 0.3
99438.5 0.3
99438.5 0.3
99438.5 0.3
139501.0 0.3
139501.0 0.3
90001.0 0.3
90001.0 0.3
158751.0 0.3
158751.0 0.3
88251.0 0.3
88251.0 0.3
88251.0 0.3
128251.0 0.3
128251.0 0.3
88001.0 0.3
88001.0 0.3
151501.0 0.3
151501.0 0.3
87251.0 0.3
87251.0 0.3
83563.5 0.3
83563.5 0.3
83563.5 0.3
83563.5 0.3
147251.0 0.3
147251.0 0.3
147251.0 0.3
115751.0 0.3
115751.0 0.3
128001.0 0.3
128001.0 0.3
184001.0 0.3
184001.0 0.3
128001.0 0.3
128001.0 0.3
201001.0 0.3
201001.0 0.3
167001.0 0.3
167001.0 0.3
167001.0 0.3
167001.0 0.3
125001.0 0.3
125001.0 0.3
88251.0 0.3
88251.0 0.3
116001.0 0.3
116001.0 0.3
67001.0 0.3
67001.0 0.3
45665.0625 0.3
45665.0625 0.3
45665.0625 0.3
40004.90625 0.3
40004.90625 0.3
40004.90625 0.3
40004.90625 0.3
66751.0 0.3
66751.0 0.3
66563.5 0.3
66563.5 0.3
67438.5 0.3
67438.5 0.3
67438.5 0.3
67251.0 0.3
67251.0 0.3
67251.0 0.3
66438.5 0.3
66438.5 0.3
41641.625 0.3
41641.625 0.3
73485.375 0.3
73485.375 0.3
73485.375 0.3
53266.625 0.3
53266.625 0.3
53266.625 0.3
59547.875 0.3
59547.875 0.3
65016.62500000001 0.3
65016.62500000001 0.3
65016.62500000001 0.3
54313.5 0.3
54313.5 0.3
71516.625 0.3
71516.625 0.3
71516.625 0.3
76688.5 0.3
76688.5 0.3
76688.5 0.3
146001.0 0.3
146001.0 0.3
89001.0 0.3
89001.0 0.3
89001.0 0.3
114501.0 0.3
114501.0 0.3
91251.0 0.3
91251.0 0.3
69938.5 0.3
69938.5 0.3
101251.0 0.3
101251.0 0.3
101251.0 0.3
129001.0 0.3
129001.0 0.3
205001.0 0.3
205001.0 0.3
131001.0 0.3
131001.0 0.3
186001.0 0.3
186001.0 0.3
164001.0 0.3
164001.0 0.3
114001.0 0.3
114001.0 0.3
137001.0 0.3
137001.0 0.3
91001.0 0.3
91001.0 0.3
142501.0 0.3
142501.0 0.3
142501.0 0.3
91751.0 0.3
91751.0 0.3
91751.0 0.3
78501.0 0.3
78501.0 0.3
78501.0 0.3
73251.0 0.3
73251.0 0.3
78501.0 0.3
78501.0 0.3
69251.0 0.3
69251.0 0.3
95438.5 0.3
95438.5 0.3
95438.5 0.3
72626.0 0.3
72626.0 0.3
72626.0 0.3
70313.5 0.3
70313.5 0.3
106501.0 0.3
106501.0 0.3
82188.5 0.3
82188.5 0.3
124188.5 0.3
124188.5 0.3
94516.625 0.3
94516.625 0.3
94516.625 0.3
94516.625 0.3
94516.625 0.3
52688.5 0.3
52688.5 0.3
74485.375 0.3
74485.375 0.3
74485.375 0.3
40313.5 0.3
40313.5 0.3
49204.125 0.3
49204.125 0.3
49204.125 0.3
96876.0 0.3
96876.0 0.3
133251.0 0.3
133251.0 0.3
133251.0 0.3
83501.0 0.3
83501.0 0.3
83501.0 0.3
107251.0 0.3
107251.0 0.3
140001.0 0.3
140001.0 0.3
95501.0 0.3
95501.0 0.3
123251.0 0.3
123251.0 0.3
113751.0 0.3
113751.0 0.3
76438.5 0.3
76438.5 0.3
114376.0 0.3
114376.0 0.3
114376.0 0.3
75188.5 0.3
75188.5 0.3
67376.0 0.3
67376.0 0.3
103876.0 0.3
103876.0 0.3
103876.0 0.3
65376.00000000001 0.3
65376.00000000001 0.3
89376.0 0.3
89376.0 0.3
89376.0 0.3
123751.0 0.3
123751.0 0.3
123751.0 0.3
78376.0 0.3
78376.0 0.3
120001.0 0.3
120001.0 0.3
134501.0 0.3
134501.0 0.3
110001.0 0.3
110001.0 0.3
152251.0 0.3
152251.0 0.3
94813.5 0.3
94813.5 0.3
94813.5 0.3
94813.5 0.3
63618.1875 0.3
63618.1875 0.3
63618.1875 0.3
63618.1875 0.3
63618.1875 0.3
46008.8125 0.3
46008.8125 0.3
46008.8125 0.3
46008.8125 0.3
71532.25 0.3
71532.25 0.3
71532.25 0.3
71532.25 0.3
79251.0 0.3
79251.0 0.3
80188.5 0.3
80188.5 0.3
78626.0 0.3
78626.0 0.3
72313.5 0.3
72313.5 0.3
72313.5 0.3
69876.0 0.3
69876.0 0.3
78485.375 0.3
78485.375 0.3
78485.375 0.3
78719.75 0.3
78719.75 0.3
58985.375 0.3
58985.375 0.3
84766.625 0.3
84766.625 0.3
61188.5 0.3
61188.5 0.3
35110.375 0.3
35110.375 0.3
35110.375 0.3
36969.75 0.3
36969.75 0.3
36969.75 0.3
37442.40625 0.3
37442.40625 0.3
37442.40625 0.3
36950.21875 0.3
36950.21875 0.3
36950.21875 0.3
71313.5 0.3
71313.5 0.3
71313.5 0.3
70438.5 0.3
70438.5 0.3
66876.0 0.3
66876.0 0.3
61251.0 0.3
61251.0 0.3
67501.0 0.3
67501.0 0.3
67501.0 0.3
66313.5 0.3
66313.5 0.3
66313.5 0.3
53297.875 0.3
53297.875 0.3
62501.0 0.3
62501.0 0.3
44985.375 0.3
44985.375 0.3
41735.375 0.3
41735.375 0.3
37204.125 0.3
37204.125 0.3
65985.375 0.3
65985.375 0.3
65985.375 0.3
54563.5 0.3
54563.5 0.3
72001.0 0.3
72001.0 0.3
72001.0 0.3
72001.0 0.3
52063.5 0.3
52063.5 0.3
37719.75 0.3
37719.75 0.3
37985.375 0.3
37985.375 0.3
35938.5 0.3
35938.5 0.3
35938.5 0.3
40579.125 0.3
40579.125 0.3
47821.3125 0.3
47821.3125 0.3
47821.3125 0.3
47821.3125 0.3
62297.875 0.3
62297.875 0.3
52001.0 0.3
52001.0 0.3
52001.0 0.3
67735.375 0.3
67735.375 0.3
67735.375 0.3
82501.0 0.3
82501.0 0.3
60938.5 0.3
60938.5 0.3
97188.5 0.3
97188.5 0.3
64313.50000000001 0.3
64313.50000000001 0.3
69391.625 0.3
69391.625 0.3
69391.625 0.3
69391.625 0.3
69391.625 0.3
66204.125 0.3
66204.125 0.3
66204.125 0.3
102688.5 0.3
102688.5 0.3
70813.5 0.3
70813.5 0.3
92876.0 0.3
92876.0 0.3
89876.0 0.3
89876.0 0.3
67016.625 0.3
67016.625 0.3
67016.625 0.3
67016.625 0.3
76876.0 0.3
76876.0 0.3
109563.5 0.3
109563.5 0.3
73626.0 0.3
73626.0 0.3
111938.5 0.3
111938.5 0.3
111938.5 0.3
111938.5 0.3
64001.00000000001 0.3
64001.00000000001 0.3
71688.5 0.3
71688.5 0.3
67626.0 0.3
67626.0 0.3
67626.0 0.3
83001.0 0.3
83001.0 0.3
83001.0 0.3
72376.0 0.3
72376.0 0.3
72188.5 0.3
72188.5 0.3
96813.5 0.3
96813.5 0.3
96813.5 0.3
100688.5 0.3
100688.5 0.3
100688.5 0.3
94501.0 0.3
94501.0 0.3
99001.0 0.3
99001.0 0.3
54501.0 0.3
54501.0 0.3
55751.0 0.3
55751.0 0.3
104501.0 0.3
104501.0 0.3
114751.0 0.3
114751.0 0.3
45001.0 0.3
45001.0 0.3
33251.0 0.3
33251.0 0.3
13813.5 0.3
13813.5 0.3
13813.5 0.3
17813.5 0.3
17813.5 0.3
17813.5 0.3
128501.0 0.3
128501.0 0.3
147751.0 0.3
147751.0 0.3
23501.0 0.3
23501.0 0.3
21251.0 0.3
21251.0 0.3
148501.0 0.3
148501.0 0.3
132751.0 0.3
132751.0 0.3
132751.0 0.3
35751.0 0.3
35751.0 0.3
35751.0 0.3
93001.0 0.3
93001.0 0.3
108001.0 0.3
108001.0 0.3
33001.0 0.3
33001.0 0.3
54001.0 0.3
54001.0 0.3
18876.0 0.3
18876.0 0.3
18876.0 0.3
18876.0 0.3
4251.0 0.3
4251.0 0.3
6501.0 0.3
6501.0 0.3
6501.0 0.3
22251.0 0.3
22251.0 0.3
14251.0 0.3
14251.0 0.3
72626.0 0.3
72626.0 0.3
70251.0 0.3
70251.0 0.3
91376.0 0.3
91376.0 0.3
91376.0 0.3
79751.0 0.3
79751.0 0.3
60376.0 0.3
60376.0 0.3
54376.0 0.3
54376.0 0.3
66376.0 0.3
66376.0 0.3
66376.0 0.3
64876.00000000001 0.3
64876.00000000001 0.3
121251.0 0.3
121251.0 0.3
120501.0 0.3
120501.0 0.3
96501.0 0.3
96501.0 0.3
96501.0 0.3
114251.0 0.3
114251.0 0.3
123126.0 0.3
123126.0 0.3
123126.0 0.3
123126.0 0.3
123126.0 0.3
12501.0 0.3
12501.0 0.3
12501.0 0.3
12501.0 0.3
12501.0 0.3
12501.0 0.3
63001.0 0.3
63001.0 0.3
97501.0 0.3
97501.0 0.3
13001.0 0.3
13001.0 0.3
31001.0 0.3
31001.0 0.3
84251.0 0.3
84251.0 0.3
70001.0 0.3
70001.0 0.3
124251.0 0.3
124251.0 0.3
110751.0 0.3
110751.0 0.3
88251.0 0.3
88251.0 0.3
88251.0 0.3
58251.0 0.3
58251.0 0.3
99751.0 0.3
99751.0 0.3
22751.0 0.3
22751.0 0.3
89751.0 0.3
89751.0 0.3
116813.5 0.3
116813.5 0.3
116813.5 0.3
71688.5 0.3
71688.5 0.3
82563.5 0.3
82563.5 0.3
82563.5 0.3
16501.0 0.3
16501.0 0.3
16501.0 0.3
69751.0 0.3
69751.0 0.3
86251.0 0.3
86251.0 0.3
20251.0 0.3
20251.0 0.3
37251.0 0.3
37251.0 0.3
76688.5 0.3
76688.5 0.3
76688.5 0.3
46751.0 0.3
46751.0 0.3
39001.0 0.3
39001.0 0.3
75251.0 0.3
75251.0 0.3
98251.0 0.3
98251.0 0.3
81938.5 0.3
81938.5 0.3
81938.5 0.3
94688.5 0.3
94688.5 0.3
94688.5 0.3
94688.5 0.3
11501.0 0.3
11501.0 0.3
1876.0 0.3
1876.0 0.3
1876.0 0.3
1876.0 0.3
68313.5 0.3
68313.5 0.3
68313.5 0.3
39751.0 0.3
39751.0 0.3
17501.0 0.3
17501.0 0.3
80501.0 0.3
80501.0 0.3
61251.0 0.3
61251.0 0.3
10063.5 0.3
10063.5 0.3
10063.5 0.3
45251.0 0.3
45251.0 0.3
67001.0 0.3
67001.0 0.3
5001.0 0.3
5001.0 0.3
11751.0 0.3
11751.0 0.3
19563.5 0.3
19563.5 0.3
19563.5 0.3
11563.5 0.3
11563.5 0.3
11563.5 0.3
25501.0 0.3
25501.0 0.3
13501.0 0.3
13501.0 0.3
123001.0 0.3
123001.0 0.3
84251.0 0.3
84251.0 0.3
17063.5 0.3
17063.5 0.3
17063.5 0.3
17063.5 0.3
97688.5 0.3
97688.5 0.3
97688.5 0.3
97688.5 0.3
74501.0 0.3
74501.0 0.3
74501.0 0.3
74501.0 0.3
21751.0 0.3
21751.0 0.3
21751.0 0.3
21751.0 0.3
21251.0 0.3
21251.0 0.3
21251.0 0.3
21251.0 0.3
20251.0 0.3
20251.0 0.3
26001.0 0.3
26001.0 0.3
99251.0 0.3
99251.0 0.3
128751.0 0.3
128751.0 0.3
39251.0 0.3
39251.0 0.3
39751.0 0.3
39751.0 0.3
137751.0 0.3
137751.0 0.3
128251.0 0.3
128251.0 0.3
75501.0 0.3
75501.0 0.3
76001.0 0.3
76001.0 0.3
17001.0 0.3
17001.0 0.3
28501.0 0.3
28501.0 0.3
88251.0 0.3
88251.0 0.3
100001.0 0.3
100001.0 0.3
42751.0 0.3
42751.0 0.3
67001.0 0.3
67001.0 0.3
2376.0 0.3
2376.0 0.3
2376.0 0.3
2376.0 0.3
3688.5 0.3
3688.5 0.3
3688.5 0.3
3688.5 0.3
115001.0 0.3
115001.0 0.3
119501.0 0.3
119501.0 0.3
73251.0 0.3
73251.0 0.3
76251.0 0.3
76251.0 0.3
111813.5 0.3
111813.5 0.3
111813.5 0.3
111813.5 0.3
12563.5 0.3
12563.5 0.3
12563.5 0.3
20688.5 0.3
20688.5 0.3
20688.5 0.3
59063.5 0.3
59063.5 0.3
59063.5 0.3
59063.5 0.3
56501.0 0.3
56501.0 0.3
56501.0 0.3
56501.0 0.3
75563.5 0.3
75563.5 0.3
71626.0 0.3
71626.0 0.3
71626.0 0.3
105938.5 0.3
105938.5 0.3
105938.5 0.3
105938.5 0.3
94251.0 0.3
94251.0 0.3
85001.0 0.3
85001.0 0.3
120001.0 0.3
120001.0 0.3
120001.0 0.3
112001.0 0.3
112001.0 0.3
112001.0 0.3
70063.5 0.3
70063.5 0.3
70563.5 0.3
70563.5 0.3
70563.5 0.3
85188.5 0.3
85188.5 0.3
85188.5 0.3
85188.5 0.3
85188.5 0.3
77751.0 0.3
77751.0 0.3
79001.0 0.3
79001.0 0.3
74251.0 0.3
74251.0 0.3
82251.0 0.3
82251.0 0.3
82251.0 0.3
65063.50000000001 0.3
65063.50000000001 0.3
82001.0 0.3
82001.0 0.3
82001.0 0.3
67563.5 0.3
67563.5 0.3
80626.0 0.3
80626.0 0.3
80626.0 0.3
80626.0 0.3
91251.0 0.3
91251.0 0.3
168251.0 0.3
168251.0 0.3
168251.0 0.3
39001.0 0.3
39001.0 0.3
39001.0 0.3
128001.0 0.3
128001.0 0.3
169001.0 0.3
169001.0 0.3
80001.0 0.3
80001.0 0.3
155001.0 0.3
155001.0 0.3
130501.0 0.3
130501.0 0.3
98751.0 0.3
98751.0 0.3
146501.0 0.3
146501.0 0.3
146501.0 0.3
100501.0 0.3
100501.0 0.3
16501.0 0.3
16501.0 0.3
16501.0 0.3
48001.0 0.3
48001.0 0.3
126001.0 0.3
126001.0 0.3
32000.999999999996 0.3
32000.999999999996 0.3
107001.0 0.3
107001.0 0.3
11751.0 0.3
11751.0 0.3
11751.0 0.3
16001.000000000002 0.3
16001.000000000002 0.3
98001.0 0.3
98001.0 0.3
11001.0 0.3
11001.0 0.3
79001.0 0.3
79001.0 0.3
148501.0 0.3
148501.0 0.3
148501.0 0.3
106001.0 0.3
106001.0 0.3
139751.0 0.3
139751.0 0.3
139751.0 0.3
118251.0 0.3
118251.0 0.3
72813.5 0.3
72813.5 0.3
72813.5 0.3
72813.5 0.3
85001.0 0.3
85001.0 0.3
88501.0 0.3
88501.0 0.3
108251.0 0.3
108251.0 0.3
71001.0 0.3
71001.0 0.3
73251.0 0.3
73251.0 0.3
73251.0 0.3
100751.0 0.3
100751.0 0.3
73001.0 0.3
73001.0 0.3
106001.0 0.3
106001.0 0.3
123001.0 0.3
123001.0 0.3
150001.0 0.3
150001.0 0.3
140001.0 0.3
140001.0 0.3
140001.0 0.3
140001.0 0.3
140001.0 0.3
118251.0 0.3
118251.0 0.3
118251.0 0.3
27251.0 0.3
27251.0 0.3
111001.0 0.3
111001.0 0.3
47001.0 0.3
47001.0 0.3
70001.0 0.3
70001.0 0.3
14001.0 0.3
14001.0 0.3
2501.0 0.3
2501.0 0.3
2501.0 0.3
5001.0 0.3
5001.0 0.3
29001.0 0.3
29001.0 0.3
29001.0 0.3
2251.0 0.3
2251.0 0.3
9501.0 0.3
9501.0 0.3
122001.0 0.3
122001.0 0.3
132251.0 0.3
132251.0 0.3
105751.0 0.3
105751.0 0.3
105751.0 0.3
143501.0 0.3
143501.0 0.3
1000.9999999999999 0.3
1000.9999999999999 0.3
1501.0 0.3
1501.0 0.3
1501.0 0.3
2001.0 0.3
2001.0 0.3
1751.0 0.3
1751.0 0.3
44001.0 0.3
44001.0 0.3
117001.0 0.3
117001.0 0.3
30001.0 0.3
30001.0 0.3
96001.0 0.3
96001.0 0.3
150001.0 0.3
150001.0 0.3
150001.0 0.3
150001.0 0.3
22501.0 0.3
22501.0 0.3
22501.0 0.3
22501.0 0.3
121001.0 0.3
121001.0 0.3
157001.0 0.3
157001.0 0.3
79001.0 0.3
79001.0 0.3
132001.0 0.3
132001.0 0.3
38251.0 0.3
38251.0 0.3
48751.0 0.3
48751.0 0.3
48751.0 0.3
3751.0 0.3
3751.0 0.3
1251.0 0.3
1251.0 0.3
101001.0 0.3
101001.0 0.3
112001.0 0.3
112001.0 0.3
31001.0 0.3
31001.0 0.3
36001.0 0.3
36001.0 0.3
112001.0 0.3
112001.0 0.3
118001.0 0.3
118001.0 0.3
40001.0 0.3
40001.0 0.3
51001.0 0.3
51001.0 0.3
1501.0 0.3
1501.0 0.3
1501.0 0.3
1251.0 0.3
1251.0 0.3
1251.0 0.3
35001.0 0.3
35001.0 0.3
26751.0 0.3
26751.0 0.3
120001.0 0.3
120001.0 0.3
97501.0 0.3
97501.0 0.3
27501.0 0.3
27501.0 0.3
22751.0 0.3
22751.0 0.3
87751.0 0.3
87751.0 0.3
62751.0 0.3
62751.0 0.3
98751.0 0.3
98751.0 0.3
98751.0 0.3
121251.0 0.3
121251.0 0.3
9001.0 0.3
9001.0 0.3
23001.0 0.3
23001.0 0.3
138501.0 0.3
138501.0 0.3
144501.0 0.3
144501.0 0.3
144501.0 0.3
32750.999999999996 0.3
32750.999999999996 0.3
27251.0 0.3
27251.0 0.3
27376.0 0.3
27376.0 0.3
27376.0 0.3
27376.0 0.3
27376.0 0.3
7001.0 0.3
7001.0 0.3
3501.0 0.3
3501.0 0.3
42251.0 0.3
42251.0 0.3
57501.0 0.3
57501.0 0.3
114688.5 0.3
114688.5 0.3
114688.5 0.3
114688.5 0.3
123438.5 0.3
123438.5 0.3
123438.5 0.3
123438.5 0.3
41251.0 0.3
41251.0 0.3
56001.0 0.3
56001.0 0.3
2001.0 0.3
2001.0 0.3
3501.0 0.3
3501.0 0.3
73001.0 0.3
73001.0 0.3
82251.0 0.3
82251.0 0.3
6501.0 0.3
6501.0 0.3
10001.0 0.3
10001.0 0.3
129376.0 0.3
129376.0 0.3
129376.0 0.3
119376.0 0.3
119376.0 0.3
119376.0 0.3
119376.0 0.3
89001.0 0.3
89001.0 0.3
94751.0 0.3
94751.0 0.3
12001.0 0.3
12001.0 0.3
18001.0 0.3
18001.0 0.3
100251.0 0.3
100251.0 0.3
110251.0 0.3
110251.0 0.3
29751.0 0.3
29751.0 0.3
39501.0 0.3
39501.0 0.3
163001.0 0.3
163001.0 0.3
148001.0 0.3
148001.0 0.3
105001.0 0.3
105001.0 0.3
69001.0 0.3
69001.0 0.3
109001.0 0.3
109001.0 0.3
55001.0 0.3
55001.0 0.3
30001.0 0.3
30001.0 0.3
9001.0 0.3
9001.0 0.3
8751.0 0.3
8751.0 0.3
8751.0 0.3
751.0 0.3
751.0 0.3
751.0 0.3
4001.0000000000005 0.3
4001.0000000000005 0.3
4001.0000000000005 0.3
4001.0000000000005 0.3
1251.0 0.3
1251.0 0.3
3001.0 0.3
3001.0 0.3
29501.0 0.3
29501.0 0.3
7001.0 0.3
7001.0 0.3
24501.0 0.3
24501.0 0.3
73001.0 0.3
73001.0 0.3
85251.0 0.3
85251.0 0.3
57501.0 0.3
57501.0 0.3
54501.0 0.3
54501.0 0.3
95251.0 0.3
95251.0 0.3
82001.0 0.3
82001.0 0.3
20876.0 0.3
20876.0 0.3
20876.0 0.3
20876.0 0.3
20876.0 0.3
20876.0 0.3
3751.0 0.3
3751.0 0.3
24751.0 0.3
24751.0 0.3
24751.0 0.3
24751.0 0.3
5001.0 0.3
5001.0 0.3
1751.0 0.3
1751.0 0.3
54501.0 0.3
54501.0 0.3
79751.0 0.3
79751.0 0.3
78501.0 0.3
78501.0 0.3
113751.0 0.3
113751.0 0.3
41251.0 0.3
41251.0 0.3
20251.0 0.3
20251.0 0.3
105501.0 0.3
105501.0 0.3
75751.0 0.3
75751.0 0.3
119188.5 0.3
119188.5 0.3
119188.5 0.3
119188.5 0.3
128438.5 0.3
128438.5 0.3
128438.5 0.3
128438.5 0.3
113251.0 0.3
113251.0 0.3
119001.0 0.3
119001.0 0.3
44251.0 0.3
44251.0 0.3
48001.0 0.3
48001.0 0.3
120501.0 0.3
120501.0 0.3
114251.0 0.3
114251.0 0.3
48001.0 0.3
48001.0 0.3
50251.0 0.3
50251.0 0.3
124438.5 0.3
124438.5 0.3
124438.5 0.3
124438.5 0.3
132688.5 0.3
132688.5 0.3
132688.5 0.3
132688.5 0.3
105001.0 0.3
105001.0 0.3
103001.0 0.3
103001.0 0.3
50501.0 0.3
50501.0 0.3
45501.0 0.3
45501.0 0.3
110501.0 0.3
110501.0 0.3
102751.0 0.3
102751.0 0.3
49001.0 0.3
49001.0 0.3
38251.0 0.3
38251.0 0.3
85876.0 0.3
85876.0 0.3
82188.5 0.3
82188.5 0.3
82188.5 0.3
100813.5 0.3
100813.5 0.3
99188.5 0.3
99188.5 0.3
70501.0 0.3
70501.0 0.3
65251.00000000001 0.3
65251.00000000001 0.3
65251.00000000001 0.3
100688.5 0.3
100688.5 0.3
95438.5 0.3
95438.5 0.3
59438.5 0.3
59438.5 0.3
78438.5 0.3
78438.5 0.3
17063.5 0.3
17063.5 0.3
31001.0 0.3
31001.0 0.3
95376.0 0.3
95376.0 0.3
105751.0 0.3
105751.0 0.3
38126.0 0.3
38126.0 0.3
48813.5 0.3
48813.5 0.3
39001.0 0.3
39001.0 0.3
24501.0 0.3
24501.0 0.3
88251.0 0.3
88251.0 0.3
63751.0 0.3
63751.0 0.3
15251.0 0.3
15251.0 0.3
7251.0 0.3
7251.0 0.3
64001.00000000001 0.3
64001.00000000001 0.3
45751.0 0.3
45751.0 0.3
106001.0 0.3
106001.0 0.3
106001.0 0.3
104938.5 0.3
104938.5 0.3
104938.5 0.3
20313.5 0.3
20313.5 0.3
20313.5 0.3
12938.5 0.3
12938.5 0.3
12938.5 0.3
98126.0 0.3
98126.0 0.3
98126.0 0.3
62251.0 0.3
62251.0 0.3
47501.0 0.3
47501.0 0.3
105501.0 0.3
105501.0 0.3
99001.0 0.3
99001.0 0.3
115063.5 0.3
115063.5 0.3
115188.5 0.3
115188.5 0.3
57063.5 0.3
57063.5 0.3
62438.5 0.3
62438.5 0.3
117001.0 0.3
117001.0 0.3
121251.0 0.3
121251.0 0.3
121251.0 0.3
121251.0 0.3
69438.5 0.3
69438.5 0.3
70063.5 0.3
70063.5 0.3
70063.5 0.3
2251.0 0.3
2251.0 0.3
2251.0 0.3
7032.25 0.3
7032.25 0.3
7032.25 0.3
1360.375 0.3
1360.375 0.3
1782.25 0.3
1782.25 0.3
11204.125 0.3
11204.125 0.3
11204.125 0.3
13079.125 0.3
13079.125 0.3
13079.125 0.3
13079.125 0.3
1766.625 0.3
1766.625 0.3
1501.0 0.3
1501.0 0.3
9126.0 0.3
9126.0 0.3
9126.0 0.3
8751.0 0.3
8751.0 0.3
8751.0 0.3
8751.0 0.3
74563.5 0.3
74563.5 0.3
74563.5 0.3
74563.5 0.3
74563.5 0.3
50501.0 0.3
50501.0 0.3
48501.0 0.3
48501.0 0.3
105251.0 0.3
105251.0 0.3
111251.0 0.3
111251.0 0.3
7688.5 0.3
7688.5 0.3
7688.5 0.3
7688.5 0.3
7876.0 0.3
7876.0 0.3
7876.0 0.3
7876.0 0.3
55751.0 0.3
55751.0 0.3
51751.0 0.3
51751.0 0.3
116751.0 0.3
116751.0 0.3
97251.0 0.3
97251.0 0.3
36251.0 0.3
36251.0 0.3
41251.0 0.3
41251.0 0.3
82751.0 0.3
82751.0 0.3
93501.0 0.3
93501.0 0.3
126251.0 0.3
126251.0 0.3
121251.0 0.3
121251.0 0.3
104751.0 0.3
104751.0 0.3
138251.0 0.3
138251.0 0.3
127063.5 0.3
127063.5 0.3
127063.5 0.3
127063.5 0.3
84001.0 0.3
84001.0 0.3
106251.0 0.3
106251.0 0.3
61001.0 0.3
61001.0 0.3
51501.0 0.3
51501.0 0.3
72563.5 0.3
72563.5 0.3
72563.5 0.3
121063.5 0.3
121063.5 0.3
121063.5 0.3
112376.0 0.3
112376.0 0.3
112376.0 0.3
67876.0 0.3
67876.0 0.3
62688.5 0.3
62688.5 0.3
5001.0 0.3
5001.0 0.3
5001.0 0.3
5001.0 0.3
7063.5 0.3
7063.5 0.3
7063.5 0.3
7063.5 0.3
34751.0 0.3
34751.0 0.3
48501.0 0.3
48501.0 0.3
68251.0 0.3
68251.0 0.3
100501.0 0.3
100501.0 0.3
64751.00000000001 0.3
64751.00000000001 0.3
49751.0 0.3
49751.0 0.3
112001.0 0.3
112001.0 0.3
97251.0 0.3
97251.0 0.3
8251.0 0.3
8251.0 0.3
8251.0 0.3
8251.0 0.3
8813.5 0.3
8813.5 0.3
8813.5 0.3
8813.5 0.3
31501.0 0.3
31501.0 0.3
32000.999999999996 0.3
32000.999999999996 0.3
80751.0 0.3
80751.0 0.3
89501.0 0.3
89501.0 0.3
36501.0 0.3
36501.0 0.3
35001.0 0.3
35001.0 0.3
92251.0 0.3
92251.0 0.3
73751.0 0.3
73751.0 0.3
119563.5 0.3
119563.5 0.3
119563.5 0.3
125501.0 0.3
125501.0 0.3
125501.0 0.3
65438.50000000001 0.3
65438.50000000001 0.3
63376.0 0.3
63376.0 0.3
116376.0 0.3
116376.0 0.3
116376.0 0.3
115563.5 0.3
115563.5 0.3
115563.5 0.3
115563.5 0.3
70313.5 0.3
70313.5 0.3
70313.5 0.3
97001.0 0.3
97001.0 0.3
95751.0 0.3
95751.0 0.3
50751.0 0.3
50751.0 0.3
51501.0 0.3
51501.0 0.3
25938.5 0.3
25938.5 0.3
25938.5 0.3
27188.5 0.3
27188.5 0.3
4188.5 0.3
4188.5 0.3
4751.0 0.3
4751.0 0.3
14063.5 0.3
14063.5 0.3
14063.5 0.3
14063.5 0.3
1032.25 0.3
1032.25 0.3
1032.25 0.3
1501.0 0.3
1501.0 0.3
14501.0 0.3
14501.0 0.3
14501.0 0.3
14501.0 0.3
24813.5 0.3
24813.5 0.3
25688.5 0.3
25688.5 0.3
25688.5 0.3
3438.5 0.3
3438.5 0.3
4001.0000000000005 0.3
4001.0000000000005 0.3
2063.5 0.3
2063.5 0.3
1563.5 0.3
1563.5 0.3
1563.5 0.3
102126.0 0.3
102126.0 0.3
102126.0 0.3
73813.5 0.3
73813.5 0.3
95313.5 0.3
95313.5 0.3
95313.5 0.3
62751.0 0.3
62751.0 0.3
53501.0 0.3
53501.0 0.3
53501.0 0.3
53501.0 0.3
53501.0 0.3
84626.0 0.3
84626.0 0.3
84626.0 0.3
84626.0 0.3
64501.00000000001 0.3
64501.00000000001 0.3
126251.0 0.3
126251.0 0.3
74751.0 0.3
74751.0 0.3
151251.0 0.3
151251.0 0.3
151251.0 0.3
151251.0 0.3
108001.0 0.3
108001.0 0.3
69688.5 0.3
69688.5 0.3
69688.5 0.3
69688.5 0.3
64313.50000000001 0.3
64313.50000000001 0.3
66563.5 0.3
66563.5 0.3
68938.5 0.3
68938.5 0.3
68938.5 0.3
80188.5 0.3
80188.5 0.3
80188.5 0.3
49688.5 0.3
49688.5 0.3
55188.5 0.3
55188.5 0.3
67688.5 0.3
67688.5 0.3
81438.5 0.3
81438.5 0.3
55641.625 0.3
55641.625 0.3
55641.625 0.3
55641.625 0.3
95563.5 0.3
95563.5 0.3
129001.0 0.3
129001.0 0.3
129001.0 0.3
117188.5 0.3
117188.5 0.3
117188.5 0.3
117188.5 0.3
138251.0 0.3
138251.0 0.3
144501.0 0.3
144501.0 0.3
93251.0 0.3
93251.0 0.3
81001.0 0.3
81001.0 0.3
82813.5 0.3
82813.5 0.3
82813.5 0.3
67688.5 0.3
67688.5 0.3
145501.0 0.3
145501.0 0.3
102251.0 0.3
102251.0 0.3
89751.0 0.3
89751.0 0.3
109501.0 0.3
109501.0 0.3
82001.0 0.3
82001.0 0.3
82001.0 0.3
82001.0 0.3
118001.0 0.3
118001.0 0.3
156001.0 0.3
156001.0 0.3
53001.0 0.3
53001.0 0.3
92001.0 0.3
92001.0 0.3
146001.0 0.3
146001.0 0.3
146001.0 0.3
8000.999999999999 0.3
8000.999999999999 0.3
8000.999999999999 0.3
33251.0 0.3
33251.0 0.3
33251.0 0.3
136501.0 0.3
136501.0 0.3
136501.0 0.3
116501.0 0.3
116501.0 0.3
116501.0 0.3
87001.0 0.3
87001.0 0.3
95001.0 0.3
95001.0 0.3
18001.0 0.3
18001.0 0.3
23001.0 0.3
23001.0 0.3
101001.0 0.3
101001.0 0.3
103001.0 0.3
103001.0 0.3
30001.0 0.3
30001.0 0.3
35001.0 0.3
35001.0 0.3
17001.0 0.3
17001.0 0.3
13751.0 0.3
13751.0 0.3
52501.0 0.3
52501.0 0.3
37251.0 0.3
37251.0 0.3
11251.0 0.3
11251.0 0.3
11251.0 0.3
5501.0 0.3
5501.0 0.3
5501.0 0.3
39501.0 0.3
39501.0 0.3
43501.0 0.3
43501.0 0.3
111751.0 0.3
111751.0 0.3
111751.0 0.3
132251.0 0.3
132251.0 0.3
132251.0 0.3
110001.0 0.3
110001.0 0.3
105001.0 0.3
105001.0 0.3
39001.0 0.3
39001.0 0.3
31001.0 0.3
31001.0 0.3
105001.0 0.3
105001.0 0.3
95001.0 0.3
95001.0 0.3
27001.0 0.3
27001.0 0.3
24001.0 0.3
24001.0 0.3
139001.0 0.3
139001.0 0.3
87501.0 0.3
87501.0 0.3
38001.0 0.3
38001.0 0.3
38001.0 0.3
16001.000000000002 0.3
16001.000000000002 0.3
3251.0 0.3
3251.0 0.3
3251.0 0.3
6251.0 0.3
6251.0 0.3
6251.0 0.3
53251.0 0.3
53251.0 0.3
67001.0 0.3
67001.0 0.3
11501.0 0.3
11501.0 0.3
31001.0 0.3
31001.0 0.3
31001.0 0.3
96751.0 0.3
96751.0 0.3
114501.0 0.3
114501.0 0.3
129876.0 0.3
129876.0 0.3
129876.0 0.3
129876.0 0.3
126251.0 0.3
126251.0 0.3
126251.0 0.3
126251.0 0.3
95001.0 0.3
95001.0 0.3
95001.0 0.3
95001.0 0.3
35751.0 0.3
35751.0 0.3
31251.0 0.3
31251.0 0.3
97001.0 0.3
97001.0 0.3
84001.0 0.3
84001.0 0.3
29751.0 0.3
29751.0 0.3
27001.0 0.3
27001.0 0.3
122438.5 0.3
122438.5 0.3
122438.5 0.3
122438.5 0.3
117063.5 0.3
117063.5 0.3
117063.5 0.3
117063.5 0.3
68251.0 0.3
68251.0 0.3
55251.0 0.3
55251.0 0.3
16001.000000000002 0.3
16001.000000000002 0.3
8751.0 0.3
8751.0 0.3
55001.0 0.3
55001.0 0.3
53251.0 0.3
53251.0 0.3
10501.0 0.3
10501.0 0.3
7501.0 0.3
7501.0 0.3
63251.0 0.3
63251.0 0.3
31251.0 0.3
31251.0 0.3
5751.0 0.3
5751.0 0.3
5751.0 0.3
6251.0 0.3
6251.0 0.3
12438.5 0.3
12438.5 0.3
12438.5 0.3
12438.5 0.3
24001.0 0.3
24001.0 0.3
42001.0 0.3
42001.0 0.3
104001.0 0.3
104001.0 0.3
112001.0 0.3
112001.0 0.3
86751.0 0.3
86751.0 0.3
86751.0 0.3
114751.0 0.3
114751.0 0.3
114751.0 0.3
108501.0 0.3
108501.0 0.3
91813.5 0.3
91813.5 0.3
91813.5 0.3
91813.5 0.3
91813.5 0.3
14376.0 0.3
14376.0 0.3
14376.0 0.3
14376.0 0.3
14376.0 0.3
45501.0 0.3
45501.0 0.3
61751.0 0.3
61751.0 0.3
7001.0 0.3
7001.0 0.3
5251.0 0.3
5251.0 0.3
57751.0 0.3
57751.0 0.3
45751.0 0.3
45751.0 0.3
99251.0 0.3
99251.0 0.3
112001.0 0.3
112001.0 0.3
31751.0 0.3
31751.0 0.3
31501.0 0.3
31501.0 0.3
118251.0 0.3
118251.0 0.3
125751.0 0.3
125751.0 0.3
111626.0 0.3
111626.0 0.3
111626.0 0.3
111626.0 0.3
109251.0 0.3
109251.0 0.3
115751.0 0.3
115751.0 0.3
67001.0 0.3
67001.0 0.3
66501.0 0.3
66501.0 0.3
22876.0 0.3
22876.0 0.3
22876.0 0.3
7813.5 0.3
7813.5 0.3
7813.5 0.3
113751.0 0.3
113751.0 0.3
100001.0 0.3
100001.0 0.3
62001.0 0.3
62001.0 0.3
50751.0 0.3
50751.0 0.3
87001.0 0.3
87001.0 0.3
87001.0 0.3
87001.0 0.3
87001.0 0.3
33001.0 0.3
33001.0 0.3
24001.0 0.3
24001.0 0.3
3938.5 0.3
3938.5 0.3
3938.5 0.3
1063.5 0.3
1063.5 0.3
1063.5 0.3
1063.5 0.3
65001.00000000001 0.3
65001.00000000001 0.3
65001.00000000001 0.3
73532.25 0.3
73532.25 0.3
73532.25 0.3
73532.25 0.3
67438.5 0.3
67438.5 0.3
72501.0 0.3
72501.0 0.3
69563.5 0.3
69563.5 0.3
69563.5 0.3
58001.0 0.3
58001.0 0.3
58001.0 0.3
82251.0 0.3
82251.0 0.3
93438.5 0.3
93438.5 0.3
93438.5 0.3
44063.5 0.3
44063.5 0.3
44063.5 0.3
24376.0 0.3
24376.0 0.3
24376.0 0.3
69126.0 0.3
69126.0 0.3
70938.5 0.3
70938.5 0.3
78001.0 0.3
78001.0 0.3
78001.0 0.3
84188.5 0.3
84188.5 0.3
84188.5 0.3
84188.5 0.3
76751.0 0.3
76751.0 0.3
76751.0 0.3
76751.0 0.3
84501.0 0.3
84501.0 0.3
126001.0 0.3
126001.0 0.3
96751.0 0.3
96751.0 0.3
132251.0 0.3
132251.0 0.3
80501.0 0.3
80501.0 0.3
90501.0 0.3
90501.0 0.3
104001.0 0.3
104001.0 0.3
121501.0 0.3
121501.0 0.3
121501.0 0.3
113751.0 0.3
113751.0 0.3
150001.0 0.3
150001.0 0.3
150001.0 0.3
150001.0 0.3
117501.0 0.3
117501.0 0.3
117501.0 0.3
124001.0 0.3
124001.0 0.3
76001.0 0.3
76001.0 0.3
36001.0 0.3
36001.0 0.3
5001.0 0.3
5001.0 0.3
98001.0 0.3
98001.0 0.3
102501.0 0.3
102501.0 0.3
104751.0 0.3
104751.0 0.3
89001.0 0.3
89001.0 0.3
89001.0 0.3
113001.0 0.3
113001.0 0.3
113001.0 0.3
108501.0 0.3
108501.0 0.3
100001.0 0.3
100001.0 0.3
79001.0 0.3
79001.0 0.3
38001.0 0.3
38001.0 0.3
24001.0 0.3
24001.0 0.3
30251.0 0.3
30251.0 0.3
30251.0 0.3
15251.0 0.3
15251.0 0.3
15251.0 0.3
15251.0 0.3
15251.0 0.3
3501.0 0.3
3501.0 0.3
3501.0 0.3
12251.0 0.3
12251.0 0.3
37501.0 0.3
37501.0 0.3
52001.0 0.3
52001.0 0.3
84251.0 0.3
84251.0 0.3
84251.0 0.3
88001.0 0.3
88001.0 0.3
66001.0 0.3
66001.0 0.3
27001.0 0.3
27001.0 0.3
16001.000000000002 0.3
16001.000000000002 0.3
8501.0 0.3
8501.0 0.3
2501.0 0.3
2501.0 0.3
2501.0 0.3
17001.0 0.3
17001.0 0.3
17001.0 0.3
6501.0 0.3
6501.0 0.3
6501.0 0.3
17501.0 0.3
17501.0 0.3
36001.0 0.3
36001.0 0.3
37751.0 0.3
37751.0 0.3
38001.0 0.3
38001.0 0.3
75001.0 0.3
75001.0 0.3
20251.0 0.3
20251.0 0.3
9376.0 0.3
9376.0 0.3
9376.0 0.3
9376.0 0.3
71501.0 0.3
71501.0 0.3
67251.0 0.3
67251.0 0.3
10501.0 0.3
10501.0 0.3
7501.0 0.3
7501.0 0.3
52251.0 0.3
52251.0 0.3
28501.0 0.3
28501.0 0.3
12251.0 0.3
12251.0 0.3
29251.0 0.3
29251.0 0.3
37001.0 0.3
37001.0 0.3
53751.0 0.3
53751.0 0.3
114251.0 0.3
114251.0 0.3
114251.0 0.3
80751.0 0.3
80751.0 0.3
60938.5 0.3
60938.5 0.3
60938.5 0.3
60938.5 0.3
60938.5 0.3
11501.0 0.3
11501.0 0.3
4751.0 0.3
4751.0 0.3
48501.0 0.3
48501.0 0.3
73251.0 0.3
73251.0 0.3
18251.0 0.3
18251.0 0.3
44001.0 0.3
44001.0 0.3
79751.0 0.3
79751.0 0.3
61751.0 0.3
61751.0 0.3
70501.0 0.3
70501.0 0.3
52001.0 0.3
52001.0 0.3
15001.0 0.3
15001.0 0.3
2251.0 0.3
2251.0 0.3
8000.999999999999 0.3
8000.999999999999 0.3
8000.999999999999 0.3
8000.999999999999 0.3
109001.0 0.3
109001.0 0.3
78001.0 0.3
78001.0 0.3
38001.0 0.3
38001.0 0.3
23001.0 0.3
23001.0 0.3
26751.0 0.3
26751.0 0.3
26751.0 0.3
7751.0 0.3
7751.0 0.3
7751.0 0.3
6751.0 0.3
6751.0 0.3
5001.0 0.3
5001.0 0.3
5001.0 0.3
6688.5 0.3
6688.5 0.3
6688.5 0.3
6688.5 0.3
22876.0 0.3
22876.0 0.3
22876.0 0.3
1376.0 0.3
1376.0 0.3
1376.0 0.3
1376.0 0.3
7938.5 0.3
7938.5 0.3
7938.5 0.3
7938.5 0.3
15001.0 0.3
15001.0 0.3
37751.0 0.3
37751.0 0.3
73251.0 0.3
73251.0 0.3
88251.0 0.3
88251.0 0.3
54251.0 0.3
54251.0 0.3
71251.0 0.3
71251.0 0.3
91251.0 0.3
91251.0 0.3
100251.0 0.3
100251.0 0.3
61001.0 0.3
61001.0 0.3
55001.0 0.3
55001.0 0.3
40751.0 0.3
40751.0 0.3
6001.0 0.3
6001.0 0.3
14813.5 0.3
14813.5 0.3
14813.5 0.3
14813.5 0.3
1438.5 0.3
1438.5 0.3
1438.5 0.3
1438.5 0.3
6938.5 0.3
6938.5 0.3
6938.5 0.3
1751.0 0.3
1751.0 0.3
1751.0 0.3
1751.0 0.3
8376.0 0.3
8376.0 0.3
8376.0 0.3
3751.0 0.3
3751.0 0.3
17251.0 0.3
17251.0 0.3
39751.0 0.3
39751.0 0.3
56501.0 0.3
56501.0 0.3
36751.0 0.3
36751.0 0.3
56501.0 0.3
56501.0 0.3
75501.0 0.3
75501.0 0.3
84251.0 0.3
84251.0 0.3
6251.0 0.3
6251.0 0.3
23501.0 0.3
23501.0 0.3
43751.0 0.3
43751.0 0.3
69251.0 0.3
69251.0 0.3
71251.0 0.3
71251.0 0.3
71251.0 0.3
71251.0 0.3
101188.5 0.3
101188.5 0.3
101188.5 0.3
101188.5 0.3
101188.5 0.3
99501.0 0.3
99501.0 0.3
123751.0 0.3
123751.0 0.3
144251.0 0.3
144251.0 0.3
140001.0 0.3
140001.0 0.3
92751.0 0.3
92751.0 0.3
92751.0 0.3
117938.5 0.3
117938.5 0.3
117938.5 0.3
131813.5 0.3
131813.5 0.3
131813.5 0.3
131813.5 0.3
117313.5 0.3
117313.5 0.3
117313.5 0.3
8063.499999999999 0.3
8063.499999999999 0.3
8063.499999999999 0.3
8063.499999999999 0.3
8688.5 0.3
8688.5 0.3
8688.5 0.3
51001.0 0.3
51001.0 0.3
41751.0 0.3
41751.0 0.3
104251.0 0.3
104251.0 0.3
82251.0 0.3
82251.0 0.3
71876.0 0.3
71876.0 0.3
71876.0 0.3
15688.5 0.3
15688.5 0.3
15688.5 0.3
10376.0 0.3
10376.0 0.3
10376.0 0.3
80376.0 0.3
80376.0 0.3
25876.0 0.3
25876.0 0.3
25876.0 0.3
25876.0 0.3
115438.5 0.3
115438.5 0.3
115438.5 0.3
112188.5 0.3
112188.5 0.3
75626.0 0.3
75626.0 0.3
75626.0 0.3
73876.0 0.3
73876.0 0.3
73876.0 0.3
101563.5 0.3
101563.5 0.3
101563.5 0.3
101563.5 0.3
54751.0 0.3
54751.0 0.3
39751.0 0.3
39751.0 0.3
115001.0 0.3
115001.0 0.3
100001.0 0.3
100001.0 0.3
97751.0 0.3
97751.0 0.3
92501.0 0.3
92501.0 0.3
53751.0 0.3
53751.0 0.3
52501.0 0.3
52501.0 0.3
93251.0 0.3
93251.0 0.3
84751.0 0.3
84751.0 0.3
51751.0 0.3
51751.0 0.3
46251.0 0.3
46251.0 0.3
9501.0 0.3
9501.0 0.3
9501.0 0.3
20876.0 0.3
20876.0 0.3
20876.0 0.3
65251.00000000001 0.3
65251.00000000001 0.3
63251.0 0.3
63251.0 0.3
72001.0 0.3
72001.0 0.3
129751.0 0.3
129751.0 0.3
78501.0 0.3
78501.0 0.3
80501.0 0.3
80501.0 0.3
120251.0 0.3
120251.0 0.3
127251.0 0.3
127251.0 0.3
26126.0 0.3
26126.0 0.3
26126.0 0.3
18251.0 0.3
18251.0 0.3
37501.0 0.3
37501.0 0.3
76751.0 0.3
76751.0 0.3
90501.0 0.3
90501.0 0.3
105001.0 0.3
105001.0 0.3
105001.0 0.3
126188.5 0.3
126188.5 0.3
126188.5 0.3
126188.5 0.3
73501.0 0.3
73501.0 0.3
138501.0 0.3
138501.0 0.3
106001.0 0.3
106001.0 0.3
121251.0 0.3
121251.0 0.3
128251.0 0.3
128251.0 0.3
128251.0 0.3
128251.0 0.3
65751.0 0.3
65751.0 0.3
65751.0 0.3
65751.0 0.3
55376.0 0.3
55376.0 0.3
118376.0 0.3
118376.0 0.3
118376.0 0.3
127251.0 0.3
127251.0 0.3
131001.0 0.3
131001.0 0.3
94001.0 0.3
94001.0 0.3
82001.0 0.3
82001.0 0.3
49688.5 0.3
49688.5 0.3
44376.0 0.3
44376.0 0.3
44376.0 0.3
15547.875 0.3
15547.875 0.3
15547.875 0.3
15547.875 0.3
15547.875 0.3
27313.5 0.3
27313.5 0.3
27313.5 0.3
24876.0 0.3
24876.0 0.3
24876.0 0.3
6126.0 0.3
6126.0 0.3
1813.5 0.3
1813.5 0.3
1251.0 0.3
1251.0 0.3
1782.25 0.3
1782.25 0.3
1782.25 0.3
12516.625 0.3
12516.625 0.3
12516.625 0.3
12516.625 0.3
8251.0 0.3
8251.0 0.3
8251.0 0.3
1079.125 0.3
1079.125 0.3
2001.0 0.3
2001.0 0.3
51251.0 0.3
51251.0 0.3
76751.0 0.3
76751.0 0.3
99001.0 0.3
99001.0 0.3
108751.0 0.3
108751.0 0.3
96376.0 0.3
96376.0 0.3
96376.0 0.3
132438.5 0.3
132438.5 0.3
132438.5 0.3
132438.5 0.3
136188.5 0.3
136188.5 0.3
136188.5 0.3
121751.0 0.3
121751.0 0.3
121751.0 0.3
134063.5 0.3
134063.5 0.3
134063.5 0.3
134063.5 0.3
127001.0 0.3
127001.0 0.3
127001.0 0.3
137251.0 0.3
137251.0 0.3
125001.0 0.3
125001.0 0.3
90251.0 0.3
90251.0 0.3
83501.0 0.3
83501.0 0.3
121001.0 0.3
121001.0 0.3
116251.0 0.3
116251.0 0.3
76251.0 0.3
76251.0 0.3
63751.0 0.3
63751.0 0.3
99751.0 0.3
99751.0 0.3
84001.0 0.3
84001.0 0.3
47001.0 0.3
47001.0 0.3
46501.0 0.3
46501.0 0.3
33188.5 0.3
33188.5 0.3
33188.5 0.3
26376.0 0.3
26376.0 0.3
26376.0 0.3
57438.5 0.3
57438.5 0.3
57438.5 0.3
40063.5 0.3
40063.5 0.3
40063.5 0.3
18751.0 0.3
18751.0 0.3
11876.0 0.3
11876.0 0.3
134938.5 0.3
134938.5 0.3
134938.5 0.3
134938.5 0.3
138001.0 0.3
138001.0 0.3
121501.0 0.3
121501.0 0.3
108001.0 0.3
108001.0 0.3
81501.0 0.3
81501.0 0.3
108001.0 0.3
108001.0 0.3
89001.0 0.3
89001.0 0.3
57251.0 0.3
57251.0 0.3
49251.0 0.3
49251.0 0.3
46188.5 0.3
46188.5 0.3
46188.5 0.3
46188.5 0.3
113751.0 0.3
113751.0 0.3
90251.0 0.3
90251.0 0.3
68501.0 0.3
68501.0 0.3
53251.0 0.3
53251.0 0.3
52001.0 0.3
52001.0 0.3
52001.0 0.3
29501.0 0.3
29501.0 0.3
29501.0 0.3
21001.0 0.3
21001.0 0.3
30063.5 0.3
30063.5 0.3
30063.5 0.3
16251.000000000002 0.3
16251.000000000002 0.3
8626.0 0.3
8626.0 0.3
2188.5 0.3
2188.5 0.3
4704.125 0.3
4704.125 0.3
4704.125 0.3
4704.125 0.3
3751.0 0.3
3751.0 0.3
3751.0 0.3
2016.625 0.3
2016.625 0.3
2016.625 0.3
1469.75 0.3
1469.75 0.3
1860.375 0.3
1860.375 0.3
1938.5 0.3
1938.5 0.3
1938.5 0.3
1469.75 0.3
1469.75 0.3
1532.25 0.3
1532.25 0.3
2016.625 0.3
2016.625 0.3
38215.84375 0.3
38215.84375 0.3
38215.84375 0.3
38215.84375 0.3
43469.75 0.3
43469.75 0.3
50016.625 0.3
50016.625 0.3
50016.625 0.3
59516.625 0.3
59516.625 0.3
59516.625 0.3
79501.0 0.3
79501.0 0.3
71876.0 0.3
71876.0 0.3
70813.5 0.3
70813.5 0.3
98001.0 0.3
98001.0 0.3
98001.0 0.3
51575.21875 0.3
51575.21875 0.3
51575.21875 0.3
51575.21875 0.3
61532.25 0.3
61532.25 0.3
61532.25 0.3
66688.5 0.3
66688.5 0.3
66688.5 0.3
73251.0 0.3
73251.0 0.3
126501.0 0.3
126501.0 0.3
74251.0 0.3
74251.0 0.3
106001.0 0.3
106001.0 0.3
69313.5 0.3
69313.5 0.3
77001.0 0.3
77001.0 0.3
77001.0 0.3
75016.625 0.3
75016.625 0.3
79001.0 0.3
79001.0 0.3
79001.0 0.3
79001.0 0.3
46219.75 0.3
46219.75 0.3
46219.75 0.3
46219.75 0.3
53001.0 0.3
53001.0 0.3
53001.0 0.3
53001.0 0.3
64938.50000000001 0.3
64938.50000000001 0.3
58876.0 0.3
58876.0 0.3
77876.0 0.3
77876.0 0.3
77876.0 0.3
68251.0 0.3
68251.0 0.3
59063.5 0.3
59063.5 0.3
59063.5 0.3
59063.5 0.3
59063.5 0.3
67251.0 0.3
67251.0 0.3
83938.5 0.3
83938.5 0.3
83938.5 0.3
64188.50000000001 0.3
64188.50000000001 0.3
69438.5 0.3
69438.5 0.3
69438.5 0.3
69438.5 0.3
128251.0 0.3
128251.0 0.3
128251.0 0.3
104001.0 0.3
104001.0 0.3
25001.0 0.3
25001.0 0.3
81001.0 0.3
81001.0 0.3
12001.0 0.3
12001.0 0.3
144001.0 0.3
144001.0 0.3
144001.0 0.3
79001.0 0.3
79001.0 0.3
7001.0 0.3
7001.0 0.3
80001.0 0.3
80001.0 0.3
5001.0 0.3
5001.0 0.3
8251.0 0.3
8251.0 0.3
8251.0 0.3
25751.0 0.3
25751.0 0.3
10251.0 0.3
10251.0 0.3
10251.0 0.3
15251.0 0.3
15251.0 0.3
141001.0 0.3
141001.0 0.3
141001.0 0.3
71001.0 0.3
71001.0 0.3
3001.0 0.3
3001.0 0.3
55001.0 0.3
55001.0 0.3
1.0 0.3
1.0 0.3
117751.0 0.3
117751.0 0.3
15751.0 0.3
15751.0 0.3
15751.0 0.3
14751.0 0.3
14751.0 0.3
14751.0 0.3
5001.0 0.3
5001.0 0.3
10501.0 0.3
10501.0 0.3
2501.0 0.3
2501.0 0.3
66126.0 0.3
66126.0 0.3
66126.0 0.3
68751.0 0.3
68751.0 0.3
79251.0 0.3
79251.0 0.3
68751.0 0.3
68751.0 0.3
99501.0 0.3
99501.0 0.3
99501.0 0.3
66063.5 0.3
66063.5 0.3
66063.5 0.3
66063.5 0.3
76501.0 0.3
76501.0 0.3
111001.0 0.3
111001.0 0.3
111001.0 0.3
122501.0 0.3
122501.0 0.3
122501.0 0.3
122501.0 0.3
116001.0 0.3
116001.0 0.3
39001.0 0.3
39001.0 0.3
69001.0 0.3
69001.0 0.3
1000.9999999999999 0.3
1000.9999999999999 0.3
98251.0 0.3
98251.0 0.3
98251.0 0.3
9751.0 0.3
9751.0 0.3
117001.0 0.3
117001.0 0.3
47001.0 0.3
47001.0 0.3
85001.0 0.3
85001.0 0.3
24001.0 0.3
24001.0 0.3
3751.0 0.3
3751.0 0.3
3751.0 0.3
5251.0 0.3
5251.0 0.3
5251.0 0.3
5251.0 0.3
17751.0 0.3
17751.0 0.3
17751.0 0.3
6251.0 0.3
6251.0 0.3
4251.0 0.3
4251.0 0.3
4251.0 0.3
4501.0 0.3
4501.0 0.3
3876.0 0.3
3876.0 0.3
3876.0 0.3
117001.0 0.3
117001.0 0.3
82751.0 0.3
82751.0 0.3
138501.0 0.3
138501.0 0.3
117501.0 0.3
117501.0 0.3
85563.5 0.3
85563.5 0.3
85563.5 0.3
133251.0 0.3
133251.0 0.3
133251.0 0.3
103938.5 0.3
103938.5 0.3
103938.5 0.3
72126.0 0.3
72126.0 0.3
72126.0 0.3
67751.0 0.3
67751.0 0.3
67751.0 0.3
67751.0 0.3
87001.0 0.3
87001.0 0.3
90001.0 0.3
90001.0 0.3
116251.0 0.3
116251.0 0.3
139251.0 0.3
139251.0 0.3
101751.0 0.3
101751.0 0.3
136501.0 0.3
136501.0 0.3
136501.0 0.3
136501.0 0.3
163251.0 0.3
163251.0 0.3
163251.0 0.3
163251.0 0.3
149001.0 0.3
149001.0 0.3
75001.0 0.3
75001.0 0.3
73001.0 0.3
73001.0 0.3
17001.0 0.3
17001.0 0.3
93188.5 0.3
93188.5 0.3
112751.0 0.3
112751.0 0.3
112751.0 0.3
74126.0 0.3
74126.0 0.3
92001.0 0.3
92001.0 0.3
92001.0 0.3
143501.0 0.3
143501.0 0.3
142751.0 0.3
142751.0 0.3
142751.0 0.3
119501.0 0.3
119501.0 0.3
86751.0 0.3
86751.0 0.3
123001.0 0.3
123001.0 0.3
68001.0 0.3
68001.0 0.3
79001.0 0.3
79001.0 0.3
37001.0 0.3
37001.0 0.3
6751.0 0.3
6751.0 0.3
6751.0 0.3
6751.0 0.3
26751.0 0.3
26751.0 0.3
26751.0 0.3
2751.0 0.3
2751.0 0.3
96751.0 0.3
96751.0 0.3
54751.0 0.3
54751.0 0.3
83001.0 0.3
83001.0 0.3
34751.0 0.3
34751.0 0.3
12501.0 0.3
12501.0 0.3
21751.0 0.3
21751.0 0.3
22501.0 0.3
22501.0 0.3
62001.0 0.3
62001.0 0.3
68501.0 0.3
68501.0 0.3
123001.0 0.3
123001.0 0.3
123001.0 0.3
123001.0 0.3
127001.0 0.3
127001.0 0.3
127001.0 0.3
127001.0 0.3
147001.0 0.3
147001.0 0.3
107001.0 0.3
107001.0 0.3
103001.0 0.3
103001.0 0.3
22001.0 0.3
22001.0 0.3
137001.0 0.3
137001.0 0.3
85001.0 0.3
85001.0 0.3
98001.0 0.3
98001.0 0.3
20001.0 0.3
20001.0 0.3
7001.0 0.3
7001.0 0.3
7001.0 0.3
7001.0 0.3
10751.0 0.3
10751.0 0.3
10751.0 0.3
10751.0 0.3
10001.0 0.3
10001.0 0.3
142001.0 0.3
142001.0 0.3
89001.0 0.3
89001.0 0.3
78001.0 0.3
78001.0 0.3
25001.0 0.3
25001.0 0.3
8751.0 0.3
8751.0 0.3
8751.0 0.3
8751.0 0.3
7001.0 0.3
7001.0 0.3
7001.0 0.3
7001.0 0.3
7251.0 0.3
7251.0 0.3
15501.0 0.3
15501.0 0.3
15501.0 0.3
15501.0 0.3
6251.0 0.3
6251.0 0.3
6251.0 0.3
6251.0 0.3
14751.0 0.3
14751.0 0.3
4751.0 0.3
4751.0 0.3
21626.0 0.3
21626.0 0.3
30251.0 0.3
30251.0 0.3
30251.0 0.3
30251.0 0.3
30251.0 0.3
20438.5 0.3
20438.5 0.3
63501.0 0.3
63501.0 0.3
53251.0 0.3
53251.0 0.3
79751.0 0.3
79751.0 0.3
20501.0 0.3
20501.0 0.3
5376.0 0.3
5376.0 0.3
5376.0 0.3
14563.5 0.3
14563.5 0.3
30438.5 0.3
30438.5 0.3
30438.5 0.3
30438.5 0.3
20438.5 0.3
20438.5 0.3
20438.5 0.3
20438.5 0.3
34501.0 0.3
34501.0 0.3
52001.0 0.3
52001.0 0.3
51001.0 0.3
51001.0 0.3
65001.00000000001 0.3
65001.00000000001 0.3
37954.125 0.3
37954.125 0.3
52516.625 0.3
52516.625 0.3
48985.375 0.3
48985.375 0.3
48985.375 0.3
50282.25 0.3
50282.25 0.3
65563.5 0.3
65563.5 0.3
66688.5 0.3
66688.5 0.3
66688.5 0.3
66688.5 0.3
66047.875 0.3
66047.875 0.3
66047.875 0.3
66047.875 0.3
68626.0 0.3
68626.0 0.3
71063.5 0.3
71063.5 0.3
71063.5 0.3
71063.5 0.3
78126.0 0.3
78126.0 0.3
78126.0 0.3
78126.0 0.3
74001.0 0.3
74001.0 0.3
113001.0 0.3
113001.0 0.3
113001.0 0.3
113001.0 0.3
128751.0 0.3
128751.0 0.3
128751.0 0.3
128751.0 0.3
136001.0 0.3
136001.0 0.3
90001.0 0.3
90001.0 0.3
83001.0 0.3
83001.0 0.3
32000.999999999996 0.3
32000.999999999996 0.3
62016.625 0.3
62016.625 0.3
62016.625 0.3
62016.625 0.3
62266.625 0.3
62266.625 0.3
62266.625 0.3
62266.625 0.3
71563.5 0.3
71563.5 0.3
71563.5 0.3
66626.0 0.3
66626.0 0.3
92001.0 0.3
92001.0 0.3
75501.0 0.3
75501.0 0.3
127251.0 0.3
127251.0 0.3
87251.0 0.3
87251.0 0.3
74001.0 0.3
74001.0 0.3
74001.0 0.3
74001.0 0.3
67063.5 0.3
67063.5 0.3
73438.5 0.3
73438.5 0.3
73438.5 0.3
73438.5 0.3
75376.0 0.3
75376.0 0.3
75376.0 0.3
75376.0 0.3
73751.0 0.3
73751.0 0.3
93001.0 0.3
93001.0 0.3
101751.0 0.3
101751.0 0.3
101751.0 0.3
99251.0 0.3
99251.0 0.3
99251.0 0.3
71063.5 0.3
71063.5 0.3
85251.0 0.3
85251.0 0.3
85251.0 0.3
85251.0 0.3
76001.0 0.3
76001.0 0.3
76001.0 0.3
76001.0 0.3
92001.0 0.3
92001.0 0.3
114001.0 0.3
114001.0 0.3
114001.0 0.3
114001.0 0.3
107751.0 0.3
107751.0 0.3
107751.0 0.3
107751.0 0.3
89001.0 0.3
89001.0 0.3
37001.0 0.3
37001.0 0.3
46001.0 0.3
46001.0 0.3
7001.0 0.3
7001.0 0.3
102001.0 0.3
102001.0 0.3
123751.0 0.3
123751.0 0.3
123751.0 0.3
123751.0 0.3
112251.0 0.3
112251.0 0.3
112251.0 0.3
112251.0 0.3
83001.0 0.3
83001.0 0.3
32000.999999999996 0.3
32000.999999999996 0.3
44001.0 0.3
44001.0 0.3
5001.0 0.3
5001.0 0.3
109001.0 0.3
109001.0 0.3
61001.0 0.3
61001.0 0.3
51001.0 0.3
51001.0 0.3
4001.0000000000005 0.3
4001.0000000000005 0.3
6001.0 0.3
6001.0 0.3
6001.0 0.3
6001.0 0.3
7501.0 0.3
7501.0 0.3
7501.0 0.3
7501.0 0.3
22001.0 0.3
22001.0 0.3
83001.0 0.3
83001.0 0.3
32000.999999999996 0.3
32000.999999999996 0.3
30001.0 0.3
30001.0 0.3
1.0 0.3
1.0 0.3
10001.0 0.3
10001.0 0.3
10001.0 0.3
10001.0 0.3
11751.0 0.3
11751.0 0.3
11751.0 0.3
11751.0 0.3
37001.0 0.3
37001.0 0.3
37126.0 0.3
37126.0 0.3
37126.0 0.3
37126.0 0.3
77751.0 0.3
77751.0 0.3
104751.0 0.3
104751.0 0.3
104751.0 0.3
104751.0 0.3
94501.0 0.3
94501.0 0.3
94501.0 0.3
114001.0 0.3
114001.0 0.3
87001.0 0.3
87001.0 0.3
93001.0 0.3
93001.0 0.3
43001.0 0.3
43001.0 0.3
103001.0 0.3
103001.0 0.3
60001.0 0.3
60001.0 0.3
70001.0 0.3
70001.0 0.3
17001.0 0.3
17001.0 0.3
13251.0 0.3
13251.0 0.3
13251.0 0.3
13251.0 0.3
9501.0 0.3
9501.0 0.3
9501.0 0.3
9501.0 0.3
23501.0 0.3
23501.0 0.3
97251.0 0.3
97251.0 0.3
97251.0 0.3
23501.0 0.3
23501.0 0.3
23501.0 0.3
72001.0 0.3
72001.0 0.3
27001.0 0.3
27001.0 0.3
19001.0 0.3
19001.0 0.3
1000.9999999999999 0.3
1000.9999999999999 0.3
2751.0 0.3
2751.0 0.3
2751.0 0.3
12251.0 0.3
12251.0 0.3
12251.0 0.3
12251.0 0.3
24813.5 0.3
24813.5 0.3
24813.5 0.3
24813.5 0.3
10001.0 0.3
10001.0 0.3
3688.5 0.3
3688.5 0.3
10001.0 0.3
10001.0 0.3
10001.0 0.3
10001.0 0.3
71938.5 0.3
71938.5 0.3
82813.5 0.3
82813.5 0.3
82813.5 0.3
74501.0 0.3
74501.0 0.3
74501.0 0.3
74501.0 0.3
88751.0 0.3
88751.0 0.3
54001.0 0.3
54001.0 0.3
87501.0 0.3
87501.0 0.3
87501.0 0.3
13751.0 0.3
13751.0 0.3
39751.0 0.3
39751.0 0.3
39751.0 0.3
63751.0 0.3
63751.0 0.3
63751.0 0.3
63751.0 0.3
63751.0 0.3
36313.5 0.3
36313.5 0.3
36313.5 0.3
36313.5 0.3
70501.0 0.3
70501.0 0.3
32500.999999999996 0.3
32500.999999999996 0.3
52251.0 0.3
52251.0 0.3
5251.0 0.3
5251.0 0.3
73001.0 0.3
73001.0 0.3
92751.0 0.3
92751.0 0.3
92751.0 0.3
92751.0 0.3
106251.0 0.3
106251.0 0.3
106251.0 0.3
106251.0 0.3
104001.0 0.3
104001.0 0.3
61001.0 0.3
61001.0 0.3
87001.0 0.3
87001.0 0.3
22001.0 0.3
22001.0 0.3
76001.0 0.3
76001.0 0.3
28001.0 0.3
28001.0 0.3
49001.0 0.3
49001.0 0.3
4001.0000000000005 0.3
4001.0000000000005 0.3
5501.0 0.3
5501.0 0.3
5501.0 0.3
5251.0 0.3
5251.0 0.3
5251.0 0.3
5251.0 0.3
30501.0 0.3
30501.0 0.3
133001.0 0.3
133001.0 0.3
98001.0 0.3
98001.0 0.3
102001.0 0.3
102001.0 0.3
39001.0 0.3
39001.0 0.3
10501.0 0.3
10501.0 0.3
10501.0 0.3
10501.0 0.3
11251.0 0.3
11251.0 0.3
11251.0 0.3
11251.0 0.3
24501.0 0.3
24501.0 0.3
48251.0 0.3
48251.0 0.3
48251.0 0.3
48251.0 0.3
48251.0 0.3
43751.0 0.3
43751.0 0.3
43751.0 0.3
6188.5 0.3
6188.5 0.3
6188.5 0.3
16001.000000000002 0.3
16001.000000000002 0.3
12376.0 0.3
12376.0 0.3
12376.0 0.3
12376.0 0.3
45001.0 0.3
45001.0 0.3
3501.0 0.3
3501.0 0.3
13001.0 0.3
13001.0 0.3
3501.0 0.3
3501.0 0.3
16938.5 0.3
16938.5 0.3
16938.5 0.3
16938.5 0.3
16938.5 0.3
5751.0 0.3
5751.0 0.3
5751.0 0.3
5751.0 0.3
5751.0 0.3
15251.0 0.3
15251.0 0.3
26751.0 0.3
26751.0 0.3
23501.0 0.3
23501.0 0.3
27501.0 0.3
27501.0 0.3
27501.0 0.3
31501.0 0.3
31501.0 0.3
46751.0 0.3
46751.0 0.3
40001.0 0.3
40001.0 0.3
39251.0 0.3
39251.0 0.3
39251.0 0.3
58751.0 0.3
58751.0 0.3
116251.0 0.3
116251.0 0.3
99251.0 0.3
99251.0 0.3
146501.0 0.3
146501.0 0.3
31251.0 0.3
31251.0 0.3
31251.0 0.3
31251.0 0.3
45001.0 0.3
45001.0 0.3
94001.0 0.3
94001.0 0.3
80001.0 0.3
80001.0 0.3
133001.0 0.3
133001.0 0.3
36001.0 0.3
36001.0 0.3
76001.0 0.3
76001.0 0.3
62001.0 0.3
62001.0 0.3
110001.0 0.3
110001.0 0.3
137251.0 0.3
137251.0 0.3
137251.0 0.3
137251.0 0.3
143751.0 0.3
143751.0 0.3
143751.0 0.3
150001.0 0.3
150001.0 0.3
150751.0 0.3
150751.0 0.3
138001.0 0.3
138001.0 0.3
18688.5 0.3
18688.5 0.3
18688.5 0.3
18688.5 0.3
27001.0 0.3
27001.0 0.3
65251.00000000001 0.3
65251.00000000001 0.3
68001.0 0.3
68001.0 0.3
125001.0 0.3
125001.0 0.3
23751.0 0.3
23751.0 0.3
61501.0 0.3
61501.0 0.3
50751.0 0.3
50751.0 0.3
105001.0 0.3
105001.0 0.3
135938.5 0.3
135938.5 0.3
135938.5 0.3
135938.5 0.3
135938.5 0.3
134501.0 0.3
134501.0 0.3
134501.0 0.3
148751.0 0.3
148751.0 0.3
150501.0 0.3
150501.0 0.3
141751.0 0.3
141751.0 0.3
137751.0 0.3
137751.0 0.3
99251.0 0.3
99251.0 0.3
111251.0 0.3
111251.0 0.3
66501.0 0.3
66501.0 0.3
149751.0 0.3
149751.0 0.3
136001.0 0.3
136001.0 0.3
140001.0 0.3
140001.0 0.3
88751.0 0.3
88751.0 0.3
75001.0 0.3
75001.0 0.3
31251.0 0.3
31251.0 0.3
38751.0 0.3
38751.0 0.3
22251.0 0.3
22251.0 0.3
9501.0 0.3
9501.0 0.3
69251.0 0.3
69251.0 0.3
42001.0 0.3
42001.0 0.3
52001.0 0.3
52001.0 0.3
57001.0 0.3
57001.0 0.3
21001.0 0.3
21001.0 0.3
14751.0 0.3
14751.0 0.3
3251.0 0.3
3251.0 0.3
16688.5 0.3
16688.5 0.3
16688.5 0.3
4813.5 0.3
4813.5 0.3
4813.5 0.3
4813.5 0.3
4813.5 0.3
6501.0 0.3
6501.0 0.3
6501.0 0.3
6501.0 0.3
6501.0 0.3
20751.0 0.3
20751.0 0.3
44001.0 0.3
44001.0 0.3
36751.0 0.3
36751.0 0.3
86251.0 0.3
86251.0 0.3
1251.0 0.3
1251.0 0.3
16501.0 0.3
16501.0 0.3
17001.0 0.3
17001.0 0.3
52001.0 0.3
52001.0 0.3
37251.0 0.3
37251.0 0.3
113251.0 0.3
113251.0 0.3
75501.0 0.3
75501.0 0.3
139251.0 0.3
139251.0 0.3
7876.0 0.3
7876.0 0.3
7876.0 0.3
7876.0 0.3
17501.0 0.3
17501.0 0.3
23751.0 0.3
23751.0 0.3
23751.0 0.3
30751.0 0.3
30751.0 0.3
30751.0 0.3
36001.0 0.3
36001.0 0.3
64001.00000000001 0.3
64001.00000000001 0.3
73001.0 0.3
73001.0 0.3
110001.0 0.3
110001.0 0.3
26751.0 0.3
26751.0 0.3
43251.0 0.3
43251.0 0.3
47751.0 0.3
47751.0 0.3
84501.0 0.3
84501.0 0.3
74001.0 0.3
74001.0 0.3
134251.0 0.3
134251.0 0.3
134251.0 0.3
139751.0 0.3
139751.0 0.3
155251.0 0.3
155251.0 0.3
65001.00000000001 0.3
65001.00000000001 0.3
138751.0 0.3
138751.0 0.3
130751.0 0.3
130751.0 0.3
130751.0 0.3
151251.0 0.3
151251.0 0.3
142001.0 0.3
142001.0 0.3
142001.0 0.3
142001.0 0.3
142001.0 0.3
142001.0 0.3
147501.0 0.3
147501.0 0.3
147501.0 0.3
147501.0 0.3
147501.0 0.3
147501.0 0.3
148251.0 0.3
148251.0 0.3
107501.0 0.3
107501.0 0.3
105751.0 0.3
105751.0 0.3
67751.0 0.3
67751.0 0.3
95001.0 0.3
95001.0 0.3
138501.0 0.3
138501.0 0.3
131751.0 0.3
131751.0 0.3
151001.0 0.3
151001.0 0.3
140001.0 0.3
140001.0 0.3
140001.0 0.3
140001.0 0.3
140001.0 0.3
152563.5 0.3
152563.5 0.3
152563.5 0.3
152563.5 0.3
152563.5 0.3
152563.5 0.3
133751.0 0.3
133751.0 0.3
78001.0 0.3
78001.0 0.3
84751.0 0.3
84751.0 0.3
44501.0 0.3
44501.0 0.3
108751.0 0.3
108751.0 0.3
50751.0 0.3
50751.0 0.3
60751.0 0.3
60751.0 0.3
26251.0 0.3
26251.0 0.3
19563.5 0.3
19563.5 0.3
19563.5 0.3
19563.5 0.3
27063.5 0.3
27063.5 0.3
27063.5 0.3
27063.5 0.3
9876.0 0.3
9876.0 0.3
113751.0 0.3
113751.0 0.3
106251.0 0.3
106251.0 0.3
99251.0 0.3
99251.0 0.3
48751.0 0.3
48751.0 0.3
64251.00000000001 0.3
64251.00000000001 0.3
33001.0 0.3
33001.0 0.3
38001.0 0.3
38001.0 0.3
18751.0 0.3
18751.0 0.3
40188.5 0.3
40188.5 0.3
40188.5 0.3
40188.5 0.3
13501.0 0.3
13501.0 0.3
13501.0 0.3
11376.0 0.3
11376.0 0.3
11376.0 0.3
5626.0 0.3
5626.0 0.3
6626.0 0.3
6626.0 0.3
2438.5 0.3
2438.5 0.3
9688.5 0.3
9688.5 0.3
9688.5 0.3
15688.5 0.3
15688.5 0.3
10876.0 0.3
10876.0 0.3
10876.0 0.3
15688.5 0.3
15688.5 0.3
13376.0 0.3
13376.0 0.3
13376.0 0.3
10001.0 0.3
10001.0 0.3
31001.0 0.3
31001.0 0.3
19501.0 0.3
19501.0 0.3
32250.999999999996 0.3
32250.999999999996 0.3
32250.999999999996 0.3
16251.000000000002 0.3
16251.000000000002 0.3
16251.000000000002 0.3
16251.000000000002 0.3
34001.0 0.3
34001.0 0.3
31751.0 0.3
31751.0 0.3
31751.0 0.3
29251.0 0.3
29251.0 0.3
61001.0 0.3
61001.0 0.3
13751.0 0.3
13751.0 0.3
16063.500000000002 0.3
16063.500000000002 0.3
16063.500000000002 0.3
18251.0 0.3
18251.0 0.3
19813.5 0.3
19813.5 0.3
19813.5 0.3
19501.0 0.3
19501.0 0.3
21251.0 0.3
21251.0 0.3
24001.0 0.3
24001.0 0.3
28501.0 0.3
28501.0 0.3
28501.0 0.3
35251.0 0.3
35251.0 0.3
35251.0 0.3
111001.0 0.3
111001.0 0.3
39001.0 0.3
39001.0 0.3
85001.0 0.3
85001.0 0.3
69001.0 0.3
69001.0 0.3
118001.0 0.3
118001.0 0.3
140251.0 0.3
140251.0 0.3
140251.0 0.3
29001.0 0.3
29001.0 0.3
50501.0 0.3
50501.0 0.3
40501.0 0.3
40501.0 0.3
93001.0 0.3
93001.0 0.3
122001.0 0.3
122001.0 0.3
122001.0 0.3
128251.0 0.3
128251.0 0.3
136001.0 0.3
136001.0 0.3
103001.0 0.3
103001.0 0.3
28251.0 0.3
28251.0 0.3
28251.0 0.3
97001.0 0.3
97001.0 0.3
20001.0 0.3
20001.0 0.3
61001.0 0.3
61001.0 0.3
32000.999999999996 0.3
32000.999999999996 0.3
97001.0 0.3
97001.0 0.3
136251.0 0.3
136251.0 0.3
136251.0 0.3
129751.0 0.3
129751.0 0.3
79501.0 0.3
79501.0 0.3
113001.0 0.3
113001.0 0.3
46751.0 0.3
46751.0 0.3
60001.0 0.3
60001.0 0.3
127001.0 0.3
127001.0 0.3
95001.0 0.3
95001.0 0.3
139001.0 0.3
139001.0 0.3
140001.0 0.3
140001.0 0.3
140001.0 0.3
139001.0 0.3
139001.0 0.3
139001.0 0.3
120251.0 0.3
120251.0 0.3
79751.0 0.3
79751.0 0.3
31751.0 0.3
31751.0 0.3
47001.0 0.3
47001.0 0.3
23251.0 0.3
23251.0 0.3
24813.5 0.3
24813.5 0.3
24813.5 0.3
24813.5 0.3
3688.5 0.3
3688.5 0.3
9063.5 0.3
9063.5 0.3
9063.5 0.3
2626.0 0.3
2626.0 0.3
139251.0 0.3
139251.0 0.3
81751.0 0.3
81751.0 0.3
112251.0 0.3
112251.0 0.3
45251.0 0.3
45251.0 0.3
19938.5 0.3
19938.5 0.3
19938.5 0.3
19938.5 0.3
74751.0 0.3
74751.0 0.3
31251.0 0.3
31251.0 0.3
33751.0 0.3
33751.0 0.3
17501.0 0.3
17501.0 0.3
10313.5 0.3
10313.5 0.3
10313.5 0.3
4032.2500000000005 0.3
4032.2500000000005 0.3
4032.2500000000005 0.3
4032.2500000000005 0.3
21438.5 0.3
21438.5 0.3
26126.0 0.3
26126.0 0.3
26126.0 0.3
26126.0 0.3
29563.5 0.3
29563.5 0.3
29563.5 0.3
29563.5 0.3
23501.0 0.3
23501.0 0.3
47001.0 0.3
47001.0 0.3
43501.0 0.3
43501.0 0.3
102251.0 0.3
102251.0 0.3
68751.0 0.3
68751.0 0.3
115251.0 0.3
115251.0 0.3
82751.0 0.3
82751.0 0.3
116251.0 0.3
116251.0 0.3
116501.0 0.3
116501.0 0.3
54251.0 0.3
54251.0 0.3
83001.0 0.3
83001.0 0.3
32250.999999999996 0.3
32250.999999999996 0.3
113251.0 0.3
113251.0 0.3
98751.0 0.3
98751.0 0.3
136251.0 0.3
136251.0 0.3
136251.0 0.3
62501.0 0.3
62501.0 0.3
36876.0 0.3
36876.0 0.3
36876.0 0.3
36876.0 0.3
50001.0 0.3
50001.0 0.3
45751.0 0.3
45751.0 0.3
45501.0 0.3
45501.0 0.3
88001.0 0.3
88001.0 0.3
90251.0 0.3
90251.0 0.3
138501.0 0.3
138501.0 0.3
138501.0 0.3
131001.0 0.3
131001.0 0.3
125501.0 0.3
125501.0 0.3
125501.0 0.3
79001.0 0.3
79001.0 0.3
134501.0 0.3
134501.0 0.3
125001.0 0.3
125001.0 0.3
142251.0 0.3
142251.0 0.3
142251.0 0.3
142251.0 0.3
142251.0 0.3
121001.0 0.3
121001.0 0.3
77001.0 0.3
77001.0 0.3
93001.0 0.3
93001.0 0.3
49001.0 0.3
49001.0 0.3
104251.0 0.3
104251.0 0.3
57501.0 0.3
57501.0 0.3
57501.0 0.3
138001.0 0.3
138001.0 0.3
91001.0 0.3
91001.0 0.3
111001.0 0.3
111001.0 0.3
66001.0 0.3
66001.0 0.3
38001.0 0.3
38001.0 0.3
38001.0 0.3
54001.0 0.3
54001.0 0.3
54001.0 0.3
28501.0 0.3
28501.0 0.3
13251.0 0.3
13251.0 0.3
13251.0 0.3
24751.0 0.3
24751.0 0.3
24751.0 0.3
22501.0 0.3
22501.0 0.3
25251.0 0.3
25251.0 0.3
15251.0 0.3
15251.0 0.3
3501.0 0.3
3501.0 0.3
3501.0 0.3
18813.5 0.3
18813.5 0.3
18813.5 0.3
18813.5 0.3
4563.5 0.3
4563.5 0.3
7313.5 0.3
7313.5 0.3
4251.0 0.3
4251.0 0.3
2532.25 0.3
2532.25 0.3
2532.25 0.3
2516.625 0.3
2516.625 0.3
2516.625 0.3
2516.625 0.3
1532.25 0.3
1532.25 0.3
1516.625 0.3
1516.625 0.3
1516.625 0.3
2766.625 0.3
2766.625 0.3
2532.25 0.3
2532.25 0.3
2016.625 0.3
2016.625 0.3
3348.65625 0.3
3348.65625 0.3
3348.65625 0.3
2711.9375 0.3
2711.9375 0.3
2711.9375 0.3
2711.9375 0.3
3575.21875 0.3
3575.21875 0.3
148751.0 0.3
148751.0 0.3
121001.0 0.3
121001.0 0.3
156001.0 0.3
156001.0 0.3
111001.0 0.3
111001.0 0.3
45688.5 0.3
45688.5 0.3
45688.5 0.3
45688.5 0.3
127501.0 0.3
127501.0 0.3
55001.0 0.3
55001.0 0.3
76251.0 0.3
76251.0 0.3
37001.0 0.3
37001.0 0.3
21188.5 0.3
21188.5 0.3
21188.5 0.3
11313.5 0.3
11313.5 0.3
11313.5 0.3
3188.5 0.3
3188.5 0.3
5188.5 0.3
5188.5 0.3
2001.0 0.3
2001.0 0.3
28751.0 0.3
28751.0 0.3
28751.0 0.3
28751.0 0.3
8688.5 0.3
8688.5 0.3
12563.5 0.3
12563.5 0.3
12563.5 0.3
3063.5 0.3
3063.5 0.3
3016.625 0.3
3016.625 0.3
3016.625 0.3
3016.625 0.3
1547.875 0.3
1547.875 0.3
1547.875 0.3
1626.0 0.3
1626.0 0.3
1782.25 0.3
1782.25 0.3
2219.75 0.3
2219.75 0.3
3563.5 0.3
3563.5 0.3
3563.5 0.3
3563.5 0.3
1313.5 0.3
1313.5 0.3
1547.875 0.3
1547.875 0.3
1547.875 0.3
1251.0 0.3
1251.0 0.3
2825.21875 0.3
2825.21875 0.3
2825.21875 0.3
2825.21875 0.3
3540.0625 0.3
3540.0625 0.3
3540.0625 0.3
3598.65625 0.3
3598.65625 0.3
3879.90625 0.3
3879.90625 0.3
1758.8125 0.3
1758.8125 0.3
171501.0 0.3
171501.0 0.3
147251.0 0.3
147251.0 0.3
170251.0 0.3
170251.0 0.3
170251.0 0.3
148251.0 0.3
148251.0 0.3
148251.0 0.3
120751.0 0.3
120751.0 0.3
106251.0 0.3
106251.0 0.3
106251.0 0.3
139751.0 0.3
139751.0 0.3
139751.0 0.3
140001.0 0.3
140001.0 0.3
126001.0 0.3
126001.0 0.3
72001.0 0.3
72001.0 0.3
40001.0 0.3
40001.0 0.3
172001.0 0.3
172001.0 0.3
136001.0 0.3
136001.0 0.3
120001.0 0.3
120001.0 0.3
72001.0 0.3
72001.0 0.3
96001.0 0.3
96001.0 0.3
61001.0 0.3
61001.0 0.3
34001.0 0.3
34001.0 0.3
9001.0 0.3
9001.0 0.3
12501.0 0.3
12501.0 0.3
12501.0 0.3
12501.0 0.3
5251.0 0.3
5251.0 0.3
5251.0 0.3
16251.000000000002 0.3
16251.000000000002 0.3
16251.000000000002 0.3
3001.0 0.3
3001.0 0.3
3001.0 0.3
11001.0 0.3
11001.0 0.3
8000.999999999999 0.3
8000.999999999999 0.3
113751.0 0.3
113751.0 0.3
113751.0 0.3
117501.0 0.3
117501.0 0.3
117501.0 0.3
99001.0 0.3
99001.0 0.3
83001.0 0.3
83001.0 0.3
17001.0 0.3
17001.0 0.3
11001.0 0.3
11001.0 0.3
21751.0 0.3
21751.0 0.3
21751.0 0.3
123001.0 0.3
123001.0 0.3
94001.0 0.3
94001.0 0.3
65001.00000000001 0.3
65001.00000000001 0.3
31001.0 0.3
31001.0 0.3
19251.0 0.3
19251.0 0.3
19251.0 0.3
3251.0 0.3
3251.0 0.3
3251.0 0.3
1751.0 0.3
1751.0 0.3
6001.0 0.3
6001.0 0.3
6001.0 0.3
1501.0 0.3
1501.0 0.3
2001.0 0.3
2001.0 0.3
1251.0 0.3
1251.0 0.3
1251.0 0.3
1251.0 0.3
1251.0 0.3
1251.0 0.3
1251.0 0.3
18938.5 0.3
18938.5 0.3
18938.5 0.3
18938.5 0.3
3938.5 0.3
3938.5 0.3
3938.5 0.3
1438.5 0.3
1438.5 0.3
8501.0 0.3
8501.0 0.3
2313.5 0.3
2313.5 0.3
2313.5 0.3
2313.5 0.3
1501.0 0.3
1501.0 0.3
13251.0 0.3
13251.0 0.3
26251.0 0.3
26251.0 0.3
68001.0 0.3
68001.0 0.3
45813.5 0.3
45813.5 0.3
66751.0 0.3
66751.0 0.3
66751.0 0.3
66751.0 0.3
2001.0 0.3
2001.0 0.3
2001.0 0.3
1251.0 0.3
1251.0 0.3
1000.9999999999999 0.3
1000.9999999999999 0.3
1751.0 0.3
1751.0 0.3
3313.5 0.3
3313.5 0.3
3313.5 0.3
8688.5 0.3
8688.5 0.3
8688.5 0.3
39188.5 0.3
39188.5 0.3
39188.5 0.3
39188.5 0.3
23438.5 0.3
23438.5 0.3
23438.5 0.3
23438.5 0.3
34751.0 0.3
34751.0 0.3
57751.0 0.3
57751.0 0.3
66751.0 0.3
66751.0 0.3
94251.0 0.3
94251.0 0.3
50751.0 0.3
50751.0 0.3
71001.0 0.3
71001.0 0.3
73251.0 0.3
73251.0 0.3
100501.0 0.3
100501.0 0.3
128313.5 0.3
128313.5 0.3
128313.5 0.3
128313.5 0.3
64751.00000000001 0.3
64751.00000000001 0.3
64751.00000000001 0.3
64751.00000000001 0.3
64751.00000000001 0.3
68001.0 0.3
68001.0 0.3
73251.0 0.3
73251.0 0.3
77501.0 0.3
77501.0 0.3
117001.0 0.3
117001.0 0.3
69001.0 0.3
69001.0 0.3
87501.0 0.3
87501.0 0.3
94751.0 0.3
94751.0 0.3
125751.0 0.3
125751.0 0.3
134126.0 0.3
134126.0 0.3
134126.0 0.3
134126.0 0.3
134126.0 0.3
134126.0 0.3
134313.5 0.3
134313.5 0.3
134313.5 0.3
134313.5 0.3
134313.5 0.3
132188.5 0.3
132188.5 0.3
132188.5 0.3
132188.5 0.3
135001.0 0.3
135001.0 0.3
120251.0 0.3
120251.0 0.3
102501.0 0.3
102501.0 0.3
79251.0 0.3
79251.0 0.3
94751.0 0.3
94751.0 0.3
66251.0 0.3
66251.0 0.3
61251.0 0.3
61251.0 0.3
43001.0 0.3
43001.0 0.3
26438.5 0.3
26438.5 0.3
62126.0 0.3
62126.0 0.3
88563.5 0.3
88563.5 0.3
88563.5 0.3
108938.5 0.3
108938.5 0.3
72001.0 0.3
72001.0 0.3
89876.0 0.3
89876.0 0.3
115938.5 0.3
115938.5 0.3
115938.5 0.3
91251.0 0.3
91251.0 0.3
126376.0 0.3
126376.0 0.3
126376.0 0.3
110251.0 0.3
110251.0 0.3
110251.0 0.3
108251.0 0.3
108251.0 0.3
87001.0 0.3
87001.0 0.3
72251.0 0.3
72251.0 0.3
53251.0 0.3
53251.0 0.3
49126.0 0.3
49126.0 0.3
49126.0 0.3
99251.0 0.3
99251.0 0.3
74501.0 0.3
74501.0 0.3
68001.0 0.3
68001.0 0.3
50001.0 0.3
50001.0 0.3
41813.5 0.3
41813.5 0.3
41813.5 0.3
30251.0 0.3
30251.0 0.3
30251.0 0.3
19188.5 0.3
19188.5 0.3
111626.0 0.3
111626.0 0.3
111626.0 0.3
111626.0 0.3
120001.0 0.3
120001.0 0.3
91001.0 0.3
91001.0 0.3
79501.0 0.3
79501.0 0.3
58001.0 0.3
58001.0 0.3
53688.5 0.3
53688.5 0.3
31938.5 0.3
31938.5 0.3
31938.5 0.3
44751.0 0.3
44751.0 0.3
44751.0 0.3
44751.0 0.3
24001.0 0.3
24001.0 0.3
24001.0 0.3
20688.5 0.3
20688.5 0.3
9688.5 0.3
9688.5 0.3
14251.0 0.3
14251.0 0.3
14251.0 0.3
14251.0 0.3
4094.7500000000005 0.3
4094.7500000000005 0.3
4094.7500000000005 0.3
89001.0 0.3
89001.0 0.3
133001.0 0.3
133001.0 0.3
127751.0 0.3
127751.0 0.3
148751.0 0.3
148751.0 0.3
144563.5 0.3
144563.5 0.3
144563.5 0.3
144563.5 0.3
144563.5 0.3
144563.5 0.3
141876.0 0.3
141876.0 0.3
141876.0 0.3
141876.0 0.3
141876.0 0.3
129001.0 0.3
129001.0 0.3
110501.0 0.3
110501.0 0.3
94001.0 0.3
94001.0 0.3
61501.0 0.3
61501.0 0.3
134501.0 0.3
134501.0 0.3
100501.0 0.3
100501.0 0.3
102501.0 0.3
102501.0 0.3
71001.0 0.3
71001.0 0.3
73501.0 0.3
73501.0 0.3
39001.0 0.3
39001.0 0.3
44751.0 0.3
44751.0 0.3
23001.0 0.3
23001.0 0.3
75501.0 0.3
75501.0 0.3
38751.0 0.3
38751.0 0.3
34251.0 0.3
34251.0 0.3
21751.0 0.3
21751.0 0.3
16126.000000000002 0.3
16126.000000000002 0.3
16126.000000000002 0.3
16126.000000000002 0.3
123751.0 0.3
123751.0 0.3
92501.0 0.3
92501.0 0.3
78251.0 0.3
78251.0 0.3
46751.0 0.3
46751.0 0.3
37876.0 0.3
37876.0 0.3
37876.0 0.3
37876.0 0.3
28938.5 0.3
28938.5 0.3
28938.5 0.3
28938.5 0.3
17938.5 0.3
17938.5 0.3
19063.5 0.3
19063.5 0.3
19063.5 0.3
8063.499999999999 0.3
8063.499999999999 0.3
9438.5 0.3
9438.5 0.3
5438.5 0.3
5438.5 0.3
20126.0 0.3
20126.0 0.3
20126.0 0.3
7626.0 0.3
7626.0 0.3
8313.5 0.3
8313.5 0.3
5876.0 0.3
5876.0 0.3
2469.75 0.3
2469.75 0.3
2469.75 0.3
2469.75 0.3
3501.0 0.3
3501.0 0.3
3501.0 0.3
3501.0 0.3
1735.375 0.3
1735.375 0.3
7813.5 0.3
7813.5 0.3
7813.5 0.3
7813.5 0.3
1766.625 0.3
1766.625 0.3
1766.625 0.3
2016.625 0.3
2016.625 0.3
2016.625 0.3
2016.625 0.3
2458.03125 0.3
2458.03125 0.3
2458.03125 0.3
2458.03125 0.3
34813.5 0.3
34813.5 0.3
34813.5 0.3
20876.0 0.3
20876.0 0.3
14376.0 0.3
14376.0 0.3
7813.5 0.3
7813.5 0.3
7501.0 0.3
7501.0 0.3
7501.0 0.3
7501.0 0.3
3032.25 0.3
3032.25 0.3
3032.25 0.3
2282.25 0.3
2282.25 0.3
2254.90625 0.3
2254.90625 0.3
2254.90625 0.3
2254.90625 0.3
2118.1875 0.3
2118.1875 0.3
2118.1875 0.3
2118.1875 0.3
3075.21875 0.3
3075.21875 0.3
2836.9375 0.3
2836.9375 0.3
2836.9375 0.3
3555.6875 0.3
3555.6875 0.3
2098.65625 0.3
2098.65625 0.3
258.8125 0.3
258.8125 0.3
2809.59375 0.3
2809.59375 0.3
2809.59375 0.3
2809.59375 0.3
4094.7500000000005 0.3
4094.7500000000005 0.3
3446.3125 0.3
3446.3125 0.3
1782.25 0.3
1782.25 0.3
511.7421875 0.3
511.7421875 0.3
511.7421875 0.3
511.7421875 0.3
343.7734375 0.3
343.7734375 0.3
343.7734375 0.3
343.7734375 0.3
1.0 0.3
1.0 0.3
