0 448.0 0.0 -1 -1
1 512.0 0.0 -1 -1
2 512.0 64.0 0 0
3 448.0 64.0 0 0
4 384.0 0.0 -1 -1
5 384.0 64.0 0 0
6 512.0 128.0 0 0
7 448.0 128.0 0 0
8 416.0 64.0 0 0
9 448.0 96.0 0 0
10 416.0 96.0 0 0
11 384.0 96.0 0 0
12 416.0 128.0 0 0
13 384.0 128.0 0 0
14 352.0 0.0 -1 -1
15 384.0 32.0 0 0
16 352.0 32.0 0 0
17 320.0 0.0 -1 -1
18 320.0 32.0 0 0
19 352.0 64.0 0 0
20 320.0 64.0 0 0
21 288.0 0.0 -1 -1
22 288.0 32.0 0 0
23 256.0 0.0 -1 -1
24 256.0 32.0 0 0
25 288.0 64.0 0 0
26 272.0 32.0 0 0
27 288.0 48.0 0 0
28 272.0 48.0 0 0
29 256.0 48.0 0 0
30 272.0 64.0 0 0
31 256.0 64.0 0 0
32 352.0 96.0 0 0
33 336.0 64.0 0 0
34 352.0 80.0 0 0
35 336.0 80.0 0 0
36 320.0 80.0 0 0
37 336.0 96.0 0 0
38 320.0 96.0 0 0
39 368.0 96.0 0 0
40 384.0 112.0 0 0
41 368.0 112.0 0 0
42 352.0 112.0 0 0
43 368.0 128.0 0 0
44 352.0 128.0 0 0
45 336.0 112.0 0 0
46 328.0 96.0 0 0
47 336.0 104.0 0 0
48 328.0 104.0 0 0
49 320.0 104.0 0 0
50 328.0 112.0 0 0
51 324.0 104.0 0 0
52 328.0 108.0 0 0
53 324.0 108.0 0 0
54 320.0 108.0 0 0
55 324.0 112.0 0 0
56 320.0 112.0 0 0
57 344.0 112.0 0 0
58 352.0 120.0 0 0
59 344.0 120.0 0 0
60 336.0 120.0 0 0
61 344.0 128.0 0 0
62 340.0 120.0 0 0
63 344.0 124.0 0 0
64 340.0 124.0 0 0
65 336.0 124.0 0 0
66 340.0 128.0 0 0
67 338.0 124.0 0 0
68 340.0 126.0 0 0
69 338.0 126.0 0 0
70 336.0 126.0 0 0
71 338.0 128.0 0 0
72 336.0 128.0 0 0
73 332.0 112.0 0 0
74 336.0 116.0 0 0
75 332.0 116.0 0 0
76 328.0 116.0 0 0
77 332.0 120.0 0 0
78 328.0 120.0 0 0
79 324.0 116.0 0 0
80 322.0 112.0 0 0
81 324.0 114.0 0 0
82 322.0 114.0 0 0
83 320.0 114.0 0 0
84 322.0 116.0 0 0
85 320.0 116.0 0 0
86 326.0 116.0 0 0
87 328.0 118.0 0 0
88 326.0 118.0 0 0
89 324.0 118.0 0 0
90 326.0 120.0 0 0
91 324.0 120.0 0 0
92 322.0 118.0 0 0
93 320.0 118.0 0 0
94 322.0 120.0 0 0
95 320.0 120.0 0 0
96 332.0 124.0 0 0
97 328.0 124.0 0 0
98 332.0 128.0 0 0
99 328.0 128.0 0 0
100 328.0 122.0 0 0
101 326.0 122.0 0 0
102 324.0 122.0 0 0
103 326.0 124.0 0 0
104 324.0 124.0 0 0
105 322.0 122.0 0 0
106 320.0 122.0 0 0
107 323.0 122.0 0 0
108 324.0 123.0 0 0
109 323.0 123.0 0 0
110 322.0 123.0 0 0
111 323.0 124.0 0 0
112 322.0 124.0 0 0
113 320.0 124.0 0 0
114 324.0 128.0 0 0
115 324.0 126.0 0 0
116 322.0 126.0 0 0
117 320.0 126.0 0 0
118 322.0 128.0 0 0
119 320.0 128.0 0 0
120 304.0 64.0 0 0
121 304.0 80.0 0 0
122 288.0 80.0 0 0
123 312.0 80.0 0 0
124 320.0 88.0 0 0
125 312.0 88.0 0 0
126 304.0 88.0 0 0
127 312.0 96.0 0 0
128 304.0 96.0 0 0
129 296.0 80.0 0 0
130 296.0 88.0 0 0
131 288.0 88.0 0 0
132 300.0 88.0 0 0
133 304.0 92.0 0 0
134 300.0 92.0 0 0
135 296.0 92.0 0 0
136 300.0 96.0 0 0
137 296.0 96.0 0 0
138 292.0 88.0 0 0
139 292.0 92.0 0 0
140 288.0 92.0 0 0
141 292.0 96.0 0 0
142 290.0 92.0 0 0
143 292.0 94.0 0 0
144 290.0 94.0 0 0
145 288.0 94.0 0 0
146 290.0 96.0 0 0
147 288.0 96.0 0 0
148 280.0 64.0 0 0
149 288.0 72.0 0 0
150 280.0 72.0 0 0
151 272.0 72.0 0 0
152 280.0 80.0 0 0
153 272.0 80.0 0 0
154 264.0 64.0 0 0
155 264.0 72.0 0 0
156 256.0 72.0 0 0
157 268.0 72.0 0 0
158 272.0 76.0 0 0
159 268.0 76.0 0 0
160 264.0 76.0 0 0
161 268.0 80.0 0 0
162 264.0 80.0 0 0
163 260.0 72.0 0 0
164 260.0 76.0 0 0
165 256.0 76.0 0 0
166 260.0 80.0 0 0
167 256.0 80.0 0 0
168 284.0 80.0 0 0
169 288.0 84.0 0 0
170 284.0 84.0 0 0
171 280.0 84.0 0 0
172 284.0 88.0 0 0
173 280.0 88.0 0 0
174 276.0 80.0 0 0
175 276.0 84.0 0 0
176 272.0 84.0 0 0
177 278.0 84.0 0 0
178 280.0 86.0 0 0
179 278.0 86.0 0 0
180 276.0 86.0 0 0
181 278.0 88.0 0 0
182 276.0 88.0 0 0
183 274.0 84.0 0 0
184 274.0 86.0 0 0
185 272.0 86.0 0 0
186 274.0 88.0 0 0
187 272.0 88.0 0 0
188 286.0 88.0 0 0
189 288.0 90.0 0 0
190 286.0 90.0 0 0
191 284.0 90.0 0 0
192 286.0 92.0 0 0
193 284.0 92.0 0 0
194 280.0 92.0 0 0
195 284.0 96.0 0 0
196 280.0 96.0 0 0
197 276.0 92.0 0 0
198 272.0 92.0 0 0
199 278.0 92.0 0 0
200 280.0 94.0 0 0
201 278.0 94.0 0 0
202 276.0 94.0 0 0
203 278.0 96.0 0 0
204 276.0 96.0 0 0
205 274.0 92.0 0 0
206 274.0 94.0 0 0
207 272.0 94.0 0 0
208 274.0 96.0 0 0
209 273.0 94.0 0 0
210 274.0 95.0 0 0
211 273.0 95.0 0 0
212 272.0 95.0 0 0
213 273.0 96.0 0 0
214 272.0 96.0 0 0
215 268.0 84.0 0 0
216 266.0 80.0 0 0
217 268.0 82.0 0 0
218 266.0 82.0 0 0
219 264.0 82.0 0 0
220 266.0 84.0 0 0
221 264.0 84.0 0 0
222 268.0 88.0 0 0
223 264.0 88.0 0 0
224 262.0 80.0 0 0
225 262.0 82.0 0 0
226 260.0 82.0 0 0
227 262.0 84.0 0 0
228 260.0 84.0 0 0
229 256.0 84.0 0 0
230 260.0 88.0 0 0
231 256.0 88.0 0 0
232 268.0 92.0 0 0
233 266.0 88.0 0 0
234 268.0 90.0 0 0
235 266.0 90.0 0 0
236 264.0 90.0 0 0
237 266.0 92.0 0 0
238 264.0 92.0 0 0
239 270.0 92.0 0 0
240 270.0 94.0 0 0
241 268.0 94.0 0 0
242 270.0 96.0 0 0
243 268.0 96.0 0 0
244 264.0 96.0 0 0
245 262.0 88.0 0 0
246 262.0 90.0 0 0
247 260.0 90.0 0 0
248 262.0 92.0 0 0
249 260.0 92.0 0 0
250 258.0 88.0 0 0
251 258.0 90.0 0 0
252 256.0 90.0 0 0
253 258.0 92.0 0 0
254 256.0 92.0 0 0
255 260.0 96.0 0 0
256 256.0 96.0 0 0
257 312.0 104.0 0 0
258 308.0 96.0 0 0
259 312.0 100.0 0 0
260 308.0 100.0 0 0
261 304.0 100.0 0 0
262 308.0 104.0 0 0
263 304.0 104.0 0 0
264 316.0 104.0 0 0
265 316.0 108.0 0 0
266 312.0 108.0 0 0
267 316.0 112.0 0 0
268 312.0 112.0 0 0
269 310.0 104.0 0 0
270 312.0 106.0 0 0
271 310.0 106.0 0 0
272 308.0 106.0 0 0
273 310.0 108.0 0 0
274 308.0 108.0 0 0
275 304.0 108.0 0 0
276 308.0 112.0 0 0
277 304.0 112.0 0 0
278 300.0 100.0 0 0
279 298.0 96.0 0 0
280 300.0 98.0 0 0
281 298.0 98.0 0 0
282 296.0 98.0 0 0
283 298.0 100.0 0 0
284 296.0 100.0 0 0
285 302.0 100.0 0 0
286 304.0 102.0 0 0
287 302.0 102.0 0 0
288 300.0 102.0 0 0
289 302.0 104.0 0 0
290 300.0 104.0 0 0
291 296.0 104.0 0 0
292 292.0 100.0 0 0
293 288.0 100.0 0 0
294 292.0 104.0 0 0
295 290.0 100.0 0 0
296 292.0 102.0 0 0
297 290.0 102.0 0 0
298 288.0 102.0 0 0
299 290.0 104.0 0 0
300 288.0 104.0 0 0
301 300.0 108.0 0 0
302 296.0 108.0 0 0
303 300.0 112.0 0 0
304 298.0 108.0 0 0
305 300.0 110.0 0 0
306 298.0 110.0 0 0
307 296.0 110.0 0 0
308 298.0 112.0 0 0
309 297.0 110.0 0 0
310 298.0 111.0 0 0
311 297.0 111.0 0 0
312 296.0 111.0 0 0
313 297.0 112.0 0 0
314 296.0 112.0 0 0
315 294.0 104.0 0 0
316 296.0 106.0 0 0
317 294.0 106.0 0 0
318 292.0 106.0 0 0
319 294.0 108.0 0 0
320 292.0 108.0 0 0
321 290.0 106.0 0 0
322 289.0 104.0 0 0
323 290.0 105.0 0 0
324 289.0 105.0 0 0
325 288.0 105.0 0 0
326 289.0 106.0 0 0
327 288.0 106.0 0 0
328 291.0 106.0 0 0
329 292.0 107.0 0 0
330 291.0 107.0 0 0
331 290.0 107.0 0 0
332 291.0 108.0 0 0
333 290.0 108.0 0 0
334 288.0 108.0 0 0
335 294.0 110.0 0 0
336 293.0 108.0 0 0
337 294.0 109.0 0 0
338 293.0 109.0 0 0
339 292.0 109.0 0 0
340 293.0 110.0 0 0
341 292.0 110.0 0 0
342 294.0 112.0 0 0
343 292.0 112.0 0 0
344 290.0 110.0 0 0
345 288.0 110.0 0 0
346 290.0 112.0 0 0
347 288.0 112.0 0 0
348 318.0 112.0 0 0
349 318.0 114.0 0 0
350 316.0 114.0 0 0
351 318.0 116.0 0 0
352 316.0 116.0 0 0
353 312.0 116.0 0 0
354 316.0 120.0 0 0
355 312.0 120.0 0 0
356 308.0 116.0 0 0
357 304.0 116.0 0 0
358 310.0 116.0 0 0
359 312.0 118.0 0 0
360 310.0 118.0 0 0
361 308.0 118.0 0 0
362 310.0 120.0 0 0
363 308.0 120.0 0 0
364 306.0 116.0 0 0
365 306.0 118.0 0 0
366 304.0 118.0 0 0
367 307.0 118.0 0 0
368 308.0 119.0 0 0
369 307.0 119.0 0 0
370 306.0 119.0 0 0
371 307.0 120.0 0 0
372 306.0 120.0 0 0
373 304.0 120.0 0 0
374 316.0 124.0 0 0
375 314.0 120.0 0 0
376 316.0 122.0 0 0
377 314.0 122.0 0 0
378 312.0 122.0 0 0
379 314.0 124.0 0 0
380 313.0 122.0 0 0
381 314.0 123.0 0 0
382 313.0 123.0 0 0
383 312.0 123.0 0 0
384 313.0 124.0 0 0
385 312.0 124.0 0 0
386 318.0 124.0 0 0
387 318.0 126.0 0 0
388 316.0 126.0 0 0
389 318.0 128.0 0 0
390 316.0 128.0 0 0
391 315.0 124.0 0 0
392 316.0 125.0 0 0
393 315.0 125.0 0 0
394 314.0 125.0 0 0
395 315.0 126.0 0 0
396 314.0 126.0 0 0
397 312.0 126.0 0 0
398 314.0 128.0 0 0
399 312.0 128.0 0 0
400 311.0 120.0 0 0
401 312.0 121.0 0 0
402 311.0 121.0 0 0
403 310.0 121.0 0 0
404 311.0 122.0 0 0
405 310.0 122.0 0 0
406 308.0 122.0 0 0
407 310.0 124.0 0 0
408 308.0 124.0 0 0
409 306.0 122.0 0 0
410 304.0 122.0 0 0
411 306.0 124.0 0 0
412 304.0 124.0 0 0
413 308.0 128.0 0 0
414 304.0 128.0 0 0
415 302.0 112.0 0 0
416 304.0 114.0 0 0
417 302.0 114.0 0 0
418 300.0 114.0 0 0
419 302.0 116.0 0 0
420 301.0 114.0 0 0
421 302.0 115.0 0 0
422 301.0 115.0 0 0
423 300.0 115.0 0 0
424 301.0 116.0 0 0
425 300.0 116.0 0 0
426 299.0 112.0 0 0
427 300.0 113.0 0 0
428 299.0 113.0 0 0
429 298.0 113.0 0 0
430 299.0 114.0 0 0
431 298.0 114.0 0 0
432 296.0 114.0 0 0
433 298.0 116.0 0 0
434 296.0 116.0 0 0
435 302.0 118.0 0 0
436 300.0 118.0 0 0
437 302.0 120.0 0 0
438 300.0 120.0 0 0
439 296.0 120.0 0 0
440 292.0 116.0 0 0
441 288.0 116.0 0 0
442 292.0 120.0 0 0
443 288.0 120.0 0 0
444 300.0 124.0 0 0
445 296.0 124.0 0 0
446 300.0 128.0 0 0
447 296.0 128.0 0 0
448 292.0 124.0 0 0
449 288.0 124.0 0 0
450 292.0 128.0 0 0
451 290.0 124.0 0 0
452 292.0 126.0 0 0
453 290.0 126.0 0 0
454 288.0 126.0 0 0
455 290.0 128.0 0 0
456 288.0 128.0 0 0
457 284.0 100.0 0 0
458 282.0 96.0 0 0
459 284.0 98.0 0 0
460 282.0 98.0 0 0
461 280.0 98.0 0 0
462 282.0 100.0 0 0
463 281.0 98.0 0 0
464 282.0 99.0 0 0
465 281.0 99.0 0 0
466 280.0 99.0 0 0
467 281.0 100.0 0 0
468 280.0 100.0 0 0
469 286.0 100.0 0 0
470 286.0 102.0 0 0
471 284.0 102.0 0 0
472 287.0 102.0 0 0
473 288.0 103.0 0 0
474 287.0 103.0 0 0
475 286.0 103.0 0 0
476 287.0 104.0 0 0
477 286.0 104.0 0 0
478 285.0 102.0 0 0
479 285.0 103.0 0 0
480 284.0 103.0 0 0
481 285.0 104.0 0 0
482 284.0 104.0 0 0
483 283.0 100.0 0 0
484 284.0 101.0 0 0
485 283.0 101.0 0 0
486 282.0 101.0 0 0
487 283.0 102.0 0 0
488 282.0 102.0 0 0
489 280.0 102.0 0 0
490 282.0 104.0 0 0
491 280.0 104.0 0 0
492 278.0 98.0 0 0
493 277.0 96.0 0 0
494 278.0 97.0 0 0
495 277.0 97.0 0 0
496 276.0 97.0 0 0
497 277.0 98.0 0 0
498 276.0 98.0 0 0
499 278.0 100.0 0 0
500 276.0 100.0 0 0
501 274.0 98.0 0 0
502 272.0 98.0 0 0
503 274.0 100.0 0 0
504 272.0 100.0 0 0
505 276.0 104.0 0 0
506 272.0 104.0 0 0
507 286.0 106.0 0 0
508 284.0 106.0 0 0
509 286.0 108.0 0 0
510 284.0 108.0 0 0
511 280.0 108.0 0 0
512 284.0 112.0 0 0
513 280.0 112.0 0 0
514 272.0 112.0 0 0
515 268.0 100.0 0 0
516 264.0 100.0 0 0
517 268.0 104.0 0 0
518 264.0 104.0 0 0
519 256.0 104.0 0 0
520 272.0 108.0 0 0
521 268.0 108.0 0 0
522 264.0 108.0 0 0
523 268.0 112.0 0 0
524 264.0 112.0 0 0
525 260.0 104.0 0 0
526 260.0 108.0 0 0
527 256.0 108.0 0 0
528 260.0 112.0 0 0
529 256.0 112.0 0 0
530 284.0 116.0 0 0
531 280.0 116.0 0 0
532 284.0 120.0 0 0
533 280.0 120.0 0 0
534 276.0 112.0 0 0
535 276.0 116.0 0 0
536 272.0 116.0 0 0
537 278.0 116.0 0 0
538 280.0 118.0 0 0
539 278.0 118.0 0 0
540 276.0 118.0 0 0
541 278.0 120.0 0 0
542 276.0 120.0 0 0
543 272.0 120.0 0 0
544 286.0 120.0 0 0
545 288.0 122.0 0 0
546 286.0 122.0 0 0
547 284.0 122.0 0 0
548 286.0 124.0 0 0
549 284.0 124.0 0 0
550 280.0 124.0 0 0
551 284.0 128.0 0 0
552 280.0 128.0 0 0
553 276.0 124.0 0 0
554 272.0 124.0 0 0
555 276.0 128.0 0 0
556 272.0 128.0 0 0
557 270.0 112.0 0 0
558 272.0 114.0 0 0
559 270.0 114.0 0 0
560 268.0 114.0 0 0
561 270.0 116.0 0 0
562 268.0 116.0 0 0
563 266.0 112.0 0 0
564 266.0 114.0 0 0
565 264.0 114.0 0 0
566 266.0 116.0 0 0
567 264.0 116.0 0 0
568 268.0 120.0 0 0
569 268.0 118.0 0 0
570 266.0 118.0 0 0
571 264.0 118.0 0 0
572 266.0 120.0 0 0
573 264.0 120.0 0 0
574 260.0 116.0 0 0
575 256.0 116.0 0 0
576 260.0 120.0 0 0
577 256.0 120.0 0 0
578 268.0 124.0 0 0
579 264.0 124.0 0 0
580 268.0 128.0 0 0
581 264.0 128.0 0 0
582 256.0 128.0 0 0
583 512.0 192.0 0 0
584 448.0 192.0 0 0
585 448.0 160.0 0 0
586 416.0 160.0 0 0
587 384.0 160.0 0 0
588 416.0 192.0 0 0
589 400.0 160.0 0 0
590 416.0 176.0 0 0
591 400.0 176.0 0 0
592 384.0 176.0 0 0
593 400.0 192.0 0 0
594 384.0 192.0 0 0
595 512.0 256.0 0 0
596 448.0 256.0 0 0
597 448.0 224.0 0 0
598 416.0 224.0 0 0
599 416.0 208.0 0 0
600 400.0 208.0 0 0
601 384.0 208.0 0 0
602 400.0 224.0 0 0
603 392.0 208.0 0 0
604 400.0 216.0 0 0
605 392.0 216.0 0 0
606 384.0 216.0 0 0
607 392.0 224.0 0 0
608 384.0 224.0 0 0
609 416.0 256.0 0 0
610 416.0 240.0 0 0
611 400.0 240.0 0 0
612 400.0 232.0 0 0
613 392.0 232.0 0 0
614 384.0 232.0 0 0
615 392.0 240.0 0 0
616 384.0 240.0 0 0
617 400.0 256.0 0 0
618 400.0 248.0 0 0
619 392.0 248.0 0 0
620 384.0 248.0 0 0
621 392.0 256.0 0 0
622 384.0 256.0 0 0
623 384.0 144.0 0 0
624 368.0 144.0 0 0
625 360.0 128.0 0 0
626 368.0 136.0 0 0
627 360.0 136.0 0 0
628 352.0 136.0 0 0
629 360.0 144.0 0 0
630 356.0 136.0 0 0
631 360.0 140.0 0 0
632 356.0 140.0 0 0
633 352.0 140.0 0 0
634 356.0 144.0 0 0
635 352.0 144.0 0 0
636 368.0 160.0 0 0
637 368.0 152.0 0 0
638 360.0 152.0 0 0
639 360.0 148.0 0 0
640 356.0 148.0 0 0
641 352.0 148.0 0 0
642 356.0 152.0 0 0
643 354.0 148.0 0 0
644 356.0 150.0 0 0
645 354.0 150.0 0 0
646 352.0 150.0 0 0
647 354.0 152.0 0 0
648 352.0 152.0 0 0
649 360.0 160.0 0 0
650 360.0 156.0 0 0
651 356.0 156.0 0 0
652 352.0 156.0 0 0
653 356.0 160.0 0 0
654 352.0 160.0 0 0
655 348.0 128.0 0 0
656 352.0 132.0 0 0
657 348.0 132.0 0 0
658 344.0 132.0 0 0
659 348.0 136.0 0 0
660 344.0 136.0 0 0
661 342.0 128.0 0 0
662 344.0 130.0 0 0
663 342.0 130.0 0 0
664 340.0 130.0 0 0
665 342.0 132.0 0 0
666 340.0 132.0 0 0
667 336.0 132.0 0 0
668 344.0 134.0 0 0
669 342.0 134.0 0 0
670 340.0 134.0 0 0
671 342.0 136.0 0 0
672 340.0 136.0 0 0
673 336.0 136.0 0 0
674 348.0 140.0 0 0
675 344.0 140.0 0 0
676 350.0 140.0 0 0
677 352.0 142.0 0 0
678 350.0 142.0 0 0
679 348.0 142.0 0 0
680 350.0 144.0 0 0
681 348.0 144.0 0 0
682 344.0 144.0 0 0
683 340.0 140.0 0 0
684 336.0 140.0 0 0
685 340.0 144.0 0 0
686 338.0 140.0 0 0
687 340.0 142.0 0 0
688 338.0 142.0 0 0
689 336.0 142.0 0 0
690 338.0 144.0 0 0
691 336.0 144.0 0 0
692 332.0 132.0 0 0
693 328.0 132.0 0 0
694 332.0 136.0 0 0
695 330.0 132.0 0 0
696 332.0 134.0 0 0
697 330.0 134.0 0 0
698 328.0 134.0 0 0
699 330.0 136.0 0 0
700 328.0 136.0 0 0
701 326.0 128.0 0 0
702 328.0 130.0 0 0
703 326.0 130.0 0 0
704 324.0 130.0 0 0
705 326.0 132.0 0 0
706 324.0 132.0 0 0
707 322.0 130.0 0 0
708 320.0 130.0 0 0
709 322.0 132.0 0 0
710 320.0 132.0 0 0
711 326.0 134.0 0 0
712 324.0 134.0 0 0
713 326.0 136.0 0 0
714 324.0 136.0 0 0
715 320.0 136.0 0 0
716 334.0 136.0 0 0
717 336.0 138.0 0 0
718 334.0 138.0 0 0
719 332.0 138.0 0 0
720 334.0 140.0 0 0
721 333.0 138.0 0 0
722 334.0 139.0 0 0
723 333.0 139.0 0 0
724 332.0 139.0 0 0
725 333.0 140.0 0 0
726 332.0 140.0 0 0
727 330.0 138.0 0 0
728 328.0 138.0 0 0
729 330.0 140.0 0 0
730 328.0 140.0 0 0
731 334.0 142.0 0 0
732 332.0 142.0 0 0
733 334.0 144.0 0 0
734 332.0 144.0 0 0
735 328.0 144.0 0 0
736 324.0 140.0 0 0
737 320.0 140.0 0 0
738 324.0 144.0 0 0
739 320.0 144.0 0 0
740 348.0 148.0 0 0
741 344.0 148.0 0 0
742 348.0 152.0 0 0
743 344.0 152.0 0 0
744 340.0 148.0 0 0
745 340.0 146.0 0 0
746 338.0 146.0 0 0
747 337.0 144.0 0 0
748 338.0 145.0 0 0
749 337.0 145.0 0 0
750 336.0 145.0 0 0
751 337.0 146.0 0 0
752 336.0 146.0 0 0
753 338.0 148.0 0 0
754 336.0 148.0 0 0
755 342.0 148.0 0 0
756 344.0 150.0 0 0
757 342.0 150.0 0 0
758 340.0 150.0 0 0
759 342.0 152.0 0 0
760 340.0 152.0 0 0
761 339.0 148.0 0 0
762 340.0 149.0 0 0
763 339.0 149.0 0 0
764 338.0 149.0 0 0
765 339.0 150.0 0 0
766 338.0 150.0 0 0
767 336.0 150.0 0 0
768 338.0 152.0 0 0
769 336.0 152.0 0 0
770 348.0 156.0 0 0
771 346.0 152.0 0 0
772 348.0 154.0 0 0
773 346.0 154.0 0 0
774 344.0 154.0 0 0
775 346.0 156.0 0 0
776 344.0 156.0 0 0
777 348.0 160.0 0 0
778 348.0 158.0 0 0
779 346.0 158.0 0 0
780 344.0 158.0 0 0
781 346.0 160.0 0 0
782 345.0 158.0 0 0
783 346.0 159.0 0 0
784 345.0 159.0 0 0
785 344.0 159.0 0 0
786 345.0 160.0 0 0
787 344.0 160.0 0 0
788 342.0 154.0 0 0
789 340.0 154.0 0 0
790 343.0 154.0 0 0
791 344.0 155.0 0 0
792 343.0 155.0 0 0
793 342.0 155.0 0 0
794 343.0 156.0 0 0
795 342.0 156.0 0 0
796 340.0 156.0 0 0
797 336.0 156.0 0 0
798 344.0 157.0 0 0
799 343.0 157.0 0 0
800 342.0 157.0 0 0
801 343.0 158.0 0 0
802 342.0 158.0 0 0
803 340.0 158.0 0 0
804 342.0 160.0 0 0
805 340.0 160.0 0 0
806 336.0 160.0 0 0
807 334.0 146.0 0 0
808 332.0 146.0 0 0
809 334.0 148.0 0 0
810 332.0 148.0 0 0
811 328.0 148.0 0 0
812 332.0 152.0 0 0
813 328.0 152.0 0 0
814 324.0 148.0 0 0
815 320.0 148.0 0 0
816 324.0 152.0 0 0
817 320.0 152.0 0 0
818 332.0 156.0 0 0
819 328.0 156.0 0 0
820 332.0 160.0 0 0
821 328.0 160.0 0 0
822 324.0 156.0 0 0
823 322.0 152.0 0 0
824 324.0 154.0 0 0
825 322.0 154.0 0 0
826 320.0 154.0 0 0
827 322.0 156.0 0 0
828 320.0 156.0 0 0
829 326.0 156.0 0 0
830 328.0 158.0 0 0
831 326.0 158.0 0 0
832 324.0 158.0 0 0
833 326.0 160.0 0 0
834 325.0 158.0 0 0
835 326.0 159.0 0 0
836 325.0 159.0 0 0
837 324.0 159.0 0 0
838 325.0 160.0 0 0
839 324.0 160.0 0 0
840 322.0 158.0 0 0
841 320.0 158.0 0 0
842 322.0 160.0 0 0
843 320.0 160.0 0 0
844 376.0 160.0 0 0
845 384.0 168.0 0 0
846 376.0 168.0 0 0
847 368.0 168.0 0 0
848 376.0 176.0 0 0
849 368.0 176.0 0 0
850 364.0 160.0 0 0
851 368.0 164.0 0 0
852 364.0 164.0 0 0
853 360.0 164.0 0 0
854 364.0 168.0 0 0
855 360.0 168.0 0 0
856 356.0 164.0 0 0
857 352.0 164.0 0 0
858 356.0 168.0 0 0
859 352.0 168.0 0 0
860 368.0 172.0 0 0
861 364.0 172.0 0 0
862 360.0 172.0 0 0
863 364.0 176.0 0 0
864 360.0 176.0 0 0
865 356.0 172.0 0 0
866 354.0 168.0 0 0
867 356.0 170.0 0 0
868 354.0 170.0 0 0
869 352.0 170.0 0 0
870 354.0 172.0 0 0
871 352.0 172.0 0 0
872 356.0 176.0 0 0
873 356.0 174.0 0 0
874 354.0 174.0 0 0
875 352.0 174.0 0 0
876 354.0 176.0 0 0
877 352.0 176.0 0 0
878 384.0 184.0 0 0
879 376.0 184.0 0 0
880 368.0 184.0 0 0
881 376.0 192.0 0 0
882 372.0 184.0 0 0
883 376.0 188.0 0 0
884 372.0 188.0 0 0
885 368.0 188.0 0 0
886 372.0 192.0 0 0
887 368.0 192.0 0 0
888 368.0 180.0 0 0
889 364.0 180.0 0 0
890 360.0 180.0 0 0
891 364.0 184.0 0 0
892 360.0 184.0 0 0
893 356.0 180.0 0 0
894 356.0 178.0 0 0
895 354.0 178.0 0 0
896 353.0 176.0 0 0
897 354.0 177.0 0 0
898 353.0 177.0 0 0
899 352.0 177.0 0 0
900 353.0 178.0 0 0
901 352.0 178.0 0 0
902 354.0 180.0 0 0
903 354.0 179.0 0 0
904 353.0 179.0 0 0
905 352.0 179.0 0 0
906 353.0 180.0 0 0
907 352.0 180.0 0 0
908 358.0 180.0 0 0
909 360.0 182.0 0 0
910 358.0 182.0 0 0
911 356.0 182.0 0 0
912 358.0 184.0 0 0
913 356.0 184.0 0 0
914 355.0 180.0 0 0
915 356.0 181.0 0 0
916 355.0 181.0 0 0
917 354.0 181.0 0 0
918 355.0 182.0 0 0
919 354.0 182.0 0 0
920 352.0 182.0 0 0
921 356.0 183.0 0 0
922 355.0 183.0 0 0
923 354.0 183.0 0 0
924 355.0 184.0 0 0
925 354.0 184.0 0 0
926 352.0 184.0 0 0
927 366.0 184.0 0 0
928 368.0 186.0 0 0
929 366.0 186.0 0 0
930 364.0 186.0 0 0
931 366.0 188.0 0 0
932 364.0 188.0 0 0
933 360.0 188.0 0 0
934 368.0 190.0 0 0
935 366.0 190.0 0 0
936 364.0 190.0 0 0
937 366.0 192.0 0 0
938 364.0 192.0 0 0
939 360.0 192.0 0 0
940 360.0 186.0 0 0
941 358.0 186.0 0 0
942 356.0 186.0 0 0
943 358.0 188.0 0 0
944 357.0 186.0 0 0
945 358.0 187.0 0 0
946 357.0 187.0 0 0
947 356.0 187.0 0 0
948 357.0 188.0 0 0
949 356.0 188.0 0 0
950 354.0 186.0 0 0
951 352.0 186.0 0 0
952 354.0 188.0 0 0
953 352.0 188.0 0 0
954 360.0 190.0 0 0
955 358.0 190.0 0 0
956 358.0 189.0 0 0
957 357.0 189.0 0 0
958 356.0 189.0 0 0
959 357.0 190.0 0 0
960 356.0 190.0 0 0
961 358.0 192.0 0 0
962 356.0 192.0 0 0
963 354.0 190.0 0 0
964 352.0 190.0 0 0
965 354.0 192.0 0 0
966 352.0 192.0 0 0
967 350.0 160.0 0 0
968 352.0 162.0 0 0
969 350.0 162.0 0 0
970 348.0 162.0 0 0
971 350.0 164.0 0 0
972 348.0 164.0 0 0
973 346.0 162.0 0 0
974 344.0 162.0 0 0
975 347.0 162.0 0 0
976 348.0 163.0 0 0
977 347.0 163.0 0 0
978 346.0 163.0 0 0
979 347.0 164.0 0 0
980 346.0 164.0 0 0
981 344.0 164.0 0 0
982 352.0 166.0 0 0
983 350.0 166.0 0 0
984 348.0 166.0 0 0
985 350.0 168.0 0 0
986 348.0 168.0 0 0
987 346.0 166.0 0 0
988 344.0 166.0 0 0
989 346.0 168.0 0 0
990 344.0 168.0 0 0
991 340.0 164.0 0 0
992 336.0 164.0 0 0
993 340.0 168.0 0 0
994 336.0 168.0 0 0
995 350.0 170.0 0 0
996 348.0 170.0 0 0
997 351.0 170.0 0 0
998 352.0 171.0 0 0
999 351.0 171.0 0 0
1000 350.0 171.0 0 0
1001 351.0 172.0 0 0
1002 350.0 172.0 0 0
1003 348.0 172.0 0 0
1004 344.0 172.0 0 0
1005 352.0 173.0 0 0
1006 351.0 173.0 0 0
1007 350.0 173.0 0 0
1008 351.0 174.0 0 0
1009 350.0 174.0 0 0
1010 348.0 174.0 0 0
1011 350.0 176.0 0 0
1012 348.0 176.0 0 0
1013 344.0 176.0 0 0
1014 340.0 172.0 0 0
1015 336.0 172.0 0 0
1016 340.0 176.0 0 0
1017 336.0 176.0 0 0
1018 332.0 164.0 0 0
1019 330.0 160.0 0 0
1020 332.0 162.0 0 0
1021 330.0 162.0 0 0
1022 328.0 162.0 0 0
1023 330.0 164.0 0 0
1024 328.0 164.0 0 0
1025 332.0 168.0 0 0
1026 332.0 166.0 0 0
1027 330.0 166.0 0 0
1028 328.0 166.0 0 0
1029 330.0 168.0 0 0
1030 328.0 168.0 0 0
1031 327.0 160.0 0 0
1032 328.0 161.0 0 0
1033 327.0 161.0 0 0
1034 326.0 161.0 0 0
1035 327.0 162.0 0 0
1036 326.0 162.0 0 0
1037 324.0 162.0 0 0
1038 326.0 164.0 0 0
1039 324.0 164.0 0 0
1040 320.0 164.0 0 0
1041 324.0 168.0 0 0
1042 320.0 168.0 0 0
1043 332.0 172.0 0 0
1044 328.0 172.0 0 0
1045 332.0 176.0 0 0
1046 328.0 176.0 0 0
1047 320.0 176.0 0 0
1048 350.0 178.0 0 0
1049 348.0 178.0 0 0
1050 350.0 180.0 0 0
1051 348.0 180.0 0 0
1052 344.0 180.0 0 0
1053 348.0 184.0 0 0
1054 344.0 184.0 0 0
1055 340.0 180.0 0 0
1056 338.0 176.0 0 0
1057 340.0 178.0 0 0
1058 338.0 178.0 0 0
1059 336.0 178.0 0 0
1060 338.0 180.0 0 0
1061 336.0 180.0 0 0
1062 340.0 184.0 0 0
1063 340.0 182.0 0 0
1064 338.0 182.0 0 0
1065 336.0 182.0 0 0
1066 338.0 184.0 0 0
1067 336.0 184.0 0 0
1068 348.0 188.0 0 0
1069 344.0 188.0 0 0
1070 348.0 192.0 0 0
1071 344.0 192.0 0 0
1072 342.0 184.0 0 0
1073 344.0 186.0 0 0
1074 342.0 186.0 0 0
1075 340.0 186.0 0 0
1076 342.0 188.0 0 0
1077 340.0 188.0 0 0
1078 336.0 188.0 0 0
1079 344.0 190.0 0 0
1080 342.0 190.0 0 0
1081 340.0 190.0 0 0
1082 342.0 192.0 0 0
1083 340.0 192.0 0 0
1084 336.0 192.0 0 0
1085 332.0 180.0 0 0
1086 328.0 180.0 0 0
1087 332.0 184.0 0 0
1088 328.0 184.0 0 0
1089 320.0 184.0 0 0
1090 328.0 192.0 0 0
1091 320.0 192.0 0 0
1092 316.0 132.0 0 0
1093 312.0 132.0 0 0
1094 316.0 136.0 0 0
1095 312.0 136.0 0 0
1096 308.0 132.0 0 0
1097 304.0 132.0 0 0
1098 308.0 136.0 0 0
1099 304.0 136.0 0 0
1100 316.0 140.0 0 0
1101 312.0 140.0 0 0
1102 316.0 144.0 0 0
1103 312.0 144.0 0 0
1104 308.0 140.0 0 0
1105 306.0 136.0 0 0
1106 308.0 138.0 0 0
1107 306.0 138.0 0 0
1108 304.0 138.0 0 0
1109 306.0 140.0 0 0
1110 304.0 140.0 0 0
1111 310.0 140.0 0 0
1112 312.0 142.0 0 0
1113 310.0 142.0 0 0
1114 308.0 142.0 0 0
1115 310.0 144.0 0 0
1116 308.0 144.0 0 0
1117 306.0 142.0 0 0
1118 305.0 140.0 0 0
1119 306.0 141.0 0 0
1120 305.0 141.0 0 0
1121 304.0 141.0 0 0
1122 305.0 142.0 0 0
1123 304.0 142.0 0 0
1124 307.0 142.0 0 0
1125 308.0 143.0 0 0
1126 307.0 143.0 0 0
1127 306.0 143.0 0 0
1128 307.0 144.0 0 0
1129 306.0 144.0 0 0
1130 304.0 144.0 0 0
1131 300.0 132.0 0 0
1132 296.0 132.0 0 0
1133 302.0 132.0 0 0
1134 304.0 134.0 0 0
1135 302.0 134.0 0 0
1136 300.0 134.0 0 0
1137 302.0 136.0 0 0
1138 300.0 136.0 0 0
1139 298.0 132.0 0 0
1140 298.0 134.0 0 0
1141 296.0 134.0 0 0
1142 299.0 134.0 0 0
1143 300.0 135.0 0 0
1144 299.0 135.0 0 0
1145 298.0 135.0 0 0
1146 299.0 136.0 0 0
1147 298.0 136.0 0 0
1148 296.0 136.0 0 0
1149 294.0 128.0 0 0
1150 296.0 130.0 0 0
1151 294.0 130.0 0 0
1152 292.0 130.0 0 0
1153 294.0 132.0 0 0
1154 292.0 132.0 0 0
1155 288.0 132.0 0 0
1156 292.0 136.0 0 0
1157 288.0 136.0 0 0
1158 302.0 138.0 0 0
1159 300.0 138.0 0 0
1160 303.0 138.0 0 0
1161 304.0 139.0 0 0
1162 303.0 139.0 0 0
1163 302.0 139.0 0 0
1164 303.0 140.0 0 0
1165 302.0 140.0 0 0
1166 300.0 140.0 0 0
1167 298.0 138.0 0 0
1168 296.0 138.0 0 0
1169 298.0 140.0 0 0
1170 296.0 140.0 0 0
1171 302.0 142.0 0 0
1172 300.0 142.0 0 0
1173 302.0 144.0 0 0
1174 300.0 144.0 0 0
1175 296.0 144.0 0 0
1176 292.0 140.0 0 0
1177 288.0 140.0 0 0
1178 292.0 144.0 0 0
1179 288.0 144.0 0 0
1180 316.0 148.0 0 0
1181 314.0 144.0 0 0
1182 316.0 146.0 0 0
1183 314.0 146.0 0 0
1184 312.0 146.0 0 0
1185 314.0 148.0 0 0
1186 312.0 148.0 0 0
1187 318.0 148.0 0 0
1188 320.0 150.0 0 0
1189 318.0 150.0 0 0
1190 316.0 150.0 0 0
1191 318.0 152.0 0 0
1192 316.0 152.0 0 0
1193 314.0 150.0 0 0
1194 312.0 150.0 0 0
1195 314.0 152.0 0 0
1196 312.0 152.0 0 0
1197 310.0 146.0 0 0
1198 309.0 144.0 0 0
1199 310.0 145.0 0 0
1200 309.0 145.0 0 0
1201 308.0 145.0 0 0
1202 309.0 146.0 0 0
1203 308.0 146.0 0 0
1204 311.0 146.0 0 0
1205 312.0 147.0 0 0
1206 311.0 147.0 0 0
1207 310.0 147.0 0 0
1208 311.0 148.0 0 0
1209 310.0 148.0 0 0
1210 309.0 147.0 0 0
1211 308.0 147.0 0 0
1212 309.0 148.0 0 0
1213 308.0 148.0 0 0
1214 307.0 145.0 0 0
1215 306.0 145.0 0 0
1216 307.0 146.0 0 0
1217 306.0 146.0 0 0
1218 304.0 146.0 0 0
1219 306.0 148.0 0 0
1220 304.0 148.0 0 0
1221 310.0 150.0 0 0
1222 308.0 150.0 0 0
1223 310.0 152.0 0 0
1224 308.0 152.0 0 0
1225 304.0 152.0 0 0
1226 316.0 156.0 0 0
1227 312.0 156.0 0 0
1228 316.0 160.0 0 0
1229 312.0 160.0 0 0
1230 308.0 156.0 0 0
1231 304.0 156.0 0 0
1232 308.0 160.0 0 0
1233 304.0 160.0 0 0
1234 300.0 148.0 0 0
1235 296.0 148.0 0 0
1236 300.0 152.0 0 0
1237 296.0 152.0 0 0
1238 288.0 152.0 0 0
1239 296.0 160.0 0 0
1240 288.0 160.0 0 0
1241 280.0 136.0 0 0
1242 272.0 136.0 0 0
1243 280.0 144.0 0 0
1244 272.0 144.0 0 0
1245 264.0 136.0 0 0
1246 256.0 136.0 0 0
1247 264.0 144.0 0 0
1248 256.0 144.0 0 0
1249 280.0 152.0 0 0
1250 272.0 152.0 0 0
1251 280.0 160.0 0 0
1252 272.0 160.0 0 0
1253 256.0 160.0 0 0
1254 312.0 168.0 0 0
1255 304.0 168.0 0 0
1256 312.0 176.0 0 0
1257 304.0 176.0 0 0
1258 288.0 176.0 0 0
1259 304.0 192.0 0 0
1260 288.0 192.0 0 0
1261 272.0 176.0 0 0
1262 256.0 176.0 0 0
1263 272.0 192.0 0 0
1264 256.0 192.0 0 0
1265 384.0 200.0 0 0
1266 376.0 200.0 0 0
1267 376.0 196.0 0 0
1268 372.0 196.0 0 0
1269 368.0 196.0 0 0
1270 372.0 200.0 0 0
1271 368.0 200.0 0 0
1272 376.0 208.0 0 0
1273 376.0 204.0 0 0
1274 372.0 204.0 0 0
1275 370.0 200.0 0 0
1276 372.0 202.0 0 0
1277 370.0 202.0 0 0
1278 368.0 202.0 0 0
1279 370.0 204.0 0 0
1280 368.0 204.0 0 0
1281 372.0 208.0 0 0
1282 372.0 206.0 0 0
1283 370.0 206.0 0 0
1284 368.0 206.0 0 0
1285 370.0 208.0 0 0
1286 368.0 208.0 0 0
1287 368.0 194.0 0 0
1288 366.0 194.0 0 0
1289 364.0 194.0 0 0
1290 366.0 196.0 0 0
1291 364.0 196.0 0 0
1292 362.0 192.0 0 0
1293 362.0 194.0 0 0
1294 360.0 194.0 0 0
1295 362.0 196.0 0 0
1296 360.0 196.0 0 0
1297 368.0 198.0 0 0
1298 366.0 198.0 0 0
1299 364.0 198.0 0 0
1300 366.0 200.0 0 0
1301 364.0 200.0 0 0
1302 362.0 198.0 0 0
1303 361.0 196.0 0 0
1304 362.0 197.0 0 0
1305 361.0 197.0 0 0
1306 360.0 197.0 0 0
1307 361.0 198.0 0 0
1308 360.0 198.0 0 0
1309 362.0 200.0 0 0
1310 360.0 200.0 0 0
1311 359.0 192.0 0 0
1312 360.0 193.0 0 0
1313 359.0 193.0 0 0
1314 358.0 193.0 0 0
1315 359.0 194.0 0 0
1316 358.0 194.0 0 0
1317 356.0 194.0 0 0
1318 360.0 195.0 0 0
1319 359.0 195.0 0 0
1320 358.0 195.0 0 0
1321 359.0 196.0 0 0
1322 358.0 196.0 0 0
1323 356.0 196.0 0 0
1324 352.0 196.0 0 0
1325 358.0 198.0 0 0
1326 356.0 198.0 0 0
1327 358.0 200.0 0 0
1328 356.0 200.0 0 0
1329 352.0 200.0 0 0
1330 366.0 202.0 0 0
1331 364.0 202.0 0 0
1332 366.0 204.0 0 0
1333 364.0 204.0 0 0
1334 363.0 200.0 0 0
1335 364.0 201.0 0 0
1336 363.0 201.0 0 0
1337 362.0 201.0 0 0
1338 363.0 202.0 0 0
1339 362.0 202.0 0 0
1340 360.0 202.0 0 0
1341 364.0 203.0 0 0
1342 363.0 203.0 0 0
1343 362.0 203.0 0 0
1344 363.0 204.0 0 0
1345 362.0 204.0 0 0
1346 360.0 204.0 0 0
1347 366.0 206.0 0 0
1348 364.0 206.0 0 0
1349 366.0 208.0 0 0
1350 365.0 206.0 0 0
1351 366.0 207.0 0 0
1352 365.0 207.0 0 0
1353 364.0 207.0 0 0
1354 365.0 208.0 0 0
1355 364.0 208.0 0 0
1356 362.0 206.0 0 0
1357 360.0 206.0 0 0
1358 362.0 208.0 0 0
1359 360.0 208.0 0 0
1360 356.0 204.0 0 0
1361 352.0 204.0 0 0
1362 356.0 208.0 0 0
1363 354.0 204.0 0 0
1364 356.0 206.0 0 0
1365 354.0 206.0 0 0
1366 352.0 206.0 0 0
1367 354.0 208.0 0 0
1368 352.0 208.0 0 0
1369 376.0 216.0 0 0
1370 376.0 212.0 0 0
1371 372.0 212.0 0 0
1372 372.0 210.0 0 0
1373 370.0 210.0 0 0
1374 368.0 210.0 0 0
1375 370.0 212.0 0 0
1376 368.0 212.0 0 0
1377 372.0 216.0 0 0
1378 372.0 214.0 0 0
1379 370.0 214.0 0 0
1380 368.0 214.0 0 0
1381 370.0 216.0 0 0
1382 368.0 216.0 0 0
1383 380.0 216.0 0 0
1384 384.0 220.0 0 0
1385 380.0 220.0 0 0
1386 376.0 220.0 0 0
1387 380.0 224.0 0 0
1388 376.0 224.0 0 0
1389 372.0 220.0 0 0
1390 372.0 218.0 0 0
1391 370.0 218.0 0 0
1392 368.0 218.0 0 0
1393 370.0 220.0 0 0
1394 368.0 220.0 0 0
1395 374.0 220.0 0 0
1396 376.0 222.0 0 0
1397 374.0 222.0 0 0
1398 372.0 222.0 0 0
1399 374.0 224.0 0 0
1400 372.0 224.0 0 0
1401 370.0 222.0 0 0
1402 369.0 220.0 0 0
1403 370.0 221.0 0 0
1404 369.0 221.0 0 0
1405 368.0 221.0 0 0
1406 369.0 222.0 0 0
1407 368.0 222.0 0 0
1408 370.0 224.0 0 0
1409 370.0 223.0 0 0
1410 369.0 223.0 0 0
1411 368.0 223.0 0 0
1412 369.0 224.0 0 0
1413 368.0 224.0 0 0
1414 366.0 210.0 0 0
1415 366.0 209.0 0 0
1416 365.0 209.0 0 0
1417 364.0 209.0 0 0
1418 365.0 210.0 0 0
1419 364.0 210.0 0 0
1420 366.0 212.0 0 0
1421 364.0 212.0 0 0
1422 362.0 210.0 0 0
1423 360.0 210.0 0 0
1424 362.0 212.0 0 0
1425 360.0 212.0 0 0
1426 367.0 212.0 0 0
1427 368.0 213.0 0 0
1428 367.0 213.0 0 0
1429 366.0 213.0 0 0
1430 367.0 214.0 0 0
1431 366.0 214.0 0 0
1432 364.0 214.0 0 0
1433 368.0 215.0 0 0
1434 367.0 215.0 0 0
1435 366.0 215.0 0 0
1436 367.0 216.0 0 0
1437 366.0 216.0 0 0
1438 364.0 216.0 0 0
1439 360.0 216.0 0 0
1440 356.0 212.0 0 0
1441 352.0 212.0 0 0
1442 356.0 216.0 0 0
1443 354.0 212.0 0 0
1444 356.0 214.0 0 0
1445 354.0 214.0 0 0
1446 352.0 214.0 0 0
1447 354.0 216.0 0 0
1448 352.0 216.0 0 0
1449 366.0 218.0 0 0
1450 364.0 218.0 0 0
1451 366.0 220.0 0 0
1452 364.0 220.0 0 0
1453 360.0 220.0 0 0
1454 366.0 222.0 0 0
1455 364.0 222.0 0 0
1456 366.0 224.0 0 0
1457 364.0 224.0 0 0
1458 360.0 224.0 0 0
1459 356.0 220.0 0 0
1460 356.0 218.0 0 0
1461 354.0 218.0 0 0
1462 352.0 218.0 0 0
1463 354.0 220.0 0 0
1464 352.0 220.0 0 0
1465 356.0 224.0 0 0
1466 356.0 222.0 0 0
1467 354.0 222.0 0 0
1468 352.0 222.0 0 0
1469 354.0 224.0 0 0
1470 352.0 224.0 0 0
1471 348.0 196.0 0 0
1472 346.0 192.0 0 0
1473 348.0 194.0 0 0
1474 346.0 194.0 0 0
1475 344.0 194.0 0 0
1476 346.0 196.0 0 0
1477 344.0 196.0 0 0
1478 348.0 200.0 0 0
1479 348.0 198.0 0 0
1480 346.0 198.0 0 0
1481 344.0 198.0 0 0
1482 346.0 200.0 0 0
1483 344.0 200.0 0 0
1484 342.0 194.0 0 0
1485 340.0 194.0 0 0
1486 342.0 196.0 0 0
1487 340.0 196.0 0 0
1488 336.0 196.0 0 0
1489 340.0 200.0 0 0
1490 336.0 200.0 0 0
1491 350.0 200.0 0 0
1492 352.0 202.0 0 0
1493 350.0 202.0 0 0
1494 348.0 202.0 0 0
1495 350.0 204.0 0 0
1496 348.0 204.0 0 0
1497 344.0 204.0 0 0
1498 350.0 206.0 0 0
1499 348.0 206.0 0 0
1500 351.0 206.0 0 0
1501 352.0 207.0 0 0
1502 351.0 207.0 0 0
1503 350.0 207.0 0 0
1504 351.0 208.0 0 0
1505 350.0 208.0 0 0
1506 348.0 208.0 0 0
1507 344.0 208.0 0 0
1508 336.0 208.0 0 0
1509 328.0 200.0 0 0
1510 320.0 200.0 0 0
1511 332.0 200.0 0 0
1512 336.0 204.0 0 0
1513 332.0 204.0 0 0
1514 328.0 204.0 0 0
1515 332.0 208.0 0 0
1516 328.0 208.0 0 0
1517 324.0 200.0 0 0
1518 324.0 204.0 0 0
1519 320.0 204.0 0 0
1520 324.0 208.0 0 0
1521 320.0 208.0 0 0
1522 352.0 210.0 0 0
1523 350.0 210.0 0 0
1524 348.0 210.0 0 0
1525 350.0 212.0 0 0
1526 348.0 212.0 0 0
1527 344.0 212.0 0 0
1528 350.0 214.0 0 0
1529 348.0 214.0 0 0
1530 350.0 216.0 0 0
1531 348.0 216.0 0 0
1532 344.0 216.0 0 0
1533 336.0 216.0 0 0
1534 350.0 218.0 0 0
1535 348.0 218.0 0 0
1536 350.0 220.0 0 0
1537 348.0 220.0 0 0
1538 344.0 220.0 0 0
1539 348.0 224.0 0 0
1540 344.0 224.0 0 0
1541 336.0 224.0 0 0
1542 336.0 212.0 0 0
1543 332.0 212.0 0 0
1544 328.0 212.0 0 0
1545 332.0 216.0 0 0
1546 328.0 216.0 0 0
1547 326.0 208.0 0 0
1548 328.0 210.0 0 0
1549 326.0 210.0 0 0
1550 324.0 210.0 0 0
1551 326.0 212.0 0 0
1552 324.0 212.0 0 0
1553 320.0 212.0 0 0
1554 324.0 216.0 0 0
1555 320.0 216.0 0 0
1556 328.0 224.0 0 0
1557 320.0 224.0 0 0
1558 384.0 228.0 0 0
1559 380.0 228.0 0 0
1560 376.0 228.0 0 0
1561 380.0 232.0 0 0
1562 376.0 232.0 0 0
1563 376.0 226.0 0 0
1564 374.0 226.0 0 0
1565 372.0 226.0 0 0
1566 374.0 228.0 0 0
1567 372.0 228.0 0 0
1568 370.0 226.0 0 0
1569 368.0 226.0 0 0
1570 370.0 228.0 0 0
1571 368.0 228.0 0 0
1572 376.0 230.0 0 0
1573 374.0 230.0 0 0
1574 372.0 230.0 0 0
1575 374.0 232.0 0 0
1576 372.0 232.0 0 0
1577 370.0 230.0 0 0
1578 368.0 230.0 0 0
1579 370.0 232.0 0 0
1580 368.0 232.0 0 0
1581 384.0 236.0 0 0
1582 380.0 236.0 0 0
1583 376.0 236.0 0 0
1584 380.0 240.0 0 0
1585 376.0 240.0 0 0
1586 376.0 234.0 0 0
1587 374.0 234.0 0 0
1588 372.0 234.0 0 0
1589 374.0 236.0 0 0
1590 372.0 236.0 0 0
1591 371.0 232.0 0 0
1592 372.0 233.0 0 0
1593 371.0 233.0 0 0
1594 370.0 233.0 0 0
1595 371.0 234.0 0 0
1596 370.0 234.0 0 0
1597 368.0 234.0 0 0
1598 370.0 236.0 0 0
1599 368.0 236.0 0 0
1600 376.0 238.0 0 0
1601 374.0 238.0 0 0
1602 372.0 238.0 0 0
1603 374.0 240.0 0 0
1604 372.0 240.0 0 0
1605 368.0 240.0 0 0
1606 364.0 228.0 0 0
1607 360.0 228.0 0 0
1608 364.0 232.0 0 0
1609 360.0 232.0 0 0
1610 358.0 224.0 0 0
1611 360.0 226.0 0 0
1612 358.0 226.0 0 0
1613 356.0 226.0 0 0
1614 358.0 228.0 0 0
1615 356.0 228.0 0 0
1616 354.0 226.0 0 0
1617 352.0 226.0 0 0
1618 355.0 226.0 0 0
1619 356.0 227.0 0 0
1620 355.0 227.0 0 0
1621 354.0 227.0 0 0
1622 355.0 228.0 0 0
1623 354.0 228.0 0 0
1624 352.0 228.0 0 0
1625 360.0 230.0 0 0
1626 358.0 230.0 0 0
1627 356.0 230.0 0 0
1628 358.0 232.0 0 0
1629 356.0 232.0 0 0
1630 356.0 229.0 0 0
1631 355.0 229.0 0 0
1632 354.0 229.0 0 0
1633 355.0 230.0 0 0
1634 354.0 230.0 0 0
1635 352.0 230.0 0 0
1636 356.0 231.0 0 0
1637 355.0 231.0 0 0
1638 354.0 231.0 0 0
1639 355.0 232.0 0 0
1640 354.0 232.0 0 0
1641 352.0 232.0 0 0
1642 364.0 236.0 0 0
1643 360.0 236.0 0 0
1644 364.0 240.0 0 0
1645 360.0 240.0 0 0
1646 360.0 234.0 0 0
1647 358.0 234.0 0 0
1648 356.0 234.0 0 0
1649 358.0 236.0 0 0
1650 356.0 236.0 0 0
1651 356.0 233.0 0 0
1652 355.0 233.0 0 0
1653 354.0 233.0 0 0
1654 355.0 234.0 0 0
1655 354.0 234.0 0 0
1656 352.0 234.0 0 0
1657 354.0 236.0 0 0
1658 352.0 236.0 0 0
1659 356.0 240.0 0 0
1660 356.0 238.0 0 0
1661 354.0 238.0 0 0
1662 352.0 238.0 0 0
1663 354.0 240.0 0 0
1664 352.0 240.0 0 0
1665 384.0 244.0 0 0
1666 380.0 244.0 0 0
1667 378.0 240.0 0 0
1668 380.0 242.0 0 0
1669 378.0 242.0 0 0
1670 376.0 242.0 0 0
1671 378.0 244.0 0 0
1672 376.0 244.0 0 0
1673 380.0 248.0 0 0
1674 380.0 246.0 0 0
1675 378.0 246.0 0 0
1676 376.0 246.0 0 0
1677 378.0 248.0 0 0
1678 376.0 248.0 0 0
1679 374.0 242.0 0 0
1680 373.0 240.0 0 0
1681 374.0 241.0 0 0
1682 373.0 241.0 0 0
1683 372.0 241.0 0 0
1684 373.0 242.0 0 0
1685 372.0 242.0 0 0
1686 374.0 244.0 0 0
1687 374.0 243.0 0 0
1688 373.0 243.0 0 0
1689 372.0 243.0 0 0
1690 373.0 244.0 0 0
1691 372.0 244.0 0 0
1692 370.0 240.0 0 0
1693 370.0 242.0 0 0
1694 368.0 242.0 0 0
1695 370.0 244.0 0 0
1696 368.0 244.0 0 0
1697 374.0 246.0 0 0
1698 372.0 246.0 0 0
1699 374.0 248.0 0 0
1700 372.0 248.0 0 0
1701 368.0 248.0 0 0
1702 384.0 252.0 0 0
1703 380.0 252.0 0 0
1704 380.0 250.0 0 0
1705 378.0 250.0 0 0
1706 376.0 250.0 0 0
1707 378.0 252.0 0 0
1708 376.0 252.0 0 0
1709 380.0 256.0 0 0
1710 380.0 254.0 0 0
1711 378.0 254.0 0 0
1712 376.0 254.0 0 0
1713 378.0 256.0 0 0
1714 376.0 256.0 0 0
1715 374.0 250.0 0 0
1716 372.0 250.0 0 0
1717 374.0 252.0 0 0
1718 372.0 252.0 0 0
1719 368.0 252.0 0 0
1720 374.0 254.0 0 0
1721 372.0 254.0 0 0
1722 374.0 256.0 0 0
1723 372.0 256.0 0 0
1724 368.0 256.0 0 0
1725 364.0 244.0 0 0
1726 360.0 244.0 0 0
1727 364.0 248.0 0 0
1728 360.0 248.0 0 0
1729 358.0 240.0 0 0
1730 360.0 242.0 0 0
1731 358.0 242.0 0 0
1732 356.0 242.0 0 0
1733 358.0 244.0 0 0
1734 356.0 244.0 0 0
1735 352.0 244.0 0 0
1736 360.0 246.0 0 0
1737 358.0 246.0 0 0
1738 356.0 246.0 0 0
1739 358.0 248.0 0 0
1740 356.0 248.0 0 0
1741 352.0 248.0 0 0
1742 360.0 256.0 0 0
1743 360.0 252.0 0 0
1744 356.0 252.0 0 0
1745 352.0 252.0 0 0
1746 356.0 256.0 0 0
1747 352.0 256.0 0 0
1748 348.0 228.0 0 0
1749 344.0 228.0 0 0
1750 348.0 232.0 0 0
1751 344.0 232.0 0 0
1752 336.0 232.0 0 0
1753 348.0 236.0 0 0
1754 344.0 236.0 0 0
1755 348.0 240.0 0 0
1756 344.0 240.0 0 0
1757 340.0 232.0 0 0
1758 340.0 236.0 0 0
1759 336.0 236.0 0 0
1760 340.0 240.0 0 0
1761 336.0 240.0 0 0
1762 328.0 232.0 0 0
1763 320.0 232.0 0 0
1764 328.0 240.0 0 0
1765 320.0 240.0 0 0
1766 344.0 248.0 0 0
1767 344.0 244.0 0 0
1768 340.0 244.0 0 0
1769 338.0 240.0 0 0
1770 340.0 242.0 0 0
1771 338.0 242.0 0 0
1772 336.0 242.0 0 0
1773 338.0 244.0 0 0
1774 336.0 244.0 0 0
1775 340.0 248.0 0 0
1776 336.0 248.0 0 0
1777 344.0 256.0 0 0
1778 336.0 256.0 0 0
1779 332.0 240.0 0 0
1780 332.0 244.0 0 0
1781 328.0 244.0 0 0
1782 332.0 248.0 0 0
1783 328.0 248.0 0 0
1784 320.0 248.0 0 0
1785 328.0 256.0 0 0
1786 320.0 256.0 0 0
1787 312.0 192.0 0 0
1788 312.0 200.0 0 0
1789 304.0 200.0 0 0
1790 312.0 208.0 0 0
1791 304.0 208.0 0 0
1792 288.0 208.0 0 0
1793 312.0 216.0 0 0
1794 304.0 216.0 0 0
1795 312.0 224.0 0 0
1796 304.0 224.0 0 0
1797 288.0 224.0 0 0
1798 272.0 208.0 0 0
1799 264.0 192.0 0 0
1800 272.0 200.0 0 0
1801 264.0 200.0 0 0
1802 256.0 200.0 0 0
1803 264.0 208.0 0 0
1804 256.0 208.0 0 0
1805 272.0 224.0 0 0
1806 272.0 216.0 0 0
1807 264.0 216.0 0 0
1808 260.0 208.0 0 0
1809 264.0 212.0 0 0
1810 260.0 212.0 0 0
1811 256.0 212.0 0 0
1812 260.0 216.0 0 0
1813 256.0 216.0 0 0
1814 264.0 224.0 0 0
1815 264.0 220.0 0 0
1816 260.0 220.0 0 0
1817 256.0 220.0 0 0
1818 260.0 224.0 0 0
1819 256.0 224.0 0 0
1820 304.0 240.0 0 0
1821 288.0 240.0 0 0
1822 304.0 256.0 0 0
1823 288.0 256.0 0 0
1824 272.0 240.0 0 0
1825 272.0 232.0 0 0
1826 264.0 232.0 0 0
1827 264.0 228.0 0 0
1828 260.0 228.0 0 0
1829 256.0 228.0 0 0
1830 260.0 232.0 0 0
1831 256.0 232.0 0 0
1832 264.0 240.0 0 0
1833 256.0 240.0 0 0
1834 272.0 256.0 0 0
1835 256.0 256.0 0 0
1836 224.0 0.0 -1 -1
1837 224.0 32.0 0 0
1838 192.0 0.0 -1 -1
1839 192.0 32.0 0 0
1840 240.0 32.0 0 0
1841 240.0 48.0 0 0
1842 224.0 48.0 0 0
1843 240.0 64.0 0 0
1844 232.0 48.0 0 0
1845 240.0 56.0 0 0
1846 232.0 56.0 0 0
1847 224.0 56.0 0 0
1848 232.0 64.0 0 0
1849 224.0 64.0 0 0
1850 208.0 32.0 0 0
1851 208.0 48.0 0 0
1852 192.0 48.0 0 0
1853 208.0 64.0 0 0
1854 192.0 64.0 0 0
1855 160.0 0.0 -1 -1
1856 160.0 32.0 0 0
1857 128.0 0.0 -1 -1
1858 128.0 32.0 0 0
1859 176.0 32.0 0 0
1860 176.0 48.0 0 0
1861 160.0 48.0 0 0
1862 176.0 64.0 0 0
1863 168.0 48.0 0 0
1864 176.0 56.0 0 0
1865 168.0 56.0 0 0
1866 160.0 56.0 0 0
1867 168.0 64.0 0 0
1868 160.0 64.0 0 0
1869 144.0 32.0 0 0
1870 144.0 48.0 0 0
1871 128.0 48.0 0 0
1872 144.0 64.0 0 0
1873 128.0 64.0 0 0
1874 248.0 64.0 0 0
1875 248.0 72.0 0 0
1876 240.0 72.0 0 0
1877 252.0 72.0 0 0
1878 252.0 76.0 0 0
1879 248.0 76.0 0 0
1880 252.0 80.0 0 0
1881 250.0 76.0 0 0
1882 252.0 78.0 0 0
1883 250.0 78.0 0 0
1884 248.0 78.0 0 0
1885 250.0 80.0 0 0
1886 248.0 80.0 0 0
1887 244.0 72.0 0 0
1888 244.0 76.0 0 0
1889 240.0 76.0 0 0
1890 244.0 80.0 0 0
1891 240.0 80.0 0 0
1892 232.0 72.0 0 0
1893 228.0 64.0 0 0
1894 232.0 68.0 0 0
1895 228.0 68.0 0 0
1896 224.0 68.0 0 0
1897 228.0 72.0 0 0
1898 224.0 72.0 0 0
1899 236.0 72.0 0 0
1900 236.0 76.0 0 0
1901 232.0 76.0 0 0
1902 236.0 80.0 0 0
1903 232.0 80.0 0 0
1904 230.0 72.0 0 0
1905 232.0 74.0 0 0
1906 230.0 74.0 0 0
1907 228.0 74.0 0 0
1908 230.0 76.0 0 0
1909 228.0 76.0 0 0
1910 224.0 76.0 0 0
1911 228.0 80.0 0 0
1912 224.0 80.0 0 0
1913 252.0 84.0 0 0
1914 248.0 84.0 0 0
1915 254.0 84.0 0 0
1916 256.0 86.0 0 0
1917 254.0 86.0 0 0
1918 252.0 86.0 0 0
1919 254.0 88.0 0 0
1920 253.0 86.0 0 0
1921 254.0 87.0 0 0
1922 253.0 87.0 0 0
1923 252.0 87.0 0 0
1924 253.0 88.0 0 0
1925 252.0 88.0 0 0
1926 250.0 84.0 0 0
1927 250.0 86.0 0 0
1928 248.0 86.0 0 0
1929 251.0 86.0 0 0
1930 251.0 87.0 0 0
1931 250.0 87.0 0 0
1932 251.0 88.0 0 0
1933 250.0 88.0 0 0
1934 248.0 88.0 0 0
1935 244.0 84.0 0 0
1936 240.0 84.0 0 0
1937 246.0 84.0 0 0
1938 246.0 86.0 0 0
1939 244.0 86.0 0 0
1940 246.0 88.0 0 0
1941 244.0 88.0 0 0
1942 242.0 84.0 0 0
1943 242.0 86.0 0 0
1944 240.0 86.0 0 0
1945 242.0 88.0 0 0
1946 240.0 88.0 0 0
1947 254.0 90.0 0 0
1948 252.0 90.0 0 0
1949 254.0 92.0 0 0
1950 252.0 92.0 0 0
1951 250.0 90.0 0 0
1952 248.0 90.0 0 0
1953 250.0 92.0 0 0
1954 248.0 92.0 0 0
1955 252.0 96.0 0 0
1956 248.0 96.0 0 0
1957 244.0 92.0 0 0
1958 240.0 92.0 0 0
1959 244.0 96.0 0 0
1960 240.0 96.0 0 0
1961 236.0 84.0 0 0
1962 232.0 84.0 0 0
1963 238.0 84.0 0 0
1964 238.0 86.0 0 0
1965 236.0 86.0 0 0
1966 238.0 88.0 0 0
1967 236.0 88.0 0 0
1968 234.0 84.0 0 0
1969 234.0 86.0 0 0
1970 232.0 86.0 0 0
1971 234.0 88.0 0 0
1972 232.0 88.0 0 0
1973 228.0 84.0 0 0
1974 224.0 84.0 0 0
1975 230.0 84.0 0 0
1976 230.0 86.0 0 0
1977 228.0 86.0 0 0
1978 230.0 88.0 0 0
1979 228.0 88.0 0 0
1980 226.0 84.0 0 0
1981 226.0 86.0 0 0
1982 224.0 86.0 0 0
1983 226.0 88.0 0 0
1984 224.0 88.0 0 0
1985 236.0 92.0 0 0
1986 232.0 92.0 0 0
1987 236.0 96.0 0 0
1988 232.0 96.0 0 0
1989 228.0 92.0 0 0
1990 224.0 92.0 0 0
1991 228.0 96.0 0 0
1992 224.0 96.0 0 0
1993 216.0 64.0 0 0
1994 216.0 72.0 0 0
1995 208.0 72.0 0 0
1996 220.0 72.0 0 0
1997 220.0 76.0 0 0
1998 216.0 76.0 0 0
1999 220.0 80.0 0 0
2000 216.0 80.0 0 0
2001 212.0 72.0 0 0
2002 212.0 76.0 0 0
2003 208.0 76.0 0 0
2004 212.0 80.0 0 0
2005 208.0 80.0 0 0
2006 200.0 64.0 0 0
2007 200.0 72.0 0 0
2008 192.0 72.0 0 0
2009 204.0 72.0 0 0
2010 204.0 76.0 0 0
2011 200.0 76.0 0 0
2012 204.0 80.0 0 0
2013 200.0 80.0 0 0
2014 196.0 72.0 0 0
2015 196.0 76.0 0 0
2016 192.0 76.0 0 0
2017 196.0 80.0 0 0
2018 192.0 80.0 0 0
2019 220.0 84.0 0 0
2020 216.0 84.0 0 0
2021 222.0 84.0 0 0
2022 222.0 86.0 0 0
2023 220.0 86.0 0 0
2024 222.0 88.0 0 0
2025 220.0 88.0 0 0
2026 218.0 84.0 0 0
2027 218.0 86.0 0 0
2028 216.0 86.0 0 0
2029 218.0 88.0 0 0
2030 216.0 88.0 0 0
2031 212.0 84.0 0 0
2032 208.0 84.0 0 0
2033 214.0 84.0 0 0
2034 214.0 86.0 0 0
2035 212.0 86.0 0 0
2036 214.0 88.0 0 0
2037 212.0 88.0 0 0
2038 210.0 84.0 0 0
2039 210.0 86.0 0 0
2040 208.0 86.0 0 0
2041 210.0 88.0 0 0
2042 208.0 88.0 0 0
2043 220.0 92.0 0 0
2044 216.0 92.0 0 0
2045 220.0 96.0 0 0
2046 216.0 96.0 0 0
2047 212.0 92.0 0 0
2048 208.0 92.0 0 0
2049 212.0 96.0 0 0
2050 208.0 96.0 0 0
2051 204.0 84.0 0 0
2052 200.0 84.0 0 0
2053 206.0 84.0 0 0
2054 206.0 86.0 0 0
2055 204.0 86.0 0 0
2056 206.0 88.0 0 0
2057 204.0 88.0 0 0
2058 202.0 84.0 0 0
2059 202.0 86.0 0 0
2060 200.0 86.0 0 0
2061 202.0 88.0 0 0
2062 200.0 88.0 0 0
2063 196.0 84.0 0 0
2064 192.0 84.0 0 0
2065 198.0 84.0 0 0
2066 198.0 86.0 0 0
2067 196.0 86.0 0 0
2068 198.0 88.0 0 0
2069 196.0 88.0 0 0
2070 194.0 84.0 0 0
2071 194.0 86.0 0 0
2072 192.0 86.0 0 0
2073 194.0 88.0 0 0
2074 192.0 88.0 0 0
2075 204.0 92.0 0 0
2076 200.0 92.0 0 0
2077 204.0 96.0 0 0
2078 200.0 96.0 0 0
2079 196.0 92.0 0 0
2080 192.0 92.0 0 0
2081 196.0 96.0 0 0
2082 192.0 96.0 0 0
2083 248.0 104.0 0 0
2084 240.0 104.0 0 0
2085 252.0 104.0 0 0
2086 252.0 108.0 0 0
2087 248.0 108.0 0 0
2088 254.0 108.0 0 0
2089 256.0 110.0 0 0
2090 254.0 110.0 0 0
2091 252.0 110.0 0 0
2092 254.0 112.0 0 0
2093 252.0 112.0 0 0
2094 248.0 112.0 0 0
2095 240.0 112.0 0 0
2096 240.0 100.0 0 0
2097 236.0 100.0 0 0
2098 232.0 100.0 0 0
2099 236.0 104.0 0 0
2100 232.0 104.0 0 0
2101 224.0 104.0 0 0
2102 240.0 108.0 0 0
2103 236.0 108.0 0 0
2104 232.0 108.0 0 0
2105 236.0 112.0 0 0
2106 232.0 112.0 0 0
2107 224.0 112.0 0 0
2108 252.0 116.0 0 0
2109 248.0 116.0 0 0
2110 252.0 120.0 0 0
2111 248.0 120.0 0 0
2112 240.0 120.0 0 0
2113 248.0 128.0 0 0
2114 240.0 128.0 0 0
2115 232.0 120.0 0 0
2116 224.0 120.0 0 0
2117 232.0 128.0 0 0
2118 224.0 128.0 0 0
2119 224.0 100.0 0 0
2120 220.0 100.0 0 0
2121 216.0 100.0 0 0
2122 220.0 104.0 0 0
2123 216.0 104.0 0 0
2124 212.0 100.0 0 0
2125 208.0 100.0 0 0
2126 214.0 100.0 0 0
2127 216.0 102.0 0 0
2128 214.0 102.0 0 0
2129 212.0 102.0 0 0
2130 214.0 104.0 0 0
2131 212.0 104.0 0 0
2132 210.0 100.0 0 0
2133 210.0 102.0 0 0
2134 208.0 102.0 0 0
2135 210.0 104.0 0 0
2136 208.0 104.0 0 0
2137 216.0 112.0 0 0
2138 216.0 108.0 0 0
2139 212.0 108.0 0 0
2140 208.0 108.0 0 0
2141 212.0 112.0 0 0
2142 208.0 112.0 0 0
2143 204.0 100.0 0 0
2144 200.0 100.0 0 0
2145 204.0 104.0 0 0
2146 200.0 104.0 0 0
2147 192.0 104.0 0 0
2148 200.0 112.0 0 0
2149 192.0 112.0 0 0
2150 216.0 120.0 0 0
2151 208.0 120.0 0 0
2152 216.0 128.0 0 0
2153 208.0 128.0 0 0
2154 200.0 120.0 0 0
2155 192.0 120.0 0 0
2156 200.0 128.0 0 0
2157 196.0 120.0 0 0
2158 200.0 124.0 0 0
2159 196.0 124.0 0 0
2160 192.0 124.0 0 0
2161 196.0 128.0 0 0
2162 192.0 128.0 0 0
2163 184.0 64.0 0 0
2164 184.0 72.0 0 0
2165 176.0 72.0 0 0
2166 188.0 72.0 0 0
2167 188.0 76.0 0 0
2168 184.0 76.0 0 0
2169 188.0 80.0 0 0
2170 184.0 80.0 0 0
2171 180.0 72.0 0 0
2172 180.0 76.0 0 0
2173 176.0 76.0 0 0
2174 180.0 80.0 0 0
2175 176.0 80.0 0 0
2176 172.0 64.0 0 0
2177 176.0 68.0 0 0
2178 172.0 68.0 0 0
2179 168.0 68.0 0 0
2180 172.0 72.0 0 0
2181 168.0 72.0 0 0
2182 160.0 72.0 0 0
2183 174.0 72.0 0 0
2184 176.0 74.0 0 0
2185 174.0 74.0 0 0
2186 172.0 74.0 0 0
2187 174.0 76.0 0 0
2188 172.0 76.0 0 0
2189 168.0 76.0 0 0
2190 172.0 80.0 0 0
2191 168.0 80.0 0 0
2192 164.0 72.0 0 0
2193 164.0 76.0 0 0
2194 160.0 76.0 0 0
2195 164.0 80.0 0 0
2196 160.0 80.0 0 0
2197 188.0 84.0 0 0
2198 184.0 84.0 0 0
2199 190.0 84.0 0 0
2200 190.0 86.0 0 0
2201 188.0 86.0 0 0
2202 190.0 88.0 0 0
2203 188.0 88.0 0 0
2204 186.0 84.0 0 0
2205 186.0 86.0 0 0
2206 184.0 86.0 0 0
2207 186.0 88.0 0 0
2208 184.0 88.0 0 0
2209 180.0 84.0 0 0
2210 178.0 80.0 0 0
2211 180.0 82.0 0 0
2212 178.0 82.0 0 0
2213 176.0 82.0 0 0
2214 178.0 84.0 0 0
2215 176.0 84.0 0 0
2216 182.0 84.0 0 0
2217 182.0 86.0 0 0
2218 180.0 86.0 0 0
2219 182.0 88.0 0 0
2220 180.0 88.0 0 0
2221 176.0 88.0 0 0
2222 188.0 92.0 0 0
2223 184.0 92.0 0 0
2224 188.0 96.0 0 0
2225 184.0 96.0 0 0
2226 180.0 92.0 0 0
2227 176.0 92.0 0 0
2228 180.0 96.0 0 0
2229 176.0 96.0 0 0
2230 174.0 80.0 0 0
2231 174.0 82.0 0 0
2232 172.0 82.0 0 0
2233 174.0 84.0 0 0
2234 172.0 84.0 0 0
2235 170.0 80.0 0 0
2236 170.0 82.0 0 0
2237 168.0 82.0 0 0
2238 170.0 84.0 0 0
2239 168.0 84.0 0 0
2240 172.0 88.0 0 0
2241 168.0 88.0 0 0
2242 166.0 80.0 0 0
2243 166.0 82.0 0 0
2244 164.0 82.0 0 0
2245 166.0 84.0 0 0
2246 164.0 84.0 0 0
2247 160.0 84.0 0 0
2248 164.0 88.0 0 0
2249 160.0 88.0 0 0
2250 168.0 96.0 0 0
2251 160.0 96.0 0 0
2252 152.0 64.0 0 0
2253 152.0 72.0 0 0
2254 144.0 72.0 0 0
2255 156.0 72.0 0 0
2256 156.0 76.0 0 0
2257 152.0 76.0 0 0
2258 156.0 80.0 0 0
2259 152.0 80.0 0 0
2260 148.0 72.0 0 0
2261 148.0 76.0 0 0
2262 144.0 76.0 0 0
2263 148.0 80.0 0 0
2264 144.0 80.0 0 0
2265 136.0 64.0 0 0
2266 136.0 72.0 0 0
2267 128.0 72.0 0 0
2268 140.0 72.0 0 0
2269 140.0 76.0 0 0
2270 136.0 76.0 0 0
2271 140.0 80.0 0 0
2272 136.0 80.0 0 0
2273 128.0 80.0 0 0
2274 156.0 84.0 0 0
2275 152.0 84.0 0 0
2276 158.0 84.0 0 0
2277 160.0 86.0 0 0
2278 158.0 86.0 0 0
2279 156.0 86.0 0 0
2280 158.0 88.0 0 0
2281 156.0 88.0 0 0
2282 154.0 84.0 0 0
2283 154.0 86.0 0 0
2284 152.0 86.0 0 0
2285 154.0 88.0 0 0
2286 152.0 88.0 0 0
2287 148.0 84.0 0 0
2288 144.0 84.0 0 0
2289 150.0 84.0 0 0
2290 150.0 86.0 0 0
2291 148.0 86.0 0 0
2292 150.0 88.0 0 0
2293 148.0 88.0 0 0
2294 146.0 84.0 0 0
2295 146.0 86.0 0 0
2296 144.0 86.0 0 0
2297 146.0 88.0 0 0
2298 144.0 88.0 0 0
2299 160.0 92.0 0 0
2300 156.0 92.0 0 0
2301 152.0 92.0 0 0
2302 156.0 96.0 0 0
2303 152.0 96.0 0 0
2304 148.0 92.0 0 0
2305 144.0 92.0 0 0
2306 148.0 96.0 0 0
2307 144.0 96.0 0 0
2308 140.0 84.0 0 0
2309 136.0 84.0 0 0
2310 142.0 84.0 0 0
2311 142.0 86.0 0 0
2312 140.0 86.0 0 0
2313 143.0 86.0 0 0
2314 144.0 87.0 0 0
2315 143.0 87.0 0 0
2316 142.0 87.0 0 0
2317 143.0 88.0 0 0
2318 142.0 88.0 0 0
2319 140.0 88.0 0 0
2320 136.0 88.0 0 0
2321 132.0 80.0 0 0
2322 132.0 84.0 0 0
2323 128.0 84.0 0 0
2324 132.0 88.0 0 0
2325 128.0 88.0 0 0
2326 144.0 90.0 0 0
2327 142.0 90.0 0 0
2328 140.0 90.0 0 0
2329 142.0 92.0 0 0
2330 140.0 92.0 0 0
2331 136.0 92.0 0 0
2332 140.0 96.0 0 0
2333 136.0 96.0 0 0
2334 134.0 88.0 0 0
2335 136.0 90.0 0 0
2336 134.0 90.0 0 0
2337 132.0 90.0 0 0
2338 134.0 92.0 0 0
2339 132.0 92.0 0 0
2340 130.0 88.0 0 0
2341 130.0 90.0 0 0
2342 128.0 90.0 0 0
2343 130.0 92.0 0 0
2344 128.0 92.0 0 0
2345 132.0 96.0 0 0
2346 132.0 94.0 0 0
2347 130.0 94.0 0 0
2348 129.0 92.0 0 0
2349 130.0 93.0 0 0
2350 129.0 93.0 0 0
2351 128.0 93.0 0 0
2352 129.0 94.0 0 0
2353 128.0 94.0 0 0
2354 130.0 96.0 0 0
2355 128.0 96.0 0 0
2356 184.0 104.0 0 0
2357 184.0 100.0 0 0
2358 180.0 100.0 0 0
2359 176.0 100.0 0 0
2360 180.0 104.0 0 0
2361 176.0 104.0 0 0
2362 188.0 104.0 0 0
2363 192.0 108.0 0 0
2364 188.0 108.0 0 0
2365 184.0 108.0 0 0
2366 188.0 112.0 0 0
2367 184.0 112.0 0 0
2368 182.0 104.0 0 0
2369 184.0 106.0 0 0
2370 182.0 106.0 0 0
2371 180.0 106.0 0 0
2372 182.0 108.0 0 0
2373 180.0 108.0 0 0
2374 178.0 104.0 0 0
2375 178.0 106.0 0 0
2376 176.0 106.0 0 0
2377 179.0 106.0 0 0
2378 180.0 107.0 0 0
2379 179.0 107.0 0 0
2380 178.0 107.0 0 0
2381 179.0 108.0 0 0
2382 178.0 108.0 0 0
2383 176.0 108.0 0 0
2384 184.0 110.0 0 0
2385 182.0 110.0 0 0
2386 180.0 110.0 0 0
2387 182.0 112.0 0 0
2388 180.0 112.0 0 0
2389 180.0 109.0 0 0
2390 179.0 109.0 0 0
2391 178.0 109.0 0 0
2392 179.0 110.0 0 0
2393 178.0 110.0 0 0
2394 176.0 110.0 0 0
2395 178.0 112.0 0 0
2396 176.0 112.0 0 0
2397 168.0 104.0 0 0
2398 164.0 96.0 0 0
2399 168.0 100.0 0 0
2400 164.0 100.0 0 0
2401 160.0 100.0 0 0
2402 164.0 104.0 0 0
2403 160.0 104.0 0 0
2404 172.0 104.0 0 0
2405 172.0 108.0 0 0
2406 168.0 108.0 0 0
2407 172.0 112.0 0 0
2408 168.0 112.0 0 0
2409 160.0 112.0 0 0
2410 192.0 116.0 0 0
2411 188.0 116.0 0 0
2412 184.0 116.0 0 0
2413 188.0 120.0 0 0
2414 184.0 120.0 0 0
2415 180.0 116.0 0 0
2416 176.0 116.0 0 0
2417 180.0 120.0 0 0
2418 176.0 120.0 0 0
2419 184.0 128.0 0 0
2420 176.0 128.0 0 0
2421 168.0 120.0 0 0
2422 160.0 120.0 0 0
2423 168.0 128.0 0 0
2424 160.0 128.0 0 0
2425 156.0 100.0 0 0
2426 152.0 100.0 0 0
2427 156.0 104.0 0 0
2428 154.0 100.0 0 0
2429 156.0 102.0 0 0
2430 154.0 102.0 0 0
2431 152.0 102.0 0 0
2432 154.0 104.0 0 0
2433 152.0 104.0 0 0
2434 148.0 100.0 0 0
2435 144.0 100.0 0 0
2436 150.0 100.0 0 0
2437 150.0 102.0 0 0
2438 148.0 102.0 0 0
2439 150.0 104.0 0 0
2440 148.0 104.0 0 0
2441 144.0 104.0 0 0
2442 160.0 108.0 0 0
2443 156.0 108.0 0 0
2444 152.0 108.0 0 0
2445 156.0 112.0 0 0
2446 152.0 112.0 0 0
2447 148.0 108.0 0 0
2448 144.0 108.0 0 0
2449 148.0 112.0 0 0
2450 144.0 112.0 0 0
2451 136.0 104.0 0 0
2452 136.0 100.0 0 0
2453 132.0 100.0 0 0
2454 128.0 100.0 0 0
2455 132.0 104.0 0 0
2456 128.0 104.0 0 0
2457 140.0 104.0 0 0
2458 140.0 108.0 0 0
2459 136.0 108.0 0 0
2460 140.0 112.0 0 0
2461 136.0 112.0 0 0
2462 132.0 108.0 0 0
2463 128.0 108.0 0 0
2464 134.0 108.0 0 0
2465 136.0 110.0 0 0
2466 134.0 110.0 0 0
2467 132.0 110.0 0 0
2468 134.0 112.0 0 0
2469 132.0 112.0 0 0
2470 130.0 108.0 0 0
2471 130.0 110.0 0 0
2472 128.0 110.0 0 0
2473 131.0 110.0 0 0
2474 132.0 111.0 0 0
2475 131.0 111.0 0 0
2476 130.0 111.0 0 0
2477 131.0 112.0 0 0
2478 130.0 112.0 0 0
2479 128.0 112.0 0 0
2480 152.0 120.0 0 0
2481 144.0 120.0 0 0
2482 152.0 128.0 0 0
2483 144.0 128.0 0 0
2484 136.0 120.0 0 0
2485 136.0 116.0 0 0
2486 132.0 116.0 0 0
2487 132.0 114.0 0 0
2488 130.0 114.0 0 0
2489 128.0 114.0 0 0
2490 130.0 116.0 0 0
2491 128.0 116.0 0 0
2492 132.0 120.0 0 0
2493 128.0 120.0 0 0
2494 136.0 128.0 0 0
2495 128.0 128.0 0 0
2496 96.0 0.0 -1 -1
2497 96.0 32.0 0 0
2498 64.0 0.0 -1 -1
2499 64.0 32.0 0 0
2500 112.0 32.0 0 0
2501 112.0 48.0 0 0
2502 96.0 48.0 0 0
2503 112.0 64.0 0 0
2504 96.0 64.0 0 0
2505 64.0 64.0 0 0
2506 0.0 0.0 -1 -1
2507 0.0 64.0 0 0
2508 120.0 64.0 0 0
2509 120.0 72.0 0 0
2510 112.0 72.0 0 0
2511 120.0 80.0 0 0
2512 112.0 80.0 0 0
2513 96.0 80.0 0 0
2514 124.0 80.0 0 0
2515 124.0 84.0 0 0
2516 120.0 84.0 0 0
2517 126.0 84.0 0 0
2518 128.0 86.0 0 0
2519 126.0 86.0 0 0
2520 124.0 86.0 0 0
2521 126.0 88.0 0 0
2522 124.0 88.0 0 0
2523 120.0 88.0 0 0
2524 116.0 80.0 0 0
2525 116.0 84.0 0 0
2526 112.0 84.0 0 0
2527 116.0 88.0 0 0
2528 112.0 88.0 0 0
2529 124.0 92.0 0 0
2530 120.0 92.0 0 0
2531 126.0 92.0 0 0
2532 126.0 94.0 0 0
2533 124.0 94.0 0 0
2534 126.0 96.0 0 0
2535 125.0 94.0 0 0
2536 126.0 95.0 0 0
2537 125.0 95.0 0 0
2538 124.0 95.0 0 0
2539 125.0 96.0 0 0
2540 124.0 96.0 0 0
2541 122.0 92.0 0 0
2542 122.0 94.0 0 0
2543 120.0 94.0 0 0
2544 122.0 96.0 0 0
2545 120.0 96.0 0 0
2546 116.0 92.0 0 0
2547 112.0 92.0 0 0
2548 116.0 96.0 0 0
2549 112.0 96.0 0 0
2550 104.0 80.0 0 0
2551 104.0 88.0 0 0
2552 96.0 88.0 0 0
2553 108.0 88.0 0 0
2554 108.0 92.0 0 0
2555 104.0 92.0 0 0
2556 108.0 96.0 0 0
2557 104.0 96.0 0 0
2558 96.0 96.0 0 0
2559 80.0 64.0 0 0
2560 80.0 80.0 0 0
2561 64.0 80.0 0 0
2562 80.0 96.0 0 0
2563 64.0 96.0 0 0
2564 128.0 98.0 0 0
2565 126.0 98.0 0 0
2566 124.0 98.0 0 0
2567 126.0 100.0 0 0
2568 124.0 100.0 0 0
2569 122.0 98.0 0 0
2570 121.0 96.0 0 0
2571 122.0 97.0 0 0
2572 121.0 97.0 0 0
2573 120.0 97.0 0 0
2574 121.0 98.0 0 0
2575 120.0 98.0 0 0
2576 122.0 100.0 0 0
2577 120.0 100.0 0 0
2578 124.0 104.0 0 0
2579 120.0 104.0 0 0
2580 118.0 96.0 0 0
2581 118.0 98.0 0 0
2582 116.0 98.0 0 0
2583 119.0 98.0 0 0
2584 120.0 99.0 0 0
2585 119.0 99.0 0 0
2586 118.0 99.0 0 0
2587 119.0 100.0 0 0
2588 118.0 100.0 0 0
2589 116.0 100.0 0 0
2590 112.0 100.0 0 0
2591 120.0 102.0 0 0
2592 118.0 102.0 0 0
2593 117.0 100.0 0 0
2594 118.0 101.0 0 0
2595 117.0 101.0 0 0
2596 116.0 101.0 0 0
2597 117.0 102.0 0 0
2598 116.0 102.0 0 0
2599 118.0 104.0 0 0
2600 116.0 104.0 0 0
2601 114.0 100.0 0 0
2602 114.0 102.0 0 0
2603 112.0 102.0 0 0
2604 114.0 104.0 0 0
2605 113.0 102.0 0 0
2606 114.0 103.0 0 0
2607 113.0 103.0 0 0
2608 112.0 103.0 0 0
2609 113.0 104.0 0 0
2610 112.0 104.0 0 0
2611 124.0 108.0 0 0
2612 120.0 108.0 0 0
2613 124.0 112.0 0 0
2614 120.0 112.0 0 0
2615 116.0 108.0 0 0
2616 116.0 106.0 0 0
2617 114.0 106.0 0 0
2618 112.0 106.0 0 0
2619 114.0 108.0 0 0
2620 112.0 108.0 0 0
2621 116.0 112.0 0 0
2622 112.0 112.0 0 0
2623 108.0 100.0 0 0
2624 104.0 100.0 0 0
2625 110.0 100.0 0 0
2626 110.0 102.0 0 0
2627 108.0 102.0 0 0
2628 110.0 104.0 0 0
2629 108.0 104.0 0 0
2630 104.0 104.0 0 0
2631 100.0 96.0 0 0
2632 100.0 100.0 0 0
2633 96.0 100.0 0 0
2634 100.0 104.0 0 0
2635 96.0 104.0 0 0
2636 111.0 104.0 0 0
2637 112.0 105.0 0 0
2638 111.0 105.0 0 0
2639 110.0 105.0 0 0
2640 111.0 106.0 0 0
2641 110.0 106.0 0 0
2642 108.0 106.0 0 0
2643 110.0 108.0 0 0
2644 109.0 106.0 0 0
2645 110.0 107.0 0 0
2646 109.0 107.0 0 0
2647 108.0 107.0 0 0
2648 109.0 108.0 0 0
2649 108.0 108.0 0 0
2650 106.0 104.0 0 0
2651 106.0 106.0 0 0
2652 104.0 106.0 0 0
2653 106.0 108.0 0 0
2654 104.0 108.0 0 0
2655 112.0 110.0 0 0
2656 110.0 110.0 0 0
2657 108.0 110.0 0 0
2658 110.0 112.0 0 0
2659 108.0 112.0 0 0
2660 107.0 108.0 0 0
2661 108.0 109.0 0 0
2662 107.0 109.0 0 0
2663 106.0 109.0 0 0
2664 107.0 110.0 0 0
2665 106.0 110.0 0 0
2666 104.0 110.0 0 0
2667 106.0 112.0 0 0
2668 105.0 110.0 0 0
2669 106.0 111.0 0 0
2670 105.0 111.0 0 0
2671 104.0 111.0 0 0
2672 105.0 112.0 0 0
2673 104.0 112.0 0 0
2674 100.0 108.0 0 0
2675 96.0 108.0 0 0
2676 102.0 108.0 0 0
2677 102.0 110.0 0 0
2678 100.0 110.0 0 0
2679 102.0 112.0 0 0
2680 100.0 112.0 0 0
2681 96.0 112.0 0 0
2682 124.0 116.0 0 0
2683 120.0 116.0 0 0
2684 124.0 120.0 0 0
2685 120.0 120.0 0 0
2686 116.0 116.0 0 0
2687 112.0 116.0 0 0
2688 118.0 116.0 0 0
2689 120.0 118.0 0 0
2690 118.0 118.0 0 0
2691 116.0 118.0 0 0
2692 118.0 120.0 0 0
2693 116.0 120.0 0 0
2694 112.0 120.0 0 0
2695 120.0 128.0 0 0
2696 120.0 124.0 0 0
2697 116.0 124.0 0 0
2698 114.0 120.0 0 0
2699 116.0 122.0 0 0
2700 114.0 122.0 0 0
2701 112.0 122.0 0 0
2702 114.0 124.0 0 0
2703 112.0 124.0 0 0
2704 116.0 128.0 0 0
2705 112.0 128.0 0 0
2706 108.0 116.0 0 0
2707 108.0 114.0 0 0
2708 106.0 114.0 0 0
2709 104.0 114.0 0 0
2710 106.0 116.0 0 0
2711 104.0 116.0 0 0
2712 108.0 120.0 0 0
2713 104.0 120.0 0 0
2714 102.0 114.0 0 0
2715 101.0 112.0 0 0
2716 102.0 113.0 0 0
2717 101.0 113.0 0 0
2718 100.0 113.0 0 0
2719 101.0 114.0 0 0
2720 100.0 114.0 0 0
2721 102.0 116.0 0 0
2722 100.0 116.0 0 0
2723 98.0 112.0 0 0
2724 98.0 114.0 0 0
2725 96.0 114.0 0 0
2726 98.0 116.0 0 0
2727 96.0 116.0 0 0
2728 100.0 120.0 0 0
2729 100.0 118.0 0 0
2730 98.0 118.0 0 0
2731 96.0 118.0 0 0
2732 98.0 120.0 0 0
2733 96.0 120.0 0 0
2734 110.0 120.0 0 0
2735 110.0 122.0 0 0
2736 108.0 122.0 0 0
2737 111.0 122.0 0 0
2738 112.0 123.0 0 0
2739 111.0 123.0 0 0
2740 110.0 123.0 0 0
2741 111.0 124.0 0 0
2742 110.0 124.0 0 0
2743 108.0 124.0 0 0
2744 106.0 120.0 0 0
2745 106.0 122.0 0 0
2746 104.0 122.0 0 0
2747 106.0 124.0 0 0
2748 104.0 124.0 0 0
2749 112.0 126.0 0 0
2750 110.0 126.0 0 0
2751 108.0 126.0 0 0
2752 110.0 128.0 0 0
2753 108.0 128.0 0 0
2754 107.0 124.0 0 0
2755 108.0 125.0 0 0
2756 107.0 125.0 0 0
2757 106.0 125.0 0 0
2758 107.0 126.0 0 0
2759 106.0 126.0 0 0
2760 104.0 126.0 0 0
2761 106.0 128.0 0 0
2762 104.0 128.0 0 0
2763 100.0 124.0 0 0
2764 96.0 124.0 0 0
2765 102.0 124.0 0 0
2766 102.0 126.0 0 0
2767 100.0 126.0 0 0
2768 103.0 126.0 0 0
2769 104.0 127.0 0 0
2770 103.0 127.0 0 0
2771 102.0 127.0 0 0
2772 103.0 128.0 0 0
2773 102.0 128.0 0 0
2774 100.0 128.0 0 0
2775 96.0 128.0 0 0
2776 88.0 96.0 0 0
2777 88.0 104.0 0 0
2778 80.0 104.0 0 0
2779 92.0 104.0 0 0
2780 92.0 108.0 0 0
2781 88.0 108.0 0 0
2782 92.0 112.0 0 0
2783 90.0 108.0 0 0
2784 92.0 110.0 0 0
2785 90.0 110.0 0 0
2786 88.0 110.0 0 0
2787 90.0 112.0 0 0
2788 88.0 112.0 0 0
2789 84.0 104.0 0 0
2790 84.0 108.0 0 0
2791 80.0 108.0 0 0
2792 84.0 112.0 0 0
2793 80.0 112.0 0 0
2794 72.0 96.0 0 0
2795 72.0 104.0 0 0
2796 64.0 104.0 0 0
2797 72.0 112.0 0 0
2798 64.0 112.0 0 0
2799 94.0 112.0 0 0
2800 94.0 114.0 0 0
2801 92.0 114.0 0 0
2802 94.0 116.0 0 0
2803 92.0 116.0 0 0
2804 88.0 116.0 0 0
2805 95.0 116.0 0 0
2806 96.0 117.0 0 0
2807 95.0 117.0 0 0
2808 94.0 117.0 0 0
2809 95.0 118.0 0 0
2810 94.0 118.0 0 0
2811 92.0 118.0 0 0
2812 94.0 120.0 0 0
2813 93.0 118.0 0 0
2814 94.0 119.0 0 0
2815 93.0 119.0 0 0
2816 92.0 119.0 0 0
2817 93.0 120.0 0 0
2818 92.0 120.0 0 0
2819 90.0 116.0 0 0
2820 90.0 118.0 0 0
2821 88.0 118.0 0 0
2822 90.0 120.0 0 0
2823 88.0 120.0 0 0
2824 86.0 112.0 0 0
2825 88.0 114.0 0 0
2826 86.0 114.0 0 0
2827 84.0 114.0 0 0
2828 86.0 116.0 0 0
2829 84.0 116.0 0 0
2830 80.0 116.0 0 0
2831 84.0 120.0 0 0
2832 80.0 120.0 0 0
2833 96.0 122.0 0 0
2834 94.0 122.0 0 0
2835 92.0 122.0 0 0
2836 94.0 124.0 0 0
2837 92.0 124.0 0 0
2838 91.0 120.0 0 0
2839 92.0 121.0 0 0
2840 91.0 121.0 0 0
2841 90.0 121.0 0 0
2842 91.0 122.0 0 0
2843 90.0 122.0 0 0
2844 88.0 122.0 0 0
2845 90.0 124.0 0 0
2846 88.0 124.0 0 0
2847 92.0 128.0 0 0
2848 88.0 128.0 0 0
2849 86.0 120.0 0 0
2850 86.0 122.0 0 0
2851 84.0 122.0 0 0
2852 87.0 122.0 0 0
2853 88.0 123.0 0 0
2854 87.0 123.0 0 0
2855 86.0 123.0 0 0
2856 87.0 124.0 0 0
2857 86.0 124.0 0 0
2858 84.0 124.0 0 0
2859 80.0 124.0 0 0
2860 88.0 126.0 0 0
2861 86.0 126.0 0 0
2862 85.0 124.0 0 0
2863 86.0 125.0 0 0
2864 85.0 125.0 0 0
2865 84.0 125.0 0 0
2866 85.0 126.0 0 0
2867 84.0 126.0 0 0
2868 86.0 128.0 0 0
2869 84.0 128.0 0 0
2870 82.0 124.0 0 0
2871 82.0 126.0 0 0
2872 80.0 126.0 0 0
2873 83.0 126.0 0 0
2874 84.0 127.0 0 0
2875 83.0 127.0 0 0
2876 82.0 127.0 0 0
2877 83.0 128.0 0 0
2878 82.0 128.0 0 0
2879 80.0 128.0 0 0
2880 76.0 112.0 0 0
2881 76.0 116.0 0 0
2882 72.0 116.0 0 0
2883 78.0 116.0 0 0
2884 80.0 118.0 0 0
2885 78.0 118.0 0 0
2886 76.0 118.0 0 0
2887 78.0 120.0 0 0
2888 76.0 120.0 0 0
2889 72.0 120.0 0 0
2890 68.0 112.0 0 0
2891 68.0 116.0 0 0
2892 64.0 116.0 0 0
2893 68.0 120.0 0 0
2894 64.0 120.0 0 0
2895 76.0 124.0 0 0
2896 72.0 124.0 0 0
2897 76.0 128.0 0 0
2898 72.0 128.0 0 0
2899 70.0 120.0 0 0
2900 72.0 122.0 0 0
2901 70.0 122.0 0 0
2902 68.0 122.0 0 0
2903 70.0 124.0 0 0
2904 68.0 124.0 0 0
2905 64.0 124.0 0 0
2906 68.0 128.0 0 0
2907 66.0 124.0 0 0
2908 68.0 126.0 0 0
2909 66.0 126.0 0 0
2910 64.0 126.0 0 0
2911 66.0 128.0 0 0
2912 64.0 128.0 0 0
2913 32.0 64.0 0 0
2914 32.0 96.0 0 0
2915 0.0 96.0 0 0
2916 48.0 96.0 0 0
2917 48.0 112.0 0 0
2918 32.0 112.0 0 0
2919 56.0 112.0 0 0
2920 56.0 120.0 0 0
2921 48.0 120.0 0 0
2922 60.0 120.0 0 0
2923 60.0 124.0 0 0
2924 56.0 124.0 0 0
2925 60.0 128.0 0 0
2926 56.0 128.0 0 0
2927 48.0 128.0 0 0
2928 32.0 128.0 0 0
2929 0.0 128.0 0 0
2930 240.0 144.0 0 0
2931 224.0 144.0 0 0
2932 240.0 160.0 0 0
2933 224.0 160.0 0 0
2934 208.0 144.0 0 0
2935 208.0 136.0 0 0
2936 200.0 136.0 0 0
2937 200.0 132.0 0 0
2938 196.0 132.0 0 0
2939 194.0 128.0 0 0
2940 196.0 130.0 0 0
2941 194.0 130.0 0 0
2942 192.0 130.0 0 0
2943 194.0 132.0 0 0
2944 192.0 132.0 0 0
2945 196.0 136.0 0 0
2946 192.0 136.0 0 0
2947 200.0 144.0 0 0
2948 200.0 140.0 0 0
2949 196.0 140.0 0 0
2950 192.0 140.0 0 0
2951 196.0 144.0 0 0
2952 192.0 144.0 0 0
2953 216.0 144.0 0 0
2954 224.0 152.0 0 0
2955 216.0 152.0 0 0
2956 208.0 152.0 0 0
2957 216.0 160.0 0 0
2958 208.0 160.0 0 0
2959 204.0 144.0 0 0
2960 208.0 148.0 0 0
2961 204.0 148.0 0 0
2962 200.0 148.0 0 0
2963 204.0 152.0 0 0
2964 200.0 152.0 0 0
2965 198.0 144.0 0 0
2966 200.0 146.0 0 0
2967 198.0 146.0 0 0
2968 196.0 146.0 0 0
2969 198.0 148.0 0 0
2970 196.0 148.0 0 0
2971 194.0 144.0 0 0
2972 194.0 146.0 0 0
2973 192.0 146.0 0 0
2974 194.0 148.0 0 0
2975 192.0 148.0 0 0
2976 200.0 150.0 0 0
2977 198.0 150.0 0 0
2978 196.0 150.0 0 0
2979 198.0 152.0 0 0
2980 196.0 152.0 0 0
2981 195.0 148.0 0 0
2982 196.0 149.0 0 0
2983 195.0 149.0 0 0
2984 194.0 149.0 0 0
2985 195.0 150.0 0 0
2986 194.0 150.0 0 0
2987 192.0 150.0 0 0
2988 196.0 151.0 0 0
2989 195.0 151.0 0 0
2990 194.0 151.0 0 0
2991 195.0 152.0 0 0
2992 194.0 152.0 0 0
2993 192.0 152.0 0 0
2994 208.0 156.0 0 0
2995 204.0 156.0 0 0
2996 200.0 156.0 0 0
2997 204.0 160.0 0 0
2998 200.0 160.0 0 0
2999 200.0 154.0 0 0
3000 198.0 154.0 0 0
3001 196.0 154.0 0 0
3002 198.0 156.0 0 0
3003 196.0 156.0 0 0
3004 196.0 153.0 0 0
3005 195.0 153.0 0 0
3006 194.0 153.0 0 0
3007 195.0 154.0 0 0
3008 194.0 154.0 0 0
3009 192.0 154.0 0 0
3010 194.0 156.0 0 0
3011 192.0 156.0 0 0
3012 196.0 160.0 0 0
3013 192.0 160.0 0 0
3014 240.0 176.0 0 0
3015 232.0 160.0 0 0
3016 240.0 168.0 0 0
3017 232.0 168.0 0 0
3018 224.0 168.0 0 0
3019 232.0 176.0 0 0
3020 224.0 176.0 0 0
3021 240.0 192.0 0 0
3022 224.0 192.0 0 0
3023 220.0 160.0 0 0
3024 224.0 164.0 0 0
3025 220.0 164.0 0 0
3026 216.0 164.0 0 0
3027 220.0 168.0 0 0
3028 216.0 168.0 0 0
3029 208.0 168.0 0 0
3030 216.0 176.0 0 0
3031 208.0 176.0 0 0
3032 200.0 168.0 0 0
3033 192.0 168.0 0 0
3034 200.0 176.0 0 0
3035 192.0 176.0 0 0
3036 224.0 184.0 0 0
3037 216.0 184.0 0 0
3038 208.0 184.0 0 0
3039 216.0 192.0 0 0
3040 208.0 192.0 0 0
3041 200.0 184.0 0 0
3042 192.0 184.0 0 0
3043 204.0 184.0 0 0
3044 208.0 188.0 0 0
3045 204.0 188.0 0 0
3046 200.0 188.0 0 0
3047 204.0 192.0 0 0
3048 200.0 192.0 0 0
3049 196.0 184.0 0 0
3050 196.0 188.0 0 0
3051 192.0 188.0 0 0
3052 198.0 188.0 0 0
3053 200.0 190.0 0 0
3054 198.0 190.0 0 0
3055 196.0 190.0 0 0
3056 198.0 192.0 0 0
3057 196.0 192.0 0 0
3058 194.0 188.0 0 0
3059 194.0 190.0 0 0
3060 192.0 190.0 0 0
3061 194.0 192.0 0 0
3062 192.0 192.0 0 0
3063 188.0 128.0 0 0
3064 188.0 132.0 0 0
3065 184.0 132.0 0 0
3066 190.0 132.0 0 0
3067 192.0 134.0 0 0
3068 190.0 134.0 0 0
3069 188.0 134.0 0 0
3070 190.0 136.0 0 0
3071 188.0 136.0 0 0
3072 184.0 136.0 0 0
3073 176.0 136.0 0 0
3074 192.0 138.0 0 0
3075 190.0 138.0 0 0
3076 188.0 138.0 0 0
3077 190.0 140.0 0 0
3078 188.0 140.0 0 0
3079 184.0 140.0 0 0
3080 188.0 144.0 0 0
3081 184.0 144.0 0 0
3082 176.0 144.0 0 0
3083 168.0 136.0 0 0
3084 160.0 136.0 0 0
3085 168.0 144.0 0 0
3086 160.0 144.0 0 0
3087 190.0 144.0 0 0
3088 190.0 146.0 0 0
3089 188.0 146.0 0 0
3090 190.0 148.0 0 0
3091 188.0 148.0 0 0
3092 184.0 148.0 0 0
3093 190.0 150.0 0 0
3094 188.0 150.0 0 0
3095 190.0 152.0 0 0
3096 188.0 152.0 0 0
3097 186.0 148.0 0 0
3098 186.0 150.0 0 0
3099 184.0 150.0 0 0
3100 186.0 152.0 0 0
3101 184.0 152.0 0 0
3102 180.0 144.0 0 0
3103 180.0 148.0 0 0
3104 176.0 148.0 0 0
3105 180.0 152.0 0 0
3106 176.0 152.0 0 0
3107 190.0 154.0 0 0
3108 188.0 154.0 0 0
3109 190.0 156.0 0 0
3110 188.0 156.0 0 0
3111 184.0 156.0 0 0
3112 188.0 160.0 0 0
3113 184.0 160.0 0 0
3114 176.0 160.0 0 0
3115 172.0 144.0 0 0
3116 172.0 148.0 0 0
3117 168.0 148.0 0 0
3118 174.0 148.0 0 0
3119 176.0 150.0 0 0
3120 174.0 150.0 0 0
3121 172.0 150.0 0 0
3122 174.0 152.0 0 0
3123 172.0 152.0 0 0
3124 170.0 148.0 0 0
3125 170.0 150.0 0 0
3126 168.0 150.0 0 0
3127 170.0 152.0 0 0
3128 168.0 152.0 0 0
3129 164.0 144.0 0 0
3130 164.0 148.0 0 0
3131 160.0 148.0 0 0
3132 166.0 148.0 0 0
3133 166.0 150.0 0 0
3134 164.0 150.0 0 0
3135 166.0 152.0 0 0
3136 164.0 152.0 0 0
3137 160.0 152.0 0 0
3138 176.0 156.0 0 0
3139 172.0 156.0 0 0
3140 172.0 154.0 0 0
3141 170.0 154.0 0 0
3142 168.0 154.0 0 0
3143 170.0 156.0 0 0
3144 168.0 156.0 0 0
3145 172.0 160.0 0 0
3146 168.0 160.0 0 0
3147 166.0 154.0 0 0
3148 164.0 154.0 0 0
3149 166.0 156.0 0 0
3150 164.0 156.0 0 0
3151 160.0 156.0 0 0
3152 164.0 160.0 0 0
3153 160.0 160.0 0 0
3154 144.0 144.0 0 0
3155 128.0 144.0 0 0
3156 152.0 144.0 0 0
3157 152.0 152.0 0 0
3158 144.0 152.0 0 0
3159 152.0 160.0 0 0
3160 144.0 160.0 0 0
3161 128.0 160.0 0 0
3162 184.0 168.0 0 0
3163 176.0 168.0 0 0
3164 184.0 176.0 0 0
3165 176.0 176.0 0 0
3166 168.0 168.0 0 0
3167 160.0 168.0 0 0
3168 168.0 176.0 0 0
3169 160.0 176.0 0 0
3170 184.0 184.0 0 0
3171 176.0 184.0 0 0
3172 188.0 184.0 0 0
3173 188.0 188.0 0 0
3174 184.0 188.0 0 0
3175 188.0 192.0 0 0
3176 184.0 192.0 0 0
3177 176.0 192.0 0 0
3178 160.0 192.0 0 0
3179 144.0 176.0 0 0
3180 128.0 176.0 0 0
3181 152.0 176.0 0 0
3182 160.0 184.0 0 0
3183 152.0 184.0 0 0
3184 144.0 184.0 0 0
3185 152.0 192.0 0 0
3186 144.0 192.0 0 0
3187 128.0 192.0 0 0
3188 248.0 192.0 0 0
3189 248.0 200.0 0 0
3190 240.0 200.0 0 0
3191 248.0 208.0 0 0
3192 240.0 208.0 0 0
3193 232.0 192.0 0 0
3194 232.0 200.0 0 0
3195 224.0 200.0 0 0
3196 232.0 208.0 0 0
3197 224.0 208.0 0 0
3198 252.0 208.0 0 0
3199 252.0 212.0 0 0
3200 248.0 212.0 0 0
3201 254.0 212.0 0 0
3202 256.0 214.0 0 0
3203 254.0 214.0 0 0
3204 252.0 214.0 0 0
3205 254.0 216.0 0 0
3206 252.0 216.0 0 0
3207 248.0 216.0 0 0
3208 240.0 216.0 0 0
3209 252.0 220.0 0 0
3210 250.0 216.0 0 0
3211 252.0 218.0 0 0
3212 250.0 218.0 0 0
3213 248.0 218.0 0 0
3214 250.0 220.0 0 0
3215 248.0 220.0 0 0
3216 252.0 224.0 0 0
3217 252.0 222.0 0 0
3218 250.0 222.0 0 0
3219 248.0 222.0 0 0
3220 250.0 224.0 0 0
3221 248.0 224.0 0 0
3222 244.0 216.0 0 0
3223 244.0 220.0 0 0
3224 240.0 220.0 0 0
3225 246.0 220.0 0 0
3226 246.0 222.0 0 0
3227 244.0 222.0 0 0
3228 247.0 222.0 0 0
3229 248.0 223.0 0 0
3230 247.0 223.0 0 0
3231 246.0 223.0 0 0
3232 247.0 224.0 0 0
3233 246.0 224.0 0 0
3234 244.0 224.0 0 0
3235 240.0 224.0 0 0
3236 232.0 216.0 0 0
3237 224.0 216.0 0 0
3238 232.0 224.0 0 0
3239 224.0 224.0 0 0
3240 220.0 192.0 0 0
3241 224.0 196.0 0 0
3242 220.0 196.0 0 0
3243 216.0 196.0 0 0
3244 220.0 200.0 0 0
3245 216.0 200.0 0 0
3246 208.0 200.0 0 0
3247 216.0 208.0 0 0
3248 208.0 208.0 0 0
3249 208.0 196.0 0 0
3250 204.0 196.0 0 0
3251 200.0 196.0 0 0
3252 204.0 200.0 0 0
3253 200.0 200.0 0 0
3254 200.0 194.0 0 0
3255 198.0 194.0 0 0
3256 196.0 194.0 0 0
3257 198.0 196.0 0 0
3258 196.0 196.0 0 0
3259 192.0 196.0 0 0
3260 196.0 200.0 0 0
3261 192.0 200.0 0 0
3262 208.0 204.0 0 0
3263 204.0 204.0 0 0
3264 200.0 204.0 0 0
3265 204.0 208.0 0 0
3266 200.0 208.0 0 0
3267 198.0 200.0 0 0
3268 200.0 202.0 0 0
3269 198.0 202.0 0 0
3270 196.0 202.0 0 0
3271 198.0 204.0 0 0
3272 196.0 204.0 0 0
3273 192.0 204.0 0 0
3274 200.0 206.0 0 0
3275 198.0 206.0 0 0
3276 196.0 206.0 0 0
3277 198.0 208.0 0 0
3278 196.0 208.0 0 0
3279 192.0 208.0 0 0
3280 216.0 216.0 0 0
3281 208.0 216.0 0 0
3282 216.0 224.0 0 0
3283 212.0 216.0 0 0
3284 216.0 220.0 0 0
3285 212.0 220.0 0 0
3286 208.0 220.0 0 0
3287 212.0 224.0 0 0
3288 208.0 224.0 0 0
3289 208.0 212.0 0 0
3290 204.0 212.0 0 0
3291 200.0 212.0 0 0
3292 204.0 216.0 0 0
3293 202.0 212.0 0 0
3294 204.0 214.0 0 0
3295 202.0 214.0 0 0
3296 200.0 214.0 0 0
3297 202.0 216.0 0 0
3298 200.0 216.0 0 0
3299 200.0 210.0 0 0
3300 198.0 210.0 0 0
3301 196.0 210.0 0 0
3302 198.0 212.0 0 0
3303 196.0 212.0 0 0
3304 192.0 212.0 0 0
3305 196.0 216.0 0 0
3306 194.0 212.0 0 0
3307 196.0 214.0 0 0
3308 194.0 214.0 0 0
3309 192.0 214.0 0 0
3310 194.0 216.0 0 0
3311 192.0 216.0 0 0
3312 206.0 216.0 0 0
3313 208.0 218.0 0 0
3314 206.0 218.0 0 0
3315 204.0 218.0 0 0
3316 206.0 220.0 0 0
3317 204.0 220.0 0 0
3318 202.0 218.0 0 0
3319 200.0 218.0 0 0
3320 202.0 220.0 0 0
3321 200.0 220.0 0 0
3322 208.0 222.0 0 0
3323 206.0 222.0 0 0
3324 204.0 222.0 0 0
3325 206.0 224.0 0 0
3326 205.0 222.0 0 0
3327 206.0 223.0 0 0
3328 205.0 223.0 0 0
3329 204.0 223.0 0 0
3330 205.0 224.0 0 0
3331 204.0 224.0 0 0
3332 203.0 220.0 0 0
3333 204.0 221.0 0 0
3334 203.0 221.0 0 0
3335 202.0 221.0 0 0
3336 203.0 222.0 0 0
3337 202.0 222.0 0 0
3338 201.0 220.0 0 0
3339 201.0 221.0 0 0
3340 200.0 221.0 0 0
3341 201.0 222.0 0 0
3342 200.0 222.0 0 0
3343 202.0 224.0 0 0
3344 200.0 224.0 0 0
3345 198.0 216.0 0 0
3346 198.0 218.0 0 0
3347 196.0 218.0 0 0
3348 198.0 220.0 0 0
3349 196.0 220.0 0 0
3350 194.0 218.0 0 0
3351 192.0 218.0 0 0
3352 194.0 220.0 0 0
3353 192.0 220.0 0 0
3354 199.0 220.0 0 0
3355 199.0 221.0 0 0
3356 198.0 221.0 0 0
3357 199.0 222.0 0 0
3358 198.0 222.0 0 0
3359 196.0 222.0 0 0
3360 198.0 224.0 0 0
3361 197.0 222.0 0 0
3362 198.0 223.0 0 0
3363 197.0 223.0 0 0
3364 196.0 223.0 0 0
3365 197.0 224.0 0 0
3366 196.0 224.0 0 0
3367 194.0 222.0 0 0
3368 192.0 222.0 0 0
3369 195.0 222.0 0 0
3370 195.0 223.0 0 0
3371 194.0 223.0 0 0
3372 195.0 224.0 0 0
3373 194.0 224.0 0 0
3374 192.0 224.0 0 0
3375 252.0 228.0 0 0
3376 252.0 226.0 0 0
3377 250.0 226.0 0 0
3378 248.0 226.0 0 0
3379 250.0 228.0 0 0
3380 248.0 228.0 0 0
3381 252.0 232.0 0 0
3382 248.0 232.0 0 0
3383 246.0 226.0 0 0
3384 244.0 226.0 0 0
3385 246.0 228.0 0 0
3386 244.0 228.0 0 0
3387 240.0 228.0 0 0
3388 244.0 232.0 0 0
3389 240.0 232.0 0 0
3390 248.0 240.0 0 0
3391 240.0 240.0 0 0
3392 232.0 232.0 0 0
3393 224.0 232.0 0 0
3394 236.0 232.0 0 0
3395 240.0 236.0 0 0
3396 236.0 236.0 0 0
3397 232.0 236.0 0 0
3398 236.0 240.0 0 0
3399 232.0 240.0 0 0
3400 224.0 240.0 0 0
3401 240.0 256.0 0 0
3402 240.0 248.0 0 0
3403 232.0 248.0 0 0
3404 224.0 248.0 0 0
3405 232.0 256.0 0 0
3406 224.0 256.0 0 0
3407 216.0 232.0 0 0
3408 216.0 228.0 0 0
3409 212.0 228.0 0 0
3410 208.0 228.0 0 0
3411 212.0 232.0 0 0
3412 208.0 232.0 0 0
3413 216.0 240.0 0 0
3414 208.0 240.0 0 0
3415 208.0 226.0 0 0
3416 206.0 226.0 0 0
3417 204.0 226.0 0 0
3418 206.0 228.0 0 0
3419 204.0 228.0 0 0
3420 200.0 228.0 0 0
3421 204.0 232.0 0 0
3422 200.0 232.0 0 0
3423 200.0 226.0 0 0
3424 198.0 226.0 0 0
3425 196.0 226.0 0 0
3426 198.0 228.0 0 0
3427 196.0 228.0 0 0
3428 196.0 225.0 0 0
3429 195.0 225.0 0 0
3430 194.0 225.0 0 0
3431 195.0 226.0 0 0
3432 194.0 226.0 0 0
3433 192.0 226.0 0 0
3434 194.0 228.0 0 0
3435 193.0 226.0 0 0
3436 194.0 227.0 0 0
3437 193.0 227.0 0 0
3438 192.0 227.0 0 0
3439 193.0 228.0 0 0
3440 192.0 228.0 0 0
3441 196.0 232.0 0 0
3442 196.0 230.0 0 0
3443 194.0 230.0 0 0
3444 192.0 230.0 0 0
3445 194.0 232.0 0 0
3446 192.0 232.0 0 0
3447 200.0 240.0 0 0
3448 200.0 236.0 0 0
3449 196.0 236.0 0 0
3450 192.0 236.0 0 0
3451 196.0 240.0 0 0
3452 192.0 240.0 0 0
3453 216.0 248.0 0 0
3454 212.0 240.0 0 0
3455 216.0 244.0 0 0
3456 212.0 244.0 0 0
3457 208.0 244.0 0 0
3458 212.0 248.0 0 0
3459 208.0 248.0 0 0
3460 220.0 248.0 0 0
3461 224.0 252.0 0 0
3462 220.0 252.0 0 0
3463 216.0 252.0 0 0
3464 220.0 256.0 0 0
3465 216.0 256.0 0 0
3466 212.0 252.0 0 0
3467 210.0 248.0 0 0
3468 212.0 250.0 0 0
3469 210.0 250.0 0 0
3470 208.0 250.0 0 0
3471 210.0 252.0 0 0
3472 208.0 252.0 0 0
3473 214.0 252.0 0 0
3474 216.0 254.0 0 0
3475 214.0 254.0 0 0
3476 212.0 254.0 0 0
3477 214.0 256.0 0 0
3478 212.0 256.0 0 0
3479 211.0 252.0 0 0
3480 212.0 253.0 0 0
3481 211.0 253.0 0 0
3482 210.0 253.0 0 0
3483 211.0 254.0 0 0
3484 210.0 254.0 0 0
3485 208.0 254.0 0 0
3486 210.0 256.0 0 0
3487 209.0 254.0 0 0
3488 210.0 255.0 0 0
3489 209.0 255.0 0 0
3490 208.0 255.0 0 0
3491 209.0 256.0 0 0
3492 208.0 256.0 0 0
3493 204.0 240.0 0 0
3494 204.0 244.0 0 0
3495 200.0 244.0 0 0
3496 204.0 248.0 0 0
3497 200.0 248.0 0 0
3498 196.0 244.0 0 0
3499 192.0 244.0 0 0
3500 196.0 248.0 0 0
3501 192.0 248.0 0 0
3502 206.0 248.0 0 0
3503 206.0 250.0 0 0
3504 204.0 250.0 0 0
3505 206.0 252.0 0 0
3506 204.0 252.0 0 0
3507 202.0 248.0 0 0
3508 202.0 250.0 0 0
3509 200.0 250.0 0 0
3510 202.0 252.0 0 0
3511 200.0 252.0 0 0
3512 206.0 254.0 0 0
3513 204.0 254.0 0 0
3514 206.0 256.0 0 0
3515 204.0 256.0 0 0
3516 202.0 254.0 0 0
3517 200.0 254.0 0 0
3518 202.0 256.0 0 0
3519 201.0 254.0 0 0
3520 202.0 255.0 0 0
3521 201.0 255.0 0 0
3522 200.0 255.0 0 0
3523 201.0 256.0 0 0
3524 200.0 256.0 0 0
3525 198.0 248.0 0 0
3526 198.0 250.0 0 0
3527 196.0 250.0 0 0
3528 198.0 252.0 0 0
3529 196.0 252.0 0 0
3530 192.0 252.0 0 0
3531 198.0 254.0 0 0
3532 196.0 254.0 0 0
3533 198.0 256.0 0 0
3534 197.0 254.0 0 0
3535 198.0 255.0 0 0
3536 197.0 255.0 0 0
3537 196.0 255.0 0 0
3538 197.0 256.0 0 0
3539 196.0 256.0 0 0
3540 194.0 252.0 0 0
3541 194.0 254.0 0 0
3542 192.0 254.0 0 0
3543 194.0 256.0 0 0
3544 192.0 256.0 0 0
3545 184.0 200.0 0 0
3546 176.0 200.0 0 0
3547 184.0 208.0 0 0
3548 176.0 208.0 0 0
3549 168.0 192.0 0 0
3550 168.0 200.0 0 0
3551 160.0 200.0 0 0
3552 168.0 208.0 0 0
3553 160.0 208.0 0 0
3554 188.0 208.0 0 0
3555 188.0 212.0 0 0
3556 184.0 212.0 0 0
3557 188.0 216.0 0 0
3558 184.0 216.0 0 0
3559 176.0 216.0 0 0
3560 188.0 220.0 0 0
3561 184.0 220.0 0 0
3562 190.0 220.0 0 0
3563 190.0 222.0 0 0
3564 188.0 222.0 0 0
3565 190.0 224.0 0 0
3566 188.0 224.0 0 0
3567 184.0 224.0 0 0
3568 176.0 224.0 0 0
3569 160.0 224.0 0 0
3570 156.0 192.0 0 0
3571 160.0 196.0 0 0
3572 156.0 196.0 0 0
3573 152.0 196.0 0 0
3574 156.0 200.0 0 0
3575 152.0 200.0 0 0
3576 144.0 200.0 0 0
3577 152.0 208.0 0 0
3578 144.0 208.0 0 0
3579 128.0 208.0 0 0
3580 160.0 216.0 0 0
3581 152.0 216.0 0 0
3582 144.0 216.0 0 0
3583 152.0 224.0 0 0
3584 148.0 216.0 0 0
3585 152.0 220.0 0 0
3586 148.0 220.0 0 0
3587 144.0 220.0 0 0
3588 148.0 224.0 0 0
3589 146.0 220.0 0 0
3590 148.0 222.0 0 0
3591 146.0 222.0 0 0
3592 144.0 222.0 0 0
3593 146.0 224.0 0 0
3594 144.0 224.0 0 0
3595 136.0 208.0 0 0
3596 136.0 216.0 0 0
3597 128.0 216.0 0 0
3598 140.0 216.0 0 0
3599 140.0 220.0 0 0
3600 136.0 220.0 0 0
3601 142.0 220.0 0 0
3602 142.0 222.0 0 0
3603 140.0 222.0 0 0
3604 143.0 222.0 0 0
3605 144.0 223.0 0 0
3606 143.0 223.0 0 0
3607 142.0 223.0 0 0
3608 143.0 224.0 0 0
3609 142.0 224.0 0 0
3610 140.0 224.0 0 0
3611 138.0 220.0 0 0
3612 138.0 222.0 0 0
3613 136.0 222.0 0 0
3614 138.0 224.0 0 0
3615 136.0 224.0 0 0
3616 132.0 216.0 0 0
3617 132.0 220.0 0 0
3618 128.0 220.0 0 0
3619 132.0 224.0 0 0
3620 128.0 224.0 0 0
3621 190.0 226.0 0 0
3622 188.0 226.0 0 0
3623 190.0 228.0 0 0
3624 188.0 228.0 0 0
3625 184.0 228.0 0 0
3626 188.0 232.0 0 0
3627 184.0 232.0 0 0
3628 176.0 232.0 0 0
3629 184.0 240.0 0 0
3630 176.0 240.0 0 0
3631 168.0 224.0 0 0
3632 168.0 232.0 0 0
3633 160.0 232.0 0 0
3634 168.0 240.0 0 0
3635 160.0 240.0 0 0
3636 188.0 240.0 0 0
3637 188.0 244.0 0 0
3638 184.0 244.0 0 0
3639 188.0 248.0 0 0
3640 184.0 248.0 0 0
3641 176.0 248.0 0 0
3642 190.0 248.0 0 0
3643 192.0 250.0 0 0
3644 190.0 250.0 0 0
3645 188.0 250.0 0 0
3646 190.0 252.0 0 0
3647 188.0 252.0 0 0
3648 186.0 248.0 0 0
3649 186.0 250.0 0 0
3650 184.0 250.0 0 0
3651 186.0 252.0 0 0
3652 184.0 252.0 0 0
3653 191.0 252.0 0 0
3654 192.0 253.0 0 0
3655 191.0 253.0 0 0
3656 190.0 253.0 0 0
3657 191.0 254.0 0 0
3658 190.0 254.0 0 0
3659 188.0 254.0 0 0
3660 190.0 256.0 0 0
3661 188.0 256.0 0 0
3662 186.0 254.0 0 0
3663 184.0 254.0 0 0
3664 186.0 256.0 0 0
3665 184.0 256.0 0 0
3666 180.0 248.0 0 0
3667 180.0 252.0 0 0
3668 176.0 252.0 0 0
3669 180.0 256.0 0 0
3670 176.0 256.0 0 0
3671 168.0 248.0 0 0
3672 160.0 248.0 0 0
3673 168.0 256.0 0 0
3674 160.0 256.0 0 0
3675 156.0 224.0 0 0
3676 160.0 228.0 0 0
3677 156.0 228.0 0 0
3678 152.0 228.0 0 0
3679 156.0 232.0 0 0
3680 152.0 232.0 0 0
3681 148.0 228.0 0 0
3682 148.0 226.0 0 0
3683 146.0 226.0 0 0
3684 145.0 224.0 0 0
3685 146.0 225.0 0 0
3686 145.0 225.0 0 0
3687 144.0 225.0 0 0
3688 145.0 226.0 0 0
3689 144.0 226.0 0 0
3690 146.0 228.0 0 0
3691 144.0 228.0 0 0
3692 150.0 228.0 0 0
3693 152.0 230.0 0 0
3694 150.0 230.0 0 0
3695 148.0 230.0 0 0
3696 150.0 232.0 0 0
3697 148.0 232.0 0 0
3698 144.0 232.0 0 0
3699 152.0 240.0 0 0
3700 152.0 236.0 0 0
3701 148.0 236.0 0 0
3702 144.0 236.0 0 0
3703 148.0 240.0 0 0
3704 144.0 240.0 0 0
3705 142.0 226.0 0 0
3706 140.0 226.0 0 0
3707 142.0 228.0 0 0
3708 140.0 228.0 0 0
3709 136.0 228.0 0 0
3710 140.0 232.0 0 0
3711 136.0 232.0 0 0
3712 128.0 232.0 0 0
3713 140.0 236.0 0 0
3714 136.0 236.0 0 0
3715 140.0 240.0 0 0
3716 136.0 240.0 0 0
3717 128.0 240.0 0 0
3718 152.0 248.0 0 0
3719 144.0 248.0 0 0
3720 152.0 256.0 0 0
3721 144.0 256.0 0 0
3722 136.0 248.0 0 0
3723 128.0 248.0 0 0
3724 136.0 256.0 0 0
3725 128.0 256.0 0 0
3726 128.0 136.0 0 0
3727 120.0 136.0 0 0
3728 112.0 136.0 0 0
3729 120.0 144.0 0 0
3730 112.0 144.0 0 0
3731 112.0 132.0 0 0
3732 108.0 132.0 0 0
3733 104.0 132.0 0 0
3734 108.0 136.0 0 0
3735 104.0 136.0 0 0
3736 104.0 130.0 0 0
3737 102.0 130.0 0 0
3738 101.0 128.0 0 0
3739 102.0 129.0 0 0
3740 101.0 129.0 0 0
3741 100.0 129.0 0 0
3742 101.0 130.0 0 0
3743 100.0 130.0 0 0
3744 102.0 132.0 0 0
3745 100.0 132.0 0 0
3746 98.0 128.0 0 0
3747 98.0 130.0 0 0
3748 96.0 130.0 0 0
3749 98.0 132.0 0 0
3750 96.0 132.0 0 0
3751 100.0 136.0 0 0
3752 96.0 136.0 0 0
3753 104.0 144.0 0 0
3754 96.0 144.0 0 0
3755 112.0 160.0 0 0
3756 112.0 152.0 0 0
3757 104.0 152.0 0 0
3758 96.0 152.0 0 0
3759 104.0 160.0 0 0
3760 96.0 160.0 0 0
3761 92.0 132.0 0 0
3762 88.0 132.0 0 0
3763 94.0 132.0 0 0
3764 96.0 134.0 0 0
3765 94.0 134.0 0 0
3766 92.0 134.0 0 0
3767 94.0 136.0 0 0
3768 92.0 136.0 0 0
3769 88.0 136.0 0 0
3770 84.0 132.0 0 0
3771 84.0 130.0 0 0
3772 82.0 130.0 0 0
3773 81.0 128.0 0 0
3774 82.0 129.0 0 0
3775 81.0 129.0 0 0
3776 80.0 129.0 0 0
3777 81.0 130.0 0 0
3778 80.0 130.0 0 0
3779 82.0 132.0 0 0
3780 80.0 132.0 0 0
3781 84.0 136.0 0 0
3782 80.0 136.0 0 0
3783 96.0 140.0 0 0
3784 92.0 140.0 0 0
3785 90.0 136.0 0 0
3786 92.0 138.0 0 0
3787 90.0 138.0 0 0
3788 88.0 138.0 0 0
3789 90.0 140.0 0 0
3790 88.0 140.0 0 0
3791 92.0 144.0 0 0
3792 92.0 142.0 0 0
3793 90.0 142.0 0 0
3794 88.0 142.0 0 0
3795 90.0 144.0 0 0
3796 88.0 144.0 0 0
3797 84.0 140.0 0 0
3798 80.0 140.0 0 0
3799 86.0 140.0 0 0
3800 86.0 142.0 0 0
3801 84.0 142.0 0 0
3802 87.0 142.0 0 0
3803 88.0 143.0 0 0
3804 87.0 143.0 0 0
3805 86.0 143.0 0 0
3806 87.0 144.0 0 0
3807 86.0 144.0 0 0
3808 84.0 144.0 0 0
3809 80.0 144.0 0 0
3810 78.0 128.0 0 0
3811 78.0 130.0 0 0
3812 76.0 130.0 0 0
3813 78.0 132.0 0 0
3814 76.0 132.0 0 0
3815 72.0 132.0 0 0
3816 80.0 134.0 0 0
3817 78.0 134.0 0 0
3818 77.0 132.0 0 0
3819 78.0 133.0 0 0
3820 77.0 133.0 0 0
3821 76.0 133.0 0 0
3822 77.0 134.0 0 0
3823 76.0 134.0 0 0
3824 78.0 136.0 0 0
3825 76.0 136.0 0 0
3826 74.0 132.0 0 0
3827 74.0 134.0 0 0
3828 72.0 134.0 0 0
3829 74.0 136.0 0 0
3830 72.0 136.0 0 0
3831 68.0 132.0 0 0
3832 64.0 132.0 0 0
3833 68.0 136.0 0 0
3834 64.0 136.0 0 0
3835 76.0 140.0 0 0
3836 76.0 138.0 0 0
3837 74.0 138.0 0 0
3838 73.0 136.0 0 0
3839 74.0 137.0 0 0
3840 73.0 137.0 0 0
3841 72.0 137.0 0 0
3842 73.0 138.0 0 0
3843 72.0 138.0 0 0
3844 74.0 140.0 0 0
3845 72.0 140.0 0 0
3846 76.0 144.0 0 0
3847 72.0 144.0 0 0
3848 70.0 136.0 0 0
3849 70.0 138.0 0 0
3850 68.0 138.0 0 0
3851 71.0 138.0 0 0
3852 72.0 139.0 0 0
3853 71.0 139.0 0 0
3854 70.0 139.0 0 0
3855 71.0 140.0 0 0
3856 70.0 140.0 0 0
3857 68.0 140.0 0 0
3858 64.0 140.0 0 0
3859 72.0 142.0 0 0
3860 70.0 142.0 0 0
3861 69.0 140.0 0 0
3862 70.0 141.0 0 0
3863 69.0 141.0 0 0
3864 68.0 141.0 0 0
3865 69.0 142.0 0 0
3866 68.0 142.0 0 0
3867 70.0 144.0 0 0
3868 68.0 144.0 0 0
3869 66.0 140.0 0 0
3870 66.0 142.0 0 0
3871 64.0 142.0 0 0
3872 66.0 144.0 0 0
3873 64.0 144.0 0 0
3874 96.0 148.0 0 0
3875 92.0 148.0 0 0
3876 88.0 148.0 0 0
3877 92.0 152.0 0 0
3878 88.0 152.0 0 0
3879 88.0 146.0 0 0
3880 86.0 146.0 0 0
3881 84.0 146.0 0 0
3882 86.0 148.0 0 0
3883 85.0 146.0 0 0
3884 86.0 147.0 0 0
3885 85.0 147.0 0 0
3886 84.0 147.0 0 0
3887 85.0 148.0 0 0
3888 84.0 148.0 0 0
3889 82.0 144.0 0 0
3890 82.0 146.0 0 0
3891 80.0 146.0 0 0
3892 82.0 148.0 0 0
3893 80.0 148.0 0 0
3894 88.0 150.0 0 0
3895 86.0 150.0 0 0
3896 84.0 150.0 0 0
3897 86.0 152.0 0 0
3898 84.0 152.0 0 0
3899 83.0 148.0 0 0
3900 84.0 149.0 0 0
3901 83.0 149.0 0 0
3902 82.0 149.0 0 0
3903 83.0 150.0 0 0
3904 82.0 150.0 0 0
3905 80.0 150.0 0 0
3906 84.0 151.0 0 0
3907 83.0 151.0 0 0
3908 82.0 151.0 0 0
3909 83.0 152.0 0 0
3910 82.0 152.0 0 0
3911 80.0 152.0 0 0
3912 88.0 160.0 0 0
3913 88.0 156.0 0 0
3914 84.0 156.0 0 0
3915 84.0 154.0 0 0
3916 82.0 154.0 0 0
3917 80.0 154.0 0 0
3918 82.0 156.0 0 0
3919 80.0 156.0 0 0
3920 84.0 160.0 0 0
3921 80.0 160.0 0 0
3922 76.0 148.0 0 0
3923 72.0 148.0 0 0
3924 76.0 152.0 0 0
3925 72.0 152.0 0 0
3926 72.0 146.0 0 0
3927 70.0 146.0 0 0
3928 68.0 146.0 0 0
3929 70.0 148.0 0 0
3930 68.0 148.0 0 0
3931 67.0 144.0 0 0
3932 68.0 145.0 0 0
3933 67.0 145.0 0 0
3934 66.0 145.0 0 0
3935 67.0 146.0 0 0
3936 66.0 146.0 0 0
3937 64.0 146.0 0 0
3938 66.0 148.0 0 0
3939 64.0 148.0 0 0
3940 68.0 152.0 0 0
3941 68.0 150.0 0 0
3942 66.0 150.0 0 0
3943 65.0 148.0 0 0
3944 66.0 149.0 0 0
3945 65.0 149.0 0 0
3946 64.0 149.0 0 0
3947 65.0 150.0 0 0
3948 64.0 150.0 0 0
3949 66.0 152.0 0 0
3950 64.0 152.0 0 0
3951 78.0 152.0 0 0
3952 78.0 154.0 0 0
3953 76.0 154.0 0 0
3954 78.0 156.0 0 0
3955 76.0 156.0 0 0
3956 72.0 156.0 0 0
3957 76.0 160.0 0 0
3958 72.0 160.0 0 0
3959 68.0 156.0 0 0
3960 64.0 156.0 0 0
3961 68.0 160.0 0 0
3962 64.0 160.0 0 0
3963 112.0 176.0 0 0
3964 112.0 168.0 0 0
3965 104.0 168.0 0 0
3966 96.0 168.0 0 0
3967 104.0 176.0 0 0
3968 96.0 176.0 0 0
3969 112.0 192.0 0 0
3970 96.0 192.0 0 0
3971 88.0 168.0 0 0
3972 80.0 168.0 0 0
3973 88.0 176.0 0 0
3974 80.0 176.0 0 0
3975 80.0 164.0 0 0
3976 76.0 164.0 0 0
3977 74.0 160.0 0 0
3978 76.0 162.0 0 0
3979 74.0 162.0 0 0
3980 72.0 162.0 0 0
3981 74.0 164.0 0 0
3982 73.0 162.0 0 0
3983 74.0 163.0 0 0
3984 73.0 163.0 0 0
3985 72.0 163.0 0 0
3986 73.0 164.0 0 0
3987 72.0 164.0 0 0
3988 76.0 168.0 0 0
3989 76.0 166.0 0 0
3990 74.0 166.0 0 0
3991 72.0 166.0 0 0
3992 74.0 168.0 0 0
3993 72.0 168.0 0 0
3994 70.0 160.0 0 0
3995 70.0 162.0 0 0
3996 68.0 162.0 0 0
3997 70.0 164.0 0 0
3998 68.0 164.0 0 0
3999 64.0 164.0 0 0
4000 71.0 164.0 0 0
4001 72.0 165.0 0 0
4002 71.0 165.0 0 0
4003 70.0 165.0 0 0
4004 71.0 166.0 0 0
4005 70.0 166.0 0 0
4006 68.0 166.0 0 0
4007 70.0 168.0 0 0
4008 68.0 168.0 0 0
4009 64.0 168.0 0 0
4010 80.0 172.0 0 0
4011 76.0 172.0 0 0
4012 72.0 172.0 0 0
4013 76.0 176.0 0 0
4014 72.0 176.0 0 0
4015 72.0 170.0 0 0
4016 70.0 170.0 0 0
4017 69.0 168.0 0 0
4018 70.0 169.0 0 0
4019 69.0 169.0 0 0
4020 68.0 169.0 0 0
4021 69.0 170.0 0 0
4022 68.0 170.0 0 0
4023 70.0 172.0 0 0
4024 68.0 172.0 0 0
4025 66.0 168.0 0 0
4026 66.0 170.0 0 0
4027 64.0 170.0 0 0
4028 66.0 172.0 0 0
4029 64.0 172.0 0 0
4030 68.0 176.0 0 0
4031 68.0 174.0 0 0
4032 66.0 174.0 0 0
4033 64.0 174.0 0 0
4034 66.0 176.0 0 0
4035 64.0 176.0 0 0
4036 96.0 184.0 0 0
4037 88.0 184.0 0 0
4038 84.0 176.0 0 0
4039 88.0 180.0 0 0
4040 84.0 180.0 0 0
4041 80.0 180.0 0 0
4042 84.0 184.0 0 0
4043 80.0 184.0 0 0
4044 88.0 192.0 0 0
4045 80.0 192.0 0 0
4046 72.0 184.0 0 0
4047 72.0 180.0 0 0
4048 68.0 180.0 0 0
4049 64.0 180.0 0 0
4050 68.0 184.0 0 0
4051 64.0 184.0 0 0
4052 72.0 192.0 0 0
4053 64.0 192.0 0 0
4054 60.0 132.0 0 0
4055 56.0 132.0 0 0
4056 60.0 136.0 0 0
4057 56.0 136.0 0 0
4058 48.0 136.0 0 0
4059 60.0 140.0 0 0
4060 58.0 136.0 0 0
4061 60.0 138.0 0 0
4062 58.0 138.0 0 0
4063 56.0 138.0 0 0
4064 58.0 140.0 0 0
4065 56.0 140.0 0 0
4066 60.0 144.0 0 0
4067 56.0 144.0 0 0
4068 52.0 136.0 0 0
4069 52.0 140.0 0 0
4070 48.0 140.0 0 0
4071 52.0 144.0 0 0
4072 48.0 144.0 0 0
4073 40.0 128.0 0 0
4074 40.0 136.0 0 0
4075 32.0 136.0 0 0
4076 40.0 144.0 0 0
4077 32.0 144.0 0 0
4078 60.0 148.0 0 0
4079 56.0 148.0 0 0
4080 62.0 148.0 0 0
4081 62.0 150.0 0 0
4082 60.0 150.0 0 0
4083 62.0 152.0 0 0
4084 60.0 152.0 0 0
4085 56.0 152.0 0 0
4086 54.0 144.0 0 0
4087 56.0 146.0 0 0
4088 54.0 146.0 0 0
4089 52.0 146.0 0 0
4090 54.0 148.0 0 0
4091 52.0 148.0 0 0
4092 48.0 148.0 0 0
4093 52.0 152.0 0 0
4094 48.0 152.0 0 0
4095 64.0 154.0 0 0
4096 62.0 154.0 0 0
4097 60.0 154.0 0 0
4098 62.0 156.0 0 0
4099 60.0 156.0 0 0
4100 56.0 156.0 0 0
4101 64.0 158.0 0 0
4102 62.0 158.0 0 0
4103 61.0 156.0 0 0
4104 62.0 157.0 0 0
4105 61.0 157.0 0 0
4106 60.0 157.0 0 0
4107 61.0 158.0 0 0
4108 60.0 158.0 0 0
4109 62.0 160.0 0 0
4110 60.0 160.0 0 0
4111 58.0 156.0 0 0
4112 58.0 158.0 0 0
4113 56.0 158.0 0 0
4114 59.0 158.0 0 0
4115 60.0 159.0 0 0
4116 59.0 159.0 0 0
4117 58.0 159.0 0 0
4118 59.0 160.0 0 0
4119 58.0 160.0 0 0
4120 56.0 160.0 0 0
4121 52.0 156.0 0 0
4122 48.0 156.0 0 0
4123 52.0 160.0 0 0
4124 48.0 160.0 0 0
4125 40.0 152.0 0 0
4126 32.0 152.0 0 0
4127 44.0 152.0 0 0
4128 44.0 156.0 0 0
4129 40.0 156.0 0 0
4130 46.0 156.0 0 0
4131 48.0 158.0 0 0
4132 46.0 158.0 0 0
4133 44.0 158.0 0 0
4134 46.0 160.0 0 0
4135 44.0 160.0 0 0
4136 40.0 160.0 0 0
4137 32.0 160.0 0 0
4138 16.0 128.0 0 0
4139 16.0 144.0 0 0
4140 0.0 144.0 0 0
4141 16.0 160.0 0 0
4142 0.0 160.0 0 0
4143 64.0 162.0 0 0
4144 62.0 162.0 0 0
4145 60.0 162.0 0 0
4146 62.0 164.0 0 0
4147 60.0 164.0 0 0
4148 60.0 161.0 0 0
4149 59.0 161.0 0 0
4150 58.0 161.0 0 0
4151 59.0 162.0 0 0
4152 58.0 162.0 0 0
4153 56.0 162.0 0 0
4154 58.0 164.0 0 0
4155 57.0 162.0 0 0
4156 58.0 163.0 0 0
4157 57.0 163.0 0 0
4158 56.0 163.0 0 0
4159 57.0 164.0 0 0
4160 56.0 164.0 0 0
4161 60.0 168.0 0 0
4162 60.0 166.0 0 0
4163 58.0 166.0 0 0
4164 56.0 166.0 0 0
4165 58.0 168.0 0 0
4166 56.0 168.0 0 0
4167 54.0 160.0 0 0
4168 54.0 162.0 0 0
4169 52.0 162.0 0 0
4170 54.0 164.0 0 0
4171 52.0 164.0 0 0
4172 48.0 164.0 0 0
4173 55.0 164.0 0 0
4174 56.0 165.0 0 0
4175 55.0 165.0 0 0
4176 54.0 165.0 0 0
4177 55.0 166.0 0 0
4178 54.0 166.0 0 0
4179 52.0 166.0 0 0
4180 56.0 167.0 0 0
4181 55.0 167.0 0 0
4182 54.0 167.0 0 0
4183 55.0 168.0 0 0
4184 54.0 168.0 0 0
4185 52.0 168.0 0 0
4186 48.0 168.0 0 0
4187 60.0 172.0 0 0
4188 56.0 172.0 0 0
4189 60.0 176.0 0 0
4190 56.0 176.0 0 0
4191 56.0 170.0 0 0
4192 54.0 170.0 0 0
4193 53.0 168.0 0 0
4194 54.0 169.0 0 0
4195 53.0 169.0 0 0
4196 52.0 169.0 0 0
4197 53.0 170.0 0 0
4198 52.0 170.0 0 0
4199 54.0 172.0 0 0
4200 52.0 172.0 0 0
4201 50.0 168.0 0 0
4202 50.0 170.0 0 0
4203 48.0 170.0 0 0
4204 50.0 172.0 0 0
4205 48.0 172.0 0 0
4206 56.0 174.0 0 0
4207 54.0 174.0 0 0
4208 52.0 174.0 0 0
4209 54.0 176.0 0 0
4210 52.0 176.0 0 0
4211 51.0 172.0 0 0
4212 52.0 173.0 0 0
4213 51.0 173.0 0 0
4214 50.0 173.0 0 0
4215 51.0 174.0 0 0
4216 50.0 174.0 0 0
4217 48.0 174.0 0 0
4218 50.0 176.0 0 0
4219 48.0 176.0 0 0
4220 44.0 164.0 0 0
4221 42.0 160.0 0 0
4222 44.0 162.0 0 0
4223 42.0 162.0 0 0
4224 40.0 162.0 0 0
4225 42.0 164.0 0 0
4226 40.0 164.0 0 0
4227 44.0 168.0 0 0
4228 44.0 166.0 0 0
4229 42.0 166.0 0 0
4230 40.0 166.0 0 0
4231 42.0 168.0 0 0
4232 40.0 168.0 0 0
4233 36.0 160.0 0 0
4234 36.0 164.0 0 0
4235 32.0 164.0 0 0
4236 36.0 168.0 0 0
4237 32.0 168.0 0 0
4238 44.0 172.0 0 0
4239 40.0 172.0 0 0
4240 44.0 176.0 0 0
4241 40.0 176.0 0 0
4242 38.0 168.0 0 0
4243 40.0 170.0 0 0
4244 38.0 170.0 0 0
4245 36.0 170.0 0 0
4246 38.0 172.0 0 0
4247 36.0 172.0 0 0
4248 32.0 172.0 0 0
4249 40.0 174.0 0 0
4250 38.0 174.0 0 0
4251 36.0 174.0 0 0
4252 38.0 176.0 0 0
4253 36.0 176.0 0 0
4254 32.0 176.0 0 0
4255 62.0 176.0 0 0
4256 64.0 178.0 0 0
4257 62.0 178.0 0 0
4258 60.0 178.0 0 0
4259 62.0 180.0 0 0
4260 60.0 180.0 0 0
4261 56.0 180.0 0 0
4262 60.0 184.0 0 0
4263 58.0 180.0 0 0
4264 60.0 182.0 0 0
4265 58.0 182.0 0 0
4266 56.0 182.0 0 0
4267 58.0 184.0 0 0
4268 56.0 184.0 0 0
4269 52.0 180.0 0 0
4270 52.0 178.0 0 0
4271 50.0 178.0 0 0
4272 49.0 176.0 0 0
4273 50.0 177.0 0 0
4274 49.0 177.0 0 0
4275 48.0 177.0 0 0
4276 49.0 178.0 0 0
4277 48.0 178.0 0 0
4278 50.0 180.0 0 0
4279 48.0 180.0 0 0
4280 52.0 184.0 0 0
4281 52.0 182.0 0 0
4282 50.0 182.0 0 0
4283 48.0 182.0 0 0
4284 50.0 184.0 0 0
4285 48.0 184.0 0 0
4286 64.0 188.0 0 0
4287 60.0 188.0 0 0
4288 56.0 188.0 0 0
4289 60.0 192.0 0 0
4290 56.0 192.0 0 0
4291 52.0 188.0 0 0
4292 48.0 188.0 0 0
4293 54.0 188.0 0 0
4294 56.0 190.0 0 0
4295 54.0 190.0 0 0
4296 52.0 190.0 0 0
4297 54.0 192.0 0 0
4298 52.0 192.0 0 0
4299 48.0 192.0 0 0
4300 46.0 176.0 0 0
4301 46.0 178.0 0 0
4302 44.0 178.0 0 0
4303 46.0 180.0 0 0
4304 44.0 180.0 0 0
4305 40.0 180.0 0 0
4306 47.0 180.0 0 0
4307 48.0 181.0 0 0
4308 47.0 181.0 0 0
4309 46.0 181.0 0 0
4310 47.0 182.0 0 0
4311 46.0 182.0 0 0
4312 44.0 182.0 0 0
4313 48.0 183.0 0 0
4314 47.0 183.0 0 0
4315 46.0 183.0 0 0
4316 47.0 184.0 0 0
4317 46.0 184.0 0 0
4318 44.0 184.0 0 0
4319 40.0 184.0 0 0
4320 36.0 180.0 0 0
4321 32.0 180.0 0 0
4322 36.0 184.0 0 0
4323 34.0 180.0 0 0
4324 36.0 182.0 0 0
4325 34.0 182.0 0 0
4326 32.0 182.0 0 0
4327 34.0 184.0 0 0
4328 32.0 184.0 0 0
4329 48.0 186.0 0 0
4330 46.0 186.0 0 0
4331 44.0 186.0 0 0
4332 46.0 188.0 0 0
4333 45.0 186.0 0 0
4334 46.0 187.0 0 0
4335 45.0 187.0 0 0
4336 44.0 187.0 0 0
4337 45.0 188.0 0 0
4338 44.0 188.0 0 0
4339 42.0 184.0 0 0
4340 42.0 186.0 0 0
4341 40.0 186.0 0 0
4342 42.0 188.0 0 0
4343 40.0 188.0 0 0
4344 48.0 190.0 0 0
4345 46.0 190.0 0 0
4346 44.0 190.0 0 0
4347 46.0 192.0 0 0
4348 44.0 192.0 0 0
4349 43.0 188.0 0 0
4350 44.0 189.0 0 0
4351 43.0 189.0 0 0
4352 42.0 189.0 0 0
4353 43.0 190.0 0 0
4354 42.0 190.0 0 0
4355 40.0 190.0 0 0
4356 44.0 191.0 0 0
4357 43.0 191.0 0 0
4358 42.0 191.0 0 0
4359 43.0 192.0 0 0
4360 42.0 192.0 0 0
4361 40.0 192.0 0 0
4362 36.0 188.0 0 0
4363 36.0 186.0 0 0
4364 34.0 186.0 0 0
4365 32.0 186.0 0 0
4366 34.0 188.0 0 0
4367 32.0 188.0 0 0
4368 36.0 192.0 0 0
4369 36.0 190.0 0 0
4370 34.0 190.0 0 0
4371 32.0 190.0 0 0
4372 34.0 192.0 0 0
4373 32.0 192.0 0 0
4374 24.0 160.0 0 0
4375 24.0 168.0 0 0
4376 16.0 168.0 0 0
4377 24.0 176.0 0 0
4378 16.0 176.0 0 0
4379 0.0 176.0 0 0
4380 28.0 176.0 0 0
4381 28.0 180.0 0 0
4382 24.0 180.0 0 0
4383 28.0 184.0 0 0
4384 24.0 184.0 0 0
4385 16.0 184.0 0 0
4386 28.0 188.0 0 0
4387 24.0 188.0 0 0
4388 28.0 192.0 0 0
4389 24.0 192.0 0 0
4390 16.0 192.0 0 0
4391 0.0 192.0 0 0
4392 112.0 208.0 0 0
4393 96.0 208.0 0 0
4394 120.0 208.0 0 0
4395 120.0 216.0 0 0
4396 112.0 216.0 0 0
4397 120.0 224.0 0 0
4398 112.0 224.0 0 0
4399 96.0 224.0 0 0
4400 80.0 208.0 0 0
4401 80.0 200.0 0 0
4402 72.0 200.0 0 0
4403 64.0 200.0 0 0
4404 72.0 208.0 0 0
4405 64.0 208.0 0 0
4406 80.0 224.0 0 0
4407 64.0 224.0 0 0
4408 112.0 240.0 0 0
4409 96.0 240.0 0 0
4410 120.0 240.0 0 0
4411 120.0 248.0 0 0
4412 112.0 248.0 0 0
4413 120.0 256.0 0 0
4414 112.0 256.0 0 0
4415 96.0 256.0 0 0
4416 80.0 240.0 0 0
4417 64.0 240.0 0 0
4418 80.0 256.0 0 0
4419 64.0 256.0 0 0
4420 64.0 196.0 0 0
4421 60.0 196.0 0 0
4422 56.0 196.0 0 0
4423 60.0 200.0 0 0
4424 56.0 200.0 0 0
4425 56.0 194.0 0 0
4426 54.0 194.0 0 0
4427 52.0 194.0 0 0
4428 54.0 196.0 0 0
4429 52.0 196.0 0 0
4430 48.0 196.0 0 0
4431 56.0 198.0 0 0
4432 54.0 198.0 0 0
4433 52.0 198.0 0 0
4434 54.0 200.0 0 0
4435 53.0 198.0 0 0
4436 54.0 199.0 0 0
4437 53.0 199.0 0 0
4438 52.0 199.0 0 0
4439 53.0 200.0 0 0
4440 52.0 200.0 0 0
4441 50.0 196.0 0 0
4442 50.0 198.0 0 0
4443 48.0 198.0 0 0
4444 50.0 200.0 0 0
4445 48.0 200.0 0 0
4446 64.0 204.0 0 0
4447 60.0 204.0 0 0
4448 56.0 204.0 0 0
4449 60.0 208.0 0 0
4450 56.0 208.0 0 0
4451 56.0 202.0 0 0
4452 54.0 202.0 0 0
4453 54.0 201.0 0 0
4454 53.0 201.0 0 0
4455 52.0 201.0 0 0
4456 53.0 202.0 0 0
4457 52.0 202.0 0 0
4458 54.0 204.0 0 0
4459 52.0 204.0 0 0
4460 50.0 202.0 0 0
4461 48.0 202.0 0 0
4462 50.0 204.0 0 0
4463 48.0 204.0 0 0
4464 52.0 208.0 0 0
4465 52.0 206.0 0 0
4466 50.0 206.0 0 0
4467 48.0 206.0 0 0
4468 50.0 208.0 0 0
4469 48.0 208.0 0 0
4470 44.0 196.0 0 0
4471 44.0 194.0 0 0
4472 42.0 194.0 0 0
4473 41.0 192.0 0 0
4474 42.0 193.0 0 0
4475 41.0 193.0 0 0
4476 40.0 193.0 0 0
4477 41.0 194.0 0 0
4478 40.0 194.0 0 0
4479 42.0 196.0 0 0
4480 42.0 195.0 0 0
4481 41.0 195.0 0 0
4482 40.0 195.0 0 0
4483 41.0 196.0 0 0
4484 40.0 196.0 0 0
4485 44.0 200.0 0 0
4486 44.0 198.0 0 0
4487 42.0 198.0 0 0
4488 40.0 198.0 0 0
4489 42.0 200.0 0 0
4490 40.0 200.0 0 0
4491 38.0 192.0 0 0
4492 38.0 194.0 0 0
4493 36.0 194.0 0 0
4494 38.0 196.0 0 0
4495 36.0 196.0 0 0
4496 32.0 196.0 0 0
4497 39.0 196.0 0 0
4498 40.0 197.0 0 0
4499 39.0 197.0 0 0
4500 38.0 197.0 0 0
4501 39.0 198.0 0 0
4502 38.0 198.0 0 0
4503 36.0 198.0 0 0
4504 40.0 199.0 0 0
4505 39.0 199.0 0 0
4506 38.0 199.0 0 0
4507 39.0 200.0 0 0
4508 38.0 200.0 0 0
4509 36.0 200.0 0 0
4510 32.0 200.0 0 0
4511 44.0 204.0 0 0
4512 40.0 204.0 0 0
4513 44.0 208.0 0 0
4514 40.0 208.0 0 0
4515 40.0 202.0 0 0
4516 38.0 202.0 0 0
4517 37.0 200.0 0 0
4518 38.0 201.0 0 0
4519 37.0 201.0 0 0
4520 36.0 201.0 0 0
4521 37.0 202.0 0 0
4522 36.0 202.0 0 0
4523 38.0 204.0 0 0
4524 38.0 203.0 0 0
4525 37.0 203.0 0 0
4526 36.0 203.0 0 0
4527 37.0 204.0 0 0
4528 36.0 204.0 0 0
4529 34.0 200.0 0 0
4530 34.0 202.0 0 0
4531 32.0 202.0 0 0
4532 34.0 204.0 0 0
4533 32.0 204.0 0 0
4534 40.0 206.0 0 0
4535 38.0 206.0 0 0
4536 36.0 206.0 0 0
4537 38.0 208.0 0 0
4538 36.0 208.0 0 0
4539 35.0 204.0 0 0
4540 36.0 205.0 0 0
4541 35.0 205.0 0 0
4542 34.0 205.0 0 0
4543 35.0 206.0 0 0
4544 34.0 206.0 0 0
4545 32.0 206.0 0 0
4546 36.0 207.0 0 0
4547 35.0 207.0 0 0
4548 34.0 207.0 0 0
4549 35.0 208.0 0 0
4550 34.0 208.0 0 0
4551 32.0 208.0 0 0
4552 64.0 216.0 0 0
4553 56.0 216.0 0 0
4554 56.0 212.0 0 0
4555 52.0 212.0 0 0
4556 48.0 212.0 0 0
4557 52.0 216.0 0 0
4558 48.0 216.0 0 0
4559 56.0 224.0 0 0
4560 56.0 220.0 0 0
4561 52.0 220.0 0 0
4562 48.0 220.0 0 0
4563 52.0 224.0 0 0
4564 48.0 224.0 0 0
4565 44.0 212.0 0 0
4566 40.0 212.0 0 0
4567 46.0 212.0 0 0
4568 48.0 214.0 0 0
4569 46.0 214.0 0 0
4570 44.0 214.0 0 0
4571 46.0 216.0 0 0
4572 44.0 216.0 0 0
4573 40.0 216.0 0 0
4574 36.0 212.0 0 0
4575 36.0 210.0 0 0
4576 34.0 210.0 0 0
4577 32.0 210.0 0 0
4578 34.0 212.0 0 0
4579 33.0 210.0 0 0
4580 34.0 211.0 0 0
4581 33.0 211.0 0 0
4582 32.0 211.0 0 0
4583 33.0 212.0 0 0
4584 32.0 212.0 0 0
4585 36.0 216.0 0 0
4586 36.0 214.0 0 0
4587 34.0 214.0 0 0
4588 34.0 213.0 0 0
4589 33.0 213.0 0 0
4590 32.0 213.0 0 0
4591 33.0 214.0 0 0
4592 32.0 214.0 0 0
4593 34.0 216.0 0 0
4594 34.0 215.0 0 0
4595 33.0 215.0 0 0
4596 32.0 215.0 0 0
4597 33.0 216.0 0 0
4598 32.0 216.0 0 0
4599 48.0 218.0 0 0
4600 46.0 218.0 0 0
4601 44.0 218.0 0 0
4602 46.0 220.0 0 0
4603 44.0 220.0 0 0
4604 40.0 220.0 0 0
4605 44.0 224.0 0 0
4606 40.0 224.0 0 0
4607 36.0 220.0 0 0
4608 36.0 218.0 0 0
4609 34.0 218.0 0 0
4610 32.0 218.0 0 0
4611 34.0 220.0 0 0
4612 32.0 220.0 0 0
4613 36.0 224.0 0 0
4614 36.0 222.0 0 0
4615 34.0 222.0 0 0
4616 32.0 222.0 0 0
4617 34.0 224.0 0 0
4618 32.0 224.0 0 0
4619 28.0 196.0 0 0
4620 24.0 196.0 0 0
4621 30.0 196.0 0 0
4622 32.0 198.0 0 0
4623 30.0 198.0 0 0
4624 28.0 198.0 0 0
4625 30.0 200.0 0 0
4626 28.0 200.0 0 0
4627 24.0 200.0 0 0
4628 16.0 200.0 0 0
4629 30.0 202.0 0 0
4630 28.0 202.0 0 0
4631 30.0 204.0 0 0
4632 28.0 204.0 0 0
4633 24.0 204.0 0 0
4634 30.0 206.0 0 0
4635 28.0 206.0 0 0
4636 30.0 208.0 0 0
4637 28.0 208.0 0 0
4638 24.0 208.0 0 0
4639 16.0 208.0 0 0
4640 0.0 208.0 0 0
4641 30.0 210.0 0 0
4642 28.0 210.0 0 0
4643 30.0 212.0 0 0
4644 28.0 212.0 0 0
4645 24.0 212.0 0 0
4646 30.0 214.0 0 0
4647 28.0 214.0 0 0
4648 30.0 216.0 0 0
4649 28.0 216.0 0 0
4650 24.0 216.0 0 0
4651 16.0 216.0 0 0
4652 31.0 216.0 0 0
4653 32.0 217.0 0 0
4654 31.0 217.0 0 0
4655 30.0 217.0 0 0
4656 31.0 218.0 0 0
4657 30.0 218.0 0 0
4658 28.0 218.0 0 0
4659 32.0 219.0 0 0
4660 31.0 219.0 0 0
4661 30.0 219.0 0 0
4662 31.0 220.0 0 0
4663 30.0 220.0 0 0
4664 28.0 220.0 0 0
4665 26.0 216.0 0 0
4666 26.0 218.0 0 0
4667 24.0 218.0 0 0
4668 26.0 220.0 0 0
4669 24.0 220.0 0 0
4670 32.0 221.0 0 0
4671 31.0 221.0 0 0
4672 30.0 221.0 0 0
4673 31.0 222.0 0 0
4674 30.0 222.0 0 0
4675 28.0 222.0 0 0
4676 30.0 224.0 0 0
4677 28.0 224.0 0 0
4678 26.0 222.0 0 0
4679 24.0 222.0 0 0
4680 26.0 224.0 0 0
4681 24.0 224.0 0 0
4682 20.0 216.0 0 0
4683 20.0 220.0 0 0
4684 16.0 220.0 0 0
4685 20.0 224.0 0 0
4686 16.0 224.0 0 0
4687 8.0 208.0 0 0
4688 8.0 216.0 0 0
4689 0.0 216.0 0 0
4690 8.0 224.0 0 0
4691 0.0 224.0 0 0
4692 64.0 232.0 0 0
4693 56.0 232.0 0 0
4694 48.0 232.0 0 0
4695 56.0 240.0 0 0
4696 52.0 232.0 0 0
4697 56.0 236.0 0 0
4698 52.0 236.0 0 0
4699 48.0 236.0 0 0
4700 52.0 240.0 0 0
4701 48.0 240.0 0 0
4702 48.0 228.0 0 0
4703 44.0 228.0 0 0
4704 40.0 228.0 0 0
4705 44.0 232.0 0 0
4706 42.0 228.0 0 0
4707 44.0 230.0 0 0
4708 42.0 230.0 0 0
4709 40.0 230.0 0 0
4710 42.0 232.0 0 0
4711 40.0 232.0 0 0
4712 36.0 228.0 0 0
4713 32.0 228.0 0 0
4714 36.0 232.0 0 0
4715 32.0 232.0 0 0
4716 44.0 236.0 0 0
4717 44.0 234.0 0 0
4718 42.0 234.0 0 0
4719 40.0 234.0 0 0
4720 42.0 236.0 0 0
4721 40.0 236.0 0 0
4722 46.0 236.0 0 0
4723 48.0 238.0 0 0
4724 46.0 238.0 0 0
4725 44.0 238.0 0 0
4726 46.0 240.0 0 0
4727 44.0 240.0 0 0
4728 42.0 238.0 0 0
4729 40.0 238.0 0 0
4730 42.0 240.0 0 0
4731 40.0 240.0 0 0
4732 36.0 236.0 0 0
4733 32.0 236.0 0 0
4734 36.0 240.0 0 0
4735 32.0 240.0 0 0
4736 64.0 248.0 0 0
4737 56.0 248.0 0 0
4738 48.0 248.0 0 0
4739 56.0 256.0 0 0
4740 48.0 256.0 0 0
4741 48.0 244.0 0 0
4742 44.0 244.0 0 0
4743 44.0 242.0 0 0
4744 42.0 242.0 0 0
4745 40.0 242.0 0 0
4746 42.0 244.0 0 0
4747 40.0 244.0 0 0
4748 44.0 248.0 0 0
4749 44.0 246.0 0 0
4750 42.0 246.0 0 0
4751 40.0 246.0 0 0
4752 42.0 248.0 0 0
4753 40.0 248.0 0 0
4754 36.0 244.0 0 0
4755 32.0 244.0 0 0
4756 36.0 248.0 0 0
4757 32.0 248.0 0 0
4758 48.0 252.0 0 0
4759 44.0 252.0 0 0
4760 44.0 250.0 0 0
4761 42.0 250.0 0 0
4762 40.0 250.0 0 0
4763 42.0 252.0 0 0
4764 40.0 252.0 0 0
4765 44.0 256.0 0 0
4766 40.0 256.0 0 0
4767 36.0 252.0 0 0
4768 32.0 252.0 0 0
4769 36.0 256.0 0 0
4770 32.0 256.0 0 0
4771 32.0 226.0 0 0
4772 30.0 226.0 0 0
4773 29.0 224.0 0 0
4774 30.0 225.0 0 0
4775 29.0 225.0 0 0
4776 28.0 225.0 0 0
4777 29.0 226.0 0 0
4778 28.0 226.0 0 0
4779 30.0 228.0 0 0
4780 30.0 227.0 0 0
4781 29.0 227.0 0 0
4782 28.0 227.0 0 0
4783 29.0 228.0 0 0
4784 28.0 228.0 0 0
4785 26.0 226.0 0 0
4786 24.0 226.0 0 0
4787 26.0 228.0 0 0
4788 24.0 228.0 0 0
4789 32.0 230.0 0 0
4790 30.0 230.0 0 0
4791 28.0 230.0 0 0
4792 30.0 232.0 0 0
4793 28.0 232.0 0 0
4794 26.0 230.0 0 0
4795 24.0 230.0 0 0
4796 26.0 232.0 0 0
4797 24.0 232.0 0 0
4798 20.0 228.0 0 0
4799 16.0 228.0 0 0
4800 20.0 232.0 0 0
4801 16.0 232.0 0 0
4802 32.0 234.0 0 0
4803 30.0 234.0 0 0
4804 28.0 234.0 0 0
4805 30.0 236.0 0 0
4806 28.0 236.0 0 0
4807 27.0 232.0 0 0
4808 28.0 233.0 0 0
4809 27.0 233.0 0 0
4810 26.0 233.0 0 0
4811 27.0 234.0 0 0
4812 26.0 234.0 0 0
4813 24.0 234.0 0 0
4814 26.0 236.0 0 0
4815 24.0 236.0 0 0
4816 28.0 240.0 0 0
4817 28.0 238.0 0 0
4818 26.0 238.0 0 0
4819 24.0 238.0 0 0
4820 26.0 240.0 0 0
4821 24.0 240.0 0 0
4822 22.0 232.0 0 0
4823 22.0 234.0 0 0
4824 20.0 234.0 0 0
4825 22.0 236.0 0 0
4826 20.0 236.0 0 0
4827 16.0 236.0 0 0
4828 20.0 240.0 0 0
4829 16.0 240.0 0 0
4830 8.0 232.0 0 0
4831 0.0 232.0 0 0
4832 8.0 240.0 0 0
4833 0.0 240.0 0 0
4834 30.0 240.0 0 0
4835 32.0 242.0 0 0
4836 30.0 242.0 0 0
4837 28.0 242.0 0 0
4838 30.0 244.0 0 0
4839 28.0 244.0 0 0
4840 27.0 240.0 0 0
4841 28.0 241.0 0 0
4842 27.0 241.0 0 0
4843 26.0 241.0 0 0
4844 27.0 242.0 0 0
4845 26.0 242.0 0 0
4846 24.0 242.0 0 0
4847 26.0 244.0 0 0
4848 24.0 244.0 0 0
4849 28.0 248.0 0 0
4850 28.0 246.0 0 0
4851 26.0 246.0 0 0
4852 24.0 246.0 0 0
4853 26.0 248.0 0 0
4854 24.0 248.0 0 0
4855 22.0 240.0 0 0
4856 22.0 242.0 0 0
4857 20.0 242.0 0 0
4858 22.0 244.0 0 0
4859 20.0 244.0 0 0
4860 16.0 244.0 0 0
4861 22.0 246.0 0 0
4862 20.0 246.0 0 0
4863 22.0 248.0 0 0
4864 20.0 248.0 0 0
4865 16.0 248.0 0 0
4866 28.0 252.0 0 0
4867 28.0 250.0 0 0
4868 26.0 250.0 0 0
4869 24.0 250.0 0 0
4870 26.0 252.0 0 0
4871 24.0 252.0 0 0
4872 28.0 256.0 0 0
4873 28.0 254.0 0 0
4874 26.0 254.0 0 0
4875 24.0 254.0 0 0
4876 26.0 256.0 0 0
4877 24.0 256.0 0 0
4878 22.0 250.0 0 0
4879 20.0 250.0 0 0
4880 22.0 252.0 0 0
4881 20.0 252.0 0 0
4882 16.0 252.0 0 0
4883 22.0 254.0 0 0
4884 20.0 254.0 0 0
4885 22.0 256.0 0 0
4886 20.0 256.0 0 0
4887 16.0 256.0 0 0
4888 8.0 248.0 0 0
4889 0.0 248.0 0 0
4890 8.0 256.0 0 0
4891 0.0 256.0 0 0
4892 512.0 320.0 0 0
4893 448.0 320.0 0 0
4894 448.0 288.0 0 0
4895 416.0 288.0 0 0
4896 416.0 272.0 0 0
4897 400.0 272.0 0 0
4898 400.0 264.0 0 0
4899 392.0 264.0 0 0
4900 384.0 264.0 0 0
4901 392.0 272.0 0 0
4902 384.0 272.0 0 0
4903 400.0 288.0 0 0
4904 400.0 280.0 0 0
4905 392.0 280.0 0 0
4906 384.0 280.0 0 0
4907 392.0 288.0 0 0
4908 384.0 288.0 0 0
4909 416.0 320.0 0 0
4910 416.0 304.0 0 0
4911 400.0 304.0 0 0
4912 400.0 296.0 0 0
4913 392.0 296.0 0 0
4914 384.0 296.0 0 0
4915 392.0 304.0 0 0
4916 384.0 304.0 0 0
4917 400.0 320.0 0 0
4918 400.0 312.0 0 0
4919 392.0 312.0 0 0
4920 384.0 312.0 0 0
4921 392.0 320.0 0 0
4922 384.0 320.0 0 0
4923 512.0 384.0 0 0
4924 448.0 384.0 0 0
4925 448.0 352.0 0 0
4926 416.0 352.0 0 0
4927 416.0 336.0 0 0
4928 400.0 336.0 0 0
4929 400.0 328.0 0 0
4930 392.0 328.0 0 0
4931 384.0 328.0 0 0
4932 392.0 336.0 0 0
4933 384.0 336.0 0 0
4934 400.0 352.0 0 0
4935 400.0 344.0 0 0
4936 392.0 344.0 0 0
4937 384.0 344.0 0 0
4938 392.0 352.0 0 0
4939 384.0 352.0 0 0
4940 416.0 384.0 0 0
4941 416.0 368.0 0 0
4942 400.0 368.0 0 0
4943 400.0 360.0 0 0
4944 392.0 360.0 0 0
4945 384.0 360.0 0 0
4946 392.0 368.0 0 0
4947 384.0 368.0 0 0
4948 400.0 384.0 0 0
4949 400.0 376.0 0 0
4950 392.0 376.0 0 0
4951 384.0 376.0 0 0
4952 392.0 384.0 0 0
4953 384.0 384.0 0 0
4954 384.0 260.0 0 0
4955 380.0 260.0 0 0
4956 380.0 258.0 0 0
4957 378.0 258.0 0 0
4958 376.0 258.0 0 0
4959 378.0 260.0 0 0
4960 376.0 260.0 0 0
4961 380.0 264.0 0 0
4962 376.0 264.0 0 0
4963 374.0 258.0 0 0
4964 372.0 258.0 0 0
4965 374.0 260.0 0 0
4966 372.0 260.0 0 0
4967 368.0 260.0 0 0
4968 372.0 264.0 0 0
4969 368.0 264.0 0 0
4970 384.0 268.0 0 0
4971 380.0 268.0 0 0
4972 376.0 268.0 0 0
4973 380.0 272.0 0 0
4974 376.0 272.0 0 0
4975 368.0 272.0 0 0
4976 364.0 256.0 0 0
4977 364.0 260.0 0 0
4978 360.0 260.0 0 0
4979 364.0 264.0 0 0
4980 362.0 260.0 0 0
4981 364.0 262.0 0 0
4982 362.0 262.0 0 0
4983 360.0 262.0 0 0
4984 362.0 264.0 0 0
4985 360.0 264.0 0 0
4986 358.0 256.0 0 0
4987 360.0 258.0 0 0
4988 358.0 258.0 0 0
4989 356.0 258.0 0 0
4990 358.0 260.0 0 0
4991 356.0 260.0 0 0
4992 352.0 260.0 0 0
4993 359.0 260.0 0 0
4994 360.0 261.0 0 0
4995 359.0 261.0 0 0
4996 358.0 261.0 0 0
4997 359.0 262.0 0 0
4998 358.0 262.0 0 0
4999 356.0 262.0 0 0
5000 358.0 264.0 0 0
5001 356.0 264.0 0 0
5002 352.0 264.0 0 0
5003 368.0 268.0 0 0
5004 364.0 268.0 0 0
5005 360.0 268.0 0 0
5006 364.0 272.0 0 0
5007 360.0 272.0 0 0
5008 360.0 266.0 0 0
5009 358.0 266.0 0 0
5010 356.0 266.0 0 0
5011 358.0 268.0 0 0
5012 356.0 268.0 0 0
5013 352.0 268.0 0 0
5014 360.0 270.0 0 0
5015 358.0 270.0 0 0
5016 356.0 270.0 0 0
5017 358.0 272.0 0 0
5018 356.0 272.0 0 0
5019 352.0 272.0 0 0
5020 384.0 276.0 0 0
5021 380.0 276.0 0 0
5022 376.0 276.0 0 0
5023 380.0 280.0 0 0
5024 378.0 276.0 0 0
5025 380.0 278.0 0 0
5026 378.0 278.0 0 0
5027 376.0 278.0 0 0
5028 378.0 280.0 0 0
5029 376.0 280.0 0 0
5030 372.0 272.0 0 0
5031 372.0 276.0 0 0
5032 368.0 276.0 0 0
5033 372.0 280.0 0 0
5034 368.0 280.0 0 0
5035 384.0 284.0 0 0
5036 380.0 284.0 0 0
5037 376.0 284.0 0 0
5038 380.0 288.0 0 0
5039 378.0 284.0 0 0
5040 380.0 286.0 0 0
5041 378.0 286.0 0 0
5042 376.0 286.0 0 0
5043 378.0 288.0 0 0
5044 376.0 288.0 0 0
5045 372.0 284.0 0 0
5046 368.0 284.0 0 0
5047 372.0 288.0 0 0
5048 368.0 288.0 0 0
5049 364.0 276.0 0 0
5050 360.0 276.0 0 0
5051 364.0 280.0 0 0
5052 360.0 280.0 0 0
5053 360.0 274.0 0 0
5054 358.0 274.0 0 0
5055 356.0 274.0 0 0
5056 358.0 276.0 0 0
5057 356.0 276.0 0 0
5058 352.0 276.0 0 0
5059 360.0 278.0 0 0
5060 358.0 278.0 0 0
5061 356.0 278.0 0 0
5062 358.0 280.0 0 0
5063 356.0 280.0 0 0
5064 352.0 280.0 0 0
5065 364.0 284.0 0 0
5066 360.0 284.0 0 0
5067 364.0 288.0 0 0
5068 360.0 288.0 0 0
5069 360.0 282.0 0 0
5070 358.0 282.0 0 0
5071 356.0 282.0 0 0
5072 358.0 284.0 0 0
5073 356.0 284.0 0 0
5074 352.0 284.0 0 0
5075 360.0 286.0 0 0
5076 358.0 286.0 0 0
5077 356.0 286.0 0 0
5078 358.0 288.0 0 0
5079 356.0 288.0 0 0
5080 352.0 288.0 0 0
5081 344.0 264.0 0 0
5082 336.0 264.0 0 0
5083 344.0 272.0 0 0
5084 336.0 272.0 0 0
5085 328.0 264.0 0 0
5086 320.0 264.0 0 0
5087 328.0 272.0 0 0
5088 324.0 264.0 0 0
5089 328.0 268.0 0 0
5090 324.0 268.0 0 0
5091 320.0 268.0 0 0
5092 324.0 272.0 0 0
5093 322.0 268.0 0 0
5094 324.0 270.0 0 0
5095 322.0 270.0 0 0
5096 320.0 270.0 0 0
5097 322.0 272.0 0 0
5098 320.0 272.0 0 0
5099 344.0 280.0 0 0
5100 336.0 280.0 0 0
5101 344.0 288.0 0 0
5102 336.0 288.0 0 0
5103 332.0 272.0 0 0
5104 336.0 276.0 0 0
5105 332.0 276.0 0 0
5106 328.0 276.0 0 0
5107 332.0 280.0 0 0
5108 330.0 276.0 0 0
5109 332.0 278.0 0 0
5110 330.0 278.0 0 0
5111 328.0 278.0 0 0
5112 330.0 280.0 0 0
5113 328.0 280.0 0 0
5114 324.0 276.0 0 0
5115 324.0 274.0 0 0
5116 322.0 274.0 0 0
5117 320.0 274.0 0 0
5118 322.0 276.0 0 0
5119 320.0 276.0 0 0
5120 324.0 280.0 0 0
5121 320.0 280.0 0 0
5122 336.0 284.0 0 0
5123 332.0 284.0 0 0
5124 328.0 284.0 0 0
5125 332.0 288.0 0 0
5126 328.0 288.0 0 0
5127 320.0 288.0 0 0
5128 384.0 292.0 0 0
5129 380.0 292.0 0 0
5130 380.0 290.0 0 0
5131 378.0 290.0 0 0
5132 376.0 290.0 0 0
5133 378.0 292.0 0 0
5134 376.0 292.0 0 0
5135 380.0 296.0 0 0
5136 380.0 294.0 0 0
5137 378.0 294.0 0 0
5138 376.0 294.0 0 0
5139 378.0 296.0 0 0
5140 376.0 296.0 0 0
5141 372.0 292.0 0 0
5142 368.0 292.0 0 0
5143 372.0 296.0 0 0
5144 368.0 296.0 0 0
5145 384.0 300.0 0 0
5146 380.0 300.0 0 0
5147 380.0 298.0 0 0
5148 378.0 298.0 0 0
5149 376.0 298.0 0 0
5150 378.0 300.0 0 0
5151 376.0 300.0 0 0
5152 380.0 304.0 0 0
5153 380.0 302.0 0 0
5154 378.0 302.0 0 0
5155 376.0 302.0 0 0
5156 378.0 304.0 0 0
5157 376.0 304.0 0 0
5158 372.0 300.0 0 0
5159 368.0 300.0 0 0
5160 374.0 300.0 0 0
5161 374.0 302.0 0 0
5162 372.0 302.0 0 0
5163 374.0 304.0 0 0
5164 372.0 304.0 0 0
5165 368.0 304.0 0 0
5166 360.0 296.0 0 0
5167 360.0 292.0 0 0
5168 356.0 292.0 0 0
5169 352.0 292.0 0 0
5170 356.0 296.0 0 0
5171 354.0 292.0 0 0
5172 356.0 294.0 0 0
5173 354.0 294.0 0 0
5174 352.0 294.0 0 0
5175 354.0 296.0 0 0
5176 352.0 296.0 0 0
5177 360.0 304.0 0 0
5178 360.0 300.0 0 0
5179 356.0 300.0 0 0
5180 356.0 298.0 0 0
5181 354.0 298.0 0 0
5182 352.0 298.0 0 0
5183 354.0 300.0 0 0
5184 352.0 300.0 0 0
5185 356.0 304.0 0 0
5186 356.0 302.0 0 0
5187 354.0 302.0 0 0
5188 352.0 302.0 0 0
5189 354.0 304.0 0 0
5190 352.0 304.0 0 0
5191 384.0 308.0 0 0
5192 380.0 308.0 0 0
5193 380.0 306.0 0 0
5194 378.0 306.0 0 0
5195 376.0 306.0 0 0
5196 378.0 308.0 0 0
5197 376.0 308.0 0 0
5198 380.0 312.0 0 0
5199 380.0 310.0 0 0
5200 378.0 310.0 0 0
5201 376.0 310.0 0 0
5202 378.0 312.0 0 0
5203 376.0 312.0 0 0
5204 374.0 306.0 0 0
5205 372.0 306.0 0 0
5206 374.0 308.0 0 0
5207 372.0 308.0 0 0
5208 368.0 308.0 0 0
5209 374.0 310.0 0 0
5210 372.0 310.0 0 0
5211 374.0 312.0 0 0
5212 372.0 312.0 0 0
5213 368.0 312.0 0 0
5214 384.0 316.0 0 0
5215 380.0 316.0 0 0
5216 380.0 314.0 0 0
5217 378.0 314.0 0 0
5218 376.0 314.0 0 0
5219 378.0 316.0 0 0
5220 376.0 316.0 0 0
5221 380.0 320.0 0 0
5222 380.0 318.0 0 0
5223 378.0 318.0 0 0
5224 376.0 318.0 0 0
5225 378.0 320.0 0 0
5226 376.0 320.0 0 0
5227 374.0 314.0 0 0
5228 372.0 314.0 0 0
5229 374.0 316.0 0 0
5230 372.0 316.0 0 0
5231 368.0 316.0 0 0
5232 374.0 318.0 0 0
5233 372.0 318.0 0 0
5234 374.0 320.0 0 0
5235 372.0 320.0 0 0
5236 368.0 320.0 0 0
5237 360.0 312.0 0 0
5238 360.0 308.0 0 0
5239 356.0 308.0 0 0
5240 352.0 308.0 0 0
5241 356.0 312.0 0 0
5242 352.0 312.0 0 0
5243 360.0 320.0 0 0
5244 352.0 320.0 0 0
5245 348.0 288.0 0 0
5246 348.0 292.0 0 0
5247 344.0 292.0 0 0
5248 348.0 296.0 0 0
5249 344.0 296.0 0 0
5250 336.0 296.0 0 0
5251 348.0 300.0 0 0
5252 344.0 300.0 0 0
5253 350.0 300.0 0 0
5254 350.0 302.0 0 0
5255 348.0 302.0 0 0
5256 351.0 302.0 0 0
5257 352.0 303.0 0 0
5258 351.0 303.0 0 0
5259 350.0 303.0 0 0
5260 351.0 304.0 0 0
5261 350.0 304.0 0 0
5262 348.0 304.0 0 0
5263 344.0 304.0 0 0
5264 336.0 304.0 0 0
5265 328.0 296.0 0 0
5266 320.0 296.0 0 0
5267 328.0 304.0 0 0
5268 320.0 304.0 0 0
5269 352.0 306.0 0 0
5270 350.0 306.0 0 0
5271 349.0 304.0 0 0
5272 350.0 305.0 0 0
5273 349.0 305.0 0 0
5274 348.0 305.0 0 0
5275 349.0 306.0 0 0
5276 348.0 306.0 0 0
5277 350.0 308.0 0 0
5278 350.0 307.0 0 0
5279 349.0 307.0 0 0
5280 348.0 307.0 0 0
5281 349.0 308.0 0 0
5282 348.0 308.0 0 0
5283 346.0 304.0 0 0
5284 346.0 306.0 0 0
5285 344.0 306.0 0 0
5286 346.0 308.0 0 0
5287 344.0 308.0 0 0
5288 352.0 310.0 0 0
5289 350.0 310.0 0 0
5290 348.0 310.0 0 0
5291 350.0 312.0 0 0
5292 348.0 312.0 0 0
5293 347.0 308.0 0 0
5294 348.0 309.0 0 0
5295 347.0 309.0 0 0
5296 346.0 309.0 0 0
5297 347.0 310.0 0 0
5298 346.0 310.0 0 0
5299 344.0 310.0 0 0
5300 346.0 312.0 0 0
5301 345.0 310.0 0 0
5302 346.0 311.0 0 0
5303 345.0 311.0 0 0
5304 344.0 311.0 0 0
5305 345.0 312.0 0 0
5306 344.0 312.0 0 0
5307 340.0 304.0 0 0
5308 340.0 308.0 0 0
5309 336.0 308.0 0 0
5310 342.0 308.0 0 0
5311 342.0 310.0 0 0
5312 340.0 310.0 0 0
5313 342.0 312.0 0 0
5314 340.0 312.0 0 0
5315 336.0 312.0 0 0
5316 352.0 316.0 0 0
5317 348.0 316.0 0 0
5318 348.0 314.0 0 0
5319 346.0 314.0 0 0
5320 346.0 313.0 0 0
5321 345.0 313.0 0 0
5322 344.0 313.0 0 0
5323 345.0 314.0 0 0
5324 344.0 314.0 0 0
5325 346.0 316.0 0 0
5326 344.0 316.0 0 0
5327 348.0 320.0 0 0
5328 344.0 320.0 0 0
5329 342.0 314.0 0 0
5330 340.0 314.0 0 0
5331 342.0 316.0 0 0
5332 340.0 316.0 0 0
5333 338.0 312.0 0 0
5334 338.0 314.0 0 0
5335 336.0 314.0 0 0
5336 338.0 316.0 0 0
5337 336.0 316.0 0 0
5338 344.0 318.0 0 0
5339 342.0 318.0 0 0
5340 340.0 318.0 0 0
5341 342.0 320.0 0 0
5342 340.0 320.0 0 0
5343 336.0 320.0 0 0
5344 328.0 312.0 0 0
5345 320.0 312.0 0 0
5346 332.0 312.0 0 0
5347 332.0 316.0 0 0
5348 328.0 316.0 0 0
5349 332.0 320.0 0 0
5350 328.0 320.0 0 0
5351 320.0 320.0 0 0
5352 312.0 256.0 0 0
5353 312.0 264.0 0 0
5354 304.0 264.0 0 0
5355 316.0 264.0 0 0
5356 316.0 268.0 0 0
5357 312.0 268.0 0 0
5358 318.0 268.0 0 0
5359 318.0 270.0 0 0
5360 316.0 270.0 0 0
5361 318.0 272.0 0 0
5362 316.0 272.0 0 0
5363 312.0 272.0 0 0
5364 304.0 272.0 0 0
5365 296.0 256.0 0 0
5366 296.0 264.0 0 0
5367 288.0 264.0 0 0
5368 296.0 272.0 0 0
5369 288.0 272.0 0 0
5370 316.0 276.0 0 0
5371 312.0 276.0 0 0
5372 316.0 280.0 0 0
5373 312.0 280.0 0 0
5374 304.0 280.0 0 0
5375 312.0 288.0 0 0
5376 308.0 280.0 0 0
5377 312.0 284.0 0 0
5378 308.0 284.0 0 0
5379 304.0 284.0 0 0
5380 308.0 288.0 0 0
5381 304.0 288.0 0 0
5382 300.0 272.0 0 0
5383 304.0 276.0 0 0
5384 300.0 276.0 0 0
5385 296.0 276.0 0 0
5386 300.0 280.0 0 0
5387 296.0 280.0 0 0
5388 292.0 272.0 0 0
5389 292.0 276.0 0 0
5390 288.0 276.0 0 0
5391 294.0 276.0 0 0
5392 296.0 278.0 0 0
5393 294.0 278.0 0 0
5394 292.0 278.0 0 0
5395 294.0 280.0 0 0
5396 292.0 280.0 0 0
5397 290.0 276.0 0 0
5398 290.0 278.0 0 0
5399 288.0 278.0 0 0
5400 290.0 280.0 0 0
5401 288.0 280.0 0 0
5402 302.0 280.0 0 0
5403 304.0 282.0 0 0
5404 302.0 282.0 0 0
5405 300.0 282.0 0 0
5406 302.0 284.0 0 0
5407 300.0 284.0 0 0
5408 298.0 280.0 0 0
5409 298.0 282.0 0 0
5410 296.0 282.0 0 0
5411 298.0 284.0 0 0
5412 297.0 282.0 0 0
5413 298.0 283.0 0 0
5414 297.0 283.0 0 0
5415 296.0 283.0 0 0
5416 297.0 284.0 0 0
5417 296.0 284.0 0 0
5418 304.0 286.0 0 0
5419 302.0 286.0 0 0
5420 300.0 286.0 0 0
5421 302.0 288.0 0 0
5422 300.0 288.0 0 0
5423 298.0 286.0 0 0
5424 296.0 286.0 0 0
5425 298.0 288.0 0 0
5426 296.0 288.0 0 0
5427 294.0 282.0 0 0
5428 292.0 282.0 0 0
5429 294.0 284.0 0 0
5430 292.0 284.0 0 0
5431 288.0 284.0 0 0
5432 294.0 286.0 0 0
5433 292.0 286.0 0 0
5434 294.0 288.0 0 0
5435 292.0 288.0 0 0
5436 288.0 288.0 0 0
5437 280.0 256.0 0 0
5438 280.0 264.0 0 0
5439 272.0 264.0 0 0
5440 280.0 272.0 0 0
5441 276.0 264.0 0 0
5442 280.0 268.0 0 0
5443 276.0 268.0 0 0
5444 272.0 268.0 0 0
5445 276.0 272.0 0 0
5446 272.0 272.0 0 0
5447 264.0 256.0 0 0
5448 264.0 264.0 0 0
5449 256.0 264.0 0 0
5450 264.0 272.0 0 0
5451 256.0 272.0 0 0
5452 284.0 272.0 0 0
5453 284.0 276.0 0 0
5454 280.0 276.0 0 0
5455 284.0 280.0 0 0
5456 280.0 280.0 0 0
5457 272.0 280.0 0 0
5458 280.0 288.0 0 0
5459 272.0 288.0 0 0
5460 256.0 288.0 0 0
5461 312.0 296.0 0 0
5462 312.0 292.0 0 0
5463 308.0 292.0 0 0
5464 304.0 292.0 0 0
5465 308.0 296.0 0 0
5466 304.0 296.0 0 0
5467 312.0 304.0 0 0
5468 304.0 304.0 0 0
5469 304.0 290.0 0 0
5470 302.0 290.0 0 0
5471 300.0 290.0 0 0
5472 302.0 292.0 0 0
5473 300.0 292.0 0 0
5474 296.0 292.0 0 0
5475 304.0 294.0 0 0
5476 302.0 294.0 0 0
5477 300.0 294.0 0 0
5478 302.0 296.0 0 0
5479 300.0 296.0 0 0
5480 296.0 296.0 0 0
5481 296.0 290.0 0 0
5482 294.0 290.0 0 0
5483 292.0 290.0 0 0
5484 294.0 292.0 0 0
5485 292.0 292.0 0 0
5486 288.0 292.0 0 0
5487 296.0 294.0 0 0
5488 294.0 294.0 0 0
5489 292.0 294.0 0 0
5490 294.0 296.0 0 0
5491 292.0 296.0 0 0
5492 288.0 296.0 0 0
5493 304.0 300.0 0 0
5494 300.0 300.0 0 0
5495 298.0 296.0 0 0
5496 300.0 298.0 0 0
5497 298.0 298.0 0 0
5498 296.0 298.0 0 0
5499 298.0 300.0 0 0
5500 296.0 300.0 0 0
5501 300.0 304.0 0 0
5502 296.0 304.0 0 0
5503 292.0 300.0 0 0
5504 288.0 300.0 0 0
5505 294.0 300.0 0 0
5506 296.0 302.0 0 0
5507 294.0 302.0 0 0
5508 292.0 302.0 0 0
5509 294.0 304.0 0 0
5510 292.0 304.0 0 0
5511 288.0 304.0 0 0
5512 312.0 312.0 0 0
5513 304.0 312.0 0 0
5514 312.0 320.0 0 0
5515 304.0 320.0 0 0
5516 304.0 308.0 0 0
5517 300.0 308.0 0 0
5518 296.0 308.0 0 0
5519 300.0 312.0 0 0
5520 296.0 312.0 0 0
5521 292.0 308.0 0 0
5522 288.0 308.0 0 0
5523 292.0 312.0 0 0
5524 288.0 312.0 0 0
5525 296.0 320.0 0 0
5526 288.0 320.0 0 0
5527 280.0 296.0 0 0
5528 272.0 296.0 0 0
5529 280.0 304.0 0 0
5530 272.0 304.0 0 0
5531 256.0 304.0 0 0
5532 280.0 312.0 0 0
5533 272.0 312.0 0 0
5534 280.0 320.0 0 0
5535 272.0 320.0 0 0
5536 256.0 320.0 0 0
5537 384.0 324.0 0 0
5538 380.0 324.0 0 0
5539 380.0 322.0 0 0
5540 378.0 322.0 0 0
5541 376.0 322.0 0 0
5542 378.0 324.0 0 0
5543 376.0 324.0 0 0
5544 380.0 328.0 0 0
5545 380.0 326.0 0 0
5546 378.0 326.0 0 0
5547 376.0 326.0 0 0
5548 378.0 328.0 0 0
5549 376.0 328.0 0 0
5550 374.0 322.0 0 0
5551 372.0 322.0 0 0
5552 374.0 324.0 0 0
5553 373.0 322.0 0 0
5554 374.0 323.0 0 0
5555 373.0 323.0 0 0
5556 372.0 323.0 0 0
5557 373.0 324.0 0 0
5558 372.0 324.0 0 0
5559 370.0 320.0 0 0
5560 370.0 322.0 0 0
5561 368.0 322.0 0 0
5562 370.0 324.0 0 0
5563 368.0 324.0 0 0
5564 374.0 326.0 0 0
5565 372.0 326.0 0 0
5566 374.0 328.0 0 0
5567 372.0 328.0 0 0
5568 368.0 328.0 0 0
5569 384.0 332.0 0 0
5570 380.0 332.0 0 0
5571 380.0 330.0 0 0
5572 378.0 330.0 0 0
5573 376.0 330.0 0 0
5574 378.0 332.0 0 0
5575 376.0 332.0 0 0
5576 380.0 336.0 0 0
5577 380.0 334.0 0 0
5578 378.0 334.0 0 0
5579 376.0 334.0 0 0
5580 378.0 336.0 0 0
5581 376.0 336.0 0 0
5582 374.0 330.0 0 0
5583 372.0 330.0 0 0
5584 374.0 332.0 0 0
5585 372.0 332.0 0 0
5586 368.0 332.0 0 0
5587 374.0 334.0 0 0
5588 372.0 334.0 0 0
5589 374.0 336.0 0 0
5590 372.0 336.0 0 0
5591 368.0 336.0 0 0
5592 364.0 320.0 0 0
5593 364.0 324.0 0 0
5594 360.0 324.0 0 0
5595 364.0 328.0 0 0
5596 360.0 328.0 0 0
5597 352.0 328.0 0 0
5598 360.0 336.0 0 0
5599 352.0 336.0 0 0
5600 384.0 340.0 0 0
5601 380.0 340.0 0 0
5602 380.0 338.0 0 0
5603 378.0 338.0 0 0
5604 376.0 338.0 0 0
5605 378.0 340.0 0 0
5606 376.0 340.0 0 0
5607 380.0 344.0 0 0
5608 380.0 342.0 0 0
5609 378.0 342.0 0 0
5610 376.0 342.0 0 0
5611 378.0 344.0 0 0
5612 376.0 344.0 0 0
5613 374.0 338.0 0 0
5614 372.0 338.0 0 0
5615 374.0 340.0 0 0
5616 372.0 340.0 0 0
5617 368.0 340.0 0 0
5618 374.0 342.0 0 0
5619 372.0 342.0 0 0
5620 374.0 344.0 0 0
5621 372.0 344.0 0 0
5622 368.0 344.0 0 0
5623 384.0 348.0 0 0
5624 380.0 348.0 0 0
5625 380.0 346.0 0 0
5626 378.0 346.0 0 0
5627 376.0 346.0 0 0
5628 378.0 348.0 0 0
5629 376.0 348.0 0 0
5630 380.0 352.0 0 0
5631 380.0 350.0 0 0
5632 378.0 350.0 0 0
5633 376.0 350.0 0 0
5634 378.0 352.0 0 0
5635 376.0 352.0 0 0
5636 374.0 346.0 0 0
5637 372.0 346.0 0 0
5638 374.0 348.0 0 0
5639 372.0 348.0 0 0
5640 368.0 348.0 0 0
5641 372.0 352.0 0 0
5642 368.0 352.0 0 0
5643 360.0 344.0 0 0
5644 352.0 344.0 0 0
5645 360.0 352.0 0 0
5646 352.0 352.0 0 0
5647 352.0 324.0 0 0
5648 348.0 324.0 0 0
5649 344.0 324.0 0 0
5650 348.0 328.0 0 0
5651 344.0 328.0 0 0
5652 344.0 322.0 0 0
5653 342.0 322.0 0 0
5654 340.0 322.0 0 0
5655 342.0 324.0 0 0
5656 340.0 324.0 0 0
5657 338.0 320.0 0 0
5658 338.0 322.0 0 0
5659 336.0 322.0 0 0
5660 338.0 324.0 0 0
5661 336.0 324.0 0 0
5662 344.0 326.0 0 0
5663 342.0 326.0 0 0
5664 340.0 326.0 0 0
5665 342.0 328.0 0 0
5666 340.0 328.0 0 0
5667 339.0 324.0 0 0
5668 340.0 325.0 0 0
5669 339.0 325.0 0 0
5670 338.0 325.0 0 0
5671 339.0 326.0 0 0
5672 338.0 326.0 0 0
5673 336.0 326.0 0 0
5674 338.0 328.0 0 0
5675 336.0 328.0 0 0
5676 352.0 332.0 0 0
5677 348.0 332.0 0 0
5678 344.0 332.0 0 0
5679 348.0 336.0 0 0
5680 344.0 336.0 0 0
5681 340.0 332.0 0 0
5682 340.0 330.0 0 0
5683 338.0 330.0 0 0
5684 336.0 330.0 0 0
5685 338.0 332.0 0 0
5686 336.0 332.0 0 0
5687 340.0 336.0 0 0
5688 340.0 334.0 0 0
5689 338.0 334.0 0 0
5690 336.0 334.0 0 0
5691 338.0 336.0 0 0
5692 336.0 336.0 0 0
5693 332.0 324.0 0 0
5694 328.0 324.0 0 0
5695 332.0 328.0 0 0
5696 328.0 328.0 0 0
5697 320.0 328.0 0 0
5698 334.0 328.0 0 0
5699 334.0 330.0 0 0
5700 332.0 330.0 0 0
5701 334.0 332.0 0 0
5702 332.0 332.0 0 0
5703 328.0 332.0 0 0
5704 335.0 332.0 0 0
5705 336.0 333.0 0 0
5706 335.0 333.0 0 0
5707 334.0 333.0 0 0
5708 335.0 334.0 0 0
5709 334.0 334.0 0 0
5710 332.0 334.0 0 0
5711 334.0 336.0 0 0
5712 332.0 336.0 0 0
5713 330.0 332.0 0 0
5714 330.0 334.0 0 0
5715 328.0 334.0 0 0
5716 330.0 336.0 0 0
5717 328.0 336.0 0 0
5718 324.0 328.0 0 0
5719 324.0 332.0 0 0
5720 320.0 332.0 0 0
5721 324.0 336.0 0 0
5722 320.0 336.0 0 0
5723 344.0 344.0 0 0
5724 344.0 340.0 0 0
5725 340.0 340.0 0 0
5726 336.0 340.0 0 0
5727 340.0 344.0 0 0
5728 336.0 344.0 0 0
5729 344.0 352.0 0 0
5730 336.0 352.0 0 0
5731 336.0 338.0 0 0
5732 334.0 338.0 0 0
5733 333.0 336.0 0 0
5734 334.0 337.0 0 0
5735 333.0 337.0 0 0
5736 332.0 337.0 0 0
5737 333.0 338.0 0 0
5738 332.0 338.0 0 0
5739 334.0 340.0 0 0
5740 334.0 339.0 0 0
5741 333.0 339.0 0 0
5742 332.0 339.0 0 0
5743 333.0 340.0 0 0
5744 332.0 340.0 0 0
5745 330.0 338.0 0 0
5746 328.0 338.0 0 0
5747 330.0 340.0 0 0
5748 328.0 340.0 0 0
5749 336.0 342.0 0 0
5750 334.0 342.0 0 0
5751 332.0 342.0 0 0
5752 334.0 344.0 0 0
5753 332.0 344.0 0 0
5754 330.0 342.0 0 0
5755 328.0 342.0 0 0
5756 331.0 342.0 0 0
5757 332.0 343.0 0 0
5758 331.0 343.0 0 0
5759 330.0 343.0 0 0
5760 331.0 344.0 0 0
5761 330.0 344.0 0 0
5762 328.0 344.0 0 0
5763 324.0 340.0 0 0
5764 322.0 336.0 0 0
5765 324.0 338.0 0 0
5766 322.0 338.0 0 0
5767 320.0 338.0 0 0
5768 322.0 340.0 0 0
5769 320.0 340.0 0 0
5770 324.0 344.0 0 0
5771 324.0 342.0 0 0
5772 322.0 342.0 0 0
5773 320.0 342.0 0 0
5774 322.0 344.0 0 0
5775 320.0 344.0 0 0
5776 336.0 348.0 0 0
5777 332.0 348.0 0 0
5778 332.0 346.0 0 0
5779 330.0 346.0 0 0
5780 328.0 346.0 0 0
5781 330.0 348.0 0 0
5782 328.0 348.0 0 0
5783 332.0 352.0 0 0
5784 332.0 350.0 0 0
5785 330.0 350.0 0 0
5786 328.0 350.0 0 0
5787 330.0 352.0 0 0
5788 328.0 352.0 0 0
5789 324.0 348.0 0 0
5790 320.0 348.0 0 0
5791 326.0 348.0 0 0
5792 326.0 350.0 0 0
5793 324.0 350.0 0 0
5794 326.0 352.0 0 0
5795 324.0 352.0 0 0
5796 320.0 352.0 0 0
5797 384.0 356.0 0 0
5798 380.0 356.0 0 0
5799 380.0 354.0 0 0
5800 378.0 354.0 0 0
5801 376.0 354.0 0 0
5802 378.0 356.0 0 0
5803 376.0 356.0 0 0
5804 380.0 360.0 0 0
5805 376.0 360.0 0 0
5806 372.0 356.0 0 0
5807 368.0 356.0 0 0
5808 372.0 360.0 0 0
5809 370.0 356.0 0 0
5810 372.0 358.0 0 0
5811 370.0 358.0 0 0
5812 368.0 358.0 0 0
5813 370.0 360.0 0 0
5814 368.0 360.0 0 0
5815 384.0 364.0 0 0
5816 380.0 364.0 0 0
5817 376.0 364.0 0 0
5818 380.0 368.0 0 0
5819 376.0 368.0 0 0
5820 374.0 360.0 0 0
5821 376.0 362.0 0 0
5822 374.0 362.0 0 0
5823 372.0 362.0 0 0
5824 374.0 364.0 0 0
5825 372.0 364.0 0 0
5826 370.0 362.0 0 0
5827 368.0 362.0 0 0
5828 370.0 364.0 0 0
5829 368.0 364.0 0 0
5830 376.0 366.0 0 0
5831 374.0 366.0 0 0
5832 373.0 364.0 0 0
5833 374.0 365.0 0 0
5834 373.0 365.0 0 0
5835 372.0 365.0 0 0
5836 373.0 366.0 0 0
5837 372.0 366.0 0 0
5838 374.0 368.0 0 0
5839 372.0 368.0 0 0
5840 370.0 366.0 0 0
5841 368.0 366.0 0 0
5842 370.0 368.0 0 0
5843 368.0 368.0 0 0
5844 364.0 352.0 0 0
5845 364.0 356.0 0 0
5846 360.0 356.0 0 0
5847 364.0 360.0 0 0
5848 360.0 360.0 0 0
5849 352.0 360.0 0 0
5850 364.0 364.0 0 0
5851 360.0 364.0 0 0
5852 364.0 368.0 0 0
5853 360.0 368.0 0 0
5854 352.0 368.0 0 0
5855 384.0 372.0 0 0
5856 380.0 372.0 0 0
5857 376.0 372.0 0 0
5858 380.0 376.0 0 0
5859 376.0 376.0 0 0
5860 376.0 370.0 0 0
5861 374.0 370.0 0 0
5862 372.0 370.0 0 0
5863 374.0 372.0 0 0
5864 372.0 372.0 0 0
5865 368.0 372.0 0 0
5866 372.0 376.0 0 0
5867 370.0 372.0 0 0
5868 372.0 374.0 0 0
5869 370.0 374.0 0 0
5870 368.0 374.0 0 0
5871 370.0 376.0 0 0
5872 368.0 376.0 0 0
5873 376.0 384.0 0 0
5874 376.0 380.0 0 0
5875 372.0 380.0 0 0
5876 372.0 378.0 0 0
5877 370.0 378.0 0 0
5878 368.0 378.0 0 0
5879 370.0 380.0 0 0
5880 368.0 380.0 0 0
5881 372.0 384.0 0 0
5882 372.0 382.0 0 0
5883 370.0 382.0 0 0
5884 368.0 382.0 0 0
5885 370.0 384.0 0 0
5886 368.0 384.0 0 0
5887 364.0 372.0 0 0
5888 360.0 372.0 0 0
5889 366.0 372.0 0 0
5890 366.0 374.0 0 0
5891 364.0 374.0 0 0
5892 366.0 376.0 0 0
5893 364.0 376.0 0 0
5894 360.0 376.0 0 0
5895 352.0 376.0 0 0
5896 366.0 378.0 0 0
5897 364.0 378.0 0 0
5898 366.0 380.0 0 0
5899 364.0 380.0 0 0
5900 360.0 380.0 0 0
5901 364.0 384.0 0 0
5902 360.0 384.0 0 0
5903 356.0 376.0 0 0
5904 356.0 380.0 0 0
5905 352.0 380.0 0 0
5906 358.0 380.0 0 0
5907 360.0 382.0 0 0
5908 358.0 382.0 0 0
5909 356.0 382.0 0 0
5910 358.0 384.0 0 0
5911 356.0 384.0 0 0
5912 352.0 384.0 0 0
5913 344.0 360.0 0 0
5914 336.0 360.0 0 0
5915 344.0 368.0 0 0
5916 336.0 368.0 0 0
5917 336.0 356.0 0 0
5918 332.0 356.0 0 0
5919 332.0 354.0 0 0
5920 330.0 354.0 0 0
5921 328.0 354.0 0 0
5922 330.0 356.0 0 0
5923 328.0 356.0 0 0
5924 332.0 360.0 0 0
5925 332.0 358.0 0 0
5926 330.0 358.0 0 0
5927 328.0 358.0 0 0
5928 330.0 360.0 0 0
5929 328.0 360.0 0 0
5930 327.0 352.0 0 0
5931 328.0 353.0 0 0
5932 327.0 353.0 0 0
5933 326.0 353.0 0 0
5934 327.0 354.0 0 0
5935 326.0 354.0 0 0
5936 324.0 354.0 0 0
5937 326.0 356.0 0 0
5938 324.0 356.0 0 0
5939 322.0 352.0 0 0
5940 322.0 354.0 0 0
5941 320.0 354.0 0 0
5942 322.0 356.0 0 0
5943 320.0 356.0 0 0
5944 324.0 360.0 0 0
5945 320.0 360.0 0 0
5946 336.0 364.0 0 0
5947 332.0 364.0 0 0
5948 332.0 362.0 0 0
5949 330.0 362.0 0 0
5950 328.0 362.0 0 0
5951 330.0 364.0 0 0
5952 328.0 364.0 0 0
5953 332.0 368.0 0 0
5954 332.0 366.0 0 0
5955 330.0 366.0 0 0
5956 328.0 366.0 0 0
5957 330.0 368.0 0 0
5958 328.0 368.0 0 0
5959 324.0 364.0 0 0
5960 320.0 364.0 0 0
5961 324.0 368.0 0 0
5962 320.0 368.0 0 0
5963 344.0 376.0 0 0
5964 336.0 376.0 0 0
5965 344.0 384.0 0 0
5966 336.0 384.0 0 0
5967 336.0 372.0 0 0
5968 332.0 372.0 0 0
5969 332.0 370.0 0 0
5970 330.0 370.0 0 0
5971 328.0 370.0 0 0
5972 330.0 372.0 0 0
5973 328.0 372.0 0 0
5974 332.0 376.0 0 0
5975 332.0 374.0 0 0
5976 330.0 374.0 0 0
5977 328.0 374.0 0 0
5978 330.0 376.0 0 0
5979 328.0 376.0 0 0
5980 324.0 372.0 0 0
5981 320.0 372.0 0 0
5982 324.0 376.0 0 0
5983 320.0 376.0 0 0
5984 336.0 380.0 0 0
5985 332.0 380.0 0 0
5986 328.0 380.0 0 0
5987 332.0 384.0 0 0
5988 330.0 380.0 0 0
5989 332.0 382.0 0 0
5990 330.0 382.0 0 0
5991 328.0 382.0 0 0
5992 330.0 384.0 0 0
5993 328.0 384.0 0 0
5994 324.0 380.0 0 0
5995 320.0 380.0 0 0
5996 324.0 384.0 0 0
5997 320.0 384.0 0 0
5998 312.0 328.0 0 0
5999 304.0 328.0 0 0
6000 316.0 328.0 0 0
6001 316.0 332.0 0 0
6002 312.0 332.0 0 0
6003 316.0 336.0 0 0
6004 312.0 336.0 0 0
6005 304.0 336.0 0 0
6006 296.0 328.0 0 0
6007 288.0 328.0 0 0
6008 296.0 336.0 0 0
6009 292.0 328.0 0 0
6010 296.0 332.0 0 0
6011 292.0 332.0 0 0
6012 288.0 332.0 0 0
6013 292.0 336.0 0 0
6014 288.0 336.0 0 0
6015 318.0 336.0 0 0
6016 318.0 338.0 0 0
6017 316.0 338.0 0 0
6018 318.0 340.0 0 0
6019 316.0 340.0 0 0
6020 314.0 336.0 0 0
6021 314.0 338.0 0 0
6022 312.0 338.0 0 0
6023 314.0 340.0 0 0
6024 312.0 340.0 0 0
6025 318.0 342.0 0 0
6026 316.0 342.0 0 0
6027 318.0 344.0 0 0
6028 316.0 344.0 0 0
6029 312.0 344.0 0 0
6030 308.0 336.0 0 0
6031 308.0 340.0 0 0
6032 304.0 340.0 0 0
6033 308.0 344.0 0 0
6034 304.0 344.0 0 0
6035 316.0 348.0 0 0
6036 312.0 348.0 0 0
6037 316.0 352.0 0 0
6038 314.0 348.0 0 0
6039 316.0 350.0 0 0
6040 314.0 350.0 0 0
6041 312.0 350.0 0 0
6042 314.0 352.0 0 0
6043 312.0 352.0 0 0
6044 308.0 348.0 0 0
6045 304.0 348.0 0 0
6046 308.0 352.0 0 0
6047 304.0 352.0 0 0
6048 296.0 344.0 0 0
6049 288.0 344.0 0 0
6050 300.0 344.0 0 0
6051 300.0 348.0 0 0
6052 296.0 348.0 0 0
6053 300.0 352.0 0 0
6054 296.0 352.0 0 0
6055 292.0 344.0 0 0
6056 292.0 348.0 0 0
6057 288.0 348.0 0 0
6058 294.0 348.0 0 0
6059 296.0 350.0 0 0
6060 294.0 350.0 0 0
6061 292.0 350.0 0 0
6062 294.0 352.0 0 0
6063 292.0 352.0 0 0
6064 290.0 348.0 0 0
6065 290.0 350.0 0 0
6066 288.0 350.0 0 0
6067 291.0 350.0 0 0
6068 292.0 351.0 0 0
6069 291.0 351.0 0 0
6070 290.0 351.0 0 0
6071 291.0 352.0 0 0
6072 290.0 352.0 0 0
6073 288.0 352.0 0 0
6074 284.0 320.0 0 0
6075 288.0 324.0 0 0
6076 284.0 324.0 0 0
6077 280.0 324.0 0 0
6078 284.0 328.0 0 0
6079 280.0 328.0 0 0
6080 272.0 328.0 0 0
6081 286.0 328.0 0 0
6082 288.0 330.0 0 0
6083 286.0 330.0 0 0
6084 284.0 330.0 0 0
6085 286.0 332.0 0 0
6086 284.0 332.0 0 0
6087 280.0 332.0 0 0
6088 288.0 334.0 0 0
6089 286.0 334.0 0 0
6090 284.0 334.0 0 0
6091 286.0 336.0 0 0
6092 284.0 336.0 0 0
6093 280.0 336.0 0 0
6094 272.0 336.0 0 0
6095 256.0 336.0 0 0
6096 288.0 340.0 0 0
6097 284.0 340.0 0 0
6098 280.0 340.0 0 0
6099 284.0 344.0 0 0
6100 280.0 344.0 0 0
6101 272.0 344.0 0 0
6102 284.0 348.0 0 0
6103 280.0 348.0 0 0
6104 286.0 348.0 0 0
6105 286.0 350.0 0 0
6106 284.0 350.0 0 0
6107 286.0 352.0 0 0
6108 284.0 352.0 0 0
6109 280.0 352.0 0 0
6110 276.0 344.0 0 0
6111 276.0 348.0 0 0
6112 272.0 348.0 0 0
6113 276.0 352.0 0 0
6114 272.0 352.0 0 0
6115 264.0 336.0 0 0
6116 264.0 344.0 0 0
6117 256.0 344.0 0 0
6118 264.0 352.0 0 0
6119 256.0 352.0 0 0
6120 318.0 352.0 0 0
6121 318.0 354.0 0 0
6122 316.0 354.0 0 0
6123 318.0 356.0 0 0
6124 316.0 356.0 0 0
6125 314.0 354.0 0 0
6126 312.0 354.0 0 0
6127 314.0 356.0 0 0
6128 312.0 356.0 0 0
6129 316.0 360.0 0 0
6130 312.0 360.0 0 0
6131 310.0 352.0 0 0
6132 310.0 354.0 0 0
6133 308.0 354.0 0 0
6134 310.0 356.0 0 0
6135 308.0 356.0 0 0
6136 304.0 356.0 0 0
6137 308.0 360.0 0 0
6138 304.0 360.0 0 0
6139 312.0 368.0 0 0
6140 304.0 368.0 0 0
6141 300.0 356.0 0 0
6142 298.0 352.0 0 0
6143 300.0 354.0 0 0
6144 298.0 354.0 0 0
6145 296.0 354.0 0 0
6146 298.0 356.0 0 0
6147 296.0 356.0 0 0
6148 300.0 360.0 0 0
6149 296.0 360.0 0 0
6150 294.0 354.0 0 0
6151 292.0 354.0 0 0
6152 294.0 356.0 0 0
6153 292.0 356.0 0 0
6154 290.0 354.0 0 0
6155 288.0 354.0 0 0
6156 290.0 356.0 0 0
6157 288.0 356.0 0 0
6158 292.0 360.0 0 0
6159 288.0 360.0 0 0
6160 296.0 368.0 0 0
6161 288.0 368.0 0 0
6162 312.0 376.0 0 0
6163 304.0 376.0 0 0
6164 312.0 384.0 0 0
6165 304.0 384.0 0 0
6166 288.0 384.0 0 0
6167 286.0 354.0 0 0
6168 284.0 354.0 0 0
6169 286.0 356.0 0 0
6170 284.0 356.0 0 0
6171 280.0 356.0 0 0
6172 284.0 360.0 0 0
6173 280.0 360.0 0 0
6174 276.0 356.0 0 0
6175 274.0 352.0 0 0
6176 276.0 354.0 0 0
6177 274.0 354.0 0 0
6178 272.0 354.0 0 0
6179 274.0 356.0 0 0
6180 272.0 356.0 0 0
6181 276.0 360.0 0 0
6182 272.0 360.0 0 0
6183 280.0 368.0 0 0
6184 272.0 368.0 0 0
6185 268.0 352.0 0 0
6186 268.0 356.0 0 0
6187 264.0 356.0 0 0
6188 268.0 360.0 0 0
6189 264.0 360.0 0 0
6190 256.0 360.0 0 0
6191 264.0 368.0 0 0
6192 256.0 368.0 0 0
6193 272.0 384.0 0 0
6194 256.0 384.0 0 0
6195 512.0 448.0 0 0
6196 448.0 448.0 0 0
6197 448.0 416.0 0 0
6198 416.0 416.0 0 0
6199 416.0 400.0 0 0
6200 400.0 400.0 0 0
6201 384.0 400.0 0 0
6202 400.0 416.0 0 0
6203 384.0 416.0 0 0
6204 416.0 448.0 0 0
6205 384.0 448.0 0 0
6206 512.0 512.0 0 0
6207 448.0 512.0 0 0
6208 384.0 512.0 0 0
6209 384.0 392.0 0 0
6210 376.0 392.0 0 0
6211 376.0 388.0 0 0
6212 372.0 388.0 0 0
6213 368.0 388.0 0 0
6214 372.0 392.0 0 0
6215 368.0 392.0 0 0
6216 376.0 400.0 0 0
6217 368.0 400.0 0 0
6218 366.0 384.0 0 0
6219 368.0 386.0 0 0
6220 366.0 386.0 0 0
6221 364.0 386.0 0 0
6222 366.0 388.0 0 0
6223 364.0 388.0 0 0
6224 362.0 384.0 0 0
6225 362.0 386.0 0 0
6226 360.0 386.0 0 0
6227 362.0 388.0 0 0
6228 360.0 388.0 0 0
6229 368.0 390.0 0 0
6230 366.0 390.0 0 0
6231 364.0 390.0 0 0
6232 366.0 392.0 0 0
6233 364.0 392.0 0 0
6234 360.0 392.0 0 0
6235 356.0 388.0 0 0
6236 352.0 388.0 0 0
6237 356.0 392.0 0 0
6238 352.0 392.0 0 0
6239 368.0 396.0 0 0
6240 364.0 396.0 0 0
6241 362.0 392.0 0 0
6242 364.0 394.0 0 0
6243 362.0 394.0 0 0
6244 360.0 394.0 0 0
6245 362.0 396.0 0 0
6246 360.0 396.0 0 0
6247 364.0 400.0 0 0
6248 364.0 398.0 0 0
6249 362.0 398.0 0 0
6250 360.0 398.0 0 0
6251 362.0 400.0 0 0
6252 360.0 400.0 0 0
6253 358.0 392.0 0 0
6254 358.0 394.0 0 0
6255 356.0 394.0 0 0
6256 358.0 396.0 0 0
6257 356.0 396.0 0 0
6258 352.0 396.0 0 0
6259 356.0 400.0 0 0
6260 352.0 400.0 0 0
6261 384.0 408.0 0 0
6262 376.0 408.0 0 0
6263 368.0 408.0 0 0
6264 376.0 416.0 0 0
6265 368.0 416.0 0 0
6266 368.0 404.0 0 0
6267 364.0 404.0 0 0
6268 360.0 404.0 0 0
6269 364.0 408.0 0 0
6270 360.0 408.0 0 0
6271 358.0 400.0 0 0
6272 360.0 402.0 0 0
6273 358.0 402.0 0 0
6274 356.0 402.0 0 0
6275 358.0 404.0 0 0
6276 356.0 404.0 0 0
6277 352.0 404.0 0 0
6278 360.0 406.0 0 0
6279 358.0 406.0 0 0
6280 356.0 406.0 0 0
6281 358.0 408.0 0 0
6282 356.0 408.0 0 0
6283 354.0 404.0 0 0
6284 354.0 406.0 0 0
6285 352.0 406.0 0 0
6286 354.0 408.0 0 0
6287 352.0 408.0 0 0
6288 360.0 416.0 0 0
6289 360.0 412.0 0 0
6290 356.0 412.0 0 0
6291 356.0 410.0 0 0
6292 354.0 410.0 0 0
6293 352.0 410.0 0 0
6294 354.0 412.0 0 0
6295 352.0 412.0 0 0
6296 356.0 416.0 0 0
6297 352.0 416.0 0 0
6298 344.0 392.0 0 0
6299 336.0 392.0 0 0
6300 344.0 400.0 0 0
6301 336.0 400.0 0 0
6302 336.0 388.0 0 0
6303 332.0 388.0 0 0
6304 332.0 386.0 0 0
6305 330.0 386.0 0 0
6306 328.0 386.0 0 0
6307 330.0 388.0 0 0
6308 328.0 388.0 0 0
6309 332.0 392.0 0 0
6310 332.0 390.0 0 0
6311 330.0 390.0 0 0
6312 328.0 390.0 0 0
6313 330.0 392.0 0 0
6314 328.0 392.0 0 0
6315 324.0 388.0 0 0
6316 320.0 388.0 0 0
6317 324.0 392.0 0 0
6318 320.0 392.0 0 0
6319 336.0 396.0 0 0
6320 332.0 396.0 0 0
6321 328.0 396.0 0 0
6322 332.0 400.0 0 0
6323 330.0 396.0 0 0
6324 332.0 398.0 0 0
6325 330.0 398.0 0 0
6326 328.0 398.0 0 0
6327 330.0 400.0 0 0
6328 328.0 400.0 0 0
6329 326.0 392.0 0 0
6330 328.0 394.0 0 0
6331 326.0 394.0 0 0
6332 324.0 394.0 0 0
6333 326.0 396.0 0 0
6334 324.0 396.0 0 0
6335 320.0 396.0 0 0
6336 327.0 396.0 0 0
6337 328.0 397.0 0 0
6338 327.0 397.0 0 0
6339 326.0 397.0 0 0
6340 327.0 398.0 0 0
6341 326.0 398.0 0 0
6342 324.0 398.0 0 0
6343 326.0 400.0 0 0
6344 325.0 398.0 0 0
6345 326.0 399.0 0 0
6346 325.0 399.0 0 0
6347 324.0 399.0 0 0
6348 325.0 400.0 0 0
6349 324.0 400.0 0 0
6350 322.0 396.0 0 0
6351 322.0 398.0 0 0
6352 320.0 398.0 0 0
6353 322.0 400.0 0 0
6354 320.0 400.0 0 0
6355 348.0 400.0 0 0
6356 348.0 404.0 0 0
6357 344.0 404.0 0 0
6358 348.0 408.0 0 0
6359 346.0 404.0 0 0
6360 348.0 406.0 0 0
6361 346.0 406.0 0 0
6362 344.0 406.0 0 0
6363 346.0 408.0 0 0
6364 344.0 408.0 0 0
6365 340.0 400.0 0 0
6366 340.0 404.0 0 0
6367 336.0 404.0 0 0
6368 340.0 408.0 0 0
6369 336.0 408.0 0 0
6370 348.0 412.0 0 0
6371 348.0 410.0 0 0
6372 346.0 410.0 0 0
6373 344.0 410.0 0 0
6374 346.0 412.0 0 0
6375 344.0 412.0 0 0
6376 350.0 412.0 0 0
6377 352.0 414.0 0 0
6378 350.0 414.0 0 0
6379 348.0 414.0 0 0
6380 350.0 416.0 0 0
6381 348.0 416.0 0 0
6382 344.0 416.0 0 0
6383 340.0 412.0 0 0
6384 336.0 412.0 0 0
6385 342.0 412.0 0 0
6386 344.0 414.0 0 0
6387 342.0 414.0 0 0
6388 340.0 414.0 0 0
6389 342.0 416.0 0 0
6390 340.0 416.0 0 0
6391 336.0 416.0 0 0
6392 332.0 404.0 0 0
6393 328.0 404.0 0 0
6394 332.0 408.0 0 0
6395 328.0 408.0 0 0
6396 328.0 402.0 0 0
6397 326.0 402.0 0 0
6398 326.0 401.0 0 0
6399 325.0 401.0 0 0
6400 324.0 401.0 0 0
6401 325.0 402.0 0 0
6402 324.0 402.0 0 0
6403 326.0 404.0 0 0
6404 324.0 404.0 0 0
6405 322.0 402.0 0 0
6406 320.0 402.0 0 0
6407 323.0 402.0 0 0
6408 324.0 403.0 0 0
6409 323.0 403.0 0 0
6410 322.0 403.0 0 0
6411 323.0 404.0 0 0
6412 322.0 404.0 0 0
6413 321.0 402.0 0 0
6414 321.0 403.0 0 0
6415 320.0 403.0 0 0
6416 321.0 404.0 0 0
6417 320.0 404.0 0 0
6418 328.0 406.0 0 0
6419 326.0 406.0 0 0
6420 324.0 406.0 0 0
6421 326.0 408.0 0 0
6422 324.0 408.0 0 0
6423 324.0 405.0 0 0
6424 323.0 405.0 0 0
6425 322.0 405.0 0 0
6426 323.0 406.0 0 0
6427 322.0 406.0 0 0
6428 320.0 406.0 0 0
6429 322.0 408.0 0 0
6430 321.0 406.0 0 0
6431 322.0 407.0 0 0
6432 321.0 407.0 0 0
6433 320.0 407.0 0 0
6434 321.0 408.0 0 0
6435 320.0 408.0 0 0
6436 328.0 416.0 0 0
6437 328.0 412.0 0 0
6438 324.0 412.0 0 0
6439 324.0 410.0 0 0
6440 322.0 410.0 0 0
6441 320.0 410.0 0 0
6442 322.0 412.0 0 0
6443 320.0 412.0 0 0
6444 324.0 416.0 0 0
6445 320.0 416.0 0 0
6446 384.0 432.0 0 0
6447 368.0 432.0 0 0
6448 368.0 424.0 0 0
6449 360.0 424.0 0 0
6450 360.0 420.0 0 0
6451 356.0 420.0 0 0
6452 352.0 420.0 0 0
6453 356.0 424.0 0 0
6454 352.0 424.0 0 0
6455 360.0 432.0 0 0
6456 352.0 432.0 0 0
6457 368.0 448.0 0 0
6458 352.0 448.0 0 0
6459 352.0 418.0 0 0
6460 350.0 418.0 0 0
6461 348.0 418.0 0 0
6462 350.0 420.0 0 0
6463 348.0 420.0 0 0
6464 346.0 416.0 0 0
6465 346.0 418.0 0 0
6466 344.0 418.0 0 0
6467 346.0 420.0 0 0
6468 344.0 420.0 0 0
6469 348.0 424.0 0 0
6470 348.0 422.0 0 0
6471 346.0 422.0 0 0
6472 344.0 422.0 0 0
6473 346.0 424.0 0 0
6474 344.0 424.0 0 0
6475 342.0 418.0 0 0
6476 340.0 418.0 0 0
6477 342.0 420.0 0 0
6478 340.0 420.0 0 0
6479 336.0 420.0 0 0
6480 340.0 424.0 0 0
6481 336.0 424.0 0 0
6482 352.0 428.0 0 0
6483 348.0 428.0 0 0
6484 344.0 428.0 0 0
6485 348.0 432.0 0 0
6486 344.0 432.0 0 0
6487 342.0 424.0 0 0
6488 344.0 426.0 0 0
6489 342.0 426.0 0 0
6490 340.0 426.0 0 0
6491 342.0 428.0 0 0
6492 340.0 428.0 0 0
6493 336.0 428.0 0 0
6494 340.0 432.0 0 0
6495 338.0 428.0 0 0
6496 340.0 430.0 0 0
6497 338.0 430.0 0 0
6498 336.0 430.0 0 0
6499 338.0 432.0 0 0
6500 336.0 432.0 0 0
6501 332.0 416.0 0 0
6502 332.0 420.0 0 0
6503 328.0 420.0 0 0
6504 334.0 420.0 0 0
6505 336.0 422.0 0 0
6506 334.0 422.0 0 0
6507 332.0 422.0 0 0
6508 334.0 424.0 0 0
6509 332.0 424.0 0 0
6510 328.0 424.0 0 0
6511 320.0 424.0 0 0
6512 332.0 428.0 0 0
6513 328.0 428.0 0 0
6514 332.0 432.0 0 0
6515 330.0 428.0 0 0
6516 332.0 430.0 0 0
6517 330.0 430.0 0 0
6518 328.0 430.0 0 0
6519 330.0 432.0 0 0
6520 328.0 432.0 0 0
6521 324.0 424.0 0 0
6522 324.0 428.0 0 0
6523 320.0 428.0 0 0
6524 324.0 432.0 0 0
6525 320.0 432.0 0 0
6526 352.0 440.0 0 0
6527 344.0 440.0 0 0
6528 344.0 436.0 0 0
6529 340.0 436.0 0 0
6530 336.0 436.0 0 0
6531 340.0 440.0 0 0
6532 336.0 440.0 0 0
6533 344.0 448.0 0 0
6534 336.0 448.0 0 0
6535 334.0 432.0 0 0
6536 336.0 434.0 0 0
6537 334.0 434.0 0 0
6538 332.0 434.0 0 0
6539 334.0 436.0 0 0
6540 332.0 436.0 0 0
6541 328.0 436.0 0 0
6542 336.0 438.0 0 0
6543 334.0 438.0 0 0
6544 332.0 438.0 0 0
6545 334.0 440.0 0 0
6546 332.0 440.0 0 0
6547 330.0 436.0 0 0
6548 330.0 438.0 0 0
6549 328.0 438.0 0 0
6550 330.0 440.0 0 0
6551 328.0 440.0 0 0
6552 326.0 432.0 0 0
6553 328.0 434.0 0 0
6554 326.0 434.0 0 0
6555 324.0 434.0 0 0
6556 326.0 436.0 0 0
6557 324.0 436.0 0 0
6558 320.0 436.0 0 0
6559 324.0 440.0 0 0
6560 322.0 436.0 0 0
6561 324.0 438.0 0 0
6562 322.0 438.0 0 0
6563 320.0 438.0 0 0
6564 322.0 440.0 0 0
6565 320.0 440.0 0 0
6566 336.0 444.0 0 0
6567 332.0 444.0 0 0
6568 332.0 442.0 0 0
6569 330.0 442.0 0 0
6570 328.0 442.0 0 0
6571 330.0 444.0 0 0
6572 328.0 444.0 0 0
6573 332.0 448.0 0 0
6574 328.0 448.0 0 0
6575 326.0 440.0 0 0
6576 326.0 442.0 0 0
6577 324.0 442.0 0 0
6578 326.0 444.0 0 0
6579 324.0 444.0 0 0
6580 320.0 444.0 0 0
6581 328.0 446.0 0 0
6582 326.0 446.0 0 0
6583 324.0 446.0 0 0
6584 326.0 448.0 0 0
6585 324.0 448.0 0 0
6586 320.0 448.0 0 0
6587 312.0 392.0 0 0
6588 304.0 392.0 0 0
6589 316.0 392.0 0 0
6590 316.0 396.0 0 0
6591 312.0 396.0 0 0
6592 316.0 400.0 0 0
6593 312.0 400.0 0 0
6594 304.0 400.0 0 0
6595 296.0 384.0 0 0
6596 296.0 392.0 0 0
6597 288.0 392.0 0 0
6598 296.0 400.0 0 0
6599 288.0 400.0 0 0
6600 318.0 400.0 0 0
6601 318.0 402.0 0 0
6602 316.0 402.0 0 0
6603 318.0 404.0 0 0
6604 316.0 404.0 0 0
6605 312.0 404.0 0 0
6606 318.0 406.0 0 0
6607 316.0 406.0 0 0
6608 318.0 408.0 0 0
6609 316.0 408.0 0 0
6610 312.0 408.0 0 0
6611 304.0 408.0 0 0
6612 318.0 410.0 0 0
6613 316.0 410.0 0 0
6614 319.0 410.0 0 0
6615 320.0 411.0 0 0
6616 319.0 411.0 0 0
6617 318.0 411.0 0 0
6618 319.0 412.0 0 0
6619 318.0 412.0 0 0
6620 316.0 412.0 0 0
6621 312.0 412.0 0 0
6622 320.0 414.0 0 0
6623 318.0 414.0 0 0
6624 317.0 412.0 0 0
6625 318.0 413.0 0 0
6626 317.0 413.0 0 0
6627 316.0 413.0 0 0
6628 317.0 414.0 0 0
6629 316.0 414.0 0 0
6630 318.0 416.0 0 0
6631 316.0 416.0 0 0
6632 314.0 412.0 0 0
6633 314.0 414.0 0 0
6634 312.0 414.0 0 0
6635 315.0 414.0 0 0
6636 316.0 415.0 0 0
6637 315.0 415.0 0 0
6638 314.0 415.0 0 0
6639 315.0 416.0 0 0
6640 314.0 416.0 0 0
6641 312.0 416.0 0 0
6642 308.0 408.0 0 0
6643 308.0 412.0 0 0
6644 304.0 412.0 0 0
6645 310.0 412.0 0 0
6646 310.0 414.0 0 0
6647 308.0 414.0 0 0
6648 310.0 416.0 0 0
6649 308.0 416.0 0 0
6650 304.0 416.0 0 0
6651 300.0 400.0 0 0
6652 304.0 404.0 0 0
6653 300.0 404.0 0 0
6654 296.0 404.0 0 0
6655 300.0 408.0 0 0
6656 296.0 408.0 0 0
6657 292.0 400.0 0 0
6658 292.0 404.0 0 0
6659 288.0 404.0 0 0
6660 292.0 408.0 0 0
6661 288.0 408.0 0 0
6662 300.0 412.0 0 0
6663 298.0 408.0 0 0
6664 300.0 410.0 0 0
6665 298.0 410.0 0 0
6666 296.0 410.0 0 0
6667 298.0 412.0 0 0
6668 296.0 412.0 0 0
6669 300.0 416.0 0 0
6670 296.0 416.0 0 0
6671 294.0 408.0 0 0
6672 294.0 410.0 0 0
6673 292.0 410.0 0 0
6674 294.0 412.0 0 0
6675 292.0 412.0 0 0
6676 288.0 412.0 0 0
6677 292.0 416.0 0 0
6678 288.0 416.0 0 0
6679 272.0 400.0 0 0
6680 256.0 400.0 0 0
6681 280.0 400.0 0 0
6682 280.0 408.0 0 0
6683 272.0 408.0 0 0
6684 280.0 416.0 0 0
6685 272.0 416.0 0 0
6686 256.0 416.0 0 0
6687 320.0 420.0 0 0
6688 316.0 420.0 0 0
6689 316.0 418.0 0 0
6690 314.0 418.0 0 0
6691 312.0 418.0 0 0
6692 314.0 420.0 0 0
6693 312.0 420.0 0 0
6694 316.0 424.0 0 0
6695 316.0 422.0 0 0
6696 314.0 422.0 0 0
6697 312.0 422.0 0 0
6698 314.0 424.0 0 0
6699 312.0 424.0 0 0
6700 308.0 420.0 0 0
6701 304.0 420.0 0 0
6702 310.0 420.0 0 0
6703 310.0 422.0 0 0
6704 308.0 422.0 0 0
6705 311.0 422.0 0 0
6706 312.0 423.0 0 0
6707 311.0 423.0 0 0
6708 310.0 423.0 0 0
6709 311.0 424.0 0 0
6710 310.0 424.0 0 0
6711 308.0 424.0 0 0
6712 304.0 424.0 0 0
6713 316.0 428.0 0 0
6714 312.0 428.0 0 0
6715 316.0 432.0 0 0
6716 312.0 432.0 0 0
6717 312.0 426.0 0 0
6718 310.0 426.0 0 0
6719 309.0 424.0 0 0
6720 310.0 425.0 0 0
6721 309.0 425.0 0 0
6722 308.0 425.0 0 0
6723 309.0 426.0 0 0
6724 308.0 426.0 0 0
6725 310.0 428.0 0 0
6726 308.0 428.0 0 0
6727 306.0 424.0 0 0
6728 306.0 426.0 0 0
6729 304.0 426.0 0 0
6730 307.0 426.0 0 0
6731 308.0 427.0 0 0
6732 307.0 427.0 0 0
6733 306.0 427.0 0 0
6734 307.0 428.0 0 0
6735 306.0 428.0 0 0
6736 304.0 428.0 0 0
6737 308.0 432.0 0 0
6738 308.0 430.0 0 0
6739 306.0 430.0 0 0
6740 304.0 430.0 0 0
6741 306.0 432.0 0 0
6742 304.0 432.0 0 0
6743 296.0 424.0 0 0
6744 288.0 424.0 0 0
6745 300.0 424.0 0 0
6746 300.0 428.0 0 0
6747 296.0 428.0 0 0
6748 302.0 428.0 0 0
6749 302.0 430.0 0 0
6750 300.0 430.0 0 0
6751 302.0 432.0 0 0
6752 300.0 432.0 0 0
6753 296.0 432.0 0 0
6754 288.0 432.0 0 0
6755 316.0 436.0 0 0
6756 312.0 436.0 0 0
6757 318.0 436.0 0 0
6758 318.0 438.0 0 0
6759 316.0 438.0 0 0
6760 318.0 440.0 0 0
6761 316.0 440.0 0 0
6762 312.0 440.0 0 0
6763 308.0 436.0 0 0
6764 304.0 436.0 0 0
6765 308.0 440.0 0 0
6766 304.0 440.0 0 0
6767 320.0 442.0 0 0
6768 318.0 442.0 0 0
6769 316.0 442.0 0 0
6770 318.0 444.0 0 0
6771 316.0 444.0 0 0
6772 312.0 444.0 0 0
6773 316.0 448.0 0 0
6774 314.0 444.0 0 0
6775 316.0 446.0 0 0
6776 314.0 446.0 0 0
6777 312.0 446.0 0 0
6778 314.0 448.0 0 0
6779 312.0 448.0 0 0
6780 308.0 444.0 0 0
6781 304.0 444.0 0 0
6782 308.0 448.0 0 0
6783 304.0 448.0 0 0
6784 300.0 436.0 0 0
6785 298.0 432.0 0 0
6786 300.0 434.0 0 0
6787 298.0 434.0 0 0
6788 296.0 434.0 0 0
6789 298.0 436.0 0 0
6790 296.0 436.0 0 0
6791 302.0 436.0 0 0
6792 304.0 438.0 0 0
6793 302.0 438.0 0 0
6794 300.0 438.0 0 0
6795 302.0 440.0 0 0
6796 300.0 440.0 0 0
6797 298.0 438.0 0 0
6798 297.0 436.0 0 0
6799 298.0 437.0 0 0
6800 297.0 437.0 0 0
6801 296.0 437.0 0 0
6802 297.0 438.0 0 0
6803 296.0 438.0 0 0
6804 298.0 440.0 0 0
6805 296.0 440.0 0 0
6806 292.0 432.0 0 0
6807 292.0 436.0 0 0
6808 288.0 436.0 0 0
6809 294.0 436.0 0 0
6810 294.0 438.0 0 0
6811 292.0 438.0 0 0
6812 294.0 440.0 0 0
6813 292.0 440.0 0 0
6814 288.0 440.0 0 0
6815 300.0 444.0 0 0
6816 296.0 444.0 0 0
6817 300.0 448.0 0 0
6818 296.0 448.0 0 0
6819 292.0 444.0 0 0
6820 290.0 440.0 0 0
6821 292.0 442.0 0 0
6822 290.0 442.0 0 0
6823 288.0 442.0 0 0
6824 290.0 444.0 0 0
6825 288.0 444.0 0 0
6826 294.0 444.0 0 0
6827 296.0 446.0 0 0
6828 294.0 446.0 0 0
6829 292.0 446.0 0 0
6830 294.0 448.0 0 0
6831 292.0 448.0 0 0
6832 290.0 446.0 0 0
6833 288.0 446.0 0 0
6834 290.0 448.0 0 0
6835 288.0 448.0 0 0
6836 280.0 424.0 0 0
6837 272.0 424.0 0 0
6838 280.0 432.0 0 0
6839 272.0 432.0 0 0
6840 256.0 432.0 0 0
6841 284.0 432.0 0 0
6842 284.0 436.0 0 0
6843 280.0 436.0 0 0
6844 284.0 440.0 0 0
6845 280.0 440.0 0 0
6846 272.0 440.0 0 0
6847 286.0 440.0 0 0
6848 286.0 442.0 0 0
6849 284.0 442.0 0 0
6850 286.0 444.0 0 0
6851 284.0 444.0 0 0
6852 280.0 444.0 0 0
6853 287.0 444.0 0 0
6854 288.0 445.0 0 0
6855 287.0 445.0 0 0
6856 286.0 445.0 0 0
6857 287.0 446.0 0 0
6858 286.0 446.0 0 0
6859 284.0 446.0 0 0
6860 286.0 448.0 0 0
6861 285.0 446.0 0 0
6862 286.0 447.0 0 0
6863 285.0 447.0 0 0
6864 284.0 447.0 0 0
6865 285.0 448.0 0 0
6866 284.0 448.0 0 0
6867 282.0 444.0 0 0
6868 282.0 446.0 0 0
6869 280.0 446.0 0 0
6870 282.0 448.0 0 0
6871 280.0 448.0 0 0
6872 276.0 440.0 0 0
6873 276.0 444.0 0 0
6874 272.0 444.0 0 0
6875 276.0 448.0 0 0
6876 272.0 448.0 0 0
6877 264.0 432.0 0 0
6878 264.0 440.0 0 0
6879 256.0 440.0 0 0
6880 264.0 448.0 0 0
6881 256.0 448.0 0 0
6882 384.0 480.0 0 0
6883 352.0 480.0 0 0
6884 352.0 464.0 0 0
6885 336.0 464.0 0 0
6886 336.0 456.0 0 0
6887 328.0 456.0 0 0
6888 328.0 452.0 0 0
6889 324.0 452.0 0 0
6890 322.0 448.0 0 0
6891 324.0 450.0 0 0
6892 322.0 450.0 0 0
6893 320.0 450.0 0 0
6894 322.0 452.0 0 0
6895 320.0 452.0 0 0
6896 324.0 456.0 0 0
6897 320.0 456.0 0 0
6898 328.0 464.0 0 0
6899 320.0 464.0 0 0
6900 336.0 480.0 0 0
6901 320.0 480.0 0 0
6902 352.0 512.0 0 0
6903 320.0 512.0 0 0
6904 316.0 452.0 0 0
6905 312.0 452.0 0 0
6906 318.0 452.0 0 0
6907 320.0 454.0 0 0
6908 318.0 454.0 0 0
6909 316.0 454.0 0 0
6910 318.0 456.0 0 0
6911 316.0 456.0 0 0
6912 312.0 456.0 0 0
6913 310.0 448.0 0 0
6914 312.0 450.0 0 0
6915 310.0 450.0 0 0
6916 308.0 450.0 0 0
6917 310.0 452.0 0 0
6918 308.0 452.0 0 0
6919 304.0 452.0 0 0
6920 308.0 456.0 0 0
6921 306.0 452.0 0 0
6922 308.0 454.0 0 0
6923 306.0 454.0 0 0
6924 304.0 454.0 0 0
6925 306.0 456.0 0 0
6926 304.0 456.0 0 0
6927 320.0 460.0 0 0
6928 316.0 460.0 0 0
6929 314.0 456.0 0 0
6930 316.0 458.0 0 0
6931 314.0 458.0 0 0
6932 312.0 458.0 0 0
6933 314.0 460.0 0 0
6934 312.0 460.0 0 0
6935 316.0 464.0 0 0
6936 312.0 464.0 0 0
6937 308.0 460.0 0 0
6938 304.0 460.0 0 0
6939 310.0 460.0 0 0
6940 312.0 462.0 0 0
6941 310.0 462.0 0 0
6942 308.0 462.0 0 0
6943 310.0 464.0 0 0
6944 308.0 464.0 0 0
6945 304.0 464.0 0 0
6946 300.0 452.0 0 0
6947 296.0 452.0 0 0
6948 300.0 456.0 0 0
6949 298.0 452.0 0 0
6950 300.0 454.0 0 0
6951 298.0 454.0 0 0
6952 296.0 454.0 0 0
6953 298.0 456.0 0 0
6954 296.0 456.0 0 0
6955 292.0 452.0 0 0
6956 288.0 452.0 0 0
6957 292.0 456.0 0 0
6958 288.0 456.0 0 0
6959 302.0 456.0 0 0
6960 304.0 458.0 0 0
6961 302.0 458.0 0 0
6962 300.0 458.0 0 0
6963 302.0 460.0 0 0
6964 300.0 460.0 0 0
6965 296.0 460.0 0 0
6966 300.0 464.0 0 0
6967 298.0 460.0 0 0
6968 300.0 462.0 0 0
6969 298.0 462.0 0 0
6970 296.0 462.0 0 0
6971 298.0 464.0 0 0
6972 296.0 464.0 0 0
6973 294.0 456.0 0 0
6974 296.0 458.0 0 0
6975 294.0 458.0 0 0
6976 292.0 458.0 0 0
6977 294.0 460.0 0 0
6978 292.0 460.0 0 0
6979 290.0 456.0 0 0
6980 290.0 458.0 0 0
6981 288.0 458.0 0 0
6982 290.0 460.0 0 0
6983 288.0 460.0 0 0
6984 292.0 464.0 0 0
6985 288.0 464.0 0 0
6986 320.0 472.0 0 0
6987 312.0 472.0 0 0
6988 312.0 468.0 0 0
6989 308.0 468.0 0 0
6990 304.0 468.0 0 0
6991 308.0 472.0 0 0
6992 304.0 472.0 0 0
6993 312.0 480.0 0 0
6994 304.0 480.0 0 0
6995 302.0 464.0 0 0
6996 304.0 466.0 0 0
6997 302.0 466.0 0 0
6998 300.0 466.0 0 0
6999 302.0 468.0 0 0
7000 300.0 468.0 0 0
7001 296.0 468.0 0 0
7002 300.0 472.0 0 0
7003 296.0 472.0 0 0
7004 292.0 468.0 0 0
7005 288.0 468.0 0 0
7006 294.0 468.0 0 0
7007 296.0 470.0 0 0
7008 294.0 470.0 0 0
7009 292.0 470.0 0 0
7010 294.0 472.0 0 0
7011 292.0 472.0 0 0
7012 288.0 472.0 0 0
7013 296.0 480.0 0 0
7014 296.0 476.0 0 0
7015 292.0 476.0 0 0
7016 288.0 476.0 0 0
7017 292.0 480.0 0 0
7018 288.0 480.0 0 0
7019 288.0 450.0 0 0
7020 286.0 450.0 0 0
7021 284.0 450.0 0 0
7022 286.0 452.0 0 0
7023 284.0 452.0 0 0
7024 283.0 448.0 0 0
7025 284.0 449.0 0 0
7026 283.0 449.0 0 0
7027 282.0 449.0 0 0
7028 283.0 450.0 0 0
7029 282.0 450.0 0 0
7030 280.0 450.0 0 0
7031 282.0 452.0 0 0
7032 281.0 450.0 0 0
7033 282.0 451.0 0 0
7034 281.0 451.0 0 0
7035 280.0 451.0 0 0
7036 281.0 452.0 0 0
7037 280.0 452.0 0 0
7038 284.0 456.0 0 0
7039 284.0 454.0 0 0
7040 282.0 454.0 0 0
7041 280.0 454.0 0 0
7042 282.0 456.0 0 0
7043 280.0 456.0 0 0
7044 278.0 448.0 0 0
7045 278.0 450.0 0 0
7046 276.0 450.0 0 0
7047 278.0 452.0 0 0
7048 276.0 452.0 0 0
7049 272.0 452.0 0 0
7050 278.0 454.0 0 0
7051 276.0 454.0 0 0
7052 278.0 456.0 0 0
7053 276.0 456.0 0 0
7054 274.0 452.0 0 0
7055 274.0 454.0 0 0
7056 272.0 454.0 0 0
7057 274.0 456.0 0 0
7058 273.0 454.0 0 0
7059 274.0 455.0 0 0
7060 273.0 455.0 0 0
7061 272.0 455.0 0 0
7062 273.0 456.0 0 0
7063 272.0 456.0 0 0
7064 284.0 460.0 0 0
7065 280.0 460.0 0 0
7066 286.0 460.0 0 0
7067 288.0 462.0 0 0
7068 286.0 462.0 0 0
7069 284.0 462.0 0 0
7070 286.0 464.0 0 0
7071 284.0 464.0 0 0
7072 282.0 460.0 0 0
7073 282.0 462.0 0 0
7074 280.0 462.0 0 0
7075 282.0 464.0 0 0
7076 280.0 464.0 0 0
7077 276.0 460.0 0 0
7078 276.0 458.0 0 0
7079 274.0 458.0 0 0
7080 272.0 458.0 0 0
7081 274.0 460.0 0 0
7082 272.0 460.0 0 0
7083 276.0 464.0 0 0
7084 272.0 464.0 0 0
7085 268.0 448.0 0 0
7086 268.0 452.0 0 0
7087 264.0 452.0 0 0
7088 270.0 452.0 0 0
7089 270.0 454.0 0 0
7090 268.0 454.0 0 0
7091 270.0 456.0 0 0
7092 268.0 456.0 0 0
7093 264.0 456.0 0 0
7094 260.0 448.0 0 0
7095 260.0 452.0 0 0
7096 256.0 452.0 0 0
7097 260.0 456.0 0 0
7098 256.0 456.0 0 0
7099 270.0 458.0 0 0
7100 269.0 456.0 0 0
7101 270.0 457.0 0 0
7102 269.0 457.0 0 0
7103 268.0 457.0 0 0
7104 269.0 458.0 0 0
7105 268.0 458.0 0 0
7106 270.0 460.0 0 0
7107 268.0 460.0 0 0
7108 266.0 456.0 0 0
7109 266.0 458.0 0 0
7110 264.0 458.0 0 0
7111 266.0 460.0 0 0
7112 264.0 460.0 0 0
7113 268.0 464.0 0 0
7114 264.0 464.0 0 0
7115 262.0 456.0 0 0
7116 262.0 458.0 0 0
7117 260.0 458.0 0 0
7118 262.0 460.0 0 0
7119 260.0 460.0 0 0
7120 258.0 456.0 0 0
7121 258.0 458.0 0 0
7122 256.0 458.0 0 0
7123 258.0 460.0 0 0
7124 256.0 460.0 0 0
7125 260.0 464.0 0 0
7126 256.0 464.0 0 0
7127 284.0 468.0 0 0
7128 280.0 468.0 0 0
7129 284.0 472.0 0 0
7130 280.0 472.0 0 0
7131 278.0 464.0 0 0
7132 280.0 466.0 0 0
7133 278.0 466.0 0 0
7134 276.0 466.0 0 0
7135 278.0 468.0 0 0
7136 276.0 468.0 0 0
7137 274.0 464.0 0 0
7138 274.0 466.0 0 0
7139 272.0 466.0 0 0
7140 274.0 468.0 0 0
7141 272.0 468.0 0 0
7142 276.0 472.0 0 0
7143 272.0 472.0 0 0
7144 284.0 476.0 0 0
7145 280.0 476.0 0 0
7146 284.0 480.0 0 0
7147 280.0 480.0 0 0
7148 272.0 480.0 0 0
7149 268.0 468.0 0 0
7150 264.0 468.0 0 0
7151 268.0 472.0 0 0
7152 266.0 468.0 0 0
7153 268.0 470.0 0 0
7154 266.0 470.0 0 0
7155 264.0 470.0 0 0
7156 266.0 472.0 0 0
7157 264.0 472.0 0 0
7158 260.0 468.0 0 0
7159 256.0 468.0 0 0
7160 260.0 472.0 0 0
7161 256.0 472.0 0 0
7162 272.0 476.0 0 0
7163 268.0 476.0 0 0
7164 264.0 476.0 0 0
7165 268.0 480.0 0 0
7166 264.0 480.0 0 0
7167 260.0 476.0 0 0
7168 256.0 476.0 0 0
7169 260.0 480.0 0 0
7170 256.0 480.0 0 0
7171 320.0 496.0 0 0
7172 304.0 496.0 0 0
7173 304.0 488.0 0 0
7174 296.0 488.0 0 0
7175 288.0 488.0 0 0
7176 296.0 496.0 0 0
7177 288.0 496.0 0 0
7178 304.0 512.0 0 0
7179 288.0 512.0 0 0
7180 280.0 488.0 0 0
7181 276.0 480.0 0 0
7182 280.0 484.0 0 0
7183 276.0 484.0 0 0
7184 272.0 484.0 0 0
7185 276.0 488.0 0 0
7186 272.0 488.0 0 0
7187 280.0 496.0 0 0
7188 272.0 496.0 0 0
7189 268.0 484.0 0 0
7190 264.0 484.0 0 0
7191 268.0 488.0 0 0
7192 264.0 488.0 0 0
7193 260.0 484.0 0 0
7194 256.0 484.0 0 0
7195 260.0 488.0 0 0
7196 256.0 488.0 0 0
7197 264.0 496.0 0 0
7198 256.0 496.0 0 0
7199 272.0 512.0 0 0
7200 256.0 512.0 0 0
7201 240.0 272.0 0 0
7202 224.0 272.0 0 0
7203 240.0 288.0 0 0
7204 224.0 288.0 0 0
7205 224.0 264.0 0 0
7206 216.0 264.0 0 0
7207 216.0 260.0 0 0
7208 212.0 260.0 0 0
7209 212.0 258.0 0 0
7210 210.0 258.0 0 0
7211 208.0 258.0 0 0
7212 210.0 260.0 0 0
7213 208.0 260.0 0 0
7214 212.0 264.0 0 0
7215 208.0 264.0 0 0
7216 216.0 272.0 0 0
7217 208.0 272.0 0 0
7218 207.0 256.0 0 0
7219 208.0 257.0 0 0
7220 207.0 257.0 0 0
7221 206.0 257.0 0 0
7222 207.0 258.0 0 0
7223 206.0 258.0 0 0
7224 204.0 258.0 0 0
7225 206.0 260.0 0 0
7226 204.0 260.0 0 0
7227 202.0 258.0 0 0
7228 200.0 258.0 0 0
7229 202.0 260.0 0 0
7230 200.0 260.0 0 0
7231 204.0 264.0 0 0
7232 204.0 262.0 0 0
7233 202.0 262.0 0 0
7234 200.0 262.0 0 0
7235 202.0 264.0 0 0
7236 200.0 264.0 0 0
7237 198.0 258.0 0 0
7238 196.0 258.0 0 0
7239 198.0 260.0 0 0
7240 196.0 260.0 0 0
7241 194.0 258.0 0 0
7242 193.0 256.0 0 0
7243 194.0 257.0 0 0
7244 193.0 257.0 0 0
7245 192.0 257.0 0 0
7246 193.0 258.0 0 0
7247 192.0 258.0 0 0
7248 194.0 260.0 0 0
7249 192.0 260.0 0 0
7250 196.0 264.0 0 0
7251 196.0 262.0 0 0
7252 194.0 262.0 0 0
7253 192.0 262.0 0 0
7254 194.0 264.0 0 0
7255 192.0 264.0 0 0
7256 208.0 268.0 0 0
7257 204.0 268.0 0 0
7258 204.0 266.0 0 0
7259 202.0 266.0 0 0
7260 201.0 264.0 0 0
7261 202.0 265.0 0 0
7262 201.0 265.0 0 0
7263 200.0 265.0 0 0
7264 201.0 266.0 0 0
7265 200.0 266.0 0 0
7266 202.0 268.0 0 0
7267 200.0 268.0 0 0
7268 204.0 272.0 0 0
7269 200.0 272.0 0 0
7270 198.0 264.0 0 0
7271 198.0 266.0 0 0
7272 196.0 266.0 0 0
7273 198.0 268.0 0 0
7274 196.0 268.0 0 0
7275 192.0 268.0 0 0
7276 196.0 272.0 0 0
7277 192.0 272.0 0 0
7278 208.0 288.0 0 0
7279 208.0 280.0 0 0
7280 200.0 280.0 0 0
7281 192.0 280.0 0 0
7282 200.0 288.0 0 0
7283 192.0 288.0 0 0
7284 240.0 304.0 0 0
7285 224.0 304.0 0 0
7286 240.0 320.0 0 0
7287 232.0 304.0 0 0
7288 240.0 312.0 0 0
7289 232.0 312.0 0 0
7290 224.0 312.0 0 0
7291 232.0 320.0 0 0
7292 224.0 320.0 0 0
7293 216.0 288.0 0 0
7294 224.0 296.0 0 0
7295 216.0 296.0 0 0
7296 208.0 296.0 0 0
7297 216.0 304.0 0 0
7298 208.0 304.0 0 0
7299 200.0 296.0 0 0
7300 192.0 296.0 0 0
7301 204.0 296.0 0 0
7302 208.0 300.0 0 0
7303 204.0 300.0 0 0
7304 200.0 300.0 0 0
7305 204.0 304.0 0 0
7306 200.0 304.0 0 0
7307 196.0 296.0 0 0
7308 196.0 300.0 0 0
7309 192.0 300.0 0 0
7310 198.0 300.0 0 0
7311 200.0 302.0 0 0
7312 198.0 302.0 0 0
7313 196.0 302.0 0 0
7314 198.0 304.0 0 0
7315 196.0 304.0 0 0
7316 192.0 304.0 0 0
7317 216.0 312.0 0 0
7318 212.0 304.0 0 0
7319 216.0 308.0 0 0
7320 212.0 308.0 0 0
7321 208.0 308.0 0 0
7322 212.0 312.0 0 0
7323 208.0 312.0 0 0
7324 220.0 312.0 0 0
7325 224.0 316.0 0 0
7326 220.0 316.0 0 0
7327 216.0 316.0 0 0
7328 220.0 320.0 0 0
7329 216.0 320.0 0 0
7330 212.0 316.0 0 0
7331 208.0 316.0 0 0
7332 214.0 316.0 0 0
7333 216.0 318.0 0 0
7334 214.0 318.0 0 0
7335 212.0 318.0 0 0
7336 214.0 320.0 0 0
7337 212.0 320.0 0 0
7338 210.0 316.0 0 0
7339 210.0 318.0 0 0
7340 208.0 318.0 0 0
7341 210.0 320.0 0 0
7342 208.0 320.0 0 0
7343 204.0 308.0 0 0
7344 200.0 308.0 0 0
7345 206.0 308.0 0 0
7346 208.0 310.0 0 0
7347 206.0 310.0 0 0
7348 204.0 310.0 0 0
7349 206.0 312.0 0 0
7350 204.0 312.0 0 0
7351 202.0 308.0 0 0
7352 202.0 310.0 0 0
7353 200.0 310.0 0 0
7354 202.0 312.0 0 0
7355 200.0 312.0 0 0
7356 196.0 308.0 0 0
7357 192.0 308.0 0 0
7358 198.0 308.0 0 0
7359 198.0 310.0 0 0
7360 196.0 310.0 0 0
7361 198.0 312.0 0 0
7362 196.0 312.0 0 0
7363 194.0 308.0 0 0
7364 194.0 310.0 0 0
7365 192.0 310.0 0 0
7366 194.0 312.0 0 0
7367 192.0 312.0 0 0
7368 208.0 314.0 0 0
7369 206.0 314.0 0 0
7370 204.0 314.0 0 0
7371 206.0 316.0 0 0
7372 204.0 316.0 0 0
7373 200.0 316.0 0 0
7374 206.0 318.0 0 0
7375 204.0 318.0 0 0
7376 206.0 320.0 0 0
7377 204.0 320.0 0 0
7378 200.0 320.0 0 0
7379 196.0 316.0 0 0
7380 192.0 316.0 0 0
7381 196.0 320.0 0 0
7382 192.0 320.0 0 0
7383 190.0 258.0 0 0
7384 188.0 258.0 0 0
7385 191.0 258.0 0 0
7386 192.0 259.0 0 0
7387 191.0 259.0 0 0
7388 190.0 259.0 0 0
7389 191.0 260.0 0 0
7390 190.0 260.0 0 0
7391 188.0 260.0 0 0
7392 184.0 260.0 0 0
7393 190.0 262.0 0 0
7394 188.0 262.0 0 0
7395 190.0 264.0 0 0
7396 188.0 264.0 0 0
7397 184.0 264.0 0 0
7398 176.0 264.0 0 0
7399 188.0 268.0 0 0
7400 184.0 268.0 0 0
7401 188.0 272.0 0 0
7402 184.0 272.0 0 0
7403 176.0 272.0 0 0
7404 160.0 272.0 0 0
7405 184.0 280.0 0 0
7406 176.0 280.0 0 0
7407 184.0 288.0 0 0
7408 176.0 288.0 0 0
7409 160.0 288.0 0 0
7410 144.0 272.0 0 0
7411 144.0 264.0 0 0
7412 136.0 264.0 0 0
7413 128.0 264.0 0 0
7414 136.0 272.0 0 0
7415 128.0 272.0 0 0
7416 144.0 288.0 0 0
7417 128.0 288.0 0 0
7418 184.0 296.0 0 0
7419 176.0 296.0 0 0
7420 184.0 304.0 0 0
7421 176.0 304.0 0 0
7422 160.0 304.0 0 0
7423 188.0 304.0 0 0
7424 188.0 308.0 0 0
7425 184.0 308.0 0 0
7426 190.0 308.0 0 0
7427 190.0 310.0 0 0
7428 188.0 310.0 0 0
7429 190.0 312.0 0 0
7430 188.0 312.0 0 0
7431 184.0 312.0 0 0
7432 176.0 312.0 0 0
7433 192.0 314.0 0 0
7434 190.0 314.0 0 0
7435 188.0 314.0 0 0
7436 190.0 316.0 0 0
7437 188.0 316.0 0 0
7438 184.0 316.0 0 0
7439 192.0 318.0 0 0
7440 190.0 318.0 0 0
7441 188.0 318.0 0 0
7442 190.0 320.0 0 0
7443 188.0 320.0 0 0
7444 184.0 320.0 0 0
7445 176.0 320.0 0 0
7446 160.0 320.0 0 0
7447 144.0 304.0 0 0
7448 128.0 304.0 0 0
7449 144.0 320.0 0 0
7450 128.0 320.0 0 0
7451 240.0 336.0 0 0
7452 240.0 328.0 0 0
7453 232.0 328.0 0 0
7454 224.0 328.0 0 0
7455 232.0 336.0 0 0
7456 224.0 336.0 0 0
7457 240.0 352.0 0 0
7458 240.0 344.0 0 0
7459 232.0 344.0 0 0
7460 224.0 344.0 0 0
7461 232.0 352.0 0 0
7462 224.0 352.0 0 0
7463 224.0 324.0 0 0
7464 220.0 324.0 0 0
7465 216.0 324.0 0 0
7466 220.0 328.0 0 0
7467 216.0 328.0 0 0
7468 216.0 322.0 0 0
7469 214.0 322.0 0 0
7470 212.0 322.0 0 0
7471 214.0 324.0 0 0
7472 212.0 324.0 0 0
7473 208.0 324.0 0 0
7474 216.0 326.0 0 0
7475 214.0 326.0 0 0
7476 212.0 326.0 0 0
7477 214.0 328.0 0 0
7478 212.0 328.0 0 0
7479 210.0 324.0 0 0
7480 210.0 326.0 0 0
7481 208.0 326.0 0 0
7482 211.0 326.0 0 0
7483 212.0 327.0 0 0
7484 211.0 327.0 0 0
7485 210.0 327.0 0 0
7486 211.0 328.0 0 0
7487 210.0 328.0 0 0
7488 208.0 328.0 0 0
7489 224.0 332.0 0 0
7490 220.0 332.0 0 0
7491 216.0 332.0 0 0
7492 220.0 336.0 0 0
7493 216.0 336.0 0 0
7494 216.0 330.0 0 0
7495 214.0 330.0 0 0
7496 212.0 330.0 0 0
7497 214.0 332.0 0 0
7498 212.0 332.0 0 0
7499 212.0 329.0 0 0
7500 211.0 329.0 0 0
7501 210.0 329.0 0 0
7502 211.0 330.0 0 0
7503 210.0 330.0 0 0
7504 208.0 330.0 0 0
7505 210.0 332.0 0 0
7506 208.0 332.0 0 0
7507 212.0 336.0 0 0
7508 212.0 334.0 0 0
7509 210.0 334.0 0 0
7510 209.0 332.0 0 0
7511 210.0 333.0 0 0
7512 209.0 333.0 0 0
7513 208.0 333.0 0 0
7514 209.0 334.0 0 0
7515 208.0 334.0 0 0
7516 210.0 336.0 0 0
7517 208.0 336.0 0 0
7518 208.0 322.0 0 0
7519 206.0 322.0 0 0
7520 204.0 322.0 0 0
7521 206.0 324.0 0 0
7522 204.0 324.0 0 0
7523 200.0 324.0 0 0
7524 206.0 326.0 0 0
7525 204.0 326.0 0 0
7526 206.0 328.0 0 0
7527 204.0 328.0 0 0
7528 200.0 328.0 0 0
7529 196.0 324.0 0 0
7530 192.0 324.0 0 0
7531 196.0 328.0 0 0
7532 192.0 328.0 0 0
7533 204.0 332.0 0 0
7534 200.0 332.0 0 0
7535 206.0 332.0 0 0
7536 206.0 334.0 0 0
7537 204.0 334.0 0 0
7538 206.0 336.0 0 0
7539 204.0 336.0 0 0
7540 202.0 332.0 0 0
7541 202.0 334.0 0 0
7542 200.0 334.0 0 0
7543 202.0 336.0 0 0
7544 200.0 336.0 0 0
7545 196.0 332.0 0 0
7546 194.0 328.0 0 0
7547 196.0 330.0 0 0
7548 194.0 330.0 0 0
7549 192.0 330.0 0 0
7550 194.0 332.0 0 0
7551 192.0 332.0 0 0
7552 198.0 332.0 0 0
7553 198.0 334.0 0 0
7554 196.0 334.0 0 0
7555 199.0 334.0 0 0
7556 200.0 335.0 0 0
7557 199.0 335.0 0 0
7558 198.0 335.0 0 0
7559 199.0 336.0 0 0
7560 198.0 336.0 0 0
7561 196.0 336.0 0 0
7562 194.0 334.0 0 0
7563 192.0 334.0 0 0
7564 194.0 336.0 0 0
7565 192.0 336.0 0 0
7566 216.0 344.0 0 0
7567 216.0 340.0 0 0
7568 212.0 340.0 0 0
7569 212.0 338.0 0 0
7570 210.0 338.0 0 0
7571 208.0 338.0 0 0
7572 210.0 340.0 0 0
7573 208.0 340.0 0 0
7574 212.0 344.0 0 0
7575 208.0 344.0 0 0
7576 216.0 352.0 0 0
7577 208.0 352.0 0 0
7578 204.0 340.0 0 0
7579 200.0 340.0 0 0
7580 204.0 344.0 0 0
7581 200.0 344.0 0 0
7582 200.0 338.0 0 0
7583 198.0 338.0 0 0
7584 196.0 338.0 0 0
7585 198.0 340.0 0 0
7586 196.0 340.0 0 0
7587 192.0 340.0 0 0
7588 196.0 344.0 0 0
7589 192.0 344.0 0 0
7590 200.0 352.0 0 0
7591 192.0 352.0 0 0
7592 248.0 352.0 0 0
7593 248.0 360.0 0 0
7594 240.0 360.0 0 0
7595 248.0 368.0 0 0
7596 244.0 360.0 0 0
7597 248.0 364.0 0 0
7598 244.0 364.0 0 0
7599 240.0 364.0 0 0
7600 244.0 368.0 0 0
7601 240.0 368.0 0 0
7602 236.0 352.0 0 0
7603 240.0 356.0 0 0
7604 236.0 356.0 0 0
7605 232.0 356.0 0 0
7606 236.0 360.0 0 0
7607 232.0 360.0 0 0
7608 228.0 352.0 0 0
7609 228.0 356.0 0 0
7610 224.0 356.0 0 0
7611 228.0 360.0 0 0
7612 224.0 360.0 0 0
7613 236.0 364.0 0 0
7614 234.0 360.0 0 0
7615 236.0 362.0 0 0
7616 234.0 362.0 0 0
7617 232.0 362.0 0 0
7618 234.0 364.0 0 0
7619 232.0 364.0 0 0
7620 238.0 364.0 0 0
7621 240.0 366.0 0 0
7622 238.0 366.0 0 0
7623 236.0 366.0 0 0
7624 238.0 368.0 0 0
7625 237.0 366.0 0 0
7626 238.0 367.0 0 0
7627 237.0 367.0 0 0
7628 236.0 367.0 0 0
7629 237.0 368.0 0 0
7630 236.0 368.0 0 0
7631 235.0 364.0 0 0
7632 236.0 365.0 0 0
7633 235.0 365.0 0 0
7634 234.0 365.0 0 0
7635 235.0 366.0 0 0
7636 234.0 366.0 0 0
7637 232.0 366.0 0 0
7638 234.0 368.0 0 0
7639 233.0 366.0 0 0
7640 234.0 367.0 0 0
7641 233.0 367.0 0 0
7642 232.0 367.0 0 0
7643 233.0 368.0 0 0
7644 232.0 368.0 0 0
7645 230.0 360.0 0 0
7646 230.0 362.0 0 0
7647 228.0 362.0 0 0
7648 230.0 364.0 0 0
7649 228.0 364.0 0 0
7650 224.0 364.0 0 0
7651 231.0 364.0 0 0
7652 232.0 365.0 0 0
7653 231.0 365.0 0 0
7654 230.0 365.0 0 0
7655 231.0 366.0 0 0
7656 230.0 366.0 0 0
7657 228.0 366.0 0 0
7658 230.0 368.0 0 0
7659 228.0 368.0 0 0
7660 224.0 368.0 0 0
7661 256.0 376.0 0 0
7662 248.0 376.0 0 0
7663 248.0 372.0 0 0
7664 244.0 372.0 0 0
7665 240.0 372.0 0 0
7666 244.0 376.0 0 0
7667 240.0 376.0 0 0
7668 248.0 384.0 0 0
7669 240.0 384.0 0 0
7670 240.0 370.0 0 0
7671 238.0 370.0 0 0
7672 238.0 369.0 0 0
7673 237.0 369.0 0 0
7674 236.0 369.0 0 0
7675 237.0 370.0 0 0
7676 236.0 370.0 0 0
7677 238.0 372.0 0 0
7678 236.0 372.0 0 0
7679 235.0 368.0 0 0
7680 235.0 369.0 0 0
7681 234.0 369.0 0 0
7682 235.0 370.0 0 0
7683 234.0 370.0 0 0
7684 232.0 370.0 0 0
7685 234.0 372.0 0 0
7686 232.0 372.0 0 0
7687 236.0 376.0 0 0
7688 232.0 376.0 0 0
7689 228.0 372.0 0 0
7690 224.0 372.0 0 0
7691 228.0 376.0 0 0
7692 224.0 376.0 0 0
7693 232.0 384.0 0 0
7694 224.0 384.0 0 0
7695 216.0 360.0 0 0
7696 208.0 360.0 0 0
7697 216.0 368.0 0 0
7698 208.0 368.0 0 0
7699 200.0 360.0 0 0
7700 192.0 360.0 0 0
7701 200.0 368.0 0 0
7702 192.0 368.0 0 0
7703 216.0 376.0 0 0
7704 208.0 376.0 0 0
7705 216.0 384.0 0 0
7706 208.0 384.0 0 0
7707 204.0 368.0 0 0
7708 208.0 372.0 0 0
7709 204.0 372.0 0 0
7710 200.0 372.0 0 0
7711 204.0 376.0 0 0
7712 200.0 376.0 0 0
7713 196.0 368.0 0 0
7714 196.0 372.0 0 0
7715 192.0 372.0 0 0
7716 198.0 372.0 0 0
7717 200.0 374.0 0 0
7718 198.0 374.0 0 0
7719 196.0 374.0 0 0
7720 198.0 376.0 0 0
7721 196.0 376.0 0 0
7722 192.0 376.0 0 0
7723 208.0 380.0 0 0
7724 204.0 380.0 0 0
7725 200.0 380.0 0 0
7726 204.0 384.0 0 0
7727 200.0 384.0 0 0
7728 200.0 378.0 0 0
7729 198.0 378.0 0 0
7730 196.0 378.0 0 0
7731 198.0 380.0 0 0
7732 196.0 380.0 0 0
7733 192.0 380.0 0 0
7734 196.0 384.0 0 0
7735 192.0 384.0 0 0
7736 192.0 322.0 0 0
7737 190.0 322.0 0 0
7738 188.0 322.0 0 0
7739 190.0 324.0 0 0
7740 188.0 324.0 0 0
7741 186.0 320.0 0 0
7742 186.0 322.0 0 0
7743 184.0 322.0 0 0
7744 186.0 324.0 0 0
7745 184.0 324.0 0 0
7746 192.0 326.0 0 0
7747 190.0 326.0 0 0
7748 188.0 326.0 0 0
7749 190.0 328.0 0 0
7750 188.0 328.0 0 0
7751 186.0 326.0 0 0
7752 184.0 326.0 0 0
7753 186.0 328.0 0 0
7754 184.0 328.0 0 0
7755 180.0 320.0 0 0
7756 180.0 324.0 0 0
7757 176.0 324.0 0 0
7758 180.0 328.0 0 0
7759 176.0 328.0 0 0
7760 190.0 330.0 0 0
7761 188.0 330.0 0 0
7762 190.0 332.0 0 0
7763 188.0 332.0 0 0
7764 187.0 328.0 0 0
7765 188.0 329.0 0 0
7766 187.0 329.0 0 0
7767 186.0 329.0 0 0
7768 187.0 330.0 0 0
7769 186.0 330.0 0 0
7770 184.0 330.0 0 0
7771 188.0 331.0 0 0
7772 187.0 331.0 0 0
7773 186.0 331.0 0 0
7774 187.0 332.0 0 0
7775 186.0 332.0 0 0
7776 184.0 332.0 0 0
7777 190.0 334.0 0 0
7778 188.0 334.0 0 0
7779 190.0 336.0 0 0
7780 188.0 336.0 0 0
7781 186.0 334.0 0 0
7782 184.0 334.0 0 0
7783 186.0 336.0 0 0
7784 184.0 336.0 0 0
7785 180.0 332.0 0 0
7786 176.0 332.0 0 0
7787 180.0 336.0 0 0
7788 176.0 336.0 0 0
7789 168.0 320.0 0 0
7790 168.0 328.0 0 0
7791 160.0 328.0 0 0
7792 168.0 336.0 0 0
7793 160.0 336.0 0 0
7794 192.0 338.0 0 0
7795 190.0 338.0 0 0
7796 188.0 338.0 0 0
7797 190.0 340.0 0 0
7798 188.0 340.0 0 0
7799 184.0 340.0 0 0
7800 192.0 342.0 0 0
7801 190.0 342.0 0 0
7802 188.0 342.0 0 0
7803 190.0 344.0 0 0
7804 188.0 344.0 0 0
7805 184.0 344.0 0 0
7806 176.0 344.0 0 0
7807 192.0 348.0 0 0
7808 188.0 348.0 0 0
7809 186.0 344.0 0 0
7810 188.0 346.0 0 0
7811 186.0 346.0 0 0
7812 184.0 346.0 0 0
7813 186.0 348.0 0 0
7814 184.0 348.0 0 0
7815 188.0 352.0 0 0
7816 184.0 352.0 0 0
7817 180.0 344.0 0 0
7818 180.0 348.0 0 0
7819 176.0 348.0 0 0
7820 180.0 352.0 0 0
7821 176.0 352.0 0 0
7822 168.0 344.0 0 0
7823 160.0 344.0 0 0
7824 168.0 352.0 0 0
7825 160.0 352.0 0 0
7826 144.0 336.0 0 0
7827 128.0 336.0 0 0
7828 144.0 352.0 0 0
7829 136.0 336.0 0 0
7830 144.0 344.0 0 0
7831 136.0 344.0 0 0
7832 128.0 344.0 0 0
7833 136.0 352.0 0 0
7834 128.0 352.0 0 0
7835 184.0 360.0 0 0
7836 176.0 360.0 0 0
7837 184.0 368.0 0 0
7838 176.0 368.0 0 0
7839 168.0 360.0 0 0
7840 164.0 352.0 0 0
7841 168.0 356.0 0 0
7842 164.0 356.0 0 0
7843 160.0 356.0 0 0
7844 164.0 360.0 0 0
7845 160.0 360.0 0 0
7846 172.0 360.0 0 0
7847 176.0 364.0 0 0
7848 172.0 364.0 0 0
7849 168.0 364.0 0 0
7850 172.0 368.0 0 0
7851 170.0 364.0 0 0
7852 172.0 366.0 0 0
7853 170.0 366.0 0 0
7854 168.0 366.0 0 0
7855 170.0 368.0 0 0
7856 168.0 368.0 0 0
7857 166.0 360.0 0 0
7858 168.0 362.0 0 0
7859 166.0 362.0 0 0
7860 164.0 362.0 0 0
7861 166.0 364.0 0 0
7862 164.0 364.0 0 0
7863 160.0 364.0 0 0
7864 166.0 366.0 0 0
7865 165.0 364.0 0 0
7866 166.0 365.0 0 0
7867 165.0 365.0 0 0
7868 164.0 365.0 0 0
7869 165.0 366.0 0 0
7870 164.0 366.0 0 0
7871 167.0 366.0 0 0
7872 168.0 367.0 0 0
7873 167.0 367.0 0 0
7874 166.0 367.0 0 0
7875 167.0 368.0 0 0
7876 166.0 368.0 0 0
7877 164.0 368.0 0 0
7878 162.0 364.0 0 0
7879 162.0 366.0 0 0
7880 160.0 366.0 0 0
7881 163.0 366.0 0 0
7882 164.0 367.0 0 0
7883 163.0 367.0 0 0
7884 162.0 367.0 0 0
7885 163.0 368.0 0 0
7886 162.0 368.0 0 0
7887 160.0 368.0 0 0
7888 184.0 376.0 0 0
7889 176.0 376.0 0 0
7890 184.0 384.0 0 0
7891 176.0 384.0 0 0
7892 176.0 372.0 0 0
7893 172.0 372.0 0 0
7894 168.0 372.0 0 0
7895 172.0 376.0 0 0
7896 168.0 376.0 0 0
7897 168.0 370.0 0 0
7898 166.0 370.0 0 0
7899 165.0 368.0 0 0
7900 166.0 369.0 0 0
7901 165.0 369.0 0 0
7902 164.0 369.0 0 0
7903 165.0 370.0 0 0
7904 164.0 370.0 0 0
7905 166.0 372.0 0 0
7906 164.0 372.0 0 0
7907 162.0 370.0 0 0
7908 160.0 370.0 0 0
7909 162.0 372.0 0 0
7910 160.0 372.0 0 0
7911 164.0 376.0 0 0
7912 160.0 376.0 0 0
7913 168.0 384.0 0 0
7914 160.0 384.0 0 0
7915 152.0 352.0 0 0
7916 152.0 360.0 0 0
7917 144.0 360.0 0 0
7918 156.0 360.0 0 0
7919 156.0 364.0 0 0
7920 152.0 364.0 0 0
7921 156.0 368.0 0 0
7922 152.0 368.0 0 0
7923 144.0 368.0 0 0
7924 136.0 360.0 0 0
7925 132.0 352.0 0 0
7926 136.0 356.0 0 0
7927 132.0 356.0 0 0
7928 128.0 356.0 0 0
7929 132.0 360.0 0 0
7930 130.0 356.0 0 0
7931 132.0 358.0 0 0
7932 130.0 358.0 0 0
7933 128.0 358.0 0 0
7934 130.0 360.0 0 0
7935 128.0 360.0 0 0
7936 136.0 368.0 0 0
7937 136.0 364.0 0 0
7938 132.0 364.0 0 0
7939 132.0 362.0 0 0
7940 130.0 362.0 0 0
7941 128.0 362.0 0 0
7942 130.0 364.0 0 0
7943 128.0 364.0 0 0
7944 132.0 368.0 0 0
7945 128.0 368.0 0 0
7946 156.0 372.0 0 0
7947 152.0 372.0 0 0
7948 156.0 376.0 0 0
7949 152.0 376.0 0 0
7950 144.0 376.0 0 0
7951 152.0 384.0 0 0
7952 144.0 384.0 0 0
7953 136.0 376.0 0 0
7954 128.0 376.0 0 0
7955 136.0 384.0 0 0
7956 128.0 384.0 0 0
7957 120.0 264.0 0 0
7958 116.0 256.0 0 0
7959 120.0 260.0 0 0
7960 116.0 260.0 0 0
7961 112.0 260.0 0 0
7962 116.0 264.0 0 0
7963 112.0 264.0 0 0
7964 124.0 264.0 0 0
7965 128.0 268.0 0 0
7966 124.0 268.0 0 0
7967 120.0 268.0 0 0
7968 124.0 272.0 0 0
7969 120.0 272.0 0 0
7970 118.0 264.0 0 0
7971 120.0 266.0 0 0
7972 118.0 266.0 0 0
7973 116.0 266.0 0 0
7974 118.0 268.0 0 0
7975 116.0 268.0 0 0
7976 112.0 268.0 0 0
7977 120.0 270.0 0 0
7978 118.0 270.0 0 0
7979 116.0 270.0 0 0
7980 118.0 272.0 0 0
7981 116.0 272.0 0 0
7982 114.0 268.0 0 0
7983 114.0 270.0 0 0
7984 112.0 270.0 0 0
7985 114.0 272.0 0 0
7986 112.0 272.0 0 0
7987 104.0 256.0 0 0
7988 104.0 264.0 0 0
7989 96.0 264.0 0 0
7990 108.0 264.0 0 0
7991 108.0 268.0 0 0
7992 104.0 268.0 0 0
7993 108.0 272.0 0 0
7994 104.0 272.0 0 0
7995 96.0 272.0 0 0
7996 128.0 280.0 0 0
7997 120.0 280.0 0 0
7998 120.0 276.0 0 0
7999 116.0 276.0 0 0
8000 116.0 274.0 0 0
8001 114.0 274.0 0 0
8002 112.0 274.0 0 0
8003 114.0 276.0 0 0
8004 112.0 276.0 0 0
8005 116.0 280.0 0 0
8006 112.0 280.0 0 0
8007 120.0 288.0 0 0
8008 112.0 288.0 0 0
8009 110.0 272.0 0 0
8010 110.0 274.0 0 0
8011 108.0 274.0 0 0
8012 110.0 276.0 0 0
8013 108.0 276.0 0 0
8014 104.0 276.0 0 0
8015 108.0 280.0 0 0
8016 106.0 276.0 0 0
8017 108.0 278.0 0 0
8018 106.0 278.0 0 0
8019 104.0 278.0 0 0
8020 106.0 280.0 0 0
8021 104.0 280.0 0 0
8022 100.0 272.0 0 0
8023 100.0 276.0 0 0
8024 96.0 276.0 0 0
8025 100.0 280.0 0 0
8026 96.0 280.0 0 0
8027 112.0 284.0 0 0
8028 108.0 284.0 0 0
8029 108.0 282.0 0 0
8030 106.0 282.0 0 0
8031 104.0 282.0 0 0
8032 106.0 284.0 0 0
8033 104.0 284.0 0 0
8034 108.0 288.0 0 0
8035 104.0 288.0 0 0
8036 100.0 284.0 0 0
8037 96.0 284.0 0 0
8038 100.0 288.0 0 0
8039 96.0 288.0 0 0
8040 88.0 256.0 0 0
8041 88.0 264.0 0 0
8042 80.0 264.0 0 0
8043 88.0 272.0 0 0
8044 80.0 272.0 0 0
8045 72.0 256.0 0 0
8046 72.0 264.0 0 0
8047 64.0 264.0 0 0
8048 72.0 272.0 0 0
8049 64.0 272.0 0 0
8050 88.0 280.0 0 0
8051 84.0 272.0 0 0
8052 88.0 276.0 0 0
8053 84.0 276.0 0 0
8054 80.0 276.0 0 0
8055 84.0 280.0 0 0
8056 82.0 276.0 0 0
8057 84.0 278.0 0 0
8058 82.0 278.0 0 0
8059 80.0 278.0 0 0
8060 82.0 280.0 0 0
8061 80.0 280.0 0 0
8062 88.0 288.0 0 0
8063 88.0 284.0 0 0
8064 84.0 284.0 0 0
8065 80.0 284.0 0 0
8066 84.0 288.0 0 0
8067 80.0 288.0 0 0
8068 76.0 272.0 0 0
8069 76.0 276.0 0 0
8070 72.0 276.0 0 0
8071 78.0 276.0 0 0
8072 78.0 278.0 0 0
8073 76.0 278.0 0 0
8074 78.0 280.0 0 0
8075 76.0 280.0 0 0
8076 72.0 280.0 0 0
8077 64.0 280.0 0 0
8078 80.0 282.0 0 0
8079 78.0 282.0 0 0
8080 76.0 282.0 0 0
8081 78.0 284.0 0 0
8082 76.0 284.0 0 0
8083 74.0 280.0 0 0
8084 74.0 282.0 0 0
8085 72.0 282.0 0 0
8086 74.0 284.0 0 0
8087 72.0 284.0 0 0
8088 76.0 288.0 0 0
8089 72.0 288.0 0 0
8090 68.0 280.0 0 0
8091 68.0 284.0 0 0
8092 64.0 284.0 0 0
8093 68.0 288.0 0 0
8094 66.0 284.0 0 0
8095 68.0 286.0 0 0
8096 66.0 286.0 0 0
8097 64.0 286.0 0 0
8098 66.0 288.0 0 0
8099 64.0 288.0 0 0
8100 128.0 296.0 0 0
8101 120.0 296.0 0 0
8102 112.0 296.0 0 0
8103 120.0 304.0 0 0
8104 112.0 304.0 0 0
8105 112.0 292.0 0 0
8106 108.0 292.0 0 0
8107 104.0 292.0 0 0
8108 108.0 296.0 0 0
8109 106.0 292.0 0 0
8110 108.0 294.0 0 0
8111 106.0 294.0 0 0
8112 104.0 294.0 0 0
8113 106.0 296.0 0 0
8114 104.0 296.0 0 0
8115 100.0 292.0 0 0
8116 96.0 292.0 0 0
8117 102.0 292.0 0 0
8118 102.0 294.0 0 0
8119 100.0 294.0 0 0
8120 102.0 296.0 0 0
8121 100.0 296.0 0 0
8122 98.0 292.0 0 0
8123 98.0 294.0 0 0
8124 96.0 294.0 0 0
8125 98.0 296.0 0 0
8126 96.0 296.0 0 0
8127 112.0 300.0 0 0
8128 108.0 300.0 0 0
8129 108.0 298.0 0 0
8130 106.0 298.0 0 0
8131 104.0 298.0 0 0
8132 106.0 300.0 0 0
8133 104.0 300.0 0 0
8134 108.0 304.0 0 0
8135 104.0 304.0 0 0
8136 102.0 298.0 0 0
8137 100.0 298.0 0 0
8138 102.0 300.0 0 0
8139 100.0 300.0 0 0
8140 96.0 300.0 0 0
8141 100.0 304.0 0 0
8142 96.0 304.0 0 0
8143 128.0 312.0 0 0
8144 120.0 312.0 0 0
8145 112.0 312.0 0 0
8146 120.0 320.0 0 0
8147 112.0 320.0 0 0
8148 104.0 312.0 0 0
8149 96.0 312.0 0 0
8150 104.0 320.0 0 0
8151 96.0 320.0 0 0
8152 92.0 288.0 0 0
8153 92.0 292.0 0 0
8154 88.0 292.0 0 0
8155 92.0 296.0 0 0
8156 88.0 296.0 0 0
8157 80.0 296.0 0 0
8158 92.0 300.0 0 0
8159 88.0 300.0 0 0
8160 92.0 304.0 0 0
8161 90.0 300.0 0 0
8162 92.0 302.0 0 0
8163 90.0 302.0 0 0
8164 88.0 302.0 0 0
8165 90.0 304.0 0 0
8166 88.0 304.0 0 0
8167 84.0 296.0 0 0
8168 84.0 300.0 0 0
8169 80.0 300.0 0 0
8170 86.0 300.0 0 0
8171 86.0 302.0 0 0
8172 84.0 302.0 0 0
8173 86.0 304.0 0 0
8174 84.0 304.0 0 0
8175 80.0 304.0 0 0
8176 72.0 296.0 0 0
8177 72.0 292.0 0 0
8178 68.0 292.0 0 0
8179 64.0 292.0 0 0
8180 68.0 296.0 0 0
8181 64.0 296.0 0 0
8182 72.0 304.0 0 0
8183 64.0 304.0 0 0
8184 96.0 308.0 0 0
8185 92.0 308.0 0 0
8186 88.0 308.0 0 0
8187 92.0 312.0 0 0
8188 88.0 312.0 0 0
8189 84.0 308.0 0 0
8190 80.0 308.0 0 0
8191 84.0 312.0 0 0
8192 80.0 312.0 0 0
8193 88.0 320.0 0 0
8194 80.0 320.0 0 0
8195 72.0 312.0 0 0
8196 64.0 312.0 0 0
8197 72.0 320.0 0 0
8198 64.0 320.0 0 0
8199 56.0 264.0 0 0
8200 48.0 264.0 0 0
8201 56.0 272.0 0 0
8202 48.0 272.0 0 0
8203 48.0 260.0 0 0
8204 44.0 260.0 0 0
8205 40.0 260.0 0 0
8206 44.0 264.0 0 0
8207 40.0 264.0 0 0
8208 38.0 256.0 0 0
8209 40.0 258.0 0 0
8210 38.0 258.0 0 0
8211 36.0 258.0 0 0
8212 38.0 260.0 0 0
8213 36.0 260.0 0 0
8214 32.0 260.0 0 0
8215 40.0 262.0 0 0
8216 38.0 262.0 0 0
8217 36.0 262.0 0 0
8218 38.0 264.0 0 0
8219 36.0 264.0 0 0
8220 32.0 264.0 0 0
8221 48.0 268.0 0 0
8222 44.0 268.0 0 0
8223 40.0 268.0 0 0
8224 44.0 272.0 0 0
8225 40.0 272.0 0 0
8226 40.0 266.0 0 0
8227 38.0 266.0 0 0
8228 36.0 266.0 0 0
8229 38.0 268.0 0 0
8230 36.0 268.0 0 0
8231 32.0 268.0 0 0
8232 40.0 270.0 0 0
8233 38.0 270.0 0 0
8234 36.0 270.0 0 0
8235 38.0 272.0 0 0
8236 36.0 272.0 0 0
8237 32.0 272.0 0 0
8238 56.0 280.0 0 0
8239 48.0 280.0 0 0
8240 60.0 280.0 0 0
8241 60.0 284.0 0 0
8242 56.0 284.0 0 0
8243 60.0 288.0 0 0
8244 56.0 288.0 0 0
8245 48.0 288.0 0 0
8246 48.0 276.0 0 0
8247 44.0 276.0 0 0
8248 40.0 276.0 0 0
8249 44.0 280.0 0 0
8250 40.0 280.0 0 0
8251 40.0 274.0 0 0
8252 38.0 274.0 0 0
8253 36.0 274.0 0 0
8254 38.0 276.0 0 0
8255 36.0 276.0 0 0
8256 32.0 276.0 0 0
8257 36.0 280.0 0 0
8258 32.0 280.0 0 0
8259 48.0 284.0 0 0
8260 44.0 284.0 0 0
8261 40.0 284.0 0 0
8262 44.0 288.0 0 0
8263 42.0 284.0 0 0
8264 44.0 286.0 0 0
8265 42.0 286.0 0 0
8266 40.0 286.0 0 0
8267 42.0 288.0 0 0
8268 40.0 288.0 0 0
8269 36.0 284.0 0 0
8270 32.0 284.0 0 0
8271 36.0 288.0 0 0
8272 32.0 288.0 0 0
8273 28.0 260.0 0 0
8274 28.0 258.0 0 0
8275 26.0 258.0 0 0
8276 25.0 256.0 0 0
8277 26.0 257.0 0 0
8278 25.0 257.0 0 0
8279 24.0 257.0 0 0
8280 25.0 258.0 0 0
8281 24.0 258.0 0 0
8282 26.0 260.0 0 0
8283 26.0 259.0 0 0
8284 25.0 259.0 0 0
8285 24.0 259.0 0 0
8286 25.0 260.0 0 0
8287 24.0 260.0 0 0
8288 28.0 264.0 0 0
8289 28.0 262.0 0 0
8290 26.0 262.0 0 0
8291 24.0 262.0 0 0
8292 26.0 264.0 0 0
8293 25.0 262.0 0 0
8294 26.0 263.0 0 0
8295 25.0 263.0 0 0
8296 24.0 263.0 0 0
8297 25.0 264.0 0 0
8298 24.0 264.0 0 0
8299 22.0 258.0 0 0
8300 20.0 258.0 0 0
8301 22.0 260.0 0 0
8302 20.0 260.0 0 0
8303 16.0 260.0 0 0
8304 22.0 262.0 0 0
8305 20.0 262.0 0 0
8306 22.0 264.0 0 0
8307 20.0 264.0 0 0
8308 16.0 264.0 0 0
8309 28.0 268.0 0 0
8310 28.0 266.0 0 0
8311 26.0 266.0 0 0
8312 26.0 265.0 0 0
8313 25.0 265.0 0 0
8314 24.0 265.0 0 0
8315 25.0 266.0 0 0
8316 24.0 266.0 0 0
8317 26.0 268.0 0 0
8318 26.0 267.0 0 0
8319 25.0 267.0 0 0
8320 24.0 267.0 0 0
8321 25.0 268.0 0 0
8322 24.0 268.0 0 0
8323 28.0 272.0 0 0
8324 28.0 270.0 0 0
8325 26.0 270.0 0 0
8326 26.0 269.0 0 0
8327 25.0 269.0 0 0
8328 24.0 269.0 0 0
8329 25.0 270.0 0 0
8330 24.0 270.0 0 0
8331 26.0 272.0 0 0
8332 24.0 272.0 0 0
8333 22.0 266.0 0 0
8334 20.0 266.0 0 0
8335 22.0 268.0 0 0
8336 20.0 268.0 0 0
8337 16.0 268.0 0 0
8338 22.0 270.0 0 0
8339 20.0 270.0 0 0
8340 22.0 272.0 0 0
8341 20.0 272.0 0 0
8342 16.0 272.0 0 0
8343 8.0 264.0 0 0
8344 0.0 264.0 0 0
8345 8.0 272.0 0 0
8346 0.0 272.0 0 0
8347 28.0 276.0 0 0
8348 24.0 276.0 0 0
8349 28.0 280.0 0 0
8350 24.0 280.0 0 0
8351 24.0 274.0 0 0
8352 22.0 274.0 0 0
8353 20.0 274.0 0 0
8354 22.0 276.0 0 0
8355 20.0 276.0 0 0
8356 16.0 276.0 0 0
8357 24.0 278.0 0 0
8358 22.0 278.0 0 0
8359 20.0 278.0 0 0
8360 22.0 280.0 0 0
8361 20.0 280.0 0 0
8362 16.0 280.0 0 0
8363 28.0 284.0 0 0
8364 24.0 284.0 0 0
8365 28.0 288.0 0 0
8366 24.0 288.0 0 0
8367 24.0 282.0 0 0
8368 22.0 282.0 0 0
8369 20.0 282.0 0 0
8370 22.0 284.0 0 0
8371 20.0 284.0 0 0
8372 16.0 284.0 0 0
8373 24.0 286.0 0 0
8374 22.0 286.0 0 0
8375 20.0 286.0 0 0
8376 22.0 288.0 0 0
8377 20.0 288.0 0 0
8378 16.0 288.0 0 0
8379 8.0 280.0 0 0
8380 0.0 280.0 0 0
8381 8.0 288.0 0 0
8382 0.0 288.0 0 0
8383 56.0 296.0 0 0
8384 52.0 288.0 0 0
8385 56.0 292.0 0 0
8386 52.0 292.0 0 0
8387 48.0 292.0 0 0
8388 52.0 296.0 0 0
8389 48.0 296.0 0 0
8390 56.0 304.0 0 0
8391 56.0 300.0 0 0
8392 52.0 300.0 0 0
8393 50.0 296.0 0 0
8394 52.0 298.0 0 0
8395 50.0 298.0 0 0
8396 48.0 298.0 0 0
8397 50.0 300.0 0 0
8398 48.0 300.0 0 0
8399 52.0 304.0 0 0
8400 52.0 302.0 0 0
8401 50.0 302.0 0 0
8402 49.0 300.0 0 0
8403 50.0 301.0 0 0
8404 49.0 301.0 0 0
8405 48.0 301.0 0 0
8406 49.0 302.0 0 0
8407 48.0 302.0 0 0
8408 50.0 304.0 0 0
8409 50.0 303.0 0 0
8410 49.0 303.0 0 0
8411 48.0 303.0 0 0
8412 49.0 304.0 0 0
8413 48.0 304.0 0 0
8414 44.0 292.0 0 0
8415 44.0 290.0 0 0
8416 42.0 290.0 0 0
8417 40.0 290.0 0 0
8418 42.0 292.0 0 0
8419 40.0 292.0 0 0
8420 44.0 296.0 0 0
8421 40.0 296.0 0 0
8422 36.0 292.0 0 0
8423 32.0 292.0 0 0
8424 36.0 296.0 0 0
8425 32.0 296.0 0 0
8426 46.0 296.0 0 0
8427 46.0 298.0 0 0
8428 44.0 298.0 0 0
8429 47.0 298.0 0 0
8430 48.0 299.0 0 0
8431 47.0 299.0 0 0
8432 46.0 299.0 0 0
8433 47.0 300.0 0 0
8434 46.0 300.0 0 0
8435 44.0 300.0 0 0
8436 40.0 300.0 0 0
8437 46.0 302.0 0 0
8438 44.0 302.0 0 0
8439 46.0 304.0 0 0
8440 44.0 304.0 0 0
8441 40.0 304.0 0 0
8442 32.0 304.0 0 0
8443 60.0 304.0 0 0
8444 64.0 308.0 0 0
8445 60.0 308.0 0 0
8446 56.0 308.0 0 0
8447 60.0 312.0 0 0
8448 58.0 308.0 0 0
8449 60.0 310.0 0 0
8450 58.0 310.0 0 0
8451 56.0 310.0 0 0
8452 58.0 312.0 0 0
8453 56.0 312.0 0 0
8454 54.0 304.0 0 0
8455 56.0 306.0 0 0
8456 54.0 306.0 0 0
8457 52.0 306.0 0 0
8458 54.0 308.0 0 0
8459 52.0 308.0 0 0
8460 50.0 306.0 0 0
8461 48.0 306.0 0 0
8462 51.0 306.0 0 0
8463 52.0 307.0 0 0
8464 51.0 307.0 0 0
8465 50.0 307.0 0 0
8466 51.0 308.0 0 0
8467 50.0 308.0 0 0
8468 48.0 308.0 0 0
8469 54.0 310.0 0 0
8470 52.0 310.0 0 0
8471 54.0 312.0 0 0
8472 53.0 310.0 0 0
8473 54.0 311.0 0 0
8474 53.0 311.0 0 0
8475 52.0 311.0 0 0
8476 53.0 312.0 0 0
8477 52.0 312.0 0 0
8478 52.0 309.0 0 0
8479 51.0 309.0 0 0
8480 50.0 309.0 0 0
8481 51.0 310.0 0 0
8482 50.0 310.0 0 0
8483 48.0 310.0 0 0
8484 50.0 312.0 0 0
8485 48.0 312.0 0 0
8486 64.0 316.0 0 0
8487 60.0 316.0 0 0
8488 60.0 314.0 0 0
8489 58.0 314.0 0 0
8490 56.0 314.0 0 0
8491 58.0 316.0 0 0
8492 56.0 316.0 0 0
8493 60.0 320.0 0 0
8494 60.0 318.0 0 0
8495 58.0 318.0 0 0
8496 57.0 316.0 0 0
8497 58.0 317.0 0 0
8498 57.0 317.0 0 0
8499 56.0 317.0 0 0
8500 57.0 318.0 0 0
8501 56.0 318.0 0 0
8502 58.0 320.0 0 0
8503 58.0 319.0 0 0
8504 57.0 319.0 0 0
8505 56.0 319.0 0 0
8506 57.0 320.0 0 0
8507 56.0 320.0 0 0
8508 54.0 314.0 0 0
8509 52.0 314.0 0 0
8510 55.0 314.0 0 0
8511 56.0 315.0 0 0
8512 55.0 315.0 0 0
8513 54.0 315.0 0 0
8514 55.0 316.0 0 0
8515 54.0 316.0 0 0
8516 52.0 316.0 0 0
8517 48.0 316.0 0 0
8518 54.0 318.0 0 0
8519 52.0 318.0 0 0
8520 54.0 320.0 0 0
8521 52.0 320.0 0 0
8522 48.0 320.0 0 0
8523 44.0 308.0 0 0
8524 40.0 308.0 0 0
8525 44.0 312.0 0 0
8526 40.0 312.0 0 0
8527 32.0 312.0 0 0
8528 40.0 320.0 0 0
8529 32.0 320.0 0 0
8530 24.0 296.0 0 0
8531 24.0 292.0 0 0
8532 20.0 292.0 0 0
8533 16.0 292.0 0 0
8534 20.0 296.0 0 0
8535 18.0 292.0 0 0
8536 20.0 294.0 0 0
8537 18.0 294.0 0 0
8538 16.0 294.0 0 0
8539 18.0 296.0 0 0
8540 16.0 296.0 0 0
8541 24.0 304.0 0 0
8542 24.0 300.0 0 0
8543 20.0 300.0 0 0
8544 20.0 298.0 0 0
8545 18.0 298.0 0 0
8546 16.0 298.0 0 0
8547 18.0 300.0 0 0
8548 16.0 300.0 0 0
8549 20.0 304.0 0 0
8550 20.0 302.0 0 0
8551 18.0 302.0 0 0
8552 16.0 302.0 0 0
8553 18.0 304.0 0 0
8554 16.0 304.0 0 0
8555 12.0 288.0 0 0
8556 12.0 292.0 0 0
8557 8.0 292.0 0 0
8558 12.0 296.0 0 0
8559 8.0 296.0 0 0
8560 0.0 296.0 0 0
8561 12.0 300.0 0 0
8562 8.0 300.0 0 0
8563 12.0 304.0 0 0
8564 8.0 304.0 0 0
8565 0.0 304.0 0 0
8566 24.0 312.0 0 0
8567 24.0 308.0 0 0
8568 20.0 308.0 0 0
8569 20.0 306.0 0 0
8570 18.0 306.0 0 0
8571 16.0 306.0 0 0
8572 18.0 308.0 0 0
8573 16.0 308.0 0 0
8574 20.0 312.0 0 0
8575 20.0 310.0 0 0
8576 18.0 310.0 0 0
8577 16.0 310.0 0 0
8578 18.0 312.0 0 0
8579 16.0 312.0 0 0
8580 28.0 312.0 0 0
8581 32.0 316.0 0 0
8582 28.0 316.0 0 0
8583 24.0 316.0 0 0
8584 28.0 320.0 0 0
8585 26.0 316.0 0 0
8586 28.0 318.0 0 0
8587 26.0 318.0 0 0
8588 24.0 318.0 0 0
8589 26.0 320.0 0 0
8590 25.0 318.0 0 0
8591 26.0 319.0 0 0
8592 25.0 319.0 0 0
8593 24.0 319.0 0 0
8594 25.0 320.0 0 0
8595 24.0 320.0 0 0
8596 20.0 316.0 0 0
8597 16.0 316.0 0 0
8598 22.0 316.0 0 0
8599 22.0 318.0 0 0
8600 20.0 318.0 0 0
8601 22.0 320.0 0 0
8602 20.0 320.0 0 0
8603 16.0 320.0 0 0
8604 12.0 308.0 0 0
8605 8.0 308.0 0 0
8606 12.0 312.0 0 0
8607 8.0 312.0 0 0
8608 0.0 312.0 0 0
8609 8.0 320.0 0 0
8610 0.0 320.0 0 0
8611 128.0 328.0 0 0
8612 120.0 328.0 0 0
8613 116.0 320.0 0 0
8614 120.0 324.0 0 0
8615 116.0 324.0 0 0
8616 112.0 324.0 0 0
8617 116.0 328.0 0 0
8618 112.0 328.0 0 0
8619 120.0 336.0 0 0
8620 120.0 332.0 0 0
8621 116.0 332.0 0 0
8622 114.0 328.0 0 0
8623 116.0 330.0 0 0
8624 114.0 330.0 0 0
8625 112.0 330.0 0 0
8626 114.0 332.0 0 0
8627 112.0 332.0 0 0
8628 116.0 336.0 0 0
8629 112.0 336.0 0 0
8630 108.0 320.0 0 0
8631 108.0 324.0 0 0
8632 104.0 324.0 0 0
8633 108.0 328.0 0 0
8634 104.0 328.0 0 0
8635 96.0 328.0 0 0
8636 110.0 328.0 0 0
8637 110.0 330.0 0 0
8638 108.0 330.0 0 0
8639 110.0 332.0 0 0
8640 108.0 332.0 0 0
8641 104.0 332.0 0 0
8642 108.0 336.0 0 0
8643 104.0 336.0 0 0
8644 96.0 336.0 0 0
8645 120.0 344.0 0 0
8646 112.0 344.0 0 0
8647 120.0 352.0 0 0
8648 112.0 352.0 0 0
8649 112.0 340.0 0 0
8650 108.0 340.0 0 0
8651 104.0 340.0 0 0
8652 108.0 344.0 0 0
8653 104.0 344.0 0 0
8654 100.0 336.0 0 0
8655 100.0 340.0 0 0
8656 96.0 340.0 0 0
8657 102.0 340.0 0 0
8658 104.0 342.0 0 0
8659 102.0 342.0 0 0
8660 100.0 342.0 0 0
8661 102.0 344.0 0 0
8662 100.0 344.0 0 0
8663 98.0 340.0 0 0
8664 98.0 342.0 0 0
8665 96.0 342.0 0 0
8666 98.0 344.0 0 0
8667 96.0 344.0 0 0
8668 112.0 348.0 0 0
8669 108.0 348.0 0 0
8670 106.0 344.0 0 0
8671 108.0 346.0 0 0
8672 106.0 346.0 0 0
8673 104.0 346.0 0 0
8674 106.0 348.0 0 0
8675 104.0 348.0 0 0
8676 108.0 352.0 0 0
8677 108.0 350.0 0 0
8678 106.0 350.0 0 0
8679 104.0 350.0 0 0
8680 106.0 352.0 0 0
8681 104.0 352.0 0 0
8682 100.0 348.0 0 0
8683 96.0 348.0 0 0
8684 102.0 348.0 0 0
8685 102.0 350.0 0 0
8686 100.0 350.0 0 0
8687 102.0 352.0 0 0
8688 100.0 352.0 0 0
8689 96.0 352.0 0 0
8690 88.0 328.0 0 0
8691 84.0 320.0 0 0
8692 88.0 324.0 0 0
8693 84.0 324.0 0 0
8694 80.0 324.0 0 0
8695 84.0 328.0 0 0
8696 80.0 328.0 0 0
8697 88.0 336.0 0 0
8698 80.0 336.0 0 0
8699 76.0 320.0 0 0
8700 76.0 324.0 0 0
8701 72.0 324.0 0 0
8702 78.0 324.0 0 0
8703 80.0 326.0 0 0
8704 78.0 326.0 0 0
8705 76.0 326.0 0 0
8706 78.0 328.0 0 0
8707 76.0 328.0 0 0
8708 74.0 324.0 0 0
8709 74.0 326.0 0 0
8710 72.0 326.0 0 0
8711 74.0 328.0 0 0
8712 72.0 328.0 0 0
8713 68.0 320.0 0 0
8714 68.0 324.0 0 0
8715 64.0 324.0 0 0
8716 68.0 328.0 0 0
8717 66.0 324.0 0 0
8718 68.0 326.0 0 0
8719 66.0 326.0 0 0
8720 64.0 326.0 0 0
8721 66.0 328.0 0 0
8722 64.0 328.0 0 0
8723 80.0 332.0 0 0
8724 76.0 332.0 0 0
8725 76.0 330.0 0 0
8726 74.0 330.0 0 0
8727 72.0 330.0 0 0
8728 74.0 332.0 0 0
8729 72.0 332.0 0 0
8730 76.0 336.0 0 0
8731 72.0 336.0 0 0
8732 68.0 332.0 0 0
8733 68.0 330.0 0 0
8734 66.0 330.0 0 0
8735 64.0 330.0 0 0
8736 66.0 332.0 0 0
8737 64.0 332.0 0 0
8738 68.0 336.0 0 0
8739 68.0 334.0 0 0
8740 66.0 334.0 0 0
8741 64.0 334.0 0 0
8742 66.0 336.0 0 0
8743 65.0 334.0 0 0
8744 66.0 335.0 0 0
8745 65.0 335.0 0 0
8746 64.0 335.0 0 0
8747 65.0 336.0 0 0
8748 64.0 336.0 0 0
8749 92.0 336.0 0 0
8750 92.0 340.0 0 0
8751 88.0 340.0 0 0
8752 92.0 344.0 0 0
8753 88.0 344.0 0 0
8754 80.0 344.0 0 0
8755 92.0 348.0 0 0
8756 88.0 348.0 0 0
8757 92.0 352.0 0 0
8758 88.0 352.0 0 0
8759 84.0 344.0 0 0
8760 84.0 348.0 0 0
8761 80.0 348.0 0 0
8762 84.0 352.0 0 0
8763 80.0 352.0 0 0
8764 80.0 340.0 0 0
8765 76.0 340.0 0 0
8766 72.0 340.0 0 0
8767 76.0 344.0 0 0
8768 72.0 344.0 0 0
8769 68.0 340.0 0 0
8770 68.0 338.0 0 0
8771 66.0 338.0 0 0
8772 66.0 337.0 0 0
8773 65.0 337.0 0 0
8774 64.0 337.0 0 0
8775 65.0 338.0 0 0
8776 64.0 338.0 0 0
8777 66.0 340.0 0 0
8778 64.0 340.0 0 0
8779 68.0 344.0 0 0
8780 68.0 342.0 0 0
8781 66.0 342.0 0 0
8782 64.0 342.0 0 0
8783 66.0 344.0 0 0
8784 64.0 344.0 0 0
8785 78.0 344.0 0 0
8786 80.0 346.0 0 0
8787 78.0 346.0 0 0
8788 76.0 346.0 0 0
8789 78.0 348.0 0 0
8790 76.0 348.0 0 0
8791 74.0 344.0 0 0
8792 74.0 346.0 0 0
8793 72.0 346.0 0 0
8794 74.0 348.0 0 0
8795 72.0 348.0 0 0
8796 80.0 350.0 0 0
8797 78.0 350.0 0 0
8798 76.0 350.0 0 0
8799 78.0 352.0 0 0
8800 76.0 352.0 0 0
8801 74.0 350.0 0 0
8802 72.0 350.0 0 0
8803 74.0 352.0 0 0
8804 72.0 352.0 0 0
8805 70.0 344.0 0 0
8806 70.0 346.0 0 0
8807 68.0 346.0 0 0
8808 70.0 348.0 0 0
8809 68.0 348.0 0 0
8810 66.0 346.0 0 0
8811 64.0 346.0 0 0
8812 66.0 348.0 0 0
8813 64.0 348.0 0 0
8814 70.0 350.0 0 0
8815 68.0 350.0 0 0
8816 70.0 352.0 0 0
8817 68.0 352.0 0 0
8818 64.0 352.0 0 0
8819 124.0 352.0 0 0
8820 124.0 356.0 0 0
8821 120.0 356.0 0 0
8822 126.0 356.0 0 0
8823 126.0 358.0 0 0
8824 124.0 358.0 0 0
8825 126.0 360.0 0 0
8826 124.0 360.0 0 0
8827 120.0 360.0 0 0
8828 112.0 360.0 0 0
8829 124.0 364.0 0 0
8830 120.0 364.0 0 0
8831 124.0 368.0 0 0
8832 120.0 368.0 0 0
8833 112.0 368.0 0 0
8834 112.0 356.0 0 0
8835 108.0 356.0 0 0
8836 104.0 356.0 0 0
8837 108.0 360.0 0 0
8838 104.0 360.0 0 0
8839 100.0 356.0 0 0
8840 96.0 356.0 0 0
8841 100.0 360.0 0 0
8842 96.0 360.0 0 0
8843 104.0 368.0 0 0
8844 96.0 368.0 0 0
8845 120.0 376.0 0 0
8846 112.0 376.0 0 0
8847 120.0 384.0 0 0
8848 112.0 384.0 0 0
8849 104.0 376.0 0 0
8850 100.0 368.0 0 0
8851 104.0 372.0 0 0
8852 100.0 372.0 0 0
8853 96.0 372.0 0 0
8854 100.0 376.0 0 0
8855 96.0 376.0 0 0
8856 104.0 384.0 0 0
8857 96.0 384.0 0 0
8858 88.0 360.0 0 0
8859 80.0 360.0 0 0
8860 92.0 360.0 0 0
8861 96.0 364.0 0 0
8862 92.0 364.0 0 0
8863 88.0 364.0 0 0
8864 92.0 368.0 0 0
8865 88.0 368.0 0 0
8866 80.0 368.0 0 0
8867 80.0 356.0 0 0
8868 76.0 356.0 0 0
8869 72.0 356.0 0 0
8870 76.0 360.0 0 0
8871 72.0 360.0 0 0
8872 68.0 356.0 0 0
8873 64.0 356.0 0 0
8874 68.0 360.0 0 0
8875 64.0 360.0 0 0
8876 72.0 368.0 0 0
8877 72.0 364.0 0 0
8878 68.0 364.0 0 0
8879 64.0 364.0 0 0
8880 68.0 368.0 0 0
8881 64.0 368.0 0 0
8882 94.0 368.0 0 0
8883 96.0 370.0 0 0
8884 94.0 370.0 0 0
8885 92.0 370.0 0 0
8886 94.0 372.0 0 0
8887 92.0 372.0 0 0
8888 90.0 368.0 0 0
8889 90.0 370.0 0 0
8890 88.0 370.0 0 0
8891 90.0 372.0 0 0
8892 88.0 372.0 0 0
8893 96.0 374.0 0 0
8894 94.0 374.0 0 0
8895 92.0 374.0 0 0
8896 94.0 376.0 0 0
8897 92.0 376.0 0 0
8898 90.0 374.0 0 0
8899 88.0 374.0 0 0
8900 90.0 376.0 0 0
8901 88.0 376.0 0 0
8902 84.0 368.0 0 0
8903 84.0 372.0 0 0
8904 80.0 372.0 0 0
8905 86.0 372.0 0 0
8906 86.0 374.0 0 0
8907 84.0 374.0 0 0
8908 86.0 376.0 0 0
8909 84.0 376.0 0 0
8910 80.0 376.0 0 0
8911 96.0 380.0 0 0
8912 92.0 380.0 0 0
8913 88.0 380.0 0 0
8914 92.0 384.0 0 0
8915 88.0 384.0 0 0
8916 84.0 380.0 0 0
8917 80.0 380.0 0 0
8918 84.0 384.0 0 0
8919 80.0 384.0 0 0
8920 72.0 376.0 0 0
8921 72.0 372.0 0 0
8922 68.0 372.0 0 0
8923 64.0 372.0 0 0
8924 68.0 376.0 0 0
8925 64.0 376.0 0 0
8926 76.0 376.0 0 0
8927 76.0 380.0 0 0
8928 72.0 380.0 0 0
8929 76.0 384.0 0 0
8930 72.0 384.0 0 0
8931 70.0 376.0 0 0
8932 72.0 378.0 0 0
8933 70.0 378.0 0 0
8934 68.0 378.0 0 0
8935 70.0 380.0 0 0
8936 68.0 380.0 0 0
8937 64.0 380.0 0 0
8938 72.0 382.0 0 0
8939 70.0 382.0 0 0
8940 69.0 380.0 0 0
8941 70.0 381.0 0 0
8942 69.0 381.0 0 0
8943 68.0 381.0 0 0
8944 69.0 382.0 0 0
8945 68.0 382.0 0 0
8946 70.0 384.0 0 0
8947 70.0 383.0 0 0
8948 69.0 383.0 0 0
8949 68.0 383.0 0 0
8950 69.0 384.0 0 0
8951 68.0 384.0 0 0
8952 66.0 380.0 0 0
8953 66.0 382.0 0 0
8954 64.0 382.0 0 0
8955 66.0 384.0 0 0
8956 64.0 384.0 0 0
8957 62.0 320.0 0 0
8958 64.0 322.0 0 0
8959 62.0 322.0 0 0
8960 60.0 322.0 0 0
8961 62.0 324.0 0 0
8962 60.0 324.0 0 0
8963 59.0 320.0 0 0
8964 60.0 321.0 0 0
8965 59.0 321.0 0 0
8966 58.0 321.0 0 0
8967 59.0 322.0 0 0
8968 58.0 322.0 0 0
8969 56.0 322.0 0 0
8970 58.0 324.0 0 0
8971 56.0 324.0 0 0
8972 60.0 328.0 0 0
8973 56.0 328.0 0 0
8974 52.0 324.0 0 0
8975 48.0 324.0 0 0
8976 52.0 328.0 0 0
8977 48.0 328.0 0 0
8978 62.0 328.0 0 0
8979 62.0 330.0 0 0
8980 60.0 330.0 0 0
8981 63.0 330.0 0 0
8982 64.0 331.0 0 0
8983 63.0 331.0 0 0
8984 62.0 331.0 0 0
8985 63.0 332.0 0 0
8986 62.0 332.0 0 0
8987 60.0 332.0 0 0
8988 56.0 332.0 0 0
8989 64.0 333.0 0 0
8990 63.0 333.0 0 0
8991 62.0 333.0 0 0
8992 63.0 334.0 0 0
8993 62.0 334.0 0 0
8994 60.0 334.0 0 0
8995 62.0 336.0 0 0
8996 60.0 336.0 0 0
8997 56.0 336.0 0 0
8998 48.0 336.0 0 0
8999 40.0 328.0 0 0
9000 32.0 328.0 0 0
9001 40.0 336.0 0 0
9002 36.0 328.0 0 0
9003 40.0 332.0 0 0
9004 36.0 332.0 0 0
9005 32.0 332.0 0 0
9006 36.0 336.0 0 0
9007 32.0 336.0 0 0
9008 62.0 338.0 0 0
9009 60.0 338.0 0 0
9010 62.0 340.0 0 0
9011 60.0 340.0 0 0
9012 56.0 340.0 0 0
9013 60.0 344.0 0 0
9014 56.0 344.0 0 0
9015 48.0 344.0 0 0
9016 60.0 348.0 0 0
9017 56.0 348.0 0 0
9018 60.0 352.0 0 0
9019 56.0 352.0 0 0
9020 48.0 352.0 0 0
9021 40.0 344.0 0 0
9022 40.0 340.0 0 0
9023 36.0 340.0 0 0
9024 32.0 340.0 0 0
9025 36.0 344.0 0 0
9026 32.0 344.0 0 0
9027 40.0 352.0 0 0
9028 40.0 348.0 0 0
9029 36.0 348.0 0 0
9030 32.0 348.0 0 0
9031 36.0 352.0 0 0
9032 34.0 348.0 0 0
9033 36.0 350.0 0 0
9034 34.0 350.0 0 0
9035 32.0 350.0 0 0
9036 34.0 352.0 0 0
9037 32.0 352.0 0 0
9038 32.0 324.0 0 0
9039 28.0 324.0 0 0
9040 28.0 322.0 0 0
9041 26.0 322.0 0 0
9042 26.0 321.0 0 0
9043 25.0 321.0 0 0
9044 24.0 321.0 0 0
9045 25.0 322.0 0 0
9046 24.0 322.0 0 0
9047 26.0 324.0 0 0
9048 26.0 323.0 0 0
9049 25.0 323.0 0 0
9050 24.0 323.0 0 0
9051 25.0 324.0 0 0
9052 24.0 324.0 0 0
9053 28.0 328.0 0 0
9054 28.0 326.0 0 0
9055 26.0 326.0 0 0
9056 26.0 325.0 0 0
9057 25.0 325.0 0 0
9058 24.0 325.0 0 0
9059 25.0 326.0 0 0
9060 24.0 326.0 0 0
9061 26.0 328.0 0 0
9062 24.0 328.0 0 0
9063 22.0 322.0 0 0
9064 20.0 322.0 0 0
9065 22.0 324.0 0 0
9066 20.0 324.0 0 0
9067 16.0 324.0 0 0
9068 22.0 326.0 0 0
9069 20.0 326.0 0 0
9070 22.0 328.0 0 0
9071 20.0 328.0 0 0
9072 16.0 328.0 0 0
9073 30.0 328.0 0 0
9074 32.0 330.0 0 0
9075 30.0 330.0 0 0
9076 28.0 330.0 0 0
9077 30.0 332.0 0 0
9078 28.0 332.0 0 0
9079 26.0 330.0 0 0
9080 24.0 330.0 0 0
9081 27.0 330.0 0 0
9082 28.0 331.0 0 0
9083 27.0 331.0 0 0
9084 26.0 331.0 0 0
9085 27.0 332.0 0 0
9086 26.0 332.0 0 0
9087 24.0 332.0 0 0
9088 32.0 334.0 0 0
9089 30.0 334.0 0 0
9090 28.0 334.0 0 0
9091 30.0 336.0 0 0
9092 28.0 336.0 0 0
9093 28.0 333.0 0 0
9094 27.0 333.0 0 0
9095 26.0 333.0 0 0
9096 27.0 334.0 0 0
9097 26.0 334.0 0 0
9098 24.0 334.0 0 0
9099 28.0 335.0 0 0
9100 27.0 335.0 0 0
9101 26.0 335.0 0 0
9102 27.0 336.0 0 0
9103 26.0 336.0 0 0
9104 24.0 336.0 0 0
9105 22.0 330.0 0 0
9106 20.0 330.0 0 0
9107 22.0 332.0 0 0
9108 20.0 332.0 0 0
9109 16.0 332.0 0 0
9110 22.0 334.0 0 0
9111 20.0 334.0 0 0
9112 22.0 336.0 0 0
9113 20.0 336.0 0 0
9114 16.0 336.0 0 0
9115 8.0 328.0 0 0
9116 0.0 328.0 0 0
9117 8.0 336.0 0 0
9118 0.0 336.0 0 0
9119 32.0 338.0 0 0
9120 30.0 338.0 0 0
9121 28.0 338.0 0 0
9122 30.0 340.0 0 0
9123 28.0 340.0 0 0
9124 26.0 338.0 0 0
9125 24.0 338.0 0 0
9126 26.0 340.0 0 0
9127 24.0 340.0 0 0
9128 32.0 342.0 0 0
9129 30.0 342.0 0 0
9130 29.0 340.0 0 0
9131 30.0 341.0 0 0
9132 29.0 341.0 0 0
9133 28.0 341.0 0 0
9134 29.0 342.0 0 0
9135 28.0 342.0 0 0
9136 30.0 344.0 0 0
9137 30.0 343.0 0 0
9138 29.0 343.0 0 0
9139 28.0 343.0 0 0
9140 29.0 344.0 0 0
9141 28.0 344.0 0 0
9142 26.0 342.0 0 0
9143 24.0 342.0 0 0
9144 26.0 344.0 0 0
9145 24.0 344.0 0 0
9146 20.0 340.0 0 0
9147 16.0 340.0 0 0
9148 20.0 344.0 0 0
9149 16.0 344.0 0 0
9150 32.0 346.0 0 0
9151 30.0 346.0 0 0
9152 28.0 346.0 0 0
9153 30.0 348.0 0 0
9154 28.0 348.0 0 0
9155 26.0 346.0 0 0
9156 24.0 346.0 0 0
9157 26.0 348.0 0 0
9158 24.0 348.0 0 0
9159 31.0 348.0 0 0
9160 32.0 349.0 0 0
9161 31.0 349.0 0 0
9162 30.0 349.0 0 0
9163 31.0 350.0 0 0
9164 30.0 350.0 0 0
9165 28.0 350.0 0 0
9166 30.0 352.0 0 0
9167 28.0 352.0 0 0
9168 26.0 350.0 0 0
9169 24.0 350.0 0 0
9170 26.0 352.0 0 0
9171 24.0 352.0 0 0
9172 20.0 348.0 0 0
9173 16.0 348.0 0 0
9174 20.0 352.0 0 0
9175 16.0 352.0 0 0
9176 8.0 344.0 0 0
9177 0.0 344.0 0 0
9178 8.0 352.0 0 0
9179 0.0 352.0 0 0
9180 56.0 360.0 0 0
9181 48.0 360.0 0 0
9182 56.0 368.0 0 0
9183 48.0 368.0 0 0
9184 44.0 352.0 0 0
9185 48.0 356.0 0 0
9186 44.0 356.0 0 0
9187 40.0 356.0 0 0
9188 44.0 360.0 0 0
9189 42.0 356.0 0 0
9190 44.0 358.0 0 0
9191 42.0 358.0 0 0
9192 40.0 358.0 0 0
9193 42.0 360.0 0 0
9194 40.0 360.0 0 0
9195 36.0 356.0 0 0
9196 36.0 354.0 0 0
9197 34.0 354.0 0 0
9198 32.0 354.0 0 0
9199 34.0 356.0 0 0
9200 33.0 354.0 0 0
9201 34.0 355.0 0 0
9202 33.0 355.0 0 0
9203 32.0 355.0 0 0
9204 33.0 356.0 0 0
9205 32.0 356.0 0 0
9206 38.0 356.0 0 0
9207 38.0 358.0 0 0
9208 36.0 358.0 0 0
9209 39.0 358.0 0 0
9210 40.0 359.0 0 0
9211 39.0 359.0 0 0
9212 38.0 359.0 0 0
9213 39.0 360.0 0 0
9214 38.0 360.0 0 0
9215 37.0 358.0 0 0
9216 37.0 359.0 0 0
9217 36.0 359.0 0 0
9218 37.0 360.0 0 0
9219 36.0 360.0 0 0
9220 34.0 358.0 0 0
9221 32.0 358.0 0 0
9222 34.0 360.0 0 0
9223 32.0 360.0 0 0
9224 48.0 364.0 0 0
9225 44.0 364.0 0 0
9226 44.0 362.0 0 0
9227 42.0 362.0 0 0
9228 40.0 362.0 0 0
9229 42.0 364.0 0 0
9230 40.0 364.0 0 0
9231 44.0 368.0 0 0
9232 40.0 368.0 0 0
9233 40.0 361.0 0 0
9234 39.0 361.0 0 0
9235 38.0 361.0 0 0
9236 39.0 362.0 0 0
9237 38.0 362.0 0 0
9238 37.0 361.0 0 0
9239 36.0 361.0 0 0
9240 37.0 362.0 0 0
9241 36.0 362.0 0 0
9242 38.0 364.0 0 0
9243 36.0 364.0 0 0
9244 35.0 360.0 0 0
9245 35.0 361.0 0 0
9246 34.0 361.0 0 0
9247 35.0 362.0 0 0
9248 34.0 362.0 0 0
9249 32.0 362.0 0 0
9250 36.0 363.0 0 0
9251 35.0 363.0 0 0
9252 34.0 363.0 0 0
9253 35.0 364.0 0 0
9254 34.0 364.0 0 0
9255 32.0 364.0 0 0
9256 40.0 366.0 0 0
9257 38.0 366.0 0 0
9258 37.0 364.0 0 0
9259 38.0 365.0 0 0
9260 37.0 365.0 0 0
9261 36.0 365.0 0 0
9262 37.0 366.0 0 0
9263 36.0 366.0 0 0
9264 38.0 368.0 0 0
9265 36.0 368.0 0 0
9266 34.0 366.0 0 0
9267 32.0 366.0 0 0
9268 34.0 368.0 0 0
9269 32.0 368.0 0 0
9270 56.0 376.0 0 0
9271 48.0 376.0 0 0
9272 60.0 376.0 0 0
9273 60.0 380.0 0 0
9274 56.0 380.0 0 0
9275 60.0 384.0 0 0
9276 56.0 384.0 0 0
9277 52.0 376.0 0 0
9278 52.0 380.0 0 0
9279 48.0 380.0 0 0
9280 52.0 384.0 0 0
9281 48.0 384.0 0 0
9282 48.0 372.0 0 0
9283 44.0 372.0 0 0
9284 42.0 368.0 0 0
9285 44.0 370.0 0 0
9286 42.0 370.0 0 0
9287 40.0 370.0 0 0
9288 42.0 372.0 0 0
9289 40.0 372.0 0 0
9290 44.0 376.0 0 0
9291 44.0 374.0 0 0
9292 42.0 374.0 0 0
9293 40.0 374.0 0 0
9294 42.0 376.0 0 0
9295 41.0 374.0 0 0
9296 42.0 375.0 0 0
9297 41.0 375.0 0 0
9298 40.0 375.0 0 0
9299 41.0 376.0 0 0
9300 40.0 376.0 0 0
9301 38.0 370.0 0 0
9302 36.0 370.0 0 0
9303 39.0 370.0 0 0
9304 40.0 371.0 0 0
9305 39.0 371.0 0 0
9306 38.0 371.0 0 0
9307 39.0 372.0 0 0
9308 38.0 372.0 0 0
9309 36.0 372.0 0 0
9310 34.0 370.0 0 0
9311 32.0 370.0 0 0
9312 35.0 370.0 0 0
9313 36.0 371.0 0 0
9314 35.0 371.0 0 0
9315 34.0 371.0 0 0
9316 35.0 372.0 0 0
9317 34.0 372.0 0 0
9318 32.0 372.0 0 0
9319 38.0 374.0 0 0
9320 36.0 374.0 0 0
9321 38.0 376.0 0 0
9322 36.0 376.0 0 0
9323 34.0 374.0 0 0
9324 32.0 374.0 0 0
9325 34.0 376.0 0 0
9326 32.0 376.0 0 0
9327 44.0 380.0 0 0
9328 44.0 378.0 0 0
9329 42.0 378.0 0 0
9330 40.0 378.0 0 0
9331 42.0 380.0 0 0
9332 40.0 380.0 0 0
9333 46.0 380.0 0 0
9334 48.0 382.0 0 0
9335 46.0 382.0 0 0
9336 44.0 382.0 0 0
9337 46.0 384.0 0 0
9338 44.0 384.0 0 0
9339 43.0 380.0 0 0
9340 44.0 381.0 0 0
9341 43.0 381.0 0 0
9342 42.0 381.0 0 0
9343 43.0 382.0 0 0
9344 42.0 382.0 0 0
9345 40.0 382.0 0 0
9346 42.0 384.0 0 0
9347 40.0 384.0 0 0
9348 38.0 378.0 0 0
9349 36.0 378.0 0 0
9350 38.0 380.0 0 0
9351 36.0 380.0 0 0
9352 32.0 380.0 0 0
9353 38.0 382.0 0 0
9354 36.0 382.0 0 0
9355 38.0 384.0 0 0
9356 36.0 384.0 0 0
9357 32.0 384.0 0 0
9358 30.0 354.0 0 0
9359 28.0 354.0 0 0
9360 30.0 356.0 0 0
9361 28.0 356.0 0 0
9362 24.0 356.0 0 0
9363 30.0 358.0 0 0
9364 28.0 358.0 0 0
9365 30.0 360.0 0 0
9366 28.0 360.0 0 0
9367 24.0 360.0 0 0
9368 16.0 360.0 0 0
9369 30.0 362.0 0 0
9370 28.0 362.0 0 0
9371 30.0 364.0 0 0
9372 28.0 364.0 0 0
9373 24.0 364.0 0 0
9374 28.0 368.0 0 0
9375 24.0 368.0 0 0
9376 16.0 368.0 0 0
9377 0.0 368.0 0 0
9378 28.0 372.0 0 0
9379 24.0 372.0 0 0
9380 28.0 376.0 0 0
9381 24.0 376.0 0 0
9382 16.0 376.0 0 0
9383 24.0 384.0 0 0
9384 16.0 384.0 0 0
9385 0.0 384.0 0 0
9386 240.0 400.0 0 0
9387 224.0 400.0 0 0
9388 240.0 416.0 0 0
9389 224.0 416.0 0 0
9390 208.0 400.0 0 0
9391 208.0 392.0 0 0
9392 200.0 392.0 0 0
9393 192.0 392.0 0 0
9394 200.0 400.0 0 0
9395 192.0 400.0 0 0
9396 216.0 400.0 0 0
9397 224.0 408.0 0 0
9398 216.0 408.0 0 0
9399 208.0 408.0 0 0
9400 216.0 416.0 0 0
9401 208.0 416.0 0 0
9402 200.0 408.0 0 0
9403 196.0 400.0 0 0
9404 200.0 404.0 0 0
9405 196.0 404.0 0 0
9406 192.0 404.0 0 0
9407 196.0 408.0 0 0
9408 192.0 408.0 0 0
9409 204.0 408.0 0 0
9410 208.0 412.0 0 0
9411 204.0 412.0 0 0
9412 200.0 412.0 0 0
9413 204.0 416.0 0 0
9414 202.0 412.0 0 0
9415 204.0 414.0 0 0
9416 202.0 414.0 0 0
9417 200.0 414.0 0 0
9418 202.0 416.0 0 0
9419 200.0 416.0 0 0
9420 198.0 408.0 0 0
9421 200.0 410.0 0 0
9422 198.0 410.0 0 0
9423 196.0 410.0 0 0
9424 198.0 412.0 0 0
9425 196.0 412.0 0 0
9426 192.0 412.0 0 0
9427 198.0 414.0 0 0
9428 196.0 414.0 0 0
9429 199.0 414.0 0 0
9430 200.0 415.0 0 0
9431 199.0 415.0 0 0
9432 198.0 415.0 0 0
9433 199.0 416.0 0 0
9434 198.0 416.0 0 0
9435 196.0 416.0 0 0
9436 194.0 412.0 0 0
9437 194.0 414.0 0 0
9438 192.0 414.0 0 0
9439 194.0 416.0 0 0
9440 192.0 416.0 0 0
9441 240.0 432.0 0 0
9442 224.0 432.0 0 0
9443 248.0 432.0 0 0
9444 248.0 440.0 0 0
9445 240.0 440.0 0 0
9446 248.0 448.0 0 0
9447 240.0 448.0 0 0
9448 232.0 432.0 0 0
9449 232.0 440.0 0 0
9450 224.0 440.0 0 0
9451 232.0 448.0 0 0
9452 224.0 448.0 0 0
9453 224.0 424.0 0 0
9454 216.0 424.0 0 0
9455 208.0 424.0 0 0
9456 216.0 432.0 0 0
9457 208.0 432.0 0 0
9458 208.0 420.0 0 0
9459 204.0 420.0 0 0
9460 204.0 418.0 0 0
9461 202.0 418.0 0 0
9462 200.0 418.0 0 0
9463 202.0 420.0 0 0
9464 200.0 420.0 0 0
9465 204.0 424.0 0 0
9466 200.0 424.0 0 0
9467 200.0 417.0 0 0
9468 199.0 417.0 0 0
9469 198.0 417.0 0 0
9470 199.0 418.0 0 0
9471 198.0 418.0 0 0
9472 197.0 416.0 0 0
9473 197.0 417.0 0 0
9474 196.0 417.0 0 0
9475 197.0 418.0 0 0
9476 196.0 418.0 0 0
9477 198.0 420.0 0 0
9478 196.0 420.0 0 0
9479 194.0 418.0 0 0
9480 192.0 418.0 0 0
9481 194.0 420.0 0 0
9482 192.0 420.0 0 0
9483 196.0 424.0 0 0
9484 192.0 424.0 0 0
9485 208.0 428.0 0 0
9486 204.0 428.0 0 0
9487 200.0 428.0 0 0
9488 204.0 432.0 0 0
9489 200.0 432.0 0 0
9490 192.0 432.0 0 0
9491 216.0 440.0 0 0
9492 208.0 440.0 0 0
9493 216.0 448.0 0 0
9494 208.0 448.0 0 0
9495 208.0 436.0 0 0
9496 204.0 436.0 0 0
9497 200.0 436.0 0 0
9498 204.0 440.0 0 0
9499 202.0 436.0 0 0
9500 204.0 438.0 0 0
9501 202.0 438.0 0 0
9502 200.0 438.0 0 0
9503 202.0 440.0 0 0
9504 200.0 440.0 0 0
9505 196.0 432.0 0 0
9506 196.0 436.0 0 0
9507 192.0 436.0 0 0
9508 196.0 440.0 0 0
9509 192.0 440.0 0 0
9510 208.0 444.0 0 0
9511 204.0 444.0 0 0
9512 200.0 444.0 0 0
9513 204.0 448.0 0 0
9514 200.0 448.0 0 0
9515 196.0 444.0 0 0
9516 192.0 444.0 0 0
9517 198.0 444.0 0 0
9518 200.0 446.0 0 0
9519 198.0 446.0 0 0
9520 196.0 446.0 0 0
9521 198.0 448.0 0 0
9522 196.0 448.0 0 0
9523 192.0 448.0 0 0
9524 176.0 400.0 0 0
9525 160.0 400.0 0 0
9526 184.0 400.0 0 0
9527 184.0 408.0 0 0
9528 176.0 408.0 0 0
9529 188.0 408.0 0 0
9530 188.0 412.0 0 0
9531 184.0 412.0 0 0
9532 188.0 416.0 0 0
9533 184.0 416.0 0 0
9534 176.0 416.0 0 0
9535 168.0 400.0 0 0
9536 168.0 408.0 0 0
9537 160.0 408.0 0 0
9538 168.0 416.0 0 0
9539 160.0 416.0 0 0
9540 144.0 400.0 0 0
9541 128.0 400.0 0 0
9542 144.0 416.0 0 0
9543 128.0 416.0 0 0
9544 188.0 420.0 0 0
9545 184.0 420.0 0 0
9546 188.0 424.0 0 0
9547 184.0 424.0 0 0
9548 176.0 424.0 0 0
9549 184.0 432.0 0 0
9550 176.0 432.0 0 0
9551 168.0 424.0 0 0
9552 160.0 424.0 0 0
9553 168.0 432.0 0 0
9554 160.0 432.0 0 0
9555 184.0 440.0 0 0
9556 176.0 440.0 0 0
9557 184.0 448.0 0 0
9558 176.0 448.0 0 0
9559 168.0 440.0 0 0
9560 160.0 440.0 0 0
9561 168.0 448.0 0 0
9562 160.0 448.0 0 0
9563 144.0 432.0 0 0
9564 136.0 416.0 0 0
9565 144.0 424.0 0 0
9566 136.0 424.0 0 0
9567 128.0 424.0 0 0
9568 136.0 432.0 0 0
9569 132.0 424.0 0 0
9570 136.0 428.0 0 0
9571 132.0 428.0 0 0
9572 128.0 428.0 0 0
9573 132.0 432.0 0 0
9574 128.0 432.0 0 0
9575 144.0 448.0 0 0
9576 144.0 440.0 0 0
9577 136.0 440.0 0 0
9578 136.0 436.0 0 0
9579 132.0 436.0 0 0
9580 128.0 436.0 0 0
9581 132.0 440.0 0 0
9582 128.0 440.0 0 0
9583 136.0 448.0 0 0
9584 136.0 444.0 0 0
9585 132.0 444.0 0 0
9586 128.0 444.0 0 0
9587 132.0 448.0 0 0
9588 128.0 448.0 0 0
9589 252.0 448.0 0 0
9590 252.0 452.0 0 0
9591 248.0 452.0 0 0
9592 252.0 456.0 0 0
9593 248.0 456.0 0 0
9594 244.0 448.0 0 0
9595 244.0 452.0 0 0
9596 240.0 452.0 0 0
9597 244.0 456.0 0 0
9598 240.0 456.0 0 0
9599 254.0 456.0 0 0
9600 254.0 458.0 0 0
9601 252.0 458.0 0 0
9602 254.0 460.0 0 0
9603 252.0 460.0 0 0
9604 250.0 456.0 0 0
9605 250.0 458.0 0 0
9606 248.0 458.0 0 0
9607 250.0 460.0 0 0
9608 248.0 460.0 0 0
9609 252.0 464.0 0 0
9610 248.0 464.0 0 0
9611 246.0 456.0 0 0
9612 246.0 458.0 0 0
9613 244.0 458.0 0 0
9614 246.0 460.0 0 0
9615 244.0 460.0 0 0
9616 242.0 456.0 0 0
9617 242.0 458.0 0 0
9618 240.0 458.0 0 0
9619 242.0 460.0 0 0
9620 241.0 458.0 0 0
9621 242.0 459.0 0 0
9622 241.0 459.0 0 0
9623 240.0 459.0 0 0
9624 241.0 460.0 0 0
9625 240.0 460.0 0 0
9626 244.0 464.0 0 0
9627 244.0 462.0 0 0
9628 242.0 462.0 0 0
9629 240.0 462.0 0 0
9630 242.0 464.0 0 0
9631 240.0 464.0 0 0
9632 236.0 448.0 0 0
9633 236.0 452.0 0 0
9634 232.0 452.0 0 0
9635 236.0 456.0 0 0
9636 232.0 456.0 0 0
9637 228.0 448.0 0 0
9638 228.0 452.0 0 0
9639 224.0 452.0 0 0
9640 228.0 456.0 0 0
9641 224.0 456.0 0 0
9642 238.0 456.0 0 0
9643 238.0 458.0 0 0
9644 236.0 458.0 0 0
9645 238.0 460.0 0 0
9646 236.0 460.0 0 0
9647 232.0 460.0 0 0
9648 236.0 464.0 0 0
9649 234.0 460.0 0 0
9650 236.0 462.0 0 0
9651 234.0 462.0 0 0
9652 232.0 462.0 0 0
9653 234.0 464.0 0 0
9654 232.0 464.0 0 0
9655 230.0 456.0 0 0
9656 232.0 458.0 0 0
9657 230.0 458.0 0 0
9658 228.0 458.0 0 0
9659 230.0 460.0 0 0
9660 228.0 460.0 0 0
9661 224.0 460.0 0 0
9662 230.0 462.0 0 0
9663 228.0 462.0 0 0
9664 230.0 464.0 0 0
9665 228.0 464.0 0 0
9666 224.0 464.0 0 0
9667 252.0 468.0 0 0
9668 248.0 468.0 0 0
9669 252.0 472.0 0 0
9670 250.0 468.0 0 0
9671 252.0 470.0 0 0
9672 250.0 470.0 0 0
9673 248.0 470.0 0 0
9674 250.0 472.0 0 0
9675 248.0 472.0 0 0
9676 244.0 468.0 0 0
9677 244.0 466.0 0 0
9678 242.0 466.0 0 0
9679 240.0 466.0 0 0
9680 242.0 468.0 0 0
9681 240.0 468.0 0 0
9682 244.0 472.0 0 0
9683 240.0 472.0 0 0
9684 252.0 476.0 0 0
9685 248.0 476.0 0 0
9686 252.0 480.0 0 0
9687 250.0 476.0 0 0
9688 252.0 478.0 0 0
9689 250.0 478.0 0 0
9690 248.0 478.0 0 0
9691 250.0 480.0 0 0
9692 248.0 480.0 0 0
9693 244.0 476.0 0 0
9694 242.0 472.0 0 0
9695 244.0 474.0 0 0
9696 242.0 474.0 0 0
9697 240.0 474.0 0 0
9698 242.0 476.0 0 0
9699 240.0 476.0 0 0
9700 244.0 480.0 0 0
9701 240.0 480.0 0 0
9702 238.0 464.0 0 0
9703 238.0 466.0 0 0
9704 236.0 466.0 0 0
9705 238.0 468.0 0 0
9706 236.0 468.0 0 0
9707 232.0 468.0 0 0
9708 236.0 472.0 0 0
9709 232.0 472.0 0 0
9710 228.0 468.0 0 0
9711 224.0 468.0 0 0
9712 230.0 468.0 0 0
9713 232.0 470.0 0 0
9714 230.0 470.0 0 0
9715 228.0 470.0 0 0
9716 230.0 472.0 0 0
9717 228.0 472.0 0 0
9718 226.0 468.0 0 0
9719 226.0 470.0 0 0
9720 224.0 470.0 0 0
9721 226.0 472.0 0 0
9722 224.0 472.0 0 0
9723 238.0 472.0 0 0
9724 238.0 474.0 0 0
9725 236.0 474.0 0 0
9726 238.0 476.0 0 0
9727 236.0 476.0 0 0
9728 234.0 472.0 0 0
9729 234.0 474.0 0 0
9730 232.0 474.0 0 0
9731 234.0 476.0 0 0
9732 232.0 476.0 0 0
9733 236.0 480.0 0 0
9734 232.0 480.0 0 0
9735 230.0 474.0 0 0
9736 228.0 474.0 0 0
9737 230.0 476.0 0 0
9738 228.0 476.0 0 0
9739 224.0 476.0 0 0
9740 228.0 480.0 0 0
9741 224.0 480.0 0 0
9742 216.0 456.0 0 0
9743 208.0 456.0 0 0
9744 220.0 456.0 0 0
9745 220.0 460.0 0 0
9746 216.0 460.0 0 0
9747 220.0 464.0 0 0
9748 218.0 460.0 0 0
9749 220.0 462.0 0 0
9750 218.0 462.0 0 0
9751 216.0 462.0 0 0
9752 218.0 464.0 0 0
9753 216.0 464.0 0 0
9754 212.0 456.0 0 0
9755 212.0 460.0 0 0
9756 208.0 460.0 0 0
9757 212.0 464.0 0 0
9758 210.0 460.0 0 0
9759 212.0 462.0 0 0
9760 210.0 462.0 0 0
9761 208.0 462.0 0 0
9762 210.0 464.0 0 0
9763 208.0 464.0 0 0
9764 208.0 452.0 0 0
9765 204.0 452.0 0 0
9766 200.0 452.0 0 0
9767 204.0 456.0 0 0
9768 200.0 456.0 0 0
9769 200.0 450.0 0 0
9770 198.0 450.0 0 0
9771 196.0 450.0 0 0
9772 198.0 452.0 0 0
9773 197.0 450.0 0 0
9774 198.0 451.0 0 0
9775 197.0 451.0 0 0
9776 196.0 451.0 0 0
9777 197.0 452.0 0 0
9778 196.0 452.0 0 0
9779 194.0 448.0 0 0
9780 194.0 450.0 0 0
9781 192.0 450.0 0 0
9782 194.0 452.0 0 0
9783 192.0 452.0 0 0
9784 200.0 454.0 0 0
9785 198.0 454.0 0 0
9786 198.0 453.0 0 0
9787 197.0 453.0 0 0
9788 196.0 453.0 0 0
9789 197.0 454.0 0 0
9790 196.0 454.0 0 0
9791 198.0 456.0 0 0
9792 198.0 455.0 0 0
9793 197.0 455.0 0 0
9794 196.0 455.0 0 0
9795 197.0 456.0 0 0
9796 196.0 456.0 0 0
9797 194.0 454.0 0 0
9798 192.0 454.0 0 0
9799 194.0 456.0 0 0
9800 192.0 456.0 0 0
9801 204.0 460.0 0 0
9802 202.0 456.0 0 0
9803 204.0 458.0 0 0
9804 202.0 458.0 0 0
9805 200.0 458.0 0 0
9806 202.0 460.0 0 0
9807 200.0 460.0 0 0
9808 206.0 460.0 0 0
9809 206.0 462.0 0 0
9810 204.0 462.0 0 0
9811 207.0 462.0 0 0
9812 208.0 463.0 0 0
9813 207.0 463.0 0 0
9814 206.0 463.0 0 0
9815 207.0 464.0 0 0
9816 206.0 464.0 0 0
9817 204.0 464.0 0 0
9818 202.0 462.0 0 0
9819 200.0 462.0 0 0
9820 203.0 462.0 0 0
9821 204.0 463.0 0 0
9822 203.0 463.0 0 0
9823 202.0 463.0 0 0
9824 203.0 464.0 0 0
9825 202.0 464.0 0 0
9826 200.0 464.0 0 0
9827 198.0 458.0 0 0
9828 196.0 458.0 0 0
9829 198.0 460.0 0 0
9830 196.0 460.0 0 0
9831 194.0 458.0 0 0
9832 192.0 458.0 0 0
9833 194.0 460.0 0 0
9834 192.0 460.0 0 0
9835 198.0 462.0 0 0
9836 196.0 462.0 0 0
9837 198.0 464.0 0 0
9838 196.0 464.0 0 0
9839 195.0 460.0 0 0
9840 196.0 461.0 0 0
9841 195.0 461.0 0 0
9842 194.0 461.0 0 0
9843 195.0 462.0 0 0
9844 194.0 462.0 0 0
9845 192.0 462.0 0 0
9846 194.0 464.0 0 0
9847 193.0 462.0 0 0
9848 194.0 463.0 0 0
9849 193.0 463.0 0 0
9850 192.0 463.0 0 0
9851 193.0 464.0 0 0
9852 192.0 464.0 0 0
9853 222.0 464.0 0 0
9854 224.0 466.0 0 0
9855 222.0 466.0 0 0
9856 220.0 466.0 0 0
9857 222.0 468.0 0 0
9858 220.0 468.0 0 0
9859 219.0 464.0 0 0
9860 220.0 465.0 0 0
9861 219.0 465.0 0 0
9862 218.0 465.0 0 0
9863 219.0 466.0 0 0
9864 218.0 466.0 0 0
9865 217.0 464.0 0 0
9866 217.0 465.0 0 0
9867 216.0 465.0 0 0
9868 217.0 466.0 0 0
9869 216.0 466.0 0 0
9870 218.0 468.0 0 0
9871 216.0 468.0 0 0
9872 222.0 470.0 0 0
9873 220.0 470.0 0 0
9874 222.0 472.0 0 0
9875 220.0 472.0 0 0
9876 218.0 470.0 0 0
9877 216.0 470.0 0 0
9878 218.0 472.0 0 0
9879 216.0 472.0 0 0
9880 214.0 464.0 0 0
9881 214.0 466.0 0 0
9882 212.0 466.0 0 0
9883 214.0 468.0 0 0
9884 212.0 468.0 0 0
9885 210.0 466.0 0 0
9886 208.0 466.0 0 0
9887 210.0 468.0 0 0
9888 208.0 468.0 0 0
9889 212.0 472.0 0 0
9890 212.0 470.0 0 0
9891 210.0 470.0 0 0
9892 208.0 470.0 0 0
9893 210.0 472.0 0 0
9894 208.0 472.0 0 0
9895 220.0 476.0 0 0
9896 216.0 476.0 0 0
9897 222.0 476.0 0 0
9898 224.0 478.0 0 0
9899 222.0 478.0 0 0
9900 220.0 478.0 0 0
9901 222.0 480.0 0 0
9902 220.0 480.0 0 0
9903 218.0 476.0 0 0
9904 218.0 478.0 0 0
9905 216.0 478.0 0 0
9906 218.0 480.0 0 0
9907 216.0 480.0 0 0
9908 212.0 476.0 0 0
9909 208.0 476.0 0 0
9910 214.0 476.0 0 0
9911 214.0 478.0 0 0
9912 212.0 478.0 0 0
9913 214.0 480.0 0 0
9914 212.0 480.0 0 0
9915 210.0 476.0 0 0
9916 210.0 478.0 0 0
9917 208.0 478.0 0 0
9918 210.0 480.0 0 0
9919 208.0 480.0 0 0
9920 208.0 465.0 0 0
9921 207.0 465.0 0 0
9922 206.0 465.0 0 0
9923 207.0 466.0 0 0
9924 206.0 466.0 0 0
9925 205.0 464.0 0 0
9926 205.0 465.0 0 0
9927 204.0 465.0 0 0
9928 205.0 466.0 0 0
9929 204.0 466.0 0 0
9930 206.0 468.0 0 0
9931 204.0 468.0 0 0
9932 202.0 466.0 0 0
9933 200.0 466.0 0 0
9934 202.0 468.0 0 0
9935 200.0 468.0 0 0
9936 206.0 470.0 0 0
9937 204.0 470.0 0 0
9938 206.0 472.0 0 0
9939 204.0 472.0 0 0
9940 202.0 470.0 0 0
9941 200.0 470.0 0 0
9942 202.0 472.0 0 0
9943 200.0 472.0 0 0
9944 196.0 468.0 0 0
9945 196.0 466.0 0 0
9946 194.0 466.0 0 0
9947 192.0 466.0 0 0
9948 194.0 468.0 0 0
9949 192.0 468.0 0 0
9950 198.0 468.0 0 0
9951 198.0 470.0 0 0
9952 196.0 470.0 0 0
9953 198.0 472.0 0 0
9954 196.0 472.0 0 0
9955 194.0 470.0 0 0
9956 192.0 470.0 0 0
9957 194.0 472.0 0 0
9958 192.0 472.0 0 0
9959 204.0 476.0 0 0
9960 200.0 476.0 0 0
9961 206.0 476.0 0 0
9962 206.0 478.0 0 0
9963 204.0 478.0 0 0
9964 206.0 480.0 0 0
9965 204.0 480.0 0 0
9966 202.0 476.0 0 0
9967 202.0 478.0 0 0
9968 200.0 478.0 0 0
9969 202.0 480.0 0 0
9970 200.0 480.0 0 0
9971 196.0 476.0 0 0
9972 192.0 476.0 0 0
9973 198.0 476.0 0 0
9974 198.0 478.0 0 0
9975 196.0 478.0 0 0
9976 198.0 480.0 0 0
9977 196.0 480.0 0 0
9978 194.0 476.0 0 0
9979 194.0 478.0 0 0
9980 192.0 478.0 0 0
9981 194.0 480.0 0 0
9982 192.0 480.0 0 0
9983 252.0 484.0 0 0
9984 248.0 484.0 0 0
9985 252.0 488.0 0 0
9986 248.0 488.0 0 0
9987 244.0 484.0 0 0
9988 240.0 484.0 0 0
9989 244.0 488.0 0 0
9990 240.0 488.0 0 0
9991 256.0 492.0 0 0
9992 252.0 492.0 0 0
9993 248.0 492.0 0 0
9994 252.0 496.0 0 0
9995 248.0 496.0 0 0
9996 244.0 492.0 0 0
9997 240.0 492.0 0 0
9998 244.0 496.0 0 0
9999 240.0 496.0 0 0
10000 238.0 480.0 0 0
10001 240.0 482.0 0 0
10002 238.0 482.0 0 0
10003 236.0 482.0 0 0
10004 238.0 484.0 0 0
10005 236.0 484.0 0 0
10006 234.0 480.0 0 0
10007 234.0 482.0 0 0
10008 232.0 482.0 0 0
10009 234.0 484.0 0 0
10010 232.0 484.0 0 0
10011 236.0 488.0 0 0
10012 232.0 488.0 0 0
10013 228.0 484.0 0 0
10014 224.0 484.0 0 0
10015 228.0 488.0 0 0
10016 226.0 484.0 0 0
10017 228.0 486.0 0 0
10018 226.0 486.0 0 0
10019 224.0 486.0 0 0
10020 226.0 488.0 0 0
10021 224.0 488.0 0 0
10022 236.0 492.0 0 0
10023 232.0 492.0 0 0
10024 236.0 496.0 0 0
10025 232.0 496.0 0 0
10026 228.0 492.0 0 0
10027 224.0 492.0 0 0
10028 228.0 496.0 0 0
10029 224.0 496.0 0 0
10030 256.0 504.0 0 0
10031 248.0 504.0 0 0
10032 240.0 504.0 0 0
10033 248.0 512.0 0 0
10034 240.0 512.0 0 0
10035 232.0 504.0 0 0
10036 224.0 504.0 0 0
10037 232.0 512.0 0 0
10038 224.0 512.0 0 0
10039 220.0 484.0 0 0
10040 216.0 484.0 0 0
10041 220.0 488.0 0 0
10042 218.0 484.0 0 0
10043 220.0 486.0 0 0
10044 218.0 486.0 0 0
10045 216.0 486.0 0 0
10046 218.0 488.0 0 0
10047 216.0 488.0 0 0
10048 212.0 484.0 0 0
10049 208.0 484.0 0 0
10050 214.0 484.0 0 0
10051 214.0 486.0 0 0
10052 212.0 486.0 0 0
10053 214.0 488.0 0 0
10054 212.0 488.0 0 0
10055 210.0 484.0 0 0
10056 210.0 486.0 0 0
10057 208.0 486.0 0 0
10058 210.0 488.0 0 0
10059 208.0 488.0 0 0
10060 222.0 488.0 0 0
10061 224.0 490.0 0 0
10062 222.0 490.0 0 0
10063 220.0 490.0 0 0
10064 222.0 492.0 0 0
10065 220.0 492.0 0 0
10066 216.0 492.0 0 0
10067 224.0 494.0 0 0
10068 222.0 494.0 0 0
10069 220.0 494.0 0 0
10070 222.0 496.0 0 0
10071 220.0 496.0 0 0
10072 216.0 496.0 0 0
10073 212.0 492.0 0 0
10074 208.0 492.0 0 0
10075 212.0 496.0 0 0
10076 208.0 496.0 0 0
10077 204.0 484.0 0 0
10078 200.0 484.0 0 0
10079 206.0 484.0 0 0
10080 206.0 486.0 0 0
10081 204.0 486.0 0 0
10082 206.0 488.0 0 0
10083 204.0 488.0 0 0
10084 202.0 484.0 0 0
10085 202.0 486.0 0 0
10086 200.0 486.0 0 0
10087 202.0 488.0 0 0
10088 200.0 488.0 0 0
10089 196.0 484.0 0 0
10090 192.0 484.0 0 0
10091 198.0 484.0 0 0
10092 198.0 486.0 0 0
10093 196.0 486.0 0 0
10094 198.0 488.0 0 0
10095 196.0 488.0 0 0
10096 194.0 484.0 0 0
10097 194.0 486.0 0 0
10098 192.0 486.0 0 0
10099 194.0 488.0 0 0
10100 192.0 488.0 0 0
10101 204.0 492.0 0 0
10102 200.0 492.0 0 0
10103 204.0 496.0 0 0
10104 200.0 496.0 0 0
10105 196.0 492.0 0 0
10106 192.0 492.0 0 0
10107 196.0 496.0 0 0
10108 194.0 492.0 0 0
10109 196.0 494.0 0 0
10110 194.0 494.0 0 0
10111 192.0 494.0 0 0
10112 194.0 496.0 0 0
10113 192.0 496.0 0 0
10114 224.0 500.0 0 0
10115 220.0 500.0 0 0
10116 216.0 500.0 0 0
10117 220.0 504.0 0 0
10118 216.0 504.0 0 0
10119 208.0 504.0 0 0
10120 216.0 512.0 0 0
10121 208.0 512.0 0 0
10122 200.0 504.0 0 0
10123 200.0 500.0 0 0
10124 196.0 500.0 0 0
10125 192.0 500.0 0 0
10126 196.0 504.0 0 0
10127 192.0 504.0 0 0
10128 200.0 512.0 0 0
10129 192.0 512.0 0 0
10130 188.0 448.0 0 0
10131 188.0 452.0 0 0
10132 184.0 452.0 0 0
10133 188.0 456.0 0 0
10134 184.0 456.0 0 0
10135 176.0 456.0 0 0
10136 188.0 460.0 0 0
10137 184.0 460.0 0 0
10138 190.0 460.0 0 0
10139 190.0 462.0 0 0
10140 188.0 462.0 0 0
10141 190.0 464.0 0 0
10142 188.0 464.0 0 0
10143 184.0 464.0 0 0
10144 180.0 456.0 0 0
10145 180.0 460.0 0 0
10146 176.0 460.0 0 0
10147 180.0 464.0 0 0
10148 176.0 464.0 0 0
10149 172.0 448.0 0 0
10150 176.0 452.0 0 0
10151 172.0 452.0 0 0
10152 168.0 452.0 0 0
10153 172.0 456.0 0 0
10154 168.0 456.0 0 0
10155 160.0 456.0 0 0
10156 172.0 460.0 0 0
10157 168.0 460.0 0 0
10158 172.0 464.0 0 0
10159 170.0 460.0 0 0
10160 172.0 462.0 0 0
10161 170.0 462.0 0 0
10162 168.0 462.0 0 0
10163 170.0 464.0 0 0
10164 168.0 464.0 0 0
10165 164.0 456.0 0 0
10166 164.0 460.0 0 0
10167 160.0 460.0 0 0
10168 166.0 460.0 0 0
10169 166.0 462.0 0 0
10170 164.0 462.0 0 0
10171 166.0 464.0 0 0
10172 164.0 464.0 0 0
10173 160.0 464.0 0 0
10174 191.0 464.0 0 0
10175 192.0 465.0 0 0
10176 191.0 465.0 0 0
10177 190.0 465.0 0 0
10178 191.0 466.0 0 0
10179 190.0 466.0 0 0
10180 188.0 466.0 0 0
10181 190.0 468.0 0 0
10182 188.0 468.0 0 0
10183 186.0 464.0 0 0
10184 186.0 466.0 0 0
10185 184.0 466.0 0 0
10186 187.0 466.0 0 0
10187 188.0 467.0 0 0
10188 187.0 467.0 0 0
10189 186.0 467.0 0 0
10190 187.0 468.0 0 0
10191 186.0 468.0 0 0
10192 185.0 466.0 0 0
10193 185.0 467.0 0 0
10194 184.0 467.0 0 0
10195 185.0 468.0 0 0
10196 184.0 468.0 0 0
10197 190.0 470.0 0 0
10198 188.0 470.0 0 0
10199 190.0 472.0 0 0
10200 188.0 472.0 0 0
10201 186.0 470.0 0 0
10202 184.0 470.0 0 0
10203 186.0 472.0 0 0
10204 184.0 472.0 0 0
10205 182.0 464.0 0 0
10206 182.0 466.0 0 0
10207 180.0 466.0 0 0
10208 183.0 466.0 0 0
10209 183.0 467.0 0 0
10210 182.0 467.0 0 0
10211 183.0 468.0 0 0
10212 182.0 468.0 0 0
10213 181.0 466.0 0 0
10214 181.0 467.0 0 0
10215 180.0 467.0 0 0
10216 181.0 468.0 0 0
10217 180.0 468.0 0 0
10218 178.0 464.0 0 0
10219 178.0 466.0 0 0
10220 176.0 466.0 0 0
10221 178.0 468.0 0 0
10222 176.0 468.0 0 0
10223 182.0 470.0 0 0
10224 180.0 470.0 0 0
10225 182.0 472.0 0 0
10226 180.0 472.0 0 0
10227 178.0 470.0 0 0
10228 176.0 470.0 0 0
10229 178.0 472.0 0 0
10230 176.0 472.0 0 0
10231 188.0 476.0 0 0
10232 184.0 476.0 0 0
10233 190.0 476.0 0 0
10234 190.0 478.0 0 0
10235 188.0 478.0 0 0
10236 190.0 480.0 0 0
10237 188.0 480.0 0 0
10238 186.0 476.0 0 0
10239 186.0 478.0 0 0
10240 184.0 478.0 0 0
10241 186.0 480.0 0 0
10242 184.0 480.0 0 0
10243 180.0 476.0 0 0
10244 176.0 476.0 0 0
10245 182.0 476.0 0 0
10246 182.0 478.0 0 0
10247 180.0 478.0 0 0
10248 182.0 480.0 0 0
10249 180.0 480.0 0 0
10250 178.0 476.0 0 0
10251 178.0 478.0 0 0
10252 176.0 478.0 0 0
10253 178.0 480.0 0 0
10254 176.0 480.0 0 0
10255 174.0 464.0 0 0
10256 174.0 466.0 0 0
10257 172.0 466.0 0 0
10258 174.0 468.0 0 0
10259 172.0 468.0 0 0
10260 168.0 468.0 0 0
10261 175.0 468.0 0 0
10262 176.0 469.0 0 0
10263 175.0 469.0 0 0
10264 174.0 469.0 0 0
10265 175.0 470.0 0 0
10266 174.0 470.0 0 0
10267 172.0 470.0 0 0
10268 174.0 472.0 0 0
10269 172.0 472.0 0 0
10270 168.0 472.0 0 0
10271 164.0 468.0 0 0
10272 162.0 464.0 0 0
10273 164.0 466.0 0 0
10274 162.0 466.0 0 0
10275 160.0 466.0 0 0
10276 162.0 468.0 0 0
10277 160.0 468.0 0 0
10278 166.0 468.0 0 0
10279 168.0 470.0 0 0
10280 166.0 470.0 0 0
10281 164.0 470.0 0 0
10282 166.0 472.0 0 0
10283 164.0 472.0 0 0
10284 162.0 470.0 0 0
10285 160.0 470.0 0 0
10286 162.0 472.0 0 0
10287 160.0 472.0 0 0
10288 172.0 476.0 0 0
10289 170.0 472.0 0 0
10290 172.0 474.0 0 0
10291 170.0 474.0 0 0
10292 168.0 474.0 0 0
10293 170.0 476.0 0 0
10294 168.0 476.0 0 0
10295 172.0 480.0 0 0
10296 168.0 480.0 0 0
10297 166.0 474.0 0 0
10298 164.0 474.0 0 0
10299 166.0 476.0 0 0
10300 164.0 476.0 0 0
10301 162.0 474.0 0 0
10302 160.0 474.0 0 0
10303 162.0 476.0 0 0
10304 160.0 476.0 0 0
10305 164.0 480.0 0 0
10306 160.0 480.0 0 0
10307 152.0 448.0 0 0
10308 152.0 456.0 0 0
10309 144.0 456.0 0 0
10310 156.0 456.0 0 0
10311 156.0 460.0 0 0
10312 152.0 460.0 0 0
10313 156.0 464.0 0 0
10314 152.0 464.0 0 0
10315 148.0 456.0 0 0
10316 148.0 460.0 0 0
10317 144.0 460.0 0 0
10318 148.0 464.0 0 0
10319 144.0 464.0 0 0
10320 140.0 448.0 0 0
10321 144.0 452.0 0 0
10322 140.0 452.0 0 0
10323 136.0 452.0 0 0
10324 140.0 456.0 0 0
10325 136.0 456.0 0 0
10326 132.0 452.0 0 0
10327 130.0 448.0 0 0
10328 132.0 450.0 0 0
10329 130.0 450.0 0 0
10330 128.0 450.0 0 0
10331 130.0 452.0 0 0
10332 128.0 452.0 0 0
10333 134.0 452.0 0 0
10334 136.0 454.0 0 0
10335 134.0 454.0 0 0
10336 132.0 454.0 0 0
10337 134.0 456.0 0 0
10338 132.0 456.0 0 0
10339 130.0 454.0 0 0
10340 128.0 454.0 0 0
10341 130.0 456.0 0 0
10342 129.0 454.0 0 0
10343 130.0 455.0 0 0
10344 129.0 455.0 0 0
10345 128.0 455.0 0 0
10346 129.0 456.0 0 0
10347 128.0 456.0 0 0
10348 142.0 456.0 0 0
10349 144.0 458.0 0 0
10350 142.0 458.0 0 0
10351 140.0 458.0 0 0
10352 142.0 460.0 0 0
10353 140.0 460.0 0 0
10354 138.0 456.0 0 0
10355 138.0 458.0 0 0
10356 136.0 458.0 0 0
10357 139.0 458.0 0 0
10358 140.0 459.0 0 0
10359 139.0 459.0 0 0
10360 138.0 459.0 0 0
10361 139.0 460.0 0 0
10362 138.0 460.0 0 0
10363 136.0 460.0 0 0
10364 140.0 464.0 0 0
10365 140.0 462.0 0 0
10366 138.0 462.0 0 0
10367 136.0 462.0 0 0
10368 138.0 464.0 0 0
10369 136.0 464.0 0 0
10370 134.0 458.0 0 0
10371 133.0 456.0 0 0
10372 134.0 457.0 0 0
10373 133.0 457.0 0 0
10374 132.0 457.0 0 0
10375 133.0 458.0 0 0
10376 132.0 458.0 0 0
10377 134.0 460.0 0 0
10378 132.0 460.0 0 0
10379 130.0 458.0 0 0
10380 128.0 458.0 0 0
10381 130.0 460.0 0 0
10382 128.0 460.0 0 0
10383 134.0 462.0 0 0
10384 132.0 462.0 0 0
10385 134.0 464.0 0 0
10386 132.0 464.0 0 0
10387 128.0 464.0 0 0
10388 158.0 464.0 0 0
10389 158.0 466.0 0 0
10390 156.0 466.0 0 0
10391 158.0 468.0 0 0
10392 156.0 468.0 0 0
10393 154.0 464.0 0 0
10394 154.0 466.0 0 0
10395 152.0 466.0 0 0
10396 154.0 468.0 0 0
10397 152.0 468.0 0 0
10398 158.0 470.0 0 0
10399 156.0 470.0 0 0
10400 158.0 472.0 0 0
10401 156.0 472.0 0 0
10402 152.0 472.0 0 0
10403 150.0 464.0 0 0
10404 150.0 466.0 0 0
10405 148.0 466.0 0 0
10406 150.0 468.0 0 0
10407 148.0 468.0 0 0
10408 146.0 464.0 0 0
10409 146.0 466.0 0 0
10410 144.0 466.0 0 0
10411 146.0 468.0 0 0
10412 144.0 468.0 0 0
10413 152.0 470.0 0 0
10414 150.0 470.0 0 0
10415 148.0 470.0 0 0
10416 150.0 472.0 0 0
10417 148.0 472.0 0 0
10418 144.0 472.0 0 0
10419 159.0 472.0 0 0
10420 160.0 473.0 0 0
10421 159.0 473.0 0 0
10422 158.0 473.0 0 0
10423 159.0 474.0 0 0
10424 158.0 474.0 0 0
10425 156.0 474.0 0 0
10426 158.0 476.0 0 0
10427 156.0 476.0 0 0
10428 152.0 476.0 0 0
10429 156.0 480.0 0 0
10430 152.0 480.0 0 0
10431 148.0 476.0 0 0
10432 144.0 476.0 0 0
10433 150.0 476.0 0 0
10434 152.0 478.0 0 0
10435 150.0 478.0 0 0
10436 148.0 478.0 0 0
10437 150.0 480.0 0 0
10438 148.0 480.0 0 0
10439 146.0 476.0 0 0
10440 146.0 478.0 0 0
10441 144.0 478.0 0 0
10442 146.0 480.0 0 0
10443 144.0 480.0 0 0
10444 142.0 464.0 0 0
10445 142.0 466.0 0 0
10446 140.0 466.0 0 0
10447 142.0 468.0 0 0
10448 140.0 468.0 0 0
10449 136.0 468.0 0 0
10450 140.0 472.0 0 0
10451 136.0 472.0 0 0
10452 132.0 468.0 0 0
10453 128.0 468.0 0 0
10454 134.0 468.0 0 0
10455 136.0 470.0 0 0
10456 134.0 470.0 0 0
10457 132.0 470.0 0 0
10458 134.0 472.0 0 0
10459 132.0 472.0 0 0
10460 130.0 468.0 0 0
10461 130.0 470.0 0 0
10462 128.0 470.0 0 0
10463 130.0 472.0 0 0
10464 128.0 472.0 0 0
10465 142.0 472.0 0 0
10466 144.0 474.0 0 0
10467 142.0 474.0 0 0
10468 140.0 474.0 0 0
10469 142.0 476.0 0 0
10470 140.0 476.0 0 0
10471 136.0 476.0 0 0
10472 140.0 480.0 0 0
10473 138.0 476.0 0 0
10474 140.0 478.0 0 0
10475 138.0 478.0 0 0
10476 136.0 478.0 0 0
10477 138.0 480.0 0 0
10478 136.0 480.0 0 0
10479 132.0 476.0 0 0
10480 128.0 476.0 0 0
10481 132.0 480.0 0 0
10482 128.0 480.0 0 0
10483 188.0 484.0 0 0
10484 184.0 484.0 0 0
10485 190.0 484.0 0 0
10486 190.0 486.0 0 0
10487 188.0 486.0 0 0
10488 190.0 488.0 0 0
10489 188.0 488.0 0 0
10490 184.0 488.0 0 0
10491 180.0 484.0 0 0
10492 176.0 484.0 0 0
10493 180.0 488.0 0 0
10494 176.0 488.0 0 0
10495 188.0 492.0 0 0
10496 184.0 492.0 0 0
10497 188.0 496.0 0 0
10498 184.0 496.0 0 0
10499 180.0 492.0 0 0
10500 178.0 488.0 0 0
10501 180.0 490.0 0 0
10502 178.0 490.0 0 0
10503 176.0 490.0 0 0
10504 178.0 492.0 0 0
10505 176.0 492.0 0 0
10506 182.0 492.0 0 0
10507 184.0 494.0 0 0
10508 182.0 494.0 0 0
10509 180.0 494.0 0 0
10510 182.0 496.0 0 0
10511 180.0 496.0 0 0
10512 178.0 494.0 0 0
10513 176.0 494.0 0 0
10514 178.0 496.0 0 0
10515 176.0 496.0 0 0
10516 172.0 484.0 0 0
10517 168.0 484.0 0 0
10518 174.0 484.0 0 0
10519 176.0 486.0 0 0
10520 174.0 486.0 0 0
10521 172.0 486.0 0 0
10522 174.0 488.0 0 0
10523 172.0 488.0 0 0
10524 170.0 484.0 0 0
10525 170.0 486.0 0 0
10526 168.0 486.0 0 0
10527 170.0 488.0 0 0
10528 168.0 488.0 0 0
10529 164.0 484.0 0 0
10530 162.0 480.0 0 0
10531 164.0 482.0 0 0
10532 162.0 482.0 0 0
10533 160.0 482.0 0 0
10534 162.0 484.0 0 0
10535 160.0 484.0 0 0
10536 164.0 488.0 0 0
10537 160.0 488.0 0 0
10538 174.0 490.0 0 0
10539 172.0 490.0 0 0
10540 174.0 492.0 0 0
10541 172.0 492.0 0 0
10542 168.0 492.0 0 0
10543 172.0 496.0 0 0
10544 168.0 496.0 0 0
10545 164.0 492.0 0 0
10546 162.0 488.0 0 0
10547 164.0 490.0 0 0
10548 162.0 490.0 0 0
10549 160.0 490.0 0 0
10550 162.0 492.0 0 0
10551 160.0 492.0 0 0
10552 164.0 496.0 0 0
10553 160.0 496.0 0 0
10554 184.0 504.0 0 0
10555 184.0 500.0 0 0
10556 180.0 500.0 0 0
10557 176.0 500.0 0 0
10558 180.0 504.0 0 0
10559 176.0 504.0 0 0
10560 184.0 512.0 0 0
10561 176.0 512.0 0 0
10562 168.0 504.0 0 0
10563 160.0 504.0 0 0
10564 168.0 512.0 0 0
10565 160.0 512.0 0 0
10566 158.0 480.0 0 0
10567 158.0 482.0 0 0
10568 156.0 482.0 0 0
10569 158.0 484.0 0 0
10570 156.0 484.0 0 0
10571 152.0 484.0 0 0
10572 156.0 488.0 0 0
10573 152.0 488.0 0 0
10574 148.0 484.0 0 0
10575 144.0 484.0 0 0
10576 148.0 488.0 0 0
10577 146.0 484.0 0 0
10578 148.0 486.0 0 0
10579 146.0 486.0 0 0
10580 144.0 486.0 0 0
10581 146.0 488.0 0 0
10582 144.0 488.0 0 0
10583 158.0 488.0 0 0
10584 158.0 490.0 0 0
10585 156.0 490.0 0 0
10586 158.0 492.0 0 0
10587 156.0 492.0 0 0
10588 154.0 488.0 0 0
10589 154.0 490.0 0 0
10590 152.0 490.0 0 0
10591 154.0 492.0 0 0
10592 152.0 492.0 0 0
10593 156.0 496.0 0 0
10594 152.0 496.0 0 0
10595 148.0 492.0 0 0
10596 144.0 492.0 0 0
10597 148.0 496.0 0 0
10598 144.0 496.0 0 0
10599 140.0 484.0 0 0
10600 140.0 482.0 0 0
10601 138.0 482.0 0 0
10602 136.0 482.0 0 0
10603 138.0 484.0 0 0
10604 136.0 484.0 0 0
10605 142.0 484.0 0 0
10606 142.0 486.0 0 0
10607 140.0 486.0 0 0
10608 142.0 488.0 0 0
10609 140.0 488.0 0 0
10610 136.0 488.0 0 0
10611 134.0 480.0 0 0
10612 134.0 482.0 0 0
10613 132.0 482.0 0 0
10614 134.0 484.0 0 0
10615 132.0 484.0 0 0
10616 128.0 484.0 0 0
10617 132.0 488.0 0 0
10618 128.0 488.0 0 0
10619 140.0 492.0 0 0
10620 136.0 492.0 0 0
10621 140.0 496.0 0 0
10622 136.0 496.0 0 0
10623 128.0 496.0 0 0
10624 152.0 504.0 0 0
10625 144.0 504.0 0 0
10626 152.0 512.0 0 0
10627 144.0 512.0 0 0
10628 136.0 504.0 0 0
10629 128.0 504.0 0 0
10630 136.0 512.0 0 0
10631 128.0 512.0 0 0
10632 112.0 400.0 0 0
10633 112.0 392.0 0 0
10634 104.0 392.0 0 0
10635 96.0 392.0 0 0
10636 104.0 400.0 0 0
10637 100.0 392.0 0 0
10638 104.0 396.0 0 0
10639 100.0 396.0 0 0
10640 96.0 396.0 0 0
10641 100.0 400.0 0 0
10642 96.0 400.0 0 0
10643 112.0 416.0 0 0
10644 112.0 408.0 0 0
10645 104.0 408.0 0 0
10646 104.0 404.0 0 0
10647 100.0 404.0 0 0
10648 98.0 400.0 0 0
10649 100.0 402.0 0 0
10650 98.0 402.0 0 0
10651 96.0 402.0 0 0
10652 98.0 404.0 0 0
10653 96.0 404.0 0 0
10654 100.0 408.0 0 0
10655 96.0 408.0 0 0
10656 104.0 416.0 0 0
10657 96.0 416.0 0 0
10658 88.0 392.0 0 0
10659 80.0 392.0 0 0
10660 92.0 392.0 0 0
10661 92.0 396.0 0 0
10662 88.0 396.0 0 0
10663 92.0 400.0 0 0
10664 88.0 400.0 0 0
10665 80.0 400.0 0 0
10666 80.0 388.0 0 0
10667 76.0 388.0 0 0
10668 72.0 388.0 0 0
10669 76.0 392.0 0 0
10670 72.0 392.0 0 0
10671 72.0 386.0 0 0
10672 70.0 386.0 0 0
10673 70.0 385.0 0 0
10674 69.0 385.0 0 0
10675 68.0 385.0 0 0
10676 69.0 386.0 0 0
10677 68.0 386.0 0 0
10678 70.0 388.0 0 0
10679 70.0 387.0 0 0
10680 69.0 387.0 0 0
10681 68.0 387.0 0 0
10682 69.0 388.0 0 0
10683 68.0 388.0 0 0
10684 66.0 386.0 0 0
10685 64.0 386.0 0 0
10686 66.0 388.0 0 0
10687 64.0 388.0 0 0
10688 72.0 390.0 0 0
10689 70.0 390.0 0 0
10690 70.0 389.0 0 0
10691 69.0 389.0 0 0
10692 68.0 389.0 0 0
10693 69.0 390.0 0 0
10694 68.0 390.0 0 0
10695 70.0 392.0 0 0
10696 68.0 392.0 0 0
10697 66.0 390.0 0 0
10698 64.0 390.0 0 0
10699 66.0 392.0 0 0
10700 64.0 392.0 0 0
10701 80.0 396.0 0 0
10702 76.0 396.0 0 0
10703 74.0 392.0 0 0
10704 76.0 394.0 0 0
10705 74.0 394.0 0 0
10706 72.0 394.0 0 0
10707 74.0 396.0 0 0
10708 72.0 396.0 0 0
10709 76.0 400.0 0 0
10710 76.0 398.0 0 0
10711 74.0 398.0 0 0
10712 72.0 398.0 0 0
10713 74.0 400.0 0 0
10714 73.0 398.0 0 0
10715 74.0 399.0 0 0
10716 73.0 399.0 0 0
10717 72.0 399.0 0 0
10718 73.0 400.0 0 0
10719 72.0 400.0 0 0
10720 70.0 394.0 0 0
10721 68.0 394.0 0 0
10722 71.0 394.0 0 0
10723 72.0 395.0 0 0
10724 71.0 395.0 0 0
10725 70.0 395.0 0 0
10726 71.0 396.0 0 0
10727 70.0 396.0 0 0
10728 68.0 396.0 0 0
10729 64.0 396.0 0 0
10730 70.0 398.0 0 0
10731 68.0 398.0 0 0
10732 70.0 400.0 0 0
10733 68.0 400.0 0 0
10734 64.0 400.0 0 0
10735 94.0 400.0 0 0
10736 94.0 402.0 0 0
10737 92.0 402.0 0 0
10738 94.0 404.0 0 0
10739 92.0 404.0 0 0
10740 88.0 404.0 0 0
10741 92.0 408.0 0 0
10742 88.0 408.0 0 0
10743 84.0 400.0 0 0
10744 84.0 404.0 0 0
10745 80.0 404.0 0 0
10746 86.0 404.0 0 0
10747 88.0 406.0 0 0
10748 86.0 406.0 0 0
10749 84.0 406.0 0 0
10750 86.0 408.0 0 0
10751 84.0 408.0 0 0
10752 82.0 404.0 0 0
10753 82.0 406.0 0 0
10754 80.0 406.0 0 0
10755 82.0 408.0 0 0
10756 81.0 406.0 0 0
10757 82.0 407.0 0 0
10758 81.0 407.0 0 0
10759 80.0 407.0 0 0
10760 81.0 408.0 0 0
10761 80.0 408.0 0 0
10762 96.0 412.0 0 0
10763 92.0 412.0 0 0
10764 88.0 412.0 0 0
10765 92.0 416.0 0 0
10766 88.0 416.0 0 0
10767 88.0 410.0 0 0
10768 86.0 410.0 0 0
10769 84.0 410.0 0 0
10770 86.0 412.0 0 0
10771 84.0 412.0 0 0
10772 83.0 408.0 0 0
10773 84.0 409.0 0 0
10774 83.0 409.0 0 0
10775 82.0 409.0 0 0
10776 83.0 410.0 0 0
10777 82.0 410.0 0 0
10778 80.0 410.0 0 0
10779 82.0 412.0 0 0
10780 80.0 412.0 0 0
10781 88.0 414.0 0 0
10782 86.0 414.0 0 0
10783 84.0 414.0 0 0
10784 86.0 416.0 0 0
10785 84.0 416.0 0 0
10786 82.0 414.0 0 0
10787 80.0 414.0 0 0
10788 82.0 416.0 0 0
10789 80.0 416.0 0 0
10790 78.0 400.0 0 0
10791 80.0 402.0 0 0
10792 78.0 402.0 0 0
10793 76.0 402.0 0 0
10794 78.0 404.0 0 0
10795 77.0 402.0 0 0
10796 78.0 403.0 0 0
10797 77.0 403.0 0 0
10798 76.0 403.0 0 0
10799 77.0 404.0 0 0
10800 76.0 404.0 0 0
10801 75.0 400.0 0 0
10802 76.0 401.0 0 0
10803 75.0 401.0 0 0
10804 74.0 401.0 0 0
10805 75.0 402.0 0 0
10806 74.0 402.0 0 0
10807 72.0 402.0 0 0
10808 74.0 404.0 0 0
10809 72.0 404.0 0 0
10810 79.0 404.0 0 0
10811 80.0 405.0 0 0
10812 79.0 405.0 0 0
10813 78.0 405.0 0 0
10814 79.0 406.0 0 0
10815 78.0 406.0 0 0
10816 76.0 406.0 0 0
10817 78.0 408.0 0 0
10818 76.0 408.0 0 0
10819 72.0 408.0 0 0
10820 68.0 404.0 0 0
10821 64.0 404.0 0 0
10822 68.0 408.0 0 0
10823 64.0 408.0 0 0
10824 76.0 412.0 0 0
10825 72.0 412.0 0 0
10826 78.0 412.0 0 0
10827 78.0 414.0 0 0
10828 76.0 414.0 0 0
10829 78.0 416.0 0 0
10830 76.0 416.0 0 0
10831 72.0 416.0 0 0
10832 68.0 412.0 0 0
10833 64.0 412.0 0 0
10834 68.0 416.0 0 0
10835 66.0 412.0 0 0
10836 68.0 414.0 0 0
10837 66.0 414.0 0 0
10838 64.0 414.0 0 0
10839 66.0 416.0 0 0
10840 64.0 416.0 0 0
10841 120.0 416.0 0 0
10842 120.0 424.0 0 0
10843 112.0 424.0 0 0
10844 120.0 432.0 0 0
10845 112.0 432.0 0 0
10846 104.0 424.0 0 0
10847 96.0 424.0 0 0
10848 104.0 432.0 0 0
10849 100.0 424.0 0 0
10850 104.0 428.0 0 0
10851 100.0 428.0 0 0
10852 96.0 428.0 0 0
10853 100.0 432.0 0 0
10854 98.0 428.0 0 0
10855 100.0 430.0 0 0
10856 98.0 430.0 0 0
10857 96.0 430.0 0 0
10858 98.0 432.0 0 0
10859 97.0 430.0 0 0
10860 98.0 431.0 0 0
10861 97.0 431.0 0 0
10862 96.0 431.0 0 0
10863 97.0 432.0 0 0
10864 96.0 432.0 0 0
10865 120.0 440.0 0 0
10866 112.0 440.0 0 0
10867 124.0 440.0 0 0
10868 124.0 444.0 0 0
10869 120.0 444.0 0 0
10870 126.0 444.0 0 0
10871 128.0 446.0 0 0
10872 126.0 446.0 0 0
10873 124.0 446.0 0 0
10874 126.0 448.0 0 0
10875 124.0 448.0 0 0
10876 120.0 448.0 0 0
10877 116.0 440.0 0 0
10878 116.0 444.0 0 0
10879 112.0 444.0 0 0
10880 116.0 448.0 0 0
10881 114.0 444.0 0 0
10882 116.0 446.0 0 0
10883 114.0 446.0 0 0
10884 112.0 446.0 0 0
10885 114.0 448.0 0 0
10886 112.0 448.0 0 0
10887 108.0 432.0 0 0
10888 112.0 436.0 0 0
10889 108.0 436.0 0 0
10890 104.0 436.0 0 0
10891 108.0 440.0 0 0
10892 106.0 436.0 0 0
10893 108.0 438.0 0 0
10894 106.0 438.0 0 0
10895 104.0 438.0 0 0
10896 106.0 440.0 0 0
10897 105.0 438.0 0 0
10898 106.0 439.0 0 0
10899 105.0 439.0 0 0
10900 104.0 439.0 0 0
10901 105.0 440.0 0 0
10902 104.0 440.0 0 0
10903 102.0 432.0 0 0
10904 104.0 434.0 0 0
10905 102.0 434.0 0 0
10906 100.0 434.0 0 0
10907 102.0 436.0 0 0
10908 101.0 434.0 0 0
10909 102.0 435.0 0 0
10910 101.0 435.0 0 0
10911 100.0 435.0 0 0
10912 101.0 436.0 0 0
10913 100.0 436.0 0 0
10914 99.0 432.0 0 0
10915 100.0 433.0 0 0
10916 99.0 433.0 0 0
10917 98.0 433.0 0 0
10918 99.0 434.0 0 0
10919 98.0 434.0 0 0
10920 96.0 434.0 0 0
10921 98.0 436.0 0 0
10922 96.0 436.0 0 0
10923 103.0 436.0 0 0
10924 104.0 437.0 0 0
10925 103.0 437.0 0 0
10926 102.0 437.0 0 0
10927 103.0 438.0 0 0
10928 102.0 438.0 0 0
10929 100.0 438.0 0 0
10930 102.0 440.0 0 0
10931 100.0 440.0 0 0
10932 96.0 440.0 0 0
10933 110.0 440.0 0 0
10934 112.0 442.0 0 0
10935 110.0 442.0 0 0
10936 108.0 442.0 0 0
10937 110.0 444.0 0 0
10938 109.0 442.0 0 0
10939 110.0 443.0 0 0
10940 109.0 443.0 0 0
10941 108.0 443.0 0 0
10942 109.0 444.0 0 0
10943 108.0 444.0 0 0
10944 107.0 440.0 0 0
10945 108.0 441.0 0 0
10946 107.0 441.0 0 0
10947 106.0 441.0 0 0
10948 107.0 442.0 0 0
10949 106.0 442.0 0 0
10950 104.0 442.0 0 0
10951 106.0 444.0 0 0
10952 104.0 444.0 0 0
10953 110.0 446.0 0 0
10954 108.0 446.0 0 0
10955 111.0 446.0 0 0
10956 112.0 447.0 0 0
10957 111.0 447.0 0 0
10958 110.0 447.0 0 0
10959 111.0 448.0 0 0
10960 110.0 448.0 0 0
10961 108.0 448.0 0 0
10962 104.0 448.0 0 0
10963 100.0 444.0 0 0
10964 96.0 444.0 0 0
10965 100.0 448.0 0 0
10966 96.0 448.0 0 0
10967 96.0 420.0 0 0
10968 92.0 420.0 0 0
10969 88.0 420.0 0 0
10970 92.0 424.0 0 0
10971 90.0 420.0 0 0
10972 92.0 422.0 0 0
10973 90.0 422.0 0 0
10974 88.0 422.0 0 0
10975 90.0 424.0 0 0
10976 88.0 424.0 0 0
10977 84.0 420.0 0 0
10978 80.0 420.0 0 0
10979 84.0 424.0 0 0
10980 82.0 420.0 0 0
10981 84.0 422.0 0 0
10982 82.0 422.0 0 0
10983 80.0 422.0 0 0
10984 82.0 424.0 0 0
10985 80.0 424.0 0 0
10986 94.0 424.0 0 0
10987 96.0 426.0 0 0
10988 94.0 426.0 0 0
10989 92.0 426.0 0 0
10990 94.0 428.0 0 0
10991 93.0 426.0 0 0
10992 94.0 427.0 0 0
10993 93.0 427.0 0 0
10994 92.0 427.0 0 0
10995 93.0 428.0 0 0
10996 92.0 428.0 0 0
10997 91.0 424.0 0 0
10998 92.0 425.0 0 0
10999 91.0 425.0 0 0
11000 90.0 425.0 0 0
11001 91.0 426.0 0 0
11002 90.0 426.0 0 0
11003 88.0 426.0 0 0
11004 90.0 428.0 0 0
11005 88.0 428.0 0 0
11006 95.0 428.0 0 0
11007 96.0 429.0 0 0
11008 95.0 429.0 0 0
11009 94.0 429.0 0 0
11010 95.0 430.0 0 0
11011 94.0 430.0 0 0
11012 92.0 430.0 0 0
11013 94.0 432.0 0 0
11014 92.0 432.0 0 0
11015 88.0 432.0 0 0
11016 84.0 428.0 0 0
11017 80.0 428.0 0 0
11018 84.0 432.0 0 0
11019 80.0 432.0 0 0
11020 80.0 418.0 0 0
11021 78.0 418.0 0 0
11022 76.0 418.0 0 0
11023 78.0 420.0 0 0
11024 76.0 420.0 0 0
11025 72.0 420.0 0 0
11026 76.0 424.0 0 0
11027 74.0 420.0 0 0
11028 76.0 422.0 0 0
11029 74.0 422.0 0 0
11030 72.0 422.0 0 0
11031 74.0 424.0 0 0
11032 72.0 424.0 0 0
11033 70.0 416.0 0 0
11034 72.0 418.0 0 0
11035 70.0 418.0 0 0
11036 68.0 418.0 0 0
11037 70.0 420.0 0 0
11038 68.0 420.0 0 0
11039 66.0 418.0 0 0
11040 64.0 418.0 0 0
11041 66.0 420.0 0 0
11042 64.0 420.0 0 0
11043 70.0 422.0 0 0
11044 69.0 420.0 0 0
11045 70.0 421.0 0 0
11046 69.0 421.0 0 0
11047 68.0 421.0 0 0
11048 69.0 422.0 0 0
11049 68.0 422.0 0 0
11050 71.0 422.0 0 0
11051 72.0 423.0 0 0
11052 71.0 423.0 0 0
11053 70.0 423.0 0 0
11054 71.0 424.0 0 0
11055 70.0 424.0 0 0
11056 68.0 424.0 0 0
11057 66.0 422.0 0 0
11058 64.0 422.0 0 0
11059 66.0 424.0 0 0
11060 64.0 424.0 0 0
11061 76.0 428.0 0 0
11062 76.0 426.0 0 0
11063 74.0 426.0 0 0
11064 72.0 426.0 0 0
11065 74.0 428.0 0 0
11066 72.0 428.0 0 0
11067 78.0 428.0 0 0
11068 80.0 430.0 0 0
11069 78.0 430.0 0 0
11070 76.0 430.0 0 0
11071 78.0 432.0 0 0
11072 76.0 432.0 0 0
11073 72.0 432.0 0 0
11074 70.0 426.0 0 0
11075 68.0 426.0 0 0
11076 70.0 428.0 0 0
11077 68.0 428.0 0 0
11078 66.0 426.0 0 0
11079 64.0 426.0 0 0
11080 66.0 428.0 0 0
11081 64.0 428.0 0 0
11082 72.0 430.0 0 0
11083 70.0 430.0 0 0
11084 68.0 430.0 0 0
11085 70.0 432.0 0 0
11086 68.0 432.0 0 0
11087 66.0 430.0 0 0
11088 64.0 430.0 0 0
11089 66.0 432.0 0 0
11090 64.0 432.0 0 0
11091 94.0 434.0 0 0
11092 92.0 434.0 0 0
11093 94.0 436.0 0 0
11094 92.0 436.0 0 0
11095 90.0 432.0 0 0
11096 90.0 434.0 0 0
11097 88.0 434.0 0 0
11098 90.0 436.0 0 0
11099 88.0 436.0 0 0
11100 92.0 440.0 0 0
11101 88.0 440.0 0 0
11102 84.0 436.0 0 0
11103 82.0 432.0 0 0
11104 84.0 434.0 0 0
11105 82.0 434.0 0 0
11106 80.0 434.0 0 0
11107 82.0 436.0 0 0
11108 80.0 436.0 0 0
11109 86.0 436.0 0 0
11110 88.0 438.0 0 0
11111 86.0 438.0 0 0
11112 84.0 438.0 0 0
11113 86.0 440.0 0 0
11114 84.0 440.0 0 0
11115 82.0 438.0 0 0
11116 80.0 438.0 0 0
11117 82.0 440.0 0 0
11118 80.0 440.0 0 0
11119 92.0 444.0 0 0
11120 90.0 440.0 0 0
11121 92.0 442.0 0 0
11122 90.0 442.0 0 0
11123 88.0 442.0 0 0
11124 90.0 444.0 0 0
11125 89.0 442.0 0 0
11126 90.0 443.0 0 0
11127 89.0 443.0 0 0
11128 88.0 443.0 0 0
11129 89.0 444.0 0 0
11130 88.0 444.0 0 0
11131 94.0 444.0 0 0
11132 96.0 446.0 0 0
11133 94.0 446.0 0 0
11134 92.0 446.0 0 0
11135 94.0 448.0 0 0
11136 92.0 448.0 0 0
11137 90.0 446.0 0 0
11138 88.0 446.0 0 0
11139 90.0 448.0 0 0
11140 88.0 448.0 0 0
11141 86.0 442.0 0 0
11142 84.0 442.0 0 0
11143 86.0 444.0 0 0
11144 84.0 444.0 0 0
11145 80.0 444.0 0 0
11146 84.0 448.0 0 0
11147 82.0 444.0 0 0
11148 84.0 446.0 0 0
11149 82.0 446.0 0 0
11150 80.0 446.0 0 0
11151 82.0 448.0 0 0
11152 80.0 448.0 0 0
11153 78.0 434.0 0 0
11154 76.0 434.0 0 0
11155 78.0 436.0 0 0
11156 76.0 436.0 0 0
11157 72.0 436.0 0 0
11158 76.0 440.0 0 0
11159 74.0 436.0 0 0
11160 76.0 438.0 0 0
11161 74.0 438.0 0 0
11162 72.0 438.0 0 0
11163 74.0 440.0 0 0
11164 72.0 440.0 0 0
11165 72.0 434.0 0 0
11166 70.0 434.0 0 0
11167 68.0 434.0 0 0
11168 70.0 436.0 0 0
11169 68.0 436.0 0 0
11170 64.0 436.0 0 0
11171 68.0 440.0 0 0
11172 64.0 440.0 0 0
11173 78.0 440.0 0 0
11174 80.0 442.0 0 0
11175 78.0 442.0 0 0
11176 76.0 442.0 0 0
11177 78.0 444.0 0 0
11178 76.0 444.0 0 0
11179 74.0 442.0 0 0
11180 72.0 442.0 0 0
11181 74.0 444.0 0 0
11182 72.0 444.0 0 0
11183 76.0 448.0 0 0
11184 72.0 448.0 0 0
11185 68.0 444.0 0 0
11186 64.0 444.0 0 0
11187 68.0 448.0 0 0
11188 64.0 448.0 0 0
11189 60.0 388.0 0 0
11190 56.0 388.0 0 0
11191 60.0 392.0 0 0
11192 56.0 392.0 0 0
11193 52.0 388.0 0 0
11194 50.0 384.0 0 0
11195 52.0 386.0 0 0
11196 50.0 386.0 0 0
11197 48.0 386.0 0 0
11198 50.0 388.0 0 0
11199 48.0 388.0 0 0
11200 52.0 392.0 0 0
11201 52.0 390.0 0 0
11202 50.0 390.0 0 0
11203 48.0 390.0 0 0
11204 50.0 392.0 0 0
11205 48.0 392.0 0 0
11206 60.0 396.0 0 0
11207 56.0 396.0 0 0
11208 60.0 400.0 0 0
11209 56.0 400.0 0 0
11210 54.0 392.0 0 0
11211 56.0 394.0 0 0
11212 54.0 394.0 0 0
11213 52.0 394.0 0 0
11214 54.0 396.0 0 0
11215 52.0 396.0 0 0
11216 50.0 394.0 0 0
11217 48.0 394.0 0 0
11218 51.0 394.0 0 0
11219 52.0 395.0 0 0
11220 51.0 395.0 0 0
11221 50.0 395.0 0 0
11222 51.0 396.0 0 0
11223 50.0 396.0 0 0
11224 48.0 396.0 0 0
11225 56.0 398.0 0 0
11226 54.0 398.0 0 0
11227 52.0 398.0 0 0
11228 54.0 400.0 0 0
11229 52.0 400.0 0 0
11230 50.0 398.0 0 0
11231 48.0 398.0 0 0
11232 50.0 400.0 0 0
11233 48.0 400.0 0 0
11234 46.0 386.0 0 0
11235 44.0 386.0 0 0
11236 47.0 386.0 0 0
11237 48.0 387.0 0 0
11238 47.0 387.0 0 0
11239 46.0 387.0 0 0
11240 47.0 388.0 0 0
11241 46.0 388.0 0 0
11242 44.0 388.0 0 0
11243 42.0 386.0 0 0
11244 40.0 386.0 0 0
11245 42.0 388.0 0 0
11246 40.0 388.0 0 0
11247 48.0 389.0 0 0
11248 47.0 389.0 0 0
11249 46.0 389.0 0 0
11250 47.0 390.0 0 0
11251 46.0 390.0 0 0
11252 44.0 390.0 0 0
11253 46.0 392.0 0 0
11254 44.0 392.0 0 0
11255 42.0 390.0 0 0
11256 40.0 390.0 0 0
11257 42.0 392.0 0 0
11258 40.0 392.0 0 0
11259 36.0 388.0 0 0
11260 32.0 388.0 0 0
11261 36.0 392.0 0 0
11262 32.0 392.0 0 0
11263 46.0 394.0 0 0
11264 44.0 394.0 0 0
11265 46.0 396.0 0 0
11266 44.0 396.0 0 0
11267 40.0 396.0 0 0
11268 46.0 398.0 0 0
11269 44.0 398.0 0 0
11270 46.0 400.0 0 0
11271 44.0 400.0 0 0
11272 40.0 400.0 0 0
11273 32.0 400.0 0 0
11274 60.0 404.0 0 0
11275 56.0 404.0 0 0
11276 60.0 408.0 0 0
11277 58.0 404.0 0 0
11278 60.0 406.0 0 0
11279 58.0 406.0 0 0
11280 56.0 406.0 0 0
11281 58.0 408.0 0 0
11282 56.0 408.0 0 0
11283 56.0 402.0 0 0
11284 54.0 402.0 0 0
11285 52.0 402.0 0 0
11286 54.0 404.0 0 0
11287 52.0 404.0 0 0
11288 50.0 402.0 0 0
11289 48.0 402.0 0 0
11290 50.0 404.0 0 0
11291 48.0 404.0 0 0
11292 54.0 406.0 0 0
11293 52.0 406.0 0 0
11294 54.0 408.0 0 0
11295 52.0 408.0 0 0
11296 48.0 408.0 0 0
11297 62.0 408.0 0 0
11298 64.0 410.0 0 0
11299 62.0 410.0 0 0
11300 60.0 410.0 0 0
11301 62.0 412.0 0 0
11302 60.0 412.0 0 0
11303 58.0 410.0 0 0
11304 56.0 410.0 0 0
11305 58.0 412.0 0 0
11306 56.0 412.0 0 0
11307 62.0 414.0 0 0
11308 60.0 414.0 0 0
11309 62.0 416.0 0 0
11310 60.0 416.0 0 0
11311 58.0 414.0 0 0
11312 57.0 412.0 0 0
11313 58.0 413.0 0 0
11314 57.0 413.0 0 0
11315 56.0 413.0 0 0
11316 57.0 414.0 0 0
11317 56.0 414.0 0 0
11318 58.0 416.0 0 0
11319 56.0 416.0 0 0
11320 55.0 408.0 0 0
11321 56.0 409.0 0 0
11322 55.0 409.0 0 0
11323 54.0 409.0 0 0
11324 55.0 410.0 0 0
11325 54.0 410.0 0 0
11326 52.0 410.0 0 0
11327 54.0 412.0 0 0
11328 52.0 412.0 0 0
11329 48.0 412.0 0 0
11330 54.0 414.0 0 0
11331 52.0 414.0 0 0
11332 54.0 416.0 0 0
11333 52.0 416.0 0 0
11334 48.0 416.0 0 0
11335 44.0 404.0 0 0
11336 40.0 404.0 0 0
11337 44.0 408.0 0 0
11338 40.0 408.0 0 0
11339 32.0 408.0 0 0
11340 40.0 416.0 0 0
11341 32.0 416.0 0 0
11342 24.0 392.0 0 0
11343 16.0 392.0 0 0
11344 24.0 400.0 0 0
11345 16.0 400.0 0 0
11346 0.0 400.0 0 0
11347 16.0 416.0 0 0
11348 0.0 416.0 0 0
11349 62.0 418.0 0 0
11350 60.0 418.0 0 0
11351 62.0 420.0 0 0
11352 60.0 420.0 0 0
11353 56.0 420.0 0 0
11354 62.0 422.0 0 0
11355 60.0 422.0 0 0
11356 62.0 424.0 0 0
11357 60.0 424.0 0 0
11358 56.0 424.0 0 0
11359 52.0 420.0 0 0
11360 48.0 420.0 0 0
11361 52.0 424.0 0 0
11362 48.0 424.0 0 0
11363 60.0 428.0 0 0
11364 56.0 428.0 0 0
11365 60.0 432.0 0 0
11366 56.0 432.0 0 0
11367 48.0 432.0 0 0
11368 40.0 424.0 0 0
11369 32.0 424.0 0 0
11370 40.0 432.0 0 0
11371 32.0 432.0 0 0
11372 56.0 440.0 0 0
11373 48.0 440.0 0 0
11374 56.0 448.0 0 0
11375 48.0 448.0 0 0
11376 32.0 448.0 0 0
11377 16.0 432.0 0 0
11378 0.0 432.0 0 0
11379 16.0 448.0 0 0
11380 0.0 448.0 0 0
11381 126.0 450.0 0 0
11382 124.0 450.0 0 0
11383 126.0 452.0 0 0
11384 124.0 452.0 0 0
11385 122.0 448.0 0 0
11386 122.0 450.0 0 0
11387 120.0 450.0 0 0
11388 122.0 452.0 0 0
11389 121.0 450.0 0 0
11390 122.0 451.0 0 0
11391 121.0 451.0 0 0
11392 120.0 451.0 0 0
11393 121.0 452.0 0 0
11394 120.0 452.0 0 0
11395 127.0 452.0 0 0
11396 128.0 453.0 0 0
11397 127.0 453.0 0 0
11398 126.0 453.0 0 0
11399 127.0 454.0 0 0
11400 126.0 454.0 0 0
11401 125.0 452.0 0 0
11402 125.0 453.0 0 0
11403 124.0 453.0 0 0
11404 125.0 454.0 0 0
11405 124.0 454.0 0 0
11406 126.0 456.0 0 0
11407 124.0 456.0 0 0
11408 122.0 454.0 0 0
11409 120.0 454.0 0 0
11410 122.0 456.0 0 0
11411 120.0 456.0 0 0
11412 118.0 448.0 0 0
11413 118.0 450.0 0 0
11414 116.0 450.0 0 0
11415 119.0 450.0 0 0
11416 119.0 451.0 0 0
11417 118.0 451.0 0 0
11418 119.0 452.0 0 0
11419 118.0 452.0 0 0
11420 116.0 452.0 0 0
11421 115.0 448.0 0 0
11422 116.0 449.0 0 0
11423 115.0 449.0 0 0
11424 114.0 449.0 0 0
11425 115.0 450.0 0 0
11426 114.0 450.0 0 0
11427 112.0 450.0 0 0
11428 114.0 452.0 0 0
11429 112.0 452.0 0 0
11430 118.0 454.0 0 0
11431 116.0 454.0 0 0
11432 118.0 456.0 0 0
11433 116.0 456.0 0 0
11434 112.0 456.0 0 0
11435 124.0 460.0 0 0
11436 120.0 460.0 0 0
11437 124.0 464.0 0 0
11438 120.0 464.0 0 0
11439 116.0 460.0 0 0
11440 114.0 456.0 0 0
11441 116.0 458.0 0 0
11442 114.0 458.0 0 0
11443 112.0 458.0 0 0
11444 114.0 460.0 0 0
11445 112.0 460.0 0 0
11446 116.0 464.0 0 0
11447 112.0 464.0 0 0
11448 110.0 450.0 0 0
11449 108.0 450.0 0 0
11450 110.0 452.0 0 0
11451 108.0 452.0 0 0
11452 104.0 452.0 0 0
11453 108.0 456.0 0 0
11454 104.0 456.0 0 0
11455 100.0 452.0 0 0
11456 98.0 448.0 0 0
11457 100.0 450.0 0 0
11458 98.0 450.0 0 0
11459 96.0 450.0 0 0
11460 98.0 452.0 0 0
11461 96.0 452.0 0 0
11462 102.0 452.0 0 0
11463 104.0 454.0 0 0
11464 102.0 454.0 0 0
11465 100.0 454.0 0 0
11466 102.0 456.0 0 0
11467 100.0 456.0 0 0
11468 96.0 456.0 0 0
11469 108.0 460.0 0 0
11470 106.0 456.0 0 0
11471 108.0 458.0 0 0
11472 106.0 458.0 0 0
11473 104.0 458.0 0 0
11474 106.0 460.0 0 0
11475 104.0 460.0 0 0
11476 110.0 460.0 0 0
11477 112.0 462.0 0 0
11478 110.0 462.0 0 0
11479 108.0 462.0 0 0
11480 110.0 464.0 0 0
11481 108.0 464.0 0 0
11482 104.0 464.0 0 0
11483 100.0 460.0 0 0
11484 96.0 460.0 0 0
11485 102.0 460.0 0 0
11486 104.0 462.0 0 0
11487 102.0 462.0 0 0
11488 100.0 462.0 0 0
11489 102.0 464.0 0 0
11490 100.0 464.0 0 0
11491 98.0 460.0 0 0
11492 98.0 462.0 0 0
11493 96.0 462.0 0 0
11494 98.0 464.0 0 0
11495 96.0 464.0 0 0
11496 124.0 468.0 0 0
11497 120.0 468.0 0 0
11498 124.0 472.0 0 0
11499 120.0 472.0 0 0
11500 116.0 468.0 0 0
11501 112.0 468.0 0 0
11502 116.0 472.0 0 0
11503 112.0 472.0 0 0
11504 124.0 476.0 0 0
11505 120.0 476.0 0 0
11506 126.0 476.0 0 0
11507 128.0 478.0 0 0
11508 126.0 478.0 0 0
11509 124.0 478.0 0 0
11510 126.0 480.0 0 0
11511 124.0 480.0 0 0
11512 120.0 480.0 0 0
11513 118.0 472.0 0 0
11514 120.0 474.0 0 0
11515 118.0 474.0 0 0
11516 116.0 474.0 0 0
11517 118.0 476.0 0 0
11518 116.0 476.0 0 0
11519 112.0 476.0 0 0
11520 116.0 480.0 0 0
11521 112.0 480.0 0 0
11522 108.0 468.0 0 0
11523 106.0 464.0 0 0
11524 108.0 466.0 0 0
11525 106.0 466.0 0 0
11526 104.0 466.0 0 0
11527 106.0 468.0 0 0
11528 104.0 468.0 0 0
11529 108.0 472.0 0 0
11530 104.0 472.0 0 0
11531 100.0 468.0 0 0
11532 96.0 468.0 0 0
11533 100.0 472.0 0 0
11534 96.0 472.0 0 0
11535 104.0 480.0 0 0
11536 96.0 480.0 0 0
11537 94.0 450.0 0 0
11538 92.0 450.0 0 0
11539 94.0 452.0 0 0
11540 92.0 452.0 0 0
11541 88.0 452.0 0 0
11542 92.0 456.0 0 0
11543 90.0 452.0 0 0
11544 92.0 454.0 0 0
11545 90.0 454.0 0 0
11546 88.0 454.0 0 0
11547 90.0 456.0 0 0
11548 88.0 456.0 0 0
11549 86.0 448.0 0 0
11550 88.0 450.0 0 0
11551 86.0 450.0 0 0
11552 84.0 450.0 0 0
11553 86.0 452.0 0 0
11554 84.0 452.0 0 0
11555 82.0 450.0 0 0
11556 80.0 450.0 0 0
11557 82.0 452.0 0 0
11558 80.0 452.0 0 0
11559 86.0 454.0 0 0
11560 84.0 454.0 0 0
11561 86.0 456.0 0 0
11562 84.0 456.0 0 0
11563 80.0 456.0 0 0
11564 94.0 456.0 0 0
11565 96.0 458.0 0 0
11566 94.0 458.0 0 0
11567 92.0 458.0 0 0
11568 94.0 460.0 0 0
11569 92.0 460.0 0 0
11570 88.0 460.0 0 0
11571 92.0 464.0 0 0
11572 88.0 464.0 0 0
11573 84.0 460.0 0 0
11574 80.0 460.0 0 0
11575 84.0 464.0 0 0
11576 80.0 464.0 0 0
11577 76.0 452.0 0 0
11578 72.0 452.0 0 0
11579 76.0 456.0 0 0
11580 72.0 456.0 0 0
11581 64.0 456.0 0 0
11582 72.0 464.0 0 0
11583 64.0 464.0 0 0
11584 88.0 472.0 0 0
11585 80.0 472.0 0 0
11586 88.0 480.0 0 0
11587 80.0 480.0 0 0
11588 64.0 480.0 0 0
11589 124.0 484.0 0 0
11590 120.0 484.0 0 0
11591 124.0 488.0 0 0
11592 120.0 488.0 0 0
11593 112.0 488.0 0 0
11594 120.0 496.0 0 0
11595 112.0 496.0 0 0
11596 96.0 496.0 0 0
11597 112.0 512.0 0 0
11598 96.0 512.0 0 0
11599 80.0 496.0 0 0
11600 64.0 496.0 0 0
11601 80.0 512.0 0 0
11602 64.0 512.0 0 0
11603 48.0 464.0 0 0
11604 32.0 464.0 0 0
11605 48.0 480.0 0 0
11606 32.0 480.0 0 0
11607 0.0 480.0 0 0
11608 32.0 512.0 0 0
11609 0.0 512.0 0 0
